NU_SEQUENCIAL;SG_UF_PROVA;TP_DEPENDENCIA_ADM_ESC;TP_LOCALIZACAO_ESC;TP_PRESENCA_CN;TP_PRESENCA_CH;TP_PRESENCA_LC;TP_PRESENCA_MT;NU_NOTA_CN;NU_NOTA_CH;NU_NOTA_LC;NU_NOTA_MT;TP_STATUS_REDACAO;NU_NOTA_REDACAO
2353878;SP;;;1;1;1;1;526.3;468.8;545.1;624.3;1;760
1732800;MA;;;1;1;1;1;477.5;427.4;530.6;413.3;1;720
3583181;RN;;;0;0;0;0;;;;;;
2726921;PA;;;1;1;1;1;576.6;528.5;570.5;671.1;1;740
140606;PE;2;1;1;1;1;1;472.5;577;561.9;476.4;1;560
1237346;MA;;;1;1;1;1;422.1;445.5;499.8;573.7;1;880
2572855;RJ;;;1;1;1;1;506.9;390.6;519.5;459.2;1;680
873908;RS;;;0;0;0;0;;;;;;
863972;RS;2;1;1;1;1;1;443.5;461.8;448.5;454.6;1;580
264854;PE;;;1;1;1;1;464.4;410;490.6;443.4;1;340
3569499;MS;;;1;1;1;1;594.7;572.1;557.3;675.7;1;460
1979068;MG;;;0;0;0;0;;;;;;
1321591;SP;2;1;1;1;1;1;416.3;519.1;551.6;523.5;1;640
643680;ES;;;1;1;1;1;399.2;537.6;496.1;499.4;1;400
3402494;PR;;;1;1;1;1;585.5;500.6;543.8;560.8;1;540
2292062;ES;;;1;1;1;1;461.2;544.6;531.5;625.7;1;880
1198537;BA;;;1;1;1;1;577;605.8;596.1;641.5;1;840
3864112;RN;;;1;1;1;1;589.7;677.8;643.4;614.8;1;660
2794096;SP;2;1;1;1;1;1;427.8;603;608.2;687.1;1;920
2164879;PA;;;0;0;0;0;;;;;;
3749862;RS;;;0;0;0;0;;;;;;
3039025;SP;4;1;1;1;1;1;395.2;539.8;576.4;557;1;900
4121577;MG;;;1;1;1;1;483;433.3;517.1;451.2;1;880
2294296;MT;2;1;1;1;1;1;427;419.1;377.8;471.8;1;460
1687370;RS;2;1;1;1;1;1;513.4;500;542.9;556.4;1;540
2082258;MA;;;0;0;0;0;;;;;;
3455636;DF;;;1;1;1;1;457.8;416.1;507.2;424.5;1;660
1567374;PE;2;1;0;0;0;0;;;;;;
1601577;SP;4;1;0;0;0;0;;;;;;
1954466;RN;;;1;1;1;1;508.9;497;564.9;506.9;1;700
3076935;RS;;;0;0;0;0;;;;;;
1628906;RJ;;;1;1;1;1;495.4;539.8;566.5;436.7;1;440
2460154;AM;;;0;0;0;0;;;;;;
4031083;RS;2;1;1;1;1;1;543.4;561.7;563.7;690.6;1;660
1789676;MA;;;0;0;0;0;;;;;;
3074711;SP;2;2;1;1;1;1;382.3;460.1;450.4;389.6;1;440
2163684;PA;;;0;0;0;0;;;;;;
308139;BA;;;0;0;0;0;;;;;;
1061901;CE;2;1;1;1;1;1;490.9;524.1;536.8;592.8;1;740
2154163;RN;;;1;1;1;1;396.6;516;482.9;547.1;1;580
185342;CE;2;1;1;1;1;1;409;293;461.8;533.5;1;840
1258878;SC;2;1;1;1;1;1;424;431.5;460.8;469.1;1;560
2524968;BA;;;1;1;1;1;444.4;502.8;524.6;505.8;1;440
2460599;MG;2;1;1;1;1;1;413.1;493.3;537.6;401.1;1;300
3778974;SP;;;0;0;0;0;;;;;;
2075965;PR;;;1;1;1;1;404.7;502.9;512.3;483.8;1;660
349664;DF;;;1;1;1;1;462.8;318.9;516.6;441.1;1;620
405358;PA;2;1;1;1;1;1;562.5;533.7;567.2;496.5;1;520
1142700;SE;;;1;1;1;1;521.4;465.7;524.8;386.2;1;480
3497450;SE;;;1;1;1;1;432.5;438;487.6;422;1;540
2501303;AC;;;1;1;1;1;372.5;452.9;405;457.3;1;560
1039424;TO;2;2;1;1;1;1;395.7;413.9;339.2;439.6;6;0
3294184;RN;;;1;2;2;1;490.3;;;489.8;;
573711;CE;2;1;1;1;1;1;597.4;608.3;595.5;712.7;1;880
3132811;BA;;;1;1;1;1;592.5;568.5;571.3;629.3;1;680
2840444;SP;2;1;1;1;1;1;491.6;433.2;531.4;379.7;1;500
1166692;PB;2;1;1;1;1;1;431.2;488.2;454.2;398.6;1;420
813352;AM;2;1;1;1;1;1;397.9;491.9;515.1;411.4;1;340
400311;MA;;;0;0;0;0;;;;;;
3723997;PR;;;1;1;1;1;524.8;545;572;482;1;760
3122838;MG;;;1;1;1;1;660.4;642.1;590.4;712.3;1;900
3266284;RS;;;1;1;1;1;531.1;508.3;543;563.4;1;580
2830060;SC;2;1;0;0;0;0;;;;;;
929535;SP;;;0;0;0;0;;;;;;
248629;MT;2;1;1;1;1;1;373.3;442.3;508.6;483.5;1;540
644244;GO;;;1;1;1;1;438.8;592.5;574.2;482.2;1;760
2984101;RO;;;1;1;1;1;423.2;400.6;463.1;431.7;1;600
2711648;RJ;;;1;1;1;1;414.3;407.5;476;740.2;1;760
1438100;SP;;;1;1;1;1;521.9;596.3;569;569.9;1;920
569979;PI;;;0;0;0;0;;;;;;
3837923;PI;;;1;1;1;1;450.8;463.1;535.9;468.8;1;440
252485;MS;;;1;1;1;1;674.5;705.3;661.7;750.9;1;960
2213346;CE;;;0;0;0;0;;;;;;
3786932;AC;;;1;1;1;1;440.5;526.3;548.6;429.6;1;540
1502185;MA;2;1;1;1;1;1;425.6;503.1;506.4;412;1;600
3802920;RJ;;;0;0;0;0;;;;;;
3478343;MA;;;1;1;1;1;515.7;472.8;523.4;584.7;1;720
3475387;CE;;;0;0;0;0;;;;;;
3542042;DF;2;2;1;1;1;1;442;418.7;474.2;419.1;1;460
4251316;RS;;;0;0;0;0;;;;;;
3718658;MG;;;1;1;1;1;447.2;556.3;566.9;636.8;1;620
699238;PR;2;1;1;1;1;1;477.9;500.1;524.3;669.5;1;760
491812;AL;2;1;0;0;0;0;;;;;;
3033034;MG;;;1;1;1;1;560.3;505.6;526.5;589.5;1;640
4304259;MG;;;0;0;0;0;;;;;;
3549271;MA;;;1;1;1;1;403.3;419.9;500.3;374.8;1;520
2453193;CE;;;1;1;1;1;504.3;635.5;594.6;693.4;1;740
4168087;PA;;;1;1;1;1;501.9;636.4;646.9;643.9;1;500
1611788;PA;;;1;1;1;1;435.7;371.2;444.9;459.1;1;460
72613;BA;;;1;1;1;1;350.2;433.6;427.1;438.2;1;400
4317030;RS;2;1;1;1;1;1;458.4;471.7;497.7;384.7;1;520
614043;SP;4;1;1;1;1;1;587.4;606.1;565.5;648.2;1;820
3589600;MG;;;0;0;0;0;;;;;;
120040;SP;4;1;1;1;1;1;505.8;569;567.5;488.7;1;660
2326440;DF;;;0;0;0;0;;;;;;
1689255;PR;;;1;1;1;1;474.3;525.9;553.2;542.7;1;720
3131289;RJ;;;0;0;0;0;;;;;;
1715494;BA;;;1;1;1;1;535.9;564.6;601;583.4;1;820
1524405;PE;4;1;1;1;1;1;623.9;663.9;614.4;767.8;1;840
3990001;SP;2;1;0;0;0;0;;;;;;
3143765;SC;;;1;1;1;1;491.6;530;615.1;659.9;1;700
1963964;PA;4;1;1;1;1;1;436;591.2;590.4;577.8;1;880
2375558;SP;;;1;1;1;1;395.7;458.7;535.4;388.1;1;440
733562;PE;2;1;1;1;1;1;527.8;555.8;513.6;581.2;1;700
47317;MA;2;1;0;0;0;0;;;;;;
997409;SP;;;1;1;1;1;513.9;560;552.1;482.3;1;840
2211155;PA;;;1;1;1;1;359.8;518.8;551.4;386.5;1;640
4118838;PI;;;1;1;1;1;379.9;488.5;434.9;413.4;1;580
3792689;BA;;;0;0;0;0;;;;;;
286307;CE;;;0;0;0;0;;;;;;
3298263;MA;;;0;0;0;0;;;;;;
220632;AC;;;1;1;1;1;477.5;550.6;585;503.2;1;600
3847597;GO;;;0;0;0;0;;;;;;
2848166;RJ;;;1;1;1;1;633.6;694.2;670.9;713.5;1;860
3460692;AM;2;1;0;0;0;0;;;;;;
1446713;CE;2;1;1;1;1;1;491.7;594.4;584;684.6;1;840
677237;MG;4;1;1;1;1;1;591.4;702;598.2;702.3;1;860
2518774;SC;2;1;0;0;0;0;;;;;;
3778328;SP;;;1;1;1;1;526.1;569.8;498.3;493.3;1;720
805245;AL;;;1;1;1;1;465.8;392.3;458.3;494.3;1;600
4110983;PA;2;1;1;1;1;1;371.1;349;381.4;380;1;640
210198;MG;;;0;0;0;0;;;;;;
2387332;RJ;2;1;1;1;1;1;465.3;591.6;593;550.5;1;780
979843;CE;2;1;1;1;1;1;432.8;507.4;505.3;517.8;4;0
2207965;PE;;;1;1;1;1;522.8;583.1;562.9;417;1;620
2262072;RN;1;1;1;1;1;1;579.4;616.1;612.8;673.5;1;760
2359367;PR;;;1;1;1;1;686;671.2;671.6;822.9;1;960
1789866;RS;;;1;1;1;1;403.1;432.6;466.2;401.1;1;640
3953866;PR;;;0;0;0;0;;;;;;
3794317;RS;;;1;1;1;1;474.8;423.2;429.4;480.5;1;500
2722308;RS;2;1;1;1;1;1;538.5;534.4;600;584.1;1;540
448295;MG;;;1;1;1;1;549.5;710.5;616;665.1;1;860
508876;CE;2;1;1;1;1;1;580;490.4;547;476.3;4;0
4112511;RS;;;1;1;1;1;483.1;382.9;426.6;497.4;1;360
2640963;TO;;;1;1;1;1;440.5;346.7;460.4;396.7;1;540
698124;SE;;;0;0;0;0;;;;;;
638292;SP;4;1;1;1;1;1;579;558.5;544;724.6;1;720
1004;CE;2;1;1;1;1;1;429.4;411.6;509.4;437;1;620
710348;PA;2;1;1;1;1;1;408;366.8;438.4;429.8;1;380
571127;PE;2;1;1;1;1;1;395.6;535.4;538.6;418.1;1;620
1859077;SP;;;1;1;1;1;727.3;696;627.4;865.5;1;920
497208;PA;;;0;0;0;0;;;;;;
2552407;MG;;;1;1;1;1;445.1;518.3;657.1;400.6;1;640
559139;SP;;;1;1;1;1;501.9;439.2;515.2;397.4;1;440
776749;PR;2;1;1;1;1;1;522.7;594.2;577.6;559.3;1;820
2686355;PA;;;1;1;1;1;474.2;515.3;564.1;444.2;1;780
1095738;BA;;;1;1;1;1;419.9;408.3;581.6;532.1;1;640
2341664;SP;;;1;1;1;1;453.6;451.5;552;602.5;1;600
373119;PE;2;1;1;1;1;1;453.2;412.7;441.5;396.5;1;640
3022939;BA;;;1;1;1;1;503.4;481.7;478;382.5;1;500
116567;MT;2;1;1;1;1;1;434;456.3;469.7;460.2;6;0
1991431;SP;;;1;1;1;1;499.6;603.4;575.3;670.1;1;700
3846318;SP;2;1;1;1;1;1;409.6;425.2;433.1;528.6;1;600
1586313;PE;;;1;1;1;1;545.2;489.7;442.8;434.3;1;560
2384053;AL;;;1;1;1;1;524.4;594.6;518.3;594.7;1;460
4013609;SC;2;2;0;0;0;0;;;;;;
1952968;SP;;;1;1;1;1;487;591.1;567.6;427.2;1;640
3226020;PE;2;1;0;0;0;0;;;;;;
44441;BA;2;1;1;1;1;1;420.3;493.9;553.4;445.7;1;740
663273;PR;;;1;1;1;1;496.2;527.7;517.5;538.4;1;260
2220559;RN;1;2;1;1;1;1;451.8;512.8;491.1;536.9;1;920
789205;RS;2;1;1;1;1;1;504.1;581.6;551.6;509;1;720
3112946;RS;;;1;1;1;1;682.2;678.1;629.9;778.2;1;880
134442;CE;2;1;1;1;1;1;417.9;486.3;485.1;515.1;1;920
323509;PA;;;1;1;1;1;476;485.1;493.2;407.6;1;600
1389659;PA;;;1;1;1;1;506.6;593;564.7;417.3;1;540
1929882;PE;;;1;1;1;1;532.7;613.8;651.9;589.8;1;740
1584947;CE;2;2;1;1;1;1;446.7;529.1;518.4;650.8;1;780
521595;BA;2;1;1;1;1;1;364.9;531.8;563.8;378.2;1;540
3212100;GO;2;1;1;1;1;1;496.3;456.5;502.1;381.1;1;480
4294539;SP;;;1;1;1;1;495.3;597.8;622.6;393.7;1;560
1632606;AC;2;1;1;1;1;1;441.6;561.1;538.8;479.2;1;720
173656;MG;;;0;1;1;0;;0;564.9;;1;640
4013106;DF;;;1;1;1;1;452.7;438.8;505.4;487.1;1;820
3697967;PR;;;0;0;0;0;;;;;;
2897645;MG;;;1;1;1;1;383.7;531.1;558.7;471.2;1;720
3407771;RJ;2;1;1;1;1;1;423.4;497.4;516.2;436.3;1;480
2843855;SP;4;1;1;1;1;1;657.5;616.3;580.9;786.3;1;940
273267;PR;2;1;1;1;1;1;515.7;530.3;555.6;567.8;1;680
1158805;SP;2;1;0;0;0;0;;;;;;
289948;SP;3;1;1;1;1;1;516.3;552.8;537;642.2;1;720
4277301;BA;2;2;0;1;1;0;;440.9;422.9;;1;440
2647791;PA;;;1;1;1;1;604.8;624;633.9;702.5;1;940
4165520;PR;;;1;1;1;1;432.2;572.5;542.9;473.2;1;660
2580087;PR;2;1;1;1;1;1;419.5;409.8;457.8;385.3;1;480
3637475;PA;;;0;0;0;0;;;;;;
408928;MG;2;1;1;1;1;1;415.1;428;498.2;445.6;1;840
3375013;SP;;;1;1;1;1;625.4;667.7;667.5;667.9;1;860
49473;AL;;;0;1;1;0;;517.6;519.8;;1;500
1346039;SP;;;1;1;1;1;525.5;581.6;574.3;467;1;740
176914;PE;1;1;1;1;1;1;497.5;532;573.7;668.5;1;900
3526138;RS;;;1;1;1;1;440;516.7;535.3;406.5;1;480
1378838;AL;;;1;1;1;1;471.2;518.2;504.1;400.5;1;820
1610098;RS;;;1;1;1;1;625.2;712.5;663.4;650.5;1;760
531410;MA;;;1;1;1;1;426.8;419.6;469.5;445.4;1;560
2006828;PA;;;1;1;1;1;404.2;576;496.9;439.5;1;940
182834;MG;;;0;0;0;0;;;;;;
3978307;PE;2;1;0;0;0;0;;;;;;
3937596;GO;;;1;1;1;1;380.8;444.9;459.6;433.3;1;480
3634657;RS;;;0;0;0;0;;;;;;
3350931;MA;;;0;1;1;0;;443.6;483.4;;1;520
904716;RO;2;1;0;0;0;0;;;;;;
12158;SE;2;1;1;1;1;1;589;641.6;609.8;670.8;1;940
1830188;MA;2;1;0;0;0;0;;;;;;
1181272;CE;2;1;1;1;1;1;485.5;533.8;561;408.9;1;780
192520;SP;2;1;0;1;1;0;;414.7;509.2;;1;500
3427530;PA;2;1;1;1;1;1;424.3;404.6;417.2;406.1;1;280
1190476;SP;;;0;1;1;0;;355.3;352;;1;520
2672057;RJ;;;0;0;0;0;;;;;;
1907283;PA;;;1;1;1;1;473.8;500.6;480.9;465.9;1;680
2837961;MG;2;1;1;1;1;1;432.7;485.6;544;562.2;1;640
596190;GO;2;1;1;1;1;1;541;613.3;583.4;607.2;1;880
1739081;MG;;;0;0;0;0;;;;;;
1586655;MT;;;1;1;1;1;499.7;566.1;527.9;441.2;1;800
1615562;GO;2;1;1;1;1;1;567.1;506.7;513.2;653.4;1;780
83244;PE;;;1;1;1;1;496.4;534.9;512.1;468.9;1;680
316090;BA;;;1;1;1;1;394.4;394.7;343.4;459.8;1;460
2931656;PI;;;1;1;1;1;514.7;413.6;437.6;415.4;1;540
1267214;CE;;;1;0;0;1;453.2;;;423.1;;
3870081;RJ;;;1;1;1;1;580.1;606.7;624;650.5;1;840
2422269;SC;2;1;1;1;1;1;472.4;402.9;476.6;497.1;1;620
2592621;BA;;;1;1;1;1;392.5;513.2;487.2;459.6;1;500
3440236;MA;2;1;1;1;1;1;373;395.1;417.3;440.2;1;400
1806158;SP;;;0;0;0;0;;;;;;
690392;GO;2;1;1;1;1;1;470;461.3;514;383.4;1;320
1631996;SC;4;1;1;1;1;1;541.1;582.5;597.5;632.5;1;720
1517826;GO;;;1;1;1;1;442.1;530.3;539;443.8;1;520
1361134;BA;1;1;1;1;1;1;491.4;566.5;583.7;627.6;1;880
1483096;PI;2;1;1;1;1;1;515.9;545.9;542.4;603.9;1;900
1370933;MG;;;0;0;0;0;;;;;;
2867878;SP;;;1;1;1;1;449.8;481.1;501;564.7;6;0
125617;RJ;2;1;1;1;1;1;364.3;344.1;431.7;422.6;1;620
2209625;PI;;;1;1;1;1;426.8;535.5;530.5;454.7;1;480
460737;MG;;;1;1;1;1;409.2;470.4;354.1;384.4;1;480
114406;MA;;;1;1;1;1;385.4;534.5;543.1;534;1;960
2984699;RN;4;1;1;1;1;1;620;641.4;598.1;690.2;1;940
1204868;SP;2;1;1;1;1;1;436.6;486.5;469.2;424.9;1;520
2970545;RN;;;1;1;1;1;545.4;565;524.6;442.9;1;580
654368;AL;2;1;1;1;1;1;431.6;506.9;525.6;415.4;1;480
2657214;BA;2;2;1;1;1;1;577;531.4;565;581.1;1;920
2466211;RJ;;;0;0;0;0;;;;;;
24246;CE;;;0;0;0;0;;;;;;
3387844;SP;;;1;1;1;1;459.9;298.2;327.5;431.8;1;580
2230471;AM;;;1;1;1;1;387.6;369.9;478.3;543;1;560
3466432;MG;;;1;1;1;1;568.6;555.2;610.7;672.1;1;680
3996099;RN;;;0;0;0;0;;;;;;
3558412;BA;;;0;0;0;0;;;;;;
4070842;GO;;;1;1;1;1;502.1;544.9;554.1;611.4;1;560
1738653;PB;;;0;0;0;0;;;;;;
3180889;PE;;;0;0;0;0;;;;;;
3533153;SP;;;1;1;1;1;710.5;691.5;610.7;941.7;1;940
3146429;PE;;;1;2;2;1;524.4;;;382.2;;
2634812;SP;2;1;0;0;0;0;;;;;;
951761;PB;;;0;0;0;0;;;;;;
2464107;SP;;;1;1;1;1;567.2;545.4;580.8;528.2;1;640
1048131;MG;2;1;1;1;1;1;569.9;541.6;555.7;466.5;1;720
3911958;MG;;;0;0;0;0;;;;;;
2939992;TO;4;1;1;1;1;1;534.7;543.8;612;639;1;900
1707339;CE;2;1;1;1;1;1;590.1;581.5;559.9;783.8;1;920
590300;AL;;;0;0;0;0;;;;;;
278729;CE;;;1;1;1;1;493.1;583;586.9;457.4;1;780
3541855;AM;2;2;0;0;0;0;;;;;;
2158015;PR;2;1;1;1;1;1;503.7;590.1;543.9;619.3;1;760
851446;SP;;;1;1;1;1;572.6;618.7;610;604.6;1;840
762118;RJ;2;1;1;1;1;1;442.7;427.9;503.4;374.3;1;500
4264419;PI;;;1;1;1;1;507.3;591.3;565.1;555.7;1;800
2995003;RJ;;;1;1;1;1;461.5;533.1;542.6;430.9;1;780
3965382;MG;;;0;0;0;0;;;;;;
667275;RS;;;1;1;1;1;609.5;657.2;605.6;855.5;1;940
1615683;PI;;;1;1;1;1;491.3;469.2;454;381.3;1;580
1353683;SP;2;1;1;1;1;1;600.9;591.8;564.4;591;1;620
2782973;PR;2;1;0;0;0;0;;;;;;
3448836;RJ;1;1;1;1;1;1;435.9;433.3;578.4;586.3;1;700
1139261;MA;;;1;1;1;1;360.2;339.6;511.2;377.2;1;440
902740;CE;;;1;1;1;1;557.2;293.9;503.5;413.5;1;540
1514380;CE;;;0;0;0;0;;;;;;
3922103;SP;;;0;0;0;0;;;;;;
748424;RJ;2;1;1;1;1;1;505.2;486;508.3;440.3;1;500
3918827;MA;;;1;1;1;1;587.2;583.4;582.9;654.2;1;640
1305678;SP;2;1;1;1;1;1;565.3;471.9;488.6;571.8;1;560
2358689;PR;2;1;0;0;0;0;;;;;;
3893245;MA;;;0;0;0;0;;;;;;
3076159;MG;;;1;1;1;1;438.8;425.9;427.5;428.7;4;0
1640685;SC;;;0;0;0;0;;;;;;
4188811;PR;;;0;0;0;0;;;;;;
802194;RS;2;1;0;0;0;0;;;;;;
292184;CE;2;1;1;1;1;1;593.9;603;604;579.3;1;900
1646403;AP;;;1;1;1;1;393.5;471.6;495.5;597.7;1;400
2858905;SC;4;1;1;1;1;1;581.8;594.1;626.2;671;1;940
2951759;SC;2;1;1;1;1;1;399.6;528.2;496.1;529.6;1;520
3918571;BA;2;2;0;0;0;0;;;;;;
702158;MS;;;0;0;0;0;;;;;;
306170;CE;;;0;0;0;0;;;;;;
216856;RJ;;;1;1;1;1;461.8;508.1;530.7;643.8;1;540
4014132;RS;2;1;0;0;0;0;;;;;;
3364630;BA;;;0;0;0;0;;;;;;
2898894;ES;;;1;1;1;1;548.7;525.3;557;688.1;1;600
3092023;SP;;;0;0;0;0;;;;;;
586397;CE;;;1;1;1;1;478.3;519.9;499.1;516.8;1;380
3017362;MS;;;1;1;1;1;482.1;507.9;521.4;440.3;1;580
4262953;AP;;;0;0;0;0;;;;;;
3445717;RJ;;;1;1;1;1;566.1;621.5;577.4;493.5;8;0
1715456;RS;4;1;1;1;1;1;516.9;532.6;594.1;598.7;1;780
1627689;PR;2;1;1;1;1;1;420.1;541.9;511.6;517.7;1;580
2869806;PE;2;1;1;1;1;1;480.8;404.8;565.3;474;1;680
637709;CE;;;0;0;0;0;;;;;;
338346;SP;2;1;1;1;1;1;628.2;639.4;628.7;731.4;1;880
436186;PA;;;1;1;1;1;416.8;535.8;518.6;427.4;1;460
138919;RJ;;;1;1;1;1;482.3;609.4;601.8;562.4;1;620
564076;PR;2;1;1;1;1;1;443.5;450.3;551;404.7;1;720
2680914;AP;2;2;0;0;0;0;;;;;;
1020057;MG;;;1;1;1;1;526.6;545.6;513.5;597.5;1;540
4113113;MG;;;0;0;0;0;;;;;;
1811504;AL;;;0;0;0;0;;;;;;
227098;RO;;;1;1;1;1;487.3;412.9;511.4;460.7;1;540
2307930;PR;;;1;1;1;1;640.4;554.1;549.3;666.2;1;580
710972;SP;2;1;1;1;1;1;434.8;517.7;523.1;440.6;1;540
1158144;AL;;;0;0;0;0;;;;;;
2095962;PE;;;1;1;1;1;461.9;479.1;461.3;423.8;1;440
3381354;RO;2;1;0;0;0;0;;;;;;
3713548;PE;;;1;0;0;1;552.2;;;680.5;;
462192;BA;2;1;1;1;1;1;468.1;450.5;454.5;523.3;1;380
738221;PE;;;1;1;1;1;461.9;347.9;476.4;400.6;1;520
1260545;RO;;;0;0;0;0;;;;;;
667935;PE;2;1;1;1;1;1;547;583.4;554;539.9;1;820
442557;PA;;;1;1;1;1;458.5;549;593.1;445.8;1;820
666869;BA;2;1;1;1;1;1;523.3;605.4;579.2;481.6;1;520
2216429;PE;2;2;1;1;1;1;481.7;581.2;540.8;429.2;1;820
41552;SP;2;1;1;1;1;1;395.2;485.7;528.5;528.9;1;700
2005684;PA;;;1;1;1;1;403;380.8;407.8;515.2;1;320
3304677;RN;;;1;1;1;1;453.3;489.2;542.9;460;1;560
1016425;PA;2;1;1;1;1;1;493.6;485.8;452.2;406.2;1;580
2486843;RJ;2;1;1;1;1;1;464.1;516;488.3;559.5;1;520
905860;ES;4;1;1;1;1;1;531.9;543.7;526.2;559.8;1;740
615321;PR;;;1;1;1;1;643.1;628.6;615.2;720.2;1;760
2353538;BA;;;1;1;1;1;391;407.3;379.8;381.8;1;580
1270389;BA;;;1;1;1;1;489;540.3;554.3;475.2;1;620
683268;PA;;;1;1;1;1;535.1;481.9;556.7;537.4;1;580
2682626;SP;;;1;1;1;1;427.5;439.7;440.3;387.8;6;0
2527186;SP;;;0;0;0;0;;;;;;
4293130;RO;;;0;0;0;0;;;;;;
2769784;SP;4;1;0;0;0;0;;;;;;
2322783;GO;;;0;0;0;0;;;;;;
1088253;RS;2;1;1;1;1;1;477.3;480.8;553.2;398.1;1;680
2321583;DF;;;0;0;0;0;;;;;;
29375;BA;;;1;1;1;1;450.5;331.4;360.7;396.8;1;820
2888397;SP;;;1;1;1;1;601.4;593;589.6;604.9;1;580
2776559;DF;;;1;1;1;1;613.4;737;636.5;664.3;1;580
1682861;MA;2;1;1;1;1;1;347.3;504.9;445.8;384.6;1;420
1816831;PI;;;1;1;1;1;531.8;538.9;547.9;606;1;640
4094559;SP;;;1;1;1;1;494.7;545;549.4;504.3;1;660
3978347;SP;2;1;0;1;1;0;;449.2;484.3;;1;500
198714;PB;;;1;1;1;1;605.8;679.4;626.3;595.2;1;860
2052818;RN;;;1;1;1;1;446.7;554.6;522.5;506.3;1;840
1805301;BA;;;1;1;1;1;473.3;351.1;541.5;408.4;1;620
1283637;RS;;;1;1;1;1;525.2;598.5;408.3;606.6;1;700
3871320;PE;;;1;1;1;1;525.8;488.5;535;491;1;640
794781;AL;2;2;1;1;1;1;421;412.8;345.9;445.7;1;280
463511;MT;2;1;1;1;1;1;472.5;511.4;595.8;543.3;1;880
969327;MG;;;1;1;1;1;605.9;648.1;586.6;738.7;1;940
3900888;SP;;;0;0;0;0;;;;;;
2851003;SP;;;0;0;0;0;;;;;;
3154544;PR;;;1;1;1;1;565.8;510.5;477.6;509.4;1;600
1657830;BA;;;1;1;1;1;537.6;544;510.1;575.2;1;820
3673324;RR;;;0;0;0;0;;;;;;
1246868;RS;2;1;1;1;1;1;514;412.8;431.6;401.9;1;680
2628787;MG;;;1;1;1;1;430.4;508.9;483.2;449.3;1;640
3051047;RJ;;;0;0;0;0;;;;;;
1617157;MG;;;0;0;0;0;;;;;;
3171336;CE;;;1;1;1;1;578.6;599.8;605.6;769.5;1;820
569182;MA;2;1;1;1;1;1;443.6;505.6;507.3;554;1;920
2909340;PR;;;1;1;1;1;573.3;642.1;610.6;461.8;1;540
3883828;DF;;;1;1;1;1;583.5;673.8;618.6;658.3;1;620
2832970;SP;2;1;1;1;1;1;388.5;474.9;470.9;391;1;400
564695;BA;;;1;1;1;1;423.5;459.1;491.1;441.5;1;700
2117843;DF;2;1;1;1;1;1;658.1;675.5;604.6;736.3;1;840
1168161;SP;2;1;0;0;0;0;;;;;;
1961604;PA;2;1;1;1;1;1;550.7;559.7;548;544.7;1;760
3630402;TO;2;1;0;1;1;0;;299.1;371;;6;0
2448618;RJ;;;0;1;1;0;;571.1;614.9;;1;700
3899756;PR;4;1;1;1;1;1;544.9;599.2;561.9;567.5;1;840
1366381;RS;;;1;1;1;1;414;378.8;479.6;469.1;4;0
3652635;AM;2;1;1;1;1;1;423.3;387.2;411.6;473.4;9;0
1553547;CE;2;1;1;1;1;1;400.6;347.3;418;394.8;3;0
3503367;ES;;;0;0;0;0;;;;;;
3213670;PR;;;1;1;1;1;547.3;592.6;563.5;678.8;1;460
288077;PA;4;1;1;1;1;1;475.8;402.1;488.1;480.6;1;680
815399;AL;;;1;1;1;1;408.5;455;531.9;430.9;1;640
1880562;SP;2;1;1;1;1;1;432.6;524.5;541.2;414.4;1;560
2563760;PA;;;1;1;1;1;654.4;672.1;669.8;729.6;1;900
3636257;SP;;;1;1;1;1;563.8;576.2;621.1;673.5;1;860
1215795;SP;2;1;1;1;1;1;461.7;495.7;541.2;496;1;600
1991362;BA;;;1;1;1;1;627.2;594.2;603.2;757.2;1;840
1755009;BA;;;0;0;0;0;;;;;;
323764;PR;2;1;1;1;1;1;400.3;526;572.2;570.8;1;860
962500;DF;;;1;1;1;1;601.4;580;594.7;653.4;1;960
1937603;SP;;;0;0;0;0;;;;;;
3483723;SC;;;1;1;1;1;478.7;527.9;500.4;400.8;1;440
4083159;AM;;;0;0;0;0;;;;;;
2893319;ES;;;0;0;0;0;;;;;;
2343770;RJ;;;1;1;1;1;695.2;725.9;648.8;821.5;1;960
2864059;PE;;;1;1;1;1;390;379.7;509.9;447;1;840
3595494;CE;4;1;1;1;1;1;516.3;379.3;535;407.7;1;820
258522;RO;2;1;1;1;1;1;423.8;557.4;501.8;599.1;1;760
1419635;RJ;;;1;1;1;1;536.9;553.4;537.2;682.5;1;900
1645304;MG;;;1;1;1;1;491;538.5;526.6;442.3;1;460
3061967;BA;;;1;1;1;1;545.8;468.4;471.2;437.4;1;500
1962231;SP;;;1;1;1;1;481.5;503.6;581.8;436.7;1;840
3915335;BA;;;0;0;0;0;;;;;;
1907329;AC;;;0;0;0;0;;;;;;
2228826;RN;4;1;1;1;1;1;359.9;463.6;314.5;439.8;1;580
3277994;CE;;;1;1;1;1;683.9;683.5;467.5;721.9;1;820
3224927;SP;2;1;0;0;0;0;;;;;;
3925943;SP;2;1;1;1;1;1;559.3;512.4;562.9;544.6;1;760
329202;SE;2;1;1;1;1;1;434.9;396.3;459.6;387.9;1;340
2681678;MG;;;1;1;1;1;472.9;568.9;527.7;435.4;1;600
205872;BA;;;1;1;1;1;376.6;371.1;356.6;377.6;1;360
3460369;BA;2;1;0;0;0;0;;;;;;
3565603;BA;4;1;1;1;1;1;432.6;502.1;432.1;546.1;1;660
4161820;RN;;;1;1;1;1;481.9;495.5;502.2;590.7;1;460
987816;PE;2;1;1;1;1;1;396.7;513.6;563.8;586.2;1;880
2405001;RS;;;0;0;0;0;;;;;;
2663238;RN;;;1;1;1;1;447.4;350.7;482.5;454.5;1;760
929384;RJ;4;1;1;1;1;1;633.7;762.1;598.9;827.3;1;840
3349608;CE;;;1;1;1;1;451.2;301.6;394.6;494;4;0
3416556;PR;1;1;1;1;1;1;606.8;561.4;545.7;644.3;1;720
3293295;SP;;;1;1;1;1;433.6;515.5;534.2;550.6;1;680
2497776;SP;2;1;0;0;0;0;;;;;;
3357399;PA;2;1;1;1;1;1;411.7;408;476.7;457.2;1;400
362512;SP;;;0;0;0;0;;;;;;
2712585;RN;;;1;1;1;1;540.2;627.7;596.5;543.1;1;740
4287221;SP;2;1;0;0;0;0;;;;;;
1756281;RS;2;1;1;1;1;1;560.9;494.6;578.5;506.2;1;840
2326042;RJ;;;1;1;1;1;510.1;571.2;521.7;466.3;1;560
1206820;MA;;;0;0;0;0;;;;;;
2219941;BA;;;1;1;1;1;486.9;499;463.1;584.1;1;700
3352717;AM;2;1;0;0;0;0;;;;;;
1900975;MA;;;0;0;0;0;;;;;;
3355482;MA;2;1;1;1;1;1;408.4;397;392.3;425.4;6;0
1030704;MG;;;1;1;1;1;448.7;512.5;483.8;436.1;1;400
1624591;MT;;;1;1;1;1;520.4;479.9;379.3;408.9;1;460
750371;SP;;;1;1;1;1;655.3;705.5;606.7;834.1;1;840
3476452;SP;;;0;1;1;0;;391.1;443.2;;8;0
2719866;PI;1;1;1;1;1;1;518.1;518.5;489;605;1;800
3622732;PB;;;0;0;0;0;;;;;;
2959370;RN;2;1;1;1;1;1;557.5;561.6;539.4;697.5;1;860
347270;RN;;;1;1;1;1;541.3;589.9;601.6;559.8;1;540
4087573;PR;;;0;0;0;0;;;;;;
1551813;MG;2;1;1;1;1;1;500.2;558.8;526.7;528.7;1;780
1684904;ES;2;2;1;1;1;1;426.7;502.8;496.5;560.3;1;540
1726385;RS;;;0;0;0;0;;;;;;
3888605;PB;;;1;1;1;1;497.4;349.3;502.5;442.6;1;600
1691194;DF;;;1;1;1;1;742.8;722;685.4;867.4;1;940
621440;SP;2;1;1;1;1;1;468;521.4;567.7;607.2;1;460
1754147;RJ;2;1;1;1;1;1;435.3;488.1;495.5;383.6;6;0
1197328;GO;;;0;0;0;0;;;;;;
1503429;MA;;;1;1;1;1;553.8;544.3;573.9;478.1;1;640
56573;PA;;;0;0;0;0;;;;;;
3196935;RJ;;;0;0;0;0;;;;;;
2256667;CE;;;0;0;0;0;;;;;;
2078355;MT;;;1;1;1;1;458.9;485.7;513.6;572.6;1;700
858011;PE;2;1;1;1;1;1;557.4;506.3;556.9;666.4;1;940
683870;RS;;;0;2;2;0;;;;;;
2519859;RO;;;1;1;1;1;516.2;494;557.7;386.9;1;660
1987037;RJ;;;1;1;1;1;474.4;350.5;441.8;438.4;1;560
3556444;RN;;;1;1;1;1;645;623.7;674.6;674;1;600
3482039;RS;;;0;0;0;0;;;;;;
2824913;CE;2;1;0;0;0;0;;;;;;
1618493;MG;2;1;1;1;1;1;459.6;515.5;507.2;413.8;1;500
3995869;SP;;;0;0;0;0;;;;;;
1013474;RJ;;;1;1;1;1;500.6;418.2;547.4;435.1;1;360
3222148;PR;;;1;1;1;1;576.3;585.1;559.6;578;1;640
482078;RS;4;1;1;1;1;1;585.5;627.7;630.7;651.4;1;780
2521158;SP;2;1;1;1;1;1;511;439.4;518.3;402.3;1;580
2060244;SP;2;1;0;1;1;0;;485.6;578.9;;1;840
91516;RN;;;1;1;1;1;605.2;637.2;556.7;631.4;1;520
1344697;SP;;;1;1;1;1;426.2;490.7;506.7;392.2;1;540
435996;CE;;;1;1;1;1;657.2;678.1;695.8;780.1;1;920
4323871;RS;4;1;0;0;0;0;;;;;;
206603;RJ;;;1;1;1;1;408.7;457.9;456.1;390;1;580
2773427;PA;2;1;0;0;0;0;;;;;;
1292823;PB;;;1;1;1;1;611.4;615.5;605;728;1;680
550073;PA;;;1;1;1;1;407.2;436.2;364.7;406.3;1;520
2317247;MG;;;1;1;1;1;551.2;442.6;560.6;585.1;1;600
2596592;PR;4;1;1;1;1;1;643.9;646.4;621.8;778.6;1;800
2660526;SP;;;1;1;1;1;533;514.9;571.8;379.3;1;560
1989590;RS;;;1;1;1;1;435;482;507.7;419.9;4;0
3066116;BA;;;1;1;1;1;581.6;593.2;592.4;534;1;780
1965459;RN;;;1;1;1;1;415.6;410.2;405.9;404.1;2;0
3226661;DF;2;1;1;1;1;1;570.7;573.3;565;528.1;1;740
1438880;PR;2;1;1;1;1;1;542.9;548.7;529;489.7;1;900
2291337;SP;;;0;0;0;0;;;;;;
1072635;BA;4;1;1;1;1;1;434.3;504.9;544.1;539.6;1;840
3853654;PR;;;1;1;1;1;571.6;600.1;610.5;666.1;1;880
4156720;BA;2;1;0;0;0;0;;;;;;
879789;SC;;;1;1;1;1;627.8;677.4;620.8;698.3;1;940
36794;MG;1;1;1;1;1;1;622.1;660;619.7;811;1;780
3199148;BA;;;1;1;1;1;400.9;410.9;479.1;465.7;4;0
3106559;BA;2;1;0;0;0;0;;;;;;
554691;RJ;2;1;1;1;1;1;571.4;576.8;577.1;555.4;1;660
3742626;GO;;;1;1;1;1;590.8;362.6;549.7;521.2;1;700
2613731;MG;2;1;0;1;1;0;;511.6;509.4;;1;400
217259;MG;2;1;1;1;1;1;480.8;397.6;508.1;471.3;1;380
3137103;PA;;;1;1;1;1;475.5;410.9;540;418.4;8;0
589783;PI;;;1;1;1;1;403.7;383.8;373.3;406.2;1;420
2706250;PB;2;1;1;1;1;1;464.7;552.2;478.3;496.8;1;720
3255512;BA;2;1;1;1;1;1;412.2;362.9;465.2;397.6;1;440
1028371;MG;;;1;1;1;1;432.1;340.5;433.5;431.6;1;560
2152861;MA;2;1;1;1;1;1;437.5;484.5;532.1;473.1;1;880
1691076;PE;;;1;1;1;1;535.6;639.6;574.5;664.9;1;920
390030;SP;;;1;1;1;1;607.2;618.5;539.2;703.9;1;660
3301027;SP;2;1;1;1;1;1;419.9;349.3;461.1;503.5;8;0
3277658;MG;;;1;1;1;1;428.4;445;539.6;377.7;1;680
2428855;CE;2;1;0;1;1;0;;463.4;512.3;;4;0
625902;RS;;;1;1;1;1;430.3;508.9;514.2;498.6;1;500
1905598;MA;2;1;1;1;1;1;392.3;393;413.5;515.3;1;560
3574214;SC;;;1;1;1;1;561.6;607.9;564.4;511;1;840
2611599;PI;;;0;0;0;0;;;;;;
2626248;SP;;;1;1;1;1;637.1;642.1;626.9;596.1;1;920
3119176;PR;2;1;1;1;1;1;537.1;463.8;534.3;465.7;1;380
3244955;MG;2;1;1;1;1;1;401.9;370.1;447.2;510.9;1;580
2329894;MG;;;1;1;1;1;370.1;475.1;435.3;384.5;1;460
765932;PE;;;1;1;1;1;367.5;525.4;503.2;475;1;740
97194;BA;;;0;1;1;0;;561.3;560.8;;1;680
243638;MG;;;0;0;0;0;;;;;;
2990292;AL;;;1;1;1;1;401.8;484.1;550.4;637.6;1;700
3924487;AL;;;1;1;1;1;461.4;592.2;562.7;386.5;1;560
2875270;MG;2;1;0;1;1;0;;498.1;554.5;;1;640
2101967;MG;;;1;1;1;1;609.2;577.1;575.9;677.9;1;960
795732;CE;;;1;1;1;1;442;509.9;529.2;495.7;1;800
2319382;BA;;;1;1;1;1;500;537;598.6;542.4;1;900
219256;MG;;;0;0;0;0;;;;;;
933467;BA;;;1;1;1;1;500;470.6;566.9;437.7;1;500
3442492;PA;;;1;1;1;1;399.2;501.6;528.1;506.5;1;540
1353941;BA;;;1;1;1;1;403.8;414.1;476.1;439.4;1;440
839960;CE;;;1;1;1;1;430.9;392;508.9;555.9;1;520
3662370;MA;;;0;0;0;0;;;;;;
149176;BA;2;1;1;1;1;1;415.1;515.3;595.6;528.8;1;660
3453518;BA;;;1;1;1;1;379.1;540.7;476.7;371.3;1;540
1093852;GO;2;1;0;0;0;0;;;;;;
3600168;PR;;;1;1;1;1;617.1;594.4;598.4;611.8;1;600
969819;GO;;;1;1;1;1;449.7;606.6;622.3;667.9;1;720
4035870;BA;;;1;1;1;1;579.7;473.2;541.6;446.3;1;480
2047153;MA;2;1;1;1;1;1;410.9;297;450.3;401.2;6;0
1462627;GO;2;1;0;0;0;0;;;;;;
2247833;SP;;;0;1;1;0;;578.3;562.1;;1;680
2713671;MG;;;1;1;1;1;406.7;506;502.7;531.5;1;860
3129650;RS;;;1;1;1;1;450.5;532;549.9;570.9;1;560
2917905;RS;;;0;0;0;0;;;;;;
2913889;PA;4;1;0;1;1;0;;545.6;544.8;;1;640
2235993;PE;;;0;0;0;0;;;;;;
2739380;MG;;;1;1;1;1;460.8;423;473.2;534.9;1;500
458540;PB;2;1;1;1;1;1;413.5;572.9;488.7;560.3;1;960
1966780;SP;;;1;1;1;1;589.1;497.5;588.7;717.9;1;900
3871080;GO;2;1;0;0;0;0;;;;;;
2567382;PE;;;1;1;1;1;487;537.2;536.4;502.9;1;580
3000230;MT;;;0;0;0;0;;;;;;
3611812;SC;4;1;1;1;1;1;560.7;541;599.3;508.9;1;660
2245498;MA;;;1;1;1;1;500.5;534.3;598.1;548.6;4;0
2160402;SP;4;1;0;1;1;0;;580;486.6;;1;660
912173;SC;2;1;1;1;1;1;531.5;538.1;565;440.5;1;820
1724474;CE;4;1;1;1;1;1;691.7;715.6;630.9;801.7;1;940
306467;PB;;;1;1;1;1;477.1;563.2;559.5;502.4;1;840
1098845;CE;;;1;1;1;1;405.6;429;440.3;406.8;1;720
555165;ES;2;1;1;1;1;1;452.4;480.5;440;463.7;1;580
2292540;GO;;;1;1;1;1;525.1;565;540;433.1;1;800
2806984;RJ;;;0;0;0;0;;;;;;
3492440;AL;1;1;1;1;1;1;485.9;559.5;538.4;552.6;1;840
988261;AM;;;0;0;0;0;;;;;;
2162370;RN;;;1;1;1;1;546.9;526.2;554.2;515.3;1;500
1449218;PR;2;1;1;1;1;1;533.1;464;479.9;471.7;1;580
4040593;DF;;;0;1;1;0;;655.6;664.5;;1;540
1230762;PE;;;1;1;1;1;383.2;365.2;413.1;464.5;6;0
3913032;CE;2;1;0;0;0;0;;;;;;
2987346;AC;2;1;0;0;0;0;;;;;;
2355617;PR;2;1;1;0;0;1;476.1;;;431.3;;
4091799;RN;2;1;0;0;0;0;;;;;;
3146120;BA;;;1;1;1;1;487.2;553.9;463.6;571.7;1;760
2048287;GO;4;1;1;1;1;1;425.3;552.1;518.1;492.8;1;820
3640168;PR;;;1;1;1;1;441.5;461.7;461;447.3;1;640
4174960;MG;;;0;0;0;0;;;;;;
591112;AL;;;1;1;1;1;361;466;512.6;457;1;580
2774454;PA;2;1;1;1;1;1;396.6;530.3;537.1;561.9;1;640
3050332;RJ;;;0;0;0;0;;;;;;
4077449;BA;;;1;1;1;1;434.1;353.1;389.5;413.9;4;0
2512445;BA;4;1;1;1;1;1;445.9;480.7;447.1;411.7;1;560
2408214;SP;;;1;1;1;1;631.1;564.3;590.2;767.7;1;820
1933758;BA;2;1;1;1;1;1;414.6;472.7;519.8;427.1;1;640
2187643;RS;;;1;1;1;1;445.6;522.3;544.6;515.3;1;600
3261873;SP;;;1;1;1;1;489.3;405.5;525.4;400.7;1;560
586867;RN;;;1;1;1;1;502.2;575.6;579.2;547.4;1;760
3419111;MG;;;0;1;1;0;;365.1;380.7;;4;0
2864071;SC;2;1;0;0;0;0;;;;;;
3423191;SP;4;1;1;1;1;1;609.5;711.5;629.9;709.7;1;820
916764;PE;;;1;1;1;1;452.3;502.9;531.8;468.9;1;680
1724450;SC;4;1;1;1;1;1;543.7;547.6;581;579.4;1;720
1050254;CE;1;1;1;1;1;1;518.4;539.7;542.2;439.7;1;900
2175336;AP;;;1;1;1;1;700.9;699;691.7;817.5;1;920
2522999;MG;;;0;0;0;0;;;;;;
889098;CE;2;1;1;1;1;1;562.1;634;572.4;732.4;1;900
4108089;RS;;;0;0;0;0;;;;;;
382727;GO;2;1;1;1;1;1;526.6;451.1;519.3;461;1;540
2090483;RJ;2;1;1;1;1;1;476.8;576.1;584.8;672.7;1;880
1376182;SP;;;1;1;1;1;603;582.5;563.2;625.9;1;640
3573201;DF;;;1;1;1;1;519.9;540;566.1;561.9;1;780
1598724;MT;2;2;1;1;1;1;401.2;332.6;399.1;424.7;1;480
3115334;BA;2;1;1;1;1;1;536.3;440.7;361.4;382.2;1;520
3914331;RS;;;0;0;0;0;;;;;;
363673;PE;;;0;0;0;0;;;;;;
1479639;AL;;;0;0;0;0;;;;;;
828780;MT;4;1;1;1;1;1;761.1;731.9;639;894.9;1;920
3665541;MG;;;1;1;1;1;535.2;375;486.9;389.4;1;500
102327;MG;2;1;1;1;1;1;514;548.8;560;567.1;1;740
2749006;PB;2;1;1;1;1;1;438.3;432.1;457.1;485.6;1;320
1824393;MT;;;1;1;1;1;466.1;547.8;521.9;411.1;1;540
611534;CE;;;1;1;1;1;660.1;607.9;580.2;743.6;1;960
3360239;SP;;;1;1;1;1;633.4;710.7;688.4;804.8;1;940
2964207;BA;;;1;1;1;1;630;647.4;616.5;758.4;1;820
3287475;MT;;;0;0;0;0;;;;;;
3728029;PE;;;1;1;1;1;466.7;566.2;514.7;664.7;1;720
3379094;GO;4;1;1;1;1;1;580.6;641.9;555.3;664.4;1;940
4294116;RS;;;0;0;0;0;;;;;;
863558;PA;;;1;1;1;1;460.3;344.5;454.4;401.7;1;440
2421613;GO;2;1;0;0;0;0;;;;;;
2994067;MA;;;1;1;1;1;591.2;548.5;556.5;660;1;820
1326086;RN;2;1;1;1;1;1;562.7;541.9;385.2;585.3;1;640
205173;GO;4;1;1;1;1;1;576.2;614.3;600;641.1;1;640
3257797;MG;;;0;1;1;0;;361.3;455.2;;6;0
3206014;RS;4;1;1;1;1;1;466.1;531.3;511.5;449.7;4;0
4099024;MG;;;1;1;1;1;416.2;340.4;428.6;413.7;1;500
1571593;PE;2;1;1;1;1;1;461;510.2;544.6;490;1;860
1533119;PE;;;0;1;1;0;;551.4;408;;1;400
3612464;MA;;;0;0;0;0;;;;;;
3410574;SP;;;0;0;0;0;;;;;;
980436;CE;;;1;1;1;1;632.7;696.7;641.5;690.4;1;880
3481679;PA;;;1;0;0;1;456.4;;;442.9;;
140669;RO;;;1;1;1;1;528.8;586.6;570.9;657.5;1;800
4099921;RJ;;;0;0;0;0;;;;;;
989949;PE;;;1;1;1;1;424.2;569.1;581.7;587.6;1;480
3607102;RS;2;1;1;1;1;1;545.4;522.5;562.5;640.6;1;860
4213542;CE;;;1;1;1;1;572.6;649.7;581.3;487.9;1;660
2548864;CE;;;1;1;1;1;443.4;415.3;558.6;386.8;1;740
282780;MS;2;1;0;1;1;0;;549.1;559.1;;1;280
1046429;SP;2;1;1;1;1;1;455.7;460.9;518.2;446;1;700
817960;CE;;;1;1;1;1;502.7;546.2;506.1;458.8;1;580
2542151;PE;;;0;0;0;0;;;;;;
836474;MG;4;1;1;1;1;1;606.2;682.4;625.2;735.3;1;900
2334357;CE;;;0;0;0;0;;;;;;
1730338;RN;;;0;0;0;0;;;;;;
1530868;SP;2;1;1;1;1;1;381;486.1;525.8;420.1;1;520
4125318;RS;;;0;0;0;0;;;;;;
163387;SE;4;1;1;1;1;1;373.9;437.2;404.7;437.7;1;660
2253524;PE;;;0;0;0;0;;;;;;
2790805;DF;2;1;1;1;1;1;576.2;610.6;620.7;678.4;1;640
532976;TO;;;0;1;1;0;;556.1;621.8;;1;900
37699;SP;2;1;1;1;1;1;555.4;589.7;559.2;576.3;1;580
3915954;BA;2;1;0;1;1;0;;454.5;444.6;;1;360
4219766;MG;2;1;0;0;0;0;;;;;;
2230807;SP;;;1;1;1;1;527.2;471.1;518.2;498.4;1;560
2258917;MG;2;1;0;0;0;0;;;;;;
3918427;MA;4;1;1;1;1;1;481.4;443.3;510.7;475.9;1;820
1472929;PA;2;2;1;1;1;1;416.5;465.7;414.2;432.9;4;0
3289188;SP;;;0;0;0;0;;;;;;
4158692;RS;2;1;0;0;0;0;;;;;;
1054823;RJ;2;1;1;1;1;1;528.5;452.4;567.4;624.9;1;680
3905443;CE;;;1;1;1;1;532.8;521.8;557;402.8;1;540
542748;PR;;;1;1;1;1;418;500.8;452.5;422.3;1;380
3929827;BA;;;1;1;1;1;463;389.8;474.7;415.4;4;0
4264283;SP;;;1;1;1;1;485.5;556.4;601.5;458.7;1;600
2280918;CE;2;1;1;1;1;1;487.1;557.7;578.1;613.3;1;860
4093102;ES;2;1;0;0;0;0;;;;;;
3091289;RJ;4;1;1;1;1;1;596.9;593.7;568.3;716.9;1;920
832633;SP;3;1;0;0;0;0;;;;;;
2598403;PE;4;1;1;1;1;1;518.6;435.7;516.5;546.5;1;640
4078575;RJ;;;0;0;0;0;;;;;;
2599936;SP;2;1;0;0;0;0;;;;;;
3466446;SP;3;1;0;0;0;0;;;;;;
2846318;SP;;;1;1;1;1;586.5;510.7;577.3;449.4;1;820
3807907;RO;;;1;1;1;1;411.8;384.2;371.7;502.2;1;360
3559532;RS;;;0;0;0;0;;;;;;
2690129;PA;;;0;1;1;0;;378.2;440.3;;6;0
4329468;RS;;;0;0;0;0;;;;;;
45742;BA;;;1;1;1;1;397.4;324.3;467.8;419.1;1;600
2882906;SP;4;1;1;1;1;1;588.1;639.4;617.5;710.7;1;780
1196230;RN;2;1;1;1;1;1;361.7;446.5;432.7;413.9;4;0
345764;RJ;;;0;0;0;0;;;;;;
2005526;RJ;;;0;0;0;0;;;;;;
1057779;PE;;;1;1;1;1;486.8;497.6;462.1;491.5;1;400
4086240;MG;2;1;0;0;0;0;;;;;;
1174774;BA;2;1;1;1;1;1;525.7;570.8;456.5;435.3;1;840
2482033;MA;2;1;1;1;1;1;504.1;510.8;549.1;638.5;1;920
2876437;BA;;;0;0;0;0;;;;;;
2373297;MG;;;1;1;1;1;483.8;624.7;535.5;463.5;1;860
1951193;PA;;;1;1;1;1;477.7;437.9;520;397.8;1;320
1658366;CE;2;1;1;1;1;1;393.1;498.8;526.6;491.3;1;280
2295115;MG;;;1;1;1;1;622.9;631.6;587.6;622.9;1;920
2367866;PI;;;1;1;1;1;494;515.5;481.5;663.8;1;720
4218794;RS;;;0;0;0;0;;;;;;
1525176;BA;;;0;0;0;0;;;;;;
470351;BA;;;0;0;0;0;;;;;;
3706356;RJ;;;1;1;1;1;503.9;586;603.4;582.5;1;940
3559635;MG;;;1;1;1;1;636.9;607.5;594.4;697.2;1;700
4106484;PA;;;1;1;1;1;488.7;497.9;529.4;410.2;1;560
2513725;AM;2;1;0;0;0;0;;;;;;
804326;GO;2;1;1;1;1;1;577;621.3;598.7;608.5;1;860
1722878;SP;2;1;0;0;0;0;;;;;;
2552320;BA;;;1;1;1;1;420.7;455.6;509.2;407.1;1;540
683181;RS;2;1;0;0;0;0;;;;;;
4279305;BA;;;1;1;1;1;422.1;495.9;340.8;398.6;1;460
1809002;BA;;;1;1;1;1;402.8;368.1;458.4;456.8;1;440
963521;BA;;;1;1;1;1;405.1;443.6;507.6;449.3;1;620
161674;RJ;;;1;1;1;1;498;417.9;457.8;499.7;1;700
4249941;PR;;;0;0;0;0;;;;;;
2882496;PR;;;0;1;1;0;;615.3;618.2;;1;740
3920919;MT;;;1;1;1;1;427.1;463.6;541.1;664.9;1;600
596212;MT;4;1;1;1;1;1;650.9;707.6;630.6;683.9;1;760
89139;MG;;;1;1;1;1;402;484.9;509.1;460.9;1;640
4139898;TO;2;1;1;1;1;1;363;452.7;399.6;563.8;6;0
3687055;DF;;;1;1;1;1;426.7;438.4;477.4;408.4;4;0
684359;SC;4;1;1;1;1;1;556.9;584;575.7;596.5;1;660
175649;GO;;;0;0;0;0;;;;;;
3925737;PE;;;1;1;1;1;538.3;440.4;525.4;381.4;1;560
3049512;CE;;;1;1;1;1;507.4;491.7;594.3;736.2;1;580
4138586;CE;;;0;0;0;0;;;;;;
3034110;BA;;;1;1;1;1;548.4;607.6;559.1;493.3;1;580
1521988;SP;1;1;1;1;1;1;498.8;518.3;542.3;539.2;1;760
852037;BA;;;1;1;1;1;492.2;535.2;498;467.9;1;720
1310735;SP;2;1;1;1;1;1;580.6;626;632.3;469.5;1;540
4196877;RJ;4;1;0;0;0;0;;;;;;
1209624;RJ;;;1;1;1;1;552.1;474.5;589.2;593.9;1;720
1423091;PE;4;1;0;0;0;0;;;;;;
667398;MG;;;1;1;1;1;413.9;525.2;498.9;462.7;1;640
2028988;MS;;;0;1;1;0;;407.7;555.9;;1;820
2162445;SC;2;1;1;1;1;1;601.9;638.2;626.7;764.6;1;860
240517;MA;1;1;1;1;1;1;531.9;628.4;601.2;628.2;1;800
23581;ES;2;1;0;0;0;0;;;;;;
2634324;PE;;;1;1;1;1;487.1;540.7;566.5;384.1;1;660
4316163;RS;;;0;0;0;0;;;;;;
1824166;CE;;;0;0;0;0;;;;;;
728445;RJ;;;1;1;1;1;473.5;513.6;471.2;548.3;1;900
702369;PA;2;1;1;1;1;1;459.5;382;424.7;393.6;1;740
2224046;PA;;;1;1;1;1;536.6;569.8;523.2;532.4;1;600
2483406;PR;;;1;1;1;1;553.3;537.9;534.6;499;1;640
2872948;SP;;;1;1;1;1;400.1;560.7;600.6;408.5;1;640
1247193;MG;;;0;1;1;0;;318.3;492.3;;4;0
2861177;BA;2;1;1;1;1;1;530.7;577.8;578.3;408.1;4;0
2503012;CE;;;1;1;1;1;562.7;587.7;493.6;533.2;1;600
4067837;SP;;;1;1;1;1;530.3;535.4;534.4;528.6;1;740
1855710;RJ;;;1;1;1;1;478.9;557.6;619.5;420;1;680
176281;BA;;;0;1;1;0;;504;519.2;;4;0
4232714;CE;;;0;0;0;0;;;;;;
2414207;RJ;;;0;0;0;0;;;;;;
222348;MG;;;1;1;1;1;711.9;695.2;674.2;811.1;1;920
3276860;MA;2;1;1;1;1;1;487.3;370.2;488.4;432.5;1;440
3337409;GO;2;1;0;0;0;0;;;;;;
3135370;RS;;;1;1;1;1;379.7;465.7;503.4;470.9;1;600
1899628;GO;;;0;0;0;0;;;;;;
406008;RJ;;;1;1;1;1;493.7;577.5;589.5;603.6;1;780
2444316;RO;;;0;0;0;0;;;;;;
1408551;SC;;;1;1;1;1;416.3;518.5;550.9;526.4;1;740
1765419;MG;;;0;0;0;0;;;;;;
2844032;SC;4;1;1;1;1;1;575.1;664.1;599.8;645.1;1;680
3714198;PR;;;1;1;1;1;512.7;600.7;574.2;507.8;1;600
4270484;RN;;;1;1;1;1;528;546.5;535;560.3;1;520
4145704;MG;2;1;0;0;0;0;;;;;;
3431760;RS;;;1;1;1;1;410.1;459;464.6;385.8;1;540
1275478;AL;;;1;1;1;1;344.9;519.5;510.6;438.6;1;620
4112391;RJ;2;1;0;0;0;0;;;;;;
2308911;SP;2;1;1;1;1;1;551.2;487.8;555.3;598.3;1;640
2680542;GO;;;1;1;1;1;529.2;575;583.7;400;1;420
3266420;PA;1;1;1;1;1;1;472.1;465.5;536.4;408.6;1;740
2486168;CE;;;1;1;1;1;650.3;594.6;631.6;709.2;1;860
4044844;AM;;;1;0;0;1;361.3;;;394.1;;
2078676;SP;2;1;1;1;1;1;466.2;504;492.7;388.1;1;580
1391131;BA;4;1;1;1;1;1;581.8;624.4;581.7;633.4;1;920
2000589;PE;;;1;1;1;1;538.7;504.7;530.3;654.4;1;900
3503357;PA;;;1;1;1;1;423.6;409.4;470;484.5;1;400
1015490;MT;4;1;1;1;1;1;611.8;652.2;597;710.4;1;780
81272;SP;;;1;1;1;1;470.3;608.3;535.4;440.9;1;580
739985;RJ;2;1;1;1;1;1;483.9;409;483.4;418.1;1;540
3450071;MG;;;1;1;1;1;531.3;613.9;576;652.3;1;560
2935950;CE;2;1;1;1;1;1;527.5;464.8;535;448;1;640
1795983;MG;;;0;0;0;0;;;;;;
3477207;GO;;;1;1;1;1;396.1;457.2;488.3;449.5;1;440
1102789;MG;;;0;0;0;0;;;;;;
936767;PB;;;1;1;1;1;434.5;405.2;436.5;394.7;4;0
2968801;MT;;;1;1;1;1;514.1;506;520.4;443.7;1;760
789179;BA;2;1;1;1;1;1;467.3;445.7;495.6;407;1;600
2294448;MG;;;1;1;1;1;423.6;473.9;464.3;479.6;1;840
2441404;PA;2;1;1;1;1;1;545.6;505.3;525.4;395.3;1;480
3621150;PR;;;1;1;1;1;565.6;627.6;584.8;531.7;1;500
3198315;PA;2;1;0;0;0;0;;;;;;
1561190;RN;;;0;1;1;0;;411.7;408.4;;1;920
4093862;BA;;;1;1;1;1;475.2;596.2;518.9;376.6;1;500
4052612;MA;;;0;0;0;0;;;;;;
2955231;SP;;;1;1;1;1;485.4;550.2;435.2;444.9;1;540
3858146;MA;;;1;1;1;1;422.2;511.3;523.3;467.5;1;560
747390;MA;2;1;1;1;1;1;462.8;582.9;568.7;428.9;1;740
2933599;PE;;;1;1;1;1;481.6;448.7;486.6;475;1;620
2902797;TO;;;1;1;1;1;467.8;398.1;479.7;384.8;1;640
1862685;AL;;;0;0;0;0;;;;;;
3948781;MS;2;1;1;1;1;1;515.3;533.8;523.8;487.8;1;620
972613;RJ;;;1;1;1;1;426.2;514.3;550.7;424;1;700
2956138;RN;;;1;1;1;1;379.4;326.5;450.8;412.7;1;480
932229;MS;2;1;0;0;0;0;;;;;;
1279526;AL;;;0;0;0;0;;;;;;
104276;MA;1;2;1;1;1;1;448;546.4;515.8;506.8;1;920
3016897;ES;2;1;0;0;0;0;;;;;;
3019847;RS;;;1;1;1;1;465.2;516.9;570.7;666.5;1;740
4105401;RS;;;0;0;0;0;;;;;;
1148178;MA;;;0;0;0;0;;;;;;
1059917;CE;2;1;1;1;1;1;483;519.2;552.5;578.6;1;540
316719;AM;;;0;0;0;0;;;;;;
1812131;MG;;;0;0;0;0;;;;;;
3802351;PB;;;1;1;1;1;486.1;445.7;447.3;550.2;1;640
3502210;SP;4;1;1;1;1;1;603.2;556.9;557.3;592.2;1;700
3706700;BA;;;1;1;1;1;395.2;362.2;392.6;383;1;340
733193;SP;;;1;1;1;1;379.8;478.1;466.8;383.7;1;780
304228;BA;;;1;1;1;1;468.6;467.7;432.7;372.5;4;0
443941;MA;2;1;1;1;1;1;443.1;463.6;501.9;407.4;1;640
2238165;BA;2;1;1;1;1;1;514.5;568.6;588.5;551.7;1;560
4170934;SP;;;1;1;1;1;658.7;636.6;629;785.2;1;600
881345;BA;2;1;1;1;1;1;445.4;476;501.5;411.7;1;600
3767760;RJ;;;1;1;1;1;589.5;646.6;631.9;548.6;1;740
1028843;PA;2;1;1;1;1;1;472.2;334.4;384.6;462.9;1;560
928176;PI;2;1;1;1;1;1;509.1;428.4;472.5;551.6;1;640
241187;CE;2;1;1;1;1;1;484.9;458.7;517.7;424.5;1;600
2881292;SP;3;1;0;1;1;0;;390.8;366.4;;2;0
2358351;SP;;;1;1;1;1;562.8;600;565.4;468.8;1;560
1473106;PI;;;0;0;0;0;;;;;;
2892308;ES;;;1;1;1;1;486.7;446.8;557.1;528;1;780
181512;MA;;;1;1;1;1;500.8;541;560.1;493.5;1;920
2726310;SP;;;1;1;1;1;678.1;635.8;632.7;683;1;880
2616337;MG;2;1;1;1;1;1;605.5;565.3;581.9;635.9;1;660
9336;PR;4;1;1;1;1;1;557.7;597.6;645.4;534.7;1;600
4021537;SE;;;1;1;1;1;401.9;352;374;406.5;1;640
2794821;SC;;;1;1;1;1;493.4;523.4;529.8;514.9;1;400
2912214;PR;;;0;0;0;0;;;;;;
4302583;PE;;;1;1;1;1;387.4;375.5;484;402.4;1;360
3123711;GO;2;1;0;0;0;0;;;;;;
3584709;RJ;;;1;1;1;1;552.9;568.9;565.9;547.6;1;640
2086840;CE;;;1;1;1;1;511.9;534.1;479;531.7;1;700
1382333;BA;;;0;1;1;0;;473;574.8;;4;0
1176724;PA;2;2;1;1;1;1;417.6;399.5;420.3;394.1;1;560
525010;PE;2;1;1;1;1;1;454.5;409.1;425.7;519.9;4;0
3101588;SP;4;1;1;1;1;1;508.5;498.3;576.8;639.6;1;700
2605272;PB;2;1;1;1;1;1;520.7;363;537.5;501.8;1;520
2662084;TO;;;1;1;1;1;532.1;494.8;524;463.5;1;400
126617;MA;;;1;1;1;1;418.7;412.9;483.9;405.6;1;540
2610838;ES;;;1;1;1;1;504.7;480.2;453.5;493.4;1;700
2809140;DF;;;1;1;1;1;440.1;463.6;558.9;385.5;1;660
2213048;SC;4;1;1;1;1;1;646.6;631.6;635.5;662.2;1;900
916910;PA;2;1;1;1;1;1;497.2;385.3;426.8;389.4;6;0
4167054;BA;2;1;0;0;0;0;;;;;;
3601291;SC;;;1;1;1;1;707.5;713.2;668.1;805.4;1;900
932537;SP;;;1;1;1;1;468.3;389.1;567.7;475.5;1;660
992706;SE;2;1;0;0;0;0;;;;;;
1762652;PA;2;1;1;1;1;1;356.4;438.6;412.7;497.4;1;480
889225;SP;2;1;0;0;0;0;;;;;;
587002;AL;2;1;1;1;1;1;525.7;460.3;455.9;444.2;1;760
3200315;SE;;;0;0;0;0;;;;;;
447575;PA;2;2;1;1;1;1;421.4;364.1;383;425.4;6;0
3844322;SE;;;1;1;1;1;413.6;462.6;511.5;382.4;1;420
168460;PE;;;1;1;1;1;433.4;538.3;559.2;496.6;1;820
241850;RJ;1;1;1;1;1;1;623;598.8;583.2;640.4;1;960
1879414;MG;;;1;1;1;1;455.9;561.3;513.9;441.1;1;580
3964108;CE;;;1;1;1;1;479.8;452.4;520.6;569.4;1;600
1383311;SP;2;1;1;1;1;1;533.4;610.8;659.5;680.2;1;900
3914510;AL;;;1;1;1;1;399.5;323.7;383.6;386.9;4;0
4188039;RJ;;;0;0;0;0;;;;;;
451865;SP;;;0;0;0;0;;;;;;
2121812;BA;;;0;0;0;0;;;;;;
4033775;PI;;;0;0;0;0;;;;;;
3326566;SP;;;1;1;1;1;527.1;426.9;512.1;465.4;1;540
2187414;BA;4;1;1;1;1;1;521.3;561.7;528.3;552.5;1;400
3712632;SP;;;1;1;1;1;420.4;429;458.1;405.5;1;620
3677666;GO;;;1;1;1;1;492.2;391.6;485.6;388.8;1;520
1274277;SP;;;1;1;1;1;549.4;482.1;527.2;624.1;1;580
2116178;MG;2;1;1;1;1;1;414.5;498.5;446.5;561.4;1;680
651605;PR;2;1;1;1;1;1;492.7;627.6;611.4;726.1;1;900
3319419;CE;;;1;1;1;1;438.7;314.6;474.3;395.3;1;500
1203397;BA;;;1;1;1;1;472.6;532.7;550.9;451.6;1;600
4100900;PE;;;1;1;1;1;575.6;348.2;487.7;544.9;1;720
512513;AL;2;1;1;1;1;1;421.8;467.2;477.7;492.2;1;520
1485349;MG;;;0;1;1;0;;308;549.6;;4;0
3362161;RO;;;1;1;1;1;564.5;608.2;636.2;614.4;1;640
3517656;RN;;;0;0;0;0;;;;;;
3922979;DF;;;0;0;0;0;;;;;;
2704095;PA;;;1;1;1;1;478.3;387;466.8;441.9;1;580
230115;SP;2;1;1;1;1;1;498.2;572.7;572.4;500.4;1;640
3390646;PR;2;1;1;1;1;1;555.1;552.6;572;597;1;660
2592482;SP;2;1;1;1;1;1;582.5;555.1;593.3;612.5;1;640
1952292;AC;2;2;1;1;1;1;454.2;489.4;517.5;404.9;1;560
698762;BA;;;1;1;1;1;536.6;637.9;601.3;724.2;1;860
1865070;PR;;;1;1;1;1;450.7;448.8;477.8;458.6;1;560
3204313;SP;;;1;1;1;1;545.2;366.3;521.1;457;1;640
150284;SP;2;1;1;1;1;1;461.8;438.6;538.5;550.9;1;840
567695;PE;;;0;1;1;0;;419.1;408.3;;1;420
4167642;AP;;;1;1;1;1;519.4;423.7;504.7;416.8;1;420
1450128;MG;;;0;0;0;0;;;;;;
4221290;RS;2;1;1;1;1;1;460.3;444.7;473.4;419.6;1;660
2729824;PA;;;1;1;1;1;408.8;381.6;377.7;477.9;2;0
684059;AL;;;1;1;1;1;392.7;552.5;535.2;423.4;1;860
1136434;CE;2;1;1;1;1;1;489.9;559.4;521;517.6;1;780
2644756;GO;;;0;0;0;0;;;;;;
2621423;RS;;;1;1;1;1;470.2;523.9;569.4;584.1;1;600
164034;BA;2;1;1;1;1;1;549.8;595.4;652.7;537.5;1;680
23146;SP;;;0;1;1;0;;532.1;559.9;;1;640
4168365;GO;1;1;1;1;1;1;513.5;426.1;526.1;466.1;1;640
511145;AL;2;1;1;1;1;1;490.9;489.2;508.1;531.6;1;580
3860971;PR;;;1;1;1;1;426.5;492;496.1;424.7;1;460
2751302;CE;;;1;1;1;1;483.3;413.8;447.3;503.6;1;580
1955768;RR;;;1;1;1;1;445.3;458.5;509.5;423.5;1;840
2867598;SP;2;1;0;0;0;0;;;;;;
2443754;GO;2;1;0;1;1;0;;575.4;470.3;;1;480
2413925;CE;2;1;1;1;1;1;421.2;491;497.7;437.8;1;820
1093239;ES;2;1;0;0;0;0;;;;;;
488565;SP;2;1;0;0;0;0;;;;;;
3092860;PB;;;1;1;1;1;422.9;439.8;438.9;422.4;1;280
4158301;SP;;;1;1;1;1;595.8;438;581.4;488.2;1;760
2467642;RJ;;;1;1;1;1;505.9;439.1;460.3;556.2;1;640
4039498;PR;;;1;1;1;1;549.3;613.6;561.8;421.5;1;720
2679548;CE;;;0;0;0;0;;;;;;
132945;SP;;;1;1;1;1;485.1;509.5;581.1;385.9;1;620
1823466;SP;;;0;0;0;0;;;;;;
1020442;MG;;;0;0;0;0;;;;;;
2763922;AL;;;1;1;1;1;376.7;461.4;509.9;441.8;1;600
2141879;SP;2;1;1;1;1;1;609.7;620;614.1;731.5;1;720
1751669;MT;;;1;1;1;1;501.9;577.6;558.3;584.3;1;680
958305;BA;2;1;1;1;1;1;461.7;450.9;503;387.9;1;580
1071618;SP;;;1;1;1;1;537.1;610.8;588.6;646.7;1;620
1400782;PR;4;1;0;0;0;0;;;;;;
2831726;SP;;;1;1;1;1;450.6;588.3;582.1;623.8;1;780
755273;RN;4;1;1;1;1;1;407;597.1;533.7;647.8;1;840
1245799;AM;;;1;1;1;1;599.5;579.9;569.7;760;1;880
3933332;SP;;;1;1;1;1;532.6;556.3;547.8;530.8;1;680
913961;RO;2;1;0;0;0;0;;;;;;
2479519;SP;4;1;1;1;1;1;514.2;497.8;595.3;439.1;1;800
3496628;SP;;;1;1;1;1;600.8;648.3;587.5;542.8;1;720
115346;PR;2;1;1;1;1;1;482.9;550.3;531.6;423.7;1;740
4075667;RS;;;1;1;1;1;520.4;486.2;480;515.5;1;400
4107702;SP;;;1;1;1;1;458.4;516.8;517.2;576.4;1;440
1526849;SP;2;1;1;1;1;1;503.1;465.5;590.3;571;1;460
3648599;PA;;;1;1;1;1;521.3;535.2;645.3;453.3;1;480
1871859;MG;4;2;1;1;1;1;353.8;422.5;432.1;412.9;1;620
2423614;PI;2;2;1;1;1;1;450.7;506.7;526.3;639.6;1;460
2099988;SE;;;1;1;1;1;611.1;563.9;591.9;684.1;1;840
3863310;MS;;;1;1;1;1;476.9;379.2;400.2;443;4;0
1302026;PA;;;1;1;1;1;419.1;476.9;476.8;401.8;1;480
2355952;PR;;;1;1;1;1;585.6;490.1;498.8;464.7;1;460
1715417;BA;;;1;1;1;1;497.2;536.6;511;443.8;1;680
37971;BA;2;2;1;1;1;1;422.2;531;499.7;542.4;1;680
1372680;PE;4;1;1;1;1;1;573.7;524.3;562.9;689.5;1;840
292697;PB;;;0;0;0;0;;;;;;
1879224;PA;;;1;1;1;1;507.3;313.7;448;391.6;1;500
3669169;MG;2;1;1;1;1;1;361.3;416.3;403.3;466.4;3;0
342770;RS;4;1;1;1;1;1;543.4;557.5;547.8;632;1;680
943271;MA;;;1;1;1;1;463.7;520.2;484.3;413.6;1;600
1620222;CE;2;1;1;1;1;1;360.8;394.3;415.7;461.9;1;380
52676;ES;;;1;1;1;1;392.8;383.7;425.8;448;1;360
1806747;RJ;;;0;0;0;0;;;;;;
3165395;SP;2;1;0;0;0;0;;;;;;
2916997;BA;2;1;0;1;1;0;;577.9;535.8;;1;680
1551229;CE;2;1;1;1;1;1;448.9;403.2;529;479.3;1;500
2042725;RJ;;;1;1;1;1;677.9;737.9;670.6;738.5;1;880
3153401;SP;2;1;1;1;1;1;505.7;530.6;544.1;603.2;1;620
2617340;RJ;4;1;0;1;1;0;;507.9;468.3;;1;680
2127362;SP;;;1;1;1;1;552.4;507.4;601.1;660.8;1;840
1150782;AL;2;1;1;1;1;1;519.3;511;479.5;518.4;1;900
3114143;BA;;;1;1;1;1;512.6;513.5;556.9;564.3;1;500
1575238;RS;;;0;0;0;0;;;;;;
113888;AL;;;1;1;1;1;393;577.5;583.8;423.9;1;880
3185278;SP;;;0;1;1;0;;619.3;589.3;;1;800
14692;RJ;;;0;0;0;0;;;;;;
1792752;MG;;;1;1;1;1;608.6;695.8;622.3;681;1;900
1590920;SP;;;0;0;0;0;;;;;;
22733;BA;;;0;0;0;0;;;;;;
244231;PR;4;1;1;1;1;1;585.7;537.1;563.2;577.9;1;900
1688027;CE;2;1;0;0;0;0;;;;;;
2854351;SP;2;1;1;1;1;1;501.1;521.5;580;581.5;1;620
164666;PE;;;0;0;0;0;;;;;;
3835505;SP;4;1;1;1;1;1;587.9;633.1;603.6;648.4;1;860
64536;PE;2;1;1;1;1;1;518.2;538.6;559;521.2;1;600
278369;PI;;;1;1;1;1;522.6;586.7;557.8;394.3;1;740
1594523;RJ;;;1;1;1;1;460.7;523;544.7;552.6;1;680
3898831;PA;;;1;1;1;1;400.4;411.3;509;393.9;1;440
2457200;MG;;;1;1;1;1;561.9;658.1;613.1;652.9;1;720
2932464;TO;;;0;0;0;0;;;;;;
2516489;PR;2;1;1;1;1;1;477.6;482.7;515.2;519.7;1;800
895446;MG;;;1;1;1;1;442.9;580.5;514.3;437.9;1;360
4076068;MG;;;0;0;0;0;;;;;;
3415537;CE;;;1;1;1;1;379.7;368.4;339.9;466.6;1;400
1169981;CE;;;1;1;1;1;511.3;425.1;438.7;655.3;1;860
542883;CE;2;1;1;1;1;1;424.7;430.6;478.7;460.1;1;600
2962932;MT;;;1;1;1;1;431;568.7;534.2;496.5;1;620
630135;BA;;;1;1;1;1;661.1;662.4;605.7;845.2;1;860
3377036;AM;2;1;1;1;1;1;481.5;300.7;412.4;381.8;1;420
426333;MG;2;1;1;1;1;1;440.7;366.5;497.1;506.4;1;560
1390953;PB;;;1;1;1;1;587.6;502.8;503.8;477.1;1;720
3747357;MG;;;0;0;0;0;;;;;;
1569005;PE;2;1;1;1;1;1;487.9;544.5;515.7;438.9;1;420
409437;BA;;;1;1;1;1;445.7;627.4;608.9;674.3;1;900
2100945;PB;;;1;1;1;1;360.6;337.2;484.1;467.5;1;320
4195104;PR;;;1;1;1;1;423.1;520.3;576.4;542.6;1;580
4094273;SP;;;1;1;1;1;534.5;548.1;576.1;392.4;1;520
2905909;PE;;;1;1;1;1;627;605.6;619.9;728.2;1;880
1032469;RS;;;0;0;0;0;;;;;;
3245811;BA;2;1;0;0;0;0;;;;;;
528061;ES;;;1;1;1;1;605.4;586.7;588.3;687.5;1;960
3266803;RS;2;1;1;1;1;1;382.7;432.3;476.7;433.1;1;600
693585;MA;;;1;1;1;1;367.2;384.2;337.3;387.9;1;720
3586963;SC;;;1;1;1;1;421.1;371;466;429.5;1;360
1698535;AC;;;1;1;1;1;354.7;507.4;500.4;431.7;1;740
3542365;SP;;;1;1;1;1;503.7;409.8;524.6;605.6;1;680
3601855;ES;;;1;1;1;1;601.4;584.2;583.4;630.9;1;600
751907;SP;2;1;1;1;1;1;502.3;597.2;599.2;676.7;1;740
3065856;CE;;;1;1;1;1;576.2;637.1;583.7;716.4;1;840
3110887;PR;;;1;1;1;1;624.1;556.3;566.1;695;1;760
3889525;MG;;;1;1;1;1;478.1;555;571.4;573.3;1;860
3156302;SP;;;0;0;0;0;;;;;;
1478973;SP;2;1;0;0;0;0;;;;;;
132890;PB;;;1;1;1;1;699.8;691.4;607.9;671.9;1;920
1921323;SP;2;1;1;1;1;1;548.1;565.4;622.5;678.2;1;800
3231788;BA;2;1;1;1;1;1;367.9;420.1;448.7;475.8;1;560
1384540;SP;;;1;1;1;1;457.6;525.3;586;469.7;1;900
3532178;PE;;;1;1;1;1;405.4;432.7;472.3;530.6;1;520
4097009;PB;;;1;1;1;1;553.5;567.5;546.6;690.6;1;800
2099379;SP;2;1;1;1;1;1;462.5;493.9;515.3;467.4;1;660
1471838;GO;2;1;1;1;1;1;483.9;433.4;465.7;387.9;1;660
2903699;RJ;;;0;0;0;0;;;;;;
4171478;SP;;;1;1;1;1;472.1;528.7;571.1;379.6;1;620
761386;SP;;;1;1;1;1;515.5;630.7;590.4;655.7;1;720
1527188;CE;;;1;1;1;1;447.1;591.2;568;490.9;1;560
3088177;BA;4;1;1;1;1;1;596.3;519.9;477.2;613.8;1;900
2890845;BA;;;1;1;1;1;483.3;375.5;502.8;523.3;1;380
3834374;RS;;;0;0;0;0;;;;;;
3960269;PE;2;1;0;0;0;0;;;;;;
3356452;MG;;;1;1;1;1;574.4;596;586.7;625.2;1;800
2533249;BA;;;1;1;1;1;415.4;521.6;519.3;396.3;1;520
2874727;PR;;;0;1;1;0;;524.5;547.8;;1;500
1545782;RS;2;1;1;1;1;1;481;494.9;514.8;432.1;1;920
4180883;RS;;;0;0;0;0;;;;;;
1607790;SP;;;1;1;1;1;547.7;572.8;577.8;681.1;1;840
3611335;TO;;;1;1;1;1;432.2;384.8;408;439.5;1;600
299368;PB;;;1;1;1;1;601.7;601.2;613.4;690.9;1;580
189115;PR;2;1;1;1;1;1;582.1;543.5;579.2;587.2;1;760
4234964;MG;;;1;1;1;1;542.8;475.8;510.4;475.4;1;720
4152489;SE;;;0;1;1;0;;580.4;515.9;;1;800
1585844;PE;;;1;1;1;1;454.3;509.4;503.7;506.7;1;440
408435;PA;2;1;1;1;1;1;459.3;346.2;514.9;406.5;1;740
2191432;GO;;;0;0;0;0;;;;;;
243372;AL;2;1;1;1;1;1;472.8;514.4;522.1;674.7;1;760
2761659;SC;;;1;1;1;1;569.9;502.9;558.3;699.9;1;620
1516393;BA;2;1;1;1;1;1;517;567.5;512.9;493.1;1;800
1871155;GO;2;1;1;1;1;1;392.7;522;575.8;387.3;1;620
3972225;MG;;;0;0;0;0;;;;;;
1275910;SP;2;1;1;1;1;1;526.5;555.8;583.5;633.7;1;560
3976357;GO;;;0;0;0;0;;;;;;
4289020;SC;;;1;1;1;1;495.9;591;528.2;523.6;1;500
1455964;SE;;;1;1;1;1;489.7;530.7;514.9;403.6;1;540
3191861;SP;;;1;1;1;1;421.1;558.6;583.1;494.5;1;740
3444273;TO;;;1;1;1;1;619.9;634.8;593.6;706.1;1;880
3599559;SP;;;1;1;1;1;521.6;541.7;572.8;632.3;1;700
2107585;RN;;;1;1;1;1;548.9;491.7;537;478.1;4;0
3014748;SP;2;1;0;0;0;0;;;;;;
1424238;MG;2;1;0;0;0;0;;;;;;
351795;ES;4;1;1;1;1;1;613.7;664.7;591;773.1;1;840
3330929;RO;4;1;1;1;1;1;592;629.5;597.1;650.8;1;920
450975;GO;2;1;0;0;0;0;;;;;;
3009633;MG;2;1;0;0;0;0;;;;;;
1949515;MA;;;0;0;0;0;;;;;;
3579238;BA;;;1;1;1;1;434.8;579.7;556.1;574.6;1;800
4133349;AL;;;0;0;0;0;;;;;;
2981074;RS;;;1;1;1;1;357.7;435.2;451.4;433.1;1;640
1290600;AC;;;0;0;0;0;;;;;;
3565156;BA;4;1;1;1;1;1;417.2;381.5;512.7;415.7;1;920
3590096;MG;;;0;0;0;0;;;;;;
2250781;MA;;;0;0;0;0;;;;;;
3769099;PA;;;1;1;1;1;718.9;743.9;677.2;450.8;1;640
4304819;MA;;;1;1;1;1;620.3;608.1;563.8;577.9;1;720
3138500;SP;;;1;1;1;1;608.7;627.8;599.7;683.8;1;780
3023805;BA;;;1;1;1;1;426.5;384.4;408.4;408.9;3;0
3506673;AL;;;1;1;1;1;438.1;452.4;461.9;436.1;6;0
2007653;SP;;;1;1;1;1;564.9;645;567.9;732;1;800
2771169;DF;4;1;1;1;1;1;521.6;402.7;376;442;1;720
1182108;MG;;;1;1;1;1;644.8;652.1;637.6;708.5;1;880
2692926;CE;;;1;1;1;1;413;457.9;522.7;728.8;1;760
2453344;BA;;;0;0;0;0;;;;;;
4168168;TO;;;1;1;1;1;475.1;462.3;397.3;404.8;1;280
3830154;MG;;;1;1;1;1;498.1;498.5;543.7;463.1;1;600
387520;PA;;;1;1;1;1;500.4;522;518.2;574.9;1;760
1717564;CE;2;1;0;0;0;0;;;;;;
1559622;MG;;;0;0;0;0;;;;;;
124335;PI;2;1;1;1;1;1;433.1;354;371.7;381.5;1;420
1296437;SP;;;0;0;0;0;;;;;;
3616984;SP;2;1;0;0;0;0;;;;;;
1029334;MA;;;1;1;1;1;584.3;552.2;619;471.7;1;620
2467141;RS;2;1;0;1;1;0;;412.2;452.3;;4;0
2962784;DF;2;1;1;1;1;1;452.5;507.7;534.6;536.3;1;520
354280;PA;;;1;1;1;1;434.5;546.9;522.2;405.4;1;480
718792;CE;;;1;1;1;1;558;587.4;569.8;642.2;1;920
1109587;ES;;;1;1;1;1;666.9;624.7;585.8;648.9;1;720
1563824;PB;;;1;1;1;1;432.4;429.2;469.5;414.8;1;580
3506106;MT;2;2;1;1;1;1;443.5;324.6;442.4;424.3;6;0
1641095;PA;;;1;1;1;1;503.6;576.3;570.5;402.3;1;620
448161;MG;;;1;1;1;1;441.7;578.2;556.7;499.5;1;600
2873242;BA;2;1;1;1;1;1;361.3;312.6;434.2;411.8;1;460
3855995;MA;;;1;1;1;1;394.2;493;512.4;481.9;1;380
1096479;CE;2;1;0;0;0;0;;;;;;
3381344;RN;;;1;1;1;1;619.4;672.1;591.9;583.5;1;620
1336586;SP;2;1;1;1;1;1;426.8;427.9;537.6;662.8;1;780
3493831;BA;;;0;0;0;0;;;;;;
3916813;AM;2;2;0;0;0;0;;;;;;
1244067;CE;;;1;1;1;1;418.5;303.5;467.9;444.2;3;0
1720568;MT;;;0;0;0;0;;;;;;
528021;SC;;;1;1;1;1;547.3;666.8;626.7;597.5;1;860
1535151;AC;;;1;1;1;1;559.7;574.6;386.3;542.6;1;660
1826968;GO;;;1;1;1;1;557;563.4;576.8;567.5;1;900
3701812;RJ;;;1;1;1;1;472;517.1;534;675.5;1;800
1188874;PI;;;1;1;1;1;535.4;544.8;474.4;406.6;1;860
1525769;AM;;;0;0;0;0;;;;;;
1200563;MS;2;1;0;0;0;0;;;;;;
1629308;SP;;;1;1;1;1;615.8;603.1;583.2;407.9;1;740
2426919;SP;;;0;0;0;0;;;;;;
3237830;PE;2;1;0;0;0;0;;;;;;
1509935;SP;2;1;1;1;1;1;496.1;609.1;558.5;662.8;1;880
907992;SP;2;1;1;1;1;1;536.7;414.7;479.7;436;1;520
219422;PI;;;0;0;0;0;;;;;;
3972967;CE;;;0;0;0;0;;;;;;
2618081;DF;;;1;1;1;1;612.6;622.9;617.3;702;1;900
1422220;CE;2;1;0;0;0;0;;;;;;
2501163;AL;2;1;1;1;1;1;461.1;409.5;482.2;403.2;1;620
666488;MG;;;0;2;2;0;;;;;;
1419798;DF;;;1;1;1;1;457.4;477.9;513.5;435.5;1;800
2455984;RJ;;;0;0;0;0;;;;;;
1789678;MG;;;1;1;1;1;612.2;718.2;638.5;784.6;1;820
1548977;BA;;;0;0;0;0;;;;;;
2666864;SP;2;1;1;1;1;1;513.2;511.2;500.8;457.7;1;760
1658603;BA;;;0;0;0;0;;;;;;
477726;MG;1;1;1;1;1;1;575.3;625.9;580.6;721;1;960
1462851;CE;2;1;1;1;1;1;409.3;364.5;413;459.8;1;560
4062188;SP;2;1;0;0;0;0;;;;;;
4182691;RJ;;;1;1;1;1;562.6;547.7;540.5;512.2;1;480
2136404;SP;;;1;1;1;1;444.7;464.9;478.5;374.7;1;420
4200109;RS;;;0;0;0;0;;;;;;
3771984;GO;2;1;0;0;0;0;;;;;;
3534975;RJ;2;1;0;0;0;0;;;;;;
1197424;RS;2;1;0;0;0;0;;;;;;
3675501;SP;;;1;1;1;1;546.6;322.2;496.9;428;1;680
2920288;PE;2;1;1;1;1;1;458.3;377.1;323.9;413.8;4;0
2499720;PE;2;1;0;1;1;0;;479.5;453.4;;1;620
3483127;SE;;;1;1;1;1;469.1;417;370.6;480.2;1;580
3796023;AP;;;1;1;1;1;494.4;582.8;534.9;425.2;1;680
3995998;RS;;;0;0;0;0;;;;;;
3281172;MG;2;1;0;0;0;0;;;;;;
1237737;PA;;;0;0;0;0;;;;;;
1378140;MA;2;1;0;0;0;0;;;;;;
2437291;SP;2;1;1;1;1;1;489.7;546.2;516.8;532.9;1;720
1117066;CE;2;1;1;1;1;1;504.7;534.2;566.5;619.1;1;700
3708506;AM;2;1;0;0;0;0;;;;;;
2085601;SP;;;1;1;1;1;563;595.6;601.7;668.3;1;840
1583435;SP;2;1;0;0;0;0;;;;;;
2610490;PE;2;1;1;1;1;1;477;477.1;501.1;426.4;1;540
1342119;MA;2;1;1;1;1;1;362;437.5;424.3;421.3;1;520
2168752;RS;2;1;1;1;1;1;505.7;505;525.7;636.4;1;840
723780;MA;;;1;1;1;1;467.8;597.6;544.6;573.9;1;680
3957011;SP;4;1;1;1;1;1;588.3;579.1;586.4;646.4;1;700
204920;RJ;;;1;1;1;1;492.9;583.5;620.7;541.8;1;680
2384873;BA;2;1;1;1;1;1;484.8;443.3;441.2;382.4;1;500
390798;PA;;;1;1;1;1;522.6;489.2;544.3;406.7;1;600
297142;CE;;;1;1;1;1;446;566.4;550.8;517.9;1;420
2680362;MG;2;1;1;1;1;1;401.2;365.5;498.1;577.8;1;620
3245922;MG;2;2;1;1;1;1;418.2;400.8;468;504.5;1;300
3356718;MT;2;1;0;0;0;0;;;;;;
909634;CE;2;1;1;1;1;1;455.2;540.3;526.1;440.3;1;520
3897142;RJ;;;0;0;0;0;;;;;;
315609;RN;2;1;1;1;1;1;530.4;500.4;509.3;445.7;1;660
1731089;PA;2;1;0;0;0;0;;;;;;
2855450;SP;4;1;1;1;1;1;590.6;575.4;633;516.4;1;720
3627598;BA;;;0;0;0;0;;;;;;
2529510;SP;;;1;1;1;1;540.5;555.8;540.5;631.5;1;740
1667258;MG;;;1;1;1;1;619.1;453.4;496.7;611.5;1;600
512306;SP;;;1;1;1;1;517.2;595.5;594.6;564.9;1;740
1938695;SC;4;1;1;1;1;1;494.1;511.1;559.2;480.2;1;640
3823080;PA;2;1;1;1;1;1;356.3;350.8;451.1;455.6;1;480
639975;RN;;;1;1;1;1;563.6;625.9;550.5;481.8;1;760
30501;CE;;;1;1;1;1;495.7;550.9;521.1;418;1;380
1164308;SP;;;0;0;0;0;;;;;;
3887663;PI;;;1;1;1;1;490.9;459.2;554;487.9;1;580
3906722;MA;;;0;0;0;0;;;;;;
1834052;SP;;;1;1;1;1;699.2;759.7;660.7;883.1;1;960
1945859;RS;;;1;1;1;1;592.1;653.5;638.8;644.5;1;760
1784685;MA;;;1;1;1;1;401.8;397.7;504.6;567.3;1;600
3721798;SP;;;1;1;1;1;597.7;622.2;638.2;602.9;1;480
2196860;AM;2;1;1;1;1;1;477.6;541.8;463;516.1;1;640
569820;MS;2;1;0;0;0;0;;;;;;
3835599;SP;;;1;1;1;1;459.2;427.6;357.1;456.9;1;360
1185324;MG;;;1;1;1;1;408.8;543.9;503.1;462.2;1;880
3301402;RN;4;1;1;1;1;1;548.6;604;583;501.2;1;780
3920911;SP;2;1;1;1;1;1;513.1;534.9;495.7;630.9;1;800
846239;SP;2;1;1;1;1;1;544.8;427.7;575.6;538.3;1;500
1621611;CE;2;1;1;1;1;1;440.7;327.5;421.5;453.6;2;0
58305;MA;;;1;1;1;1;501.9;518.3;524.6;460.4;1;780
3792356;MG;;;1;1;1;1;668.1;728.2;666.7;803.1;1;840
2894400;SP;4;1;1;1;1;1;658.3;641.6;641.1;808.9;1;720
2588392;GO;;;1;1;1;1;375.1;426.5;404.1;501.7;1;520
2893019;MG;;;1;1;1;1;494.4;471.3;545.1;515.9;1;660
3257290;MG;;;1;1;1;1;468.1;509.1;508;579.2;1;660
2942050;PE;2;1;0;0;0;0;;;;;;
2218594;SP;;;1;1;1;1;558.5;574.8;518.2;596.5;1;480
3824704;PA;;;1;1;1;1;516.3;526.2;490.8;472.4;1;520
2633583;AC;;;1;1;1;1;384.3;424.7;422;378;1;360
1558820;CE;2;1;1;1;1;1;566.9;589.1;524.4;414.6;1;520
2710545;RJ;;;0;0;0;0;;;;;;
1835779;RJ;;;1;1;1;1;457.1;387.7;440.9;388.9;1;460
1282514;RN;;;0;1;1;0;;505.3;463.5;;1;620
3327255;PA;;;1;1;1;1;461.4;469.9;483;396.4;1;440
3509617;PB;;;1;1;1;1;529.6;601.3;573;636.8;1;620
4191574;SP;;;1;1;1;1;440.8;539.2;537;390.8;1;260
3807326;SP;;;1;1;1;1;397.1;442.5;411.6;382;1;520
581245;DF;2;1;1;1;1;1;378.5;556.7;553.1;512.7;1;840
2014013;PR;2;1;0;0;0;0;;;;;;
1985918;RJ;;;1;1;1;1;583.5;590.1;602.2;696.7;1;920
1907107;RJ;;;0;0;0;0;;;;;;
4326016;RS;;;0;0;0;0;;;;;;
3513558;MG;2;1;0;0;0;0;;;;;;
3919890;BA;;;0;0;0;0;;;;;;
459866;SP;4;1;1;1;1;1;527.2;584.3;558.8;537.5;1;820
250266;MA;;;1;1;1;1;478.1;570.6;545.4;514.3;1;600
672966;MG;2;1;0;0;0;0;;;;;;
3502184;SP;;;1;1;1;1;570.7;640.7;603.5;574.3;1;580
3846369;RS;2;1;1;1;1;1;461.4;540.7;515.5;461.6;1;720
3999250;PA;;;0;0;0;0;;;;;;
1580196;DF;2;1;1;1;1;1;630;616.2;603.1;782.4;1;840
447196;RJ;;;0;0;0;0;;;;;;
688842;RJ;;;0;0;0;0;;;;;;
1872559;SC;;;1;1;1;1;440.4;431.2;447.2;482;1;560
1188391;PR;;;1;1;1;1;559.1;591.4;611.9;583.5;3;0
3557435;SC;;;1;1;1;1;553;571.8;574.2;479.8;1;940
1545208;GO;2;1;1;1;1;1;383.8;437.3;462.1;435.2;1;580
3663594;BA;;;1;1;1;1;388.9;417;482.4;399.9;1;440
2856886;SP;1;1;1;1;1;1;407;465;498;463.4;1;780
766673;PE;;;0;1;1;0;;515.6;552.6;;1;460
516347;MG;2;1;1;1;1;1;369.6;395.4;451.7;438.2;1;480
177738;PI;;;1;1;1;1;489.7;520.8;565.1;419.5;1;680
1612759;RS;;;1;1;1;1;467.8;516.6;553.4;451.4;1;680
3028231;BA;;;1;1;1;1;375.2;488.1;512.2;666.4;4;0
652631;PA;;;0;0;0;0;;;;;;
3225447;SP;4;1;1;1;1;1;465.3;552.5;557.4;610;1;500
3054408;PI;4;1;1;1;1;1;524.1;610.4;615.3;522.9;1;580
43331;AM;;;1;1;1;1;516.5;596.7;569;510.7;1;540
3272875;MG;2;1;0;0;0;0;;;;;;
796254;SP;2;1;1;1;1;1;420.9;445.9;563.7;614;1;800
3831450;GO;;;0;0;0;0;;;;;;
1008923;SE;;;0;0;0;0;;;;;;
1170208;MG;4;1;1;1;1;1;687.2;642;612.5;790.1;1;900
2174417;RJ;;;0;0;0;0;;;;;;
96197;MG;2;1;1;1;1;1;407.1;404.2;535;431.3;1;700
2499462;MA;;;0;1;1;0;;376.2;360.1;;4;0
3510146;GO;2;1;1;1;1;1;571.1;582.4;544.6;560.6;1;600
1137349;PE;2;1;1;1;1;1;405.8;446;437.1;414.8;1;640
3425662;GO;2;1;1;1;1;1;403.2;462.5;437.1;394.6;1;460
581797;RO;;;1;1;1;1;438.8;483.3;507.8;573;1;660
3425229;SP;;;1;1;1;1;428.8;488.8;524.6;514.3;1;860
3926324;SP;;;1;1;1;1;620.4;556;612.1;596.7;1;820
2762314;RJ;;;0;1;1;0;;0;0;;4;0
2743942;SP;4;1;1;1;1;1;507;439.5;468.3;471.5;1;480
1756607;MG;;;1;1;1;1;676.1;601.3;622.8;750.1;1;860
2841825;MT;;;0;0;0;0;;;;;;
1141860;BA;;;0;0;0;0;;;;;;
3533770;MA;;;0;0;0;0;;;;;;
102932;MA;;;0;0;0;0;;;;;;
4063149;AM;;;1;1;1;1;393.3;523.7;548.7;398;1;620
1650692;MG;2;1;1;1;1;1;498.6;513.3;549;466.3;1;620
610870;PE;;;1;1;1;1;536.8;545.5;573.5;590.7;1;760
3800260;RJ;2;1;0;0;0;0;;;;;;
883305;BA;;;1;1;1;1;545.4;530.6;560.3;517.2;1;920
1158549;CE;;;1;1;1;1;414.1;545.1;583.6;405.6;1;760
1743926;RJ;;;1;1;1;1;455.8;449.3;395.5;461.1;1;520
3809926;PE;2;1;1;1;1;1;483.9;376.8;467.6;376;4;0
4095981;DF;;;0;0;0;0;;;;;;
728708;GO;;;0;0;0;0;;;;;;
2140378;SP;3;1;0;0;0;0;;;;;;
1396609;RS;1;1;1;1;1;1;566.2;492;578.9;717.8;1;940
331621;MS;2;1;1;1;1;1;563.5;571.2;567.6;573.2;1;780
706253;RJ;;;1;1;1;1;468.8;352.5;426.7;430.4;1;440
161385;PE;2;1;1;1;1;1;503.4;366;450.2;690.8;1;560
2169100;RJ;;;1;1;1;1;399.8;456.3;550.6;555.4;1;780
953651;RJ;;;1;1;1;1;474.6;449;484;415;1;580
4259834;RS;;;0;0;0;0;;;;;;
1457950;MG;;;1;1;1;1;430.2;404.7;514.3;610;1;620
3584404;BA;;;1;1;1;1;584.3;664.4;596.5;688.3;1;920
2892317;MA;;;1;1;1;1;369.3;473.5;446.3;417.6;1;480
3590227;RJ;2;1;0;0;0;0;;;;;;
1996005;AL;;;1;1;1;1;525.1;551.1;556.5;511.3;1;880
1709319;SC;2;1;1;1;1;1;452.2;523;507.6;400.9;1;860
567137;CE;2;1;1;1;1;1;450.1;532.3;470;614.3;1;840
1578509;SP;;;0;0;0;0;;;;;;
2398592;RS;2;1;0;1;1;0;;536.6;579.7;;1;680
2697920;SP;;;1;1;1;1;632.2;666.6;726.4;762.3;1;840
2639371;DF;4;1;1;1;1;1;429;588.1;556.6;371.4;1;880
11460;SE;;;1;1;1;1;604.9;704.2;638.7;727.6;1;840
1430211;PI;2;1;1;1;1;1;451.8;346.8;416;549.1;1;200
2005744;PE;2;1;1;1;1;1;469.8;543.7;511;493.3;1;620
1347034;MT;;;1;1;1;1;625.3;610.9;589.2;771;1;820
3446061;MG;;;0;0;0;0;;;;;;
223363;PB;;;1;1;1;1;517.2;384.1;450.3;418.8;1;480
2490206;PR;;;1;1;1;1;413.8;527.8;562;432.6;1;460
455956;RN;;;1;1;1;1;433.8;554.6;527.3;383.7;1;360
2030406;GO;4;1;1;1;1;1;631.5;677.5;600.5;684.6;1;940
2747977;BA;;;1;1;1;1;589.5;609.6;617.9;823.9;1;940
858967;AP;2;1;1;1;1;1;473.8;465.4;497.7;526;4;0
1995425;RN;;;0;0;0;0;;;;;;
4097875;MG;2;1;0;0;0;0;;;;;;
2524458;PI;2;2;0;0;0;0;;;;;;
755792;RJ;2;1;1;1;1;1;491.6;621.7;593;549.9;1;760
3527801;CE;;;1;1;1;1;398.3;479.7;453.7;612.8;1;640
1714716;PE;;;1;1;1;1;491.2;388.8;342.9;424.6;1;400
4176388;RS;;;0;0;0;0;;;;;;
3243518;PI;;;1;1;1;1;454.5;455.1;474.4;617.9;1;620
3454148;PE;;;1;1;1;1;575.5;342.4;469.6;516.6;1;700
815444;RJ;2;1;1;1;1;1;501.3;307.7;359.6;400.1;1;440
1089273;PE;2;1;1;1;1;1;517.4;495;461;501.2;1;580
1069101;PE;2;1;1;1;1;1;363.2;399.6;453.5;394.2;1;680
3063528;PE;;;1;1;1;1;541.5;528.3;520.5;503.8;1;600
2577446;SP;;;1;1;1;1;727.2;665.2;661.3;800.3;1;680
3720002;PR;;;1;1;1;1;643.3;639.6;631;869.8;1;800
1537549;SP;;;1;1;1;1;545.5;640.5;583.7;665.7;1;800
3219108;SP;;;1;1;1;1;546.9;591.3;578.3;515.8;1;760
3331360;SP;;;0;0;0;0;;;;;;
3085990;MA;;;0;1;1;0;;464.3;469.6;;1;560
1583211;MT;;;0;0;0;0;;;;;;
1186412;MG;;;1;1;1;1;517.9;563.7;562.5;561.5;1;740
3468196;SP;;;1;1;1;1;643.7;700;665.2;828;1;880
857381;SP;2;1;1;1;1;1;383.4;399.7;540.1;384.3;1;620
338571;MA;2;1;1;1;1;1;387.8;488.4;512.8;478.3;1;600
1081498;PB;2;1;1;1;1;1;468.3;479.2;527.1;543.9;1;880
2389009;RN;;;1;1;1;1;376.1;426;503.9;400.9;1;880
1552252;CE;;;1;1;1;1;499.9;417.4;390.7;484;1;480
3170148;SP;2;1;1;1;1;1;567.8;547.1;521.9;676.5;1;600
1819728;PE;;;1;1;1;1;434.9;0;440.3;420.1;1;360
1295080;CE;2;1;1;1;1;1;610.5;526.6;585.7;559.6;1;480
19389;SP;2;1;1;1;1;1;507.7;535.7;576.7;636.5;1;680
1638567;SP;2;1;0;0;0;0;;;;;;
788448;MA;2;1;1;1;1;1;417;361.1;351.1;448.2;1;540
1913087;RS;;;0;0;0;0;;;;;;
1083432;PI;;;0;0;0;0;;;;;;
1299536;PB;;;0;0;0;0;;;;;;
4016819;DF;;;1;1;1;1;510.1;456.9;517.1;450.4;1;340
412578;MG;;;1;1;1;1;524.1;627.3;600.1;417.7;1;560
3713642;SP;;;1;1;1;1;394.2;323.5;384.5;374.6;1;520
4242686;PB;2;1;0;0;0;0;;;;;;
1315662;SP;2;1;1;1;1;1;582.9;574.2;563;702.8;1;660
2760807;SE;2;1;1;1;1;1;389.9;501.9;536.8;395.2;1;780
4191924;MG;;;0;0;0;0;;;;;;
3323350;RO;2;1;1;1;1;1;590.5;587;536.2;628.2;1;680
4003340;BA;;;1;1;1;1;442.4;525;559.4;544.4;1;720
4197604;SC;;;0;0;0;0;;;;;;
37899;BA;;;0;1;1;0;;462.3;526.8;;4;0
718365;RJ;;;1;1;1;1;452.9;537.1;515.3;389.7;1;760
1600952;CE;2;1;1;1;1;1;409.1;467.5;546.8;438.6;1;720
2265474;SP;;;1;1;1;1;460.4;552.1;542.5;420.8;1;920
3159000;SC;;;1;1;1;1;391.8;334.9;461.8;389.6;1;500
450718;SP;2;1;0;0;0;0;;;;;;
57765;CE;4;1;1;1;1;1;578.2;643.6;567.8;841.3;1;860
4263711;SC;;;0;0;0;0;;;;;;
2050816;PR;;;1;1;1;1;443.9;385;540.1;433.9;1;640
3800104;MG;;;1;1;1;1;561.6;430.6;559.1;471.9;1;440
2989798;RJ;2;2;1;1;1;1;362.3;394.5;476.6;398.1;1;480
422700;BA;2;1;1;1;1;1;406.6;419.2;451.8;500.4;1;600
582778;SP;;;1;1;1;1;723.3;681.7;652.2;871.6;1;960
2266623;RN;;;1;1;1;1;582.4;582.3;614.5;621.1;1;840
4287474;MA;;;1;1;1;1;363.4;498.5;482.5;464.9;1;460
940999;PA;4;1;1;1;1;1;493.3;516.1;556.5;421;1;800
973218;PA;4;1;1;1;1;1;685.8;738.3;655.9;871.8;1;940
155121;BA;;;0;0;0;0;;;;;;
3661333;RN;;;1;1;1;1;500.2;565.7;577.4;477.1;1;880
2830703;MG;;;1;1;1;1;626.9;580.8;609;611.9;1;880
3717415;MG;;;1;1;1;1;453.3;487.5;441.1;428.5;1;620
3181053;PR;2;1;1;1;1;1;536.3;514.5;567.4;543.6;1;820
4118745;MS;;;0;0;0;0;;;;;;
1061561;BA;;;0;0;0;0;;;;;;
4268998;DF;;;1;1;1;1;497.4;527.8;539.1;415.4;4;0
4117747;MG;2;1;1;1;1;1;447.2;396.8;497.9;471.3;1;620
279467;PB;2;1;0;1;1;0;;403.1;488.6;;1;480
2776335;SP;;;1;1;1;1;494.5;565.3;614;695.1;1;720
39089;AP;;;0;0;0;0;;;;;;
3708940;PE;;;0;0;0;0;;;;;;
2110641;CE;;;0;1;1;0;;458.5;499.7;;1;440
1689921;BA;;;1;1;1;1;468.4;421.1;433.4;439.1;1;480
1105485;MS;2;1;1;1;1;1;438.6;471.3;410.7;441.6;1;620
3691373;SP;3;1;1;1;1;1;399.5;415.8;486.1;544;1;560
248793;SE;1;1;1;1;1;1;380.2;362.6;423.7;424.6;1;520
4115902;SP;;;1;1;1;1;371;418.7;443.9;466.1;1;540
3345995;MG;;;1;1;1;1;602.7;655.5;641.5;714.5;1;900
3801825;AL;;;1;1;1;1;423.2;548.5;538.7;444.4;1;620
923796;PA;2;1;0;0;0;0;;;;;;
3888547;RO;;;0;0;0;0;;;;;;
2673262;CE;;;1;1;1;1;561.6;586.3;553;566.9;1;680
293491;AC;;;0;0;0;0;;;;;;
1455242;PE;;;1;1;1;1;472.6;470.9;530.7;557.2;1;600
828267;BA;;;1;1;1;1;391.2;364.4;518.4;428.6;1;620
214022;PE;;;1;1;1;1;454.1;502.5;547.7;411.3;1;700
2613734;SP;4;1;1;1;1;1;683.7;708.8;705.2;773.9;1;920
3567842;SP;2;1;1;1;1;1;434.6;531.6;543.7;538.1;1;760
796201;PA;2;1;1;1;1;1;382;570.3;536.5;405;1;840
2848714;SE;;;1;1;1;1;599.6;616.3;594.5;707;1;900
1906442;SP;;;1;1;1;1;383.1;522.6;528;528.3;1;520
41628;RJ;;;1;1;1;1;510.9;575.5;565;455.4;1;800
2370698;PB;;;1;1;1;1;563.9;623.2;615.9;738.8;1;920
2048821;SE;;;0;1;1;0;;502.8;528.4;;1;700
1909079;AC;;;1;1;1;1;472.1;592.2;599;632;1;960
2246399;BA;;;0;1;1;0;;491.8;455.7;;1;260
2560519;BA;;;0;0;0;0;;;;;;
1418167;CE;2;1;0;0;0;0;;;;;;
4066763;MA;;;1;1;1;1;400.2;332.4;509.3;404.1;1;720
3556630;DF;;;1;1;1;1;476.2;481.1;450.4;493;1;740
2499718;AL;;;1;1;1;1;663.9;639.8;605.4;840.3;1;840
562547;SP;2;2;1;1;1;1;482;542.7;536.2;570.1;1;820
4329466;RS;;;0;0;0;0;;;;;;
644085;SP;2;1;0;0;0;0;;;;;;
2411375;SP;2;1;0;0;0;0;;;;;;
524291;BA;2;1;1;1;1;1;436.1;515.6;525;412.6;1;780
2827095;SP;;;1;1;1;1;655.4;543.7;591.8;636;1;720
1379754;RN;4;1;1;1;1;1;495.1;489.3;477.3;564.1;1;700
2145127;RS;;;1;1;1;1;529.7;531.3;527;421.8;1;580
2758766;CE;;;1;1;1;1;443.5;355.2;353.4;400.8;1;260
2970737;GO;2;1;1;1;1;1;525;563.2;566;575.2;1;640
3695782;GO;4;1;1;1;1;1;508.9;473.5;533.7;451.3;1;480
107000;RS;;;1;1;1;1;536.5;612;622;683.1;1;920
2718242;SP;;;1;1;1;1;374.9;485.7;464.6;439.1;1;640
1842118;PB;;;1;1;1;1;442.7;483.4;530.8;390.8;1;780
2000955;SP;;;1;1;1;1;678.5;707.7;649.1;799.5;1;960
1453987;BA;;;0;0;0;0;;;;;;
1806925;RN;2;1;1;1;1;1;541.3;515.2;525;509.3;1;780
276685;PE;2;2;1;1;1;1;357;502.8;531.3;416;1;580
2312070;BA;;;0;0;0;0;;;;;;
1848437;PI;;;1;1;1;1;361.9;335.1;447.1;427.1;1;400
3999592;RJ;;;0;0;0;0;;;;;;
1341588;MG;;;0;0;0;0;;;;;;
1186273;DF;;;1;1;1;1;552.6;675.7;620.3;530.8;1;760
2427785;RS;4;1;1;1;1;1;585.4;560.6;588.3;592.9;1;880
3487526;MG;;;1;1;1;1;533.4;610.3;605.6;650.2;1;600
1003968;RJ;2;1;0;0;0;0;;;;;;
4311928;RS;;;1;1;1;1;577.3;629.1;603.9;670.4;1;840
120715;BA;;;1;1;1;1;506;517.6;536.8;469.6;1;580
2901430;SP;2;1;1;1;1;1;561.8;514.7;549.2;503.6;1;540
2207003;MG;2;1;1;1;1;1;575;602.3;539.4;595;1;900
920523;RS;4;1;1;1;1;1;575.9;616.2;613.2;571.2;1;760
2188611;PE;;;0;1;1;0;;555.6;577.5;;1;660
2737751;BA;;;1;1;1;1;609.4;441.9;584.8;451.1;1;520
310472;MA;2;1;0;0;0;0;;;;;;
627426;RJ;2;1;1;1;1;1;470.1;551.6;521.7;384.9;1;800
3758681;SP;2;1;0;0;0;0;;;;;;
636318;SC;;;1;1;1;1;471.1;498;526.7;447.2;1;600
2181003;SP;4;1;1;1;1;1;489.9;468.8;567.4;515.8;1;680
1003445;PR;2;1;1;1;1;1;452.8;479.2;556.4;604;1;720
3833109;RN;;;0;0;0;0;;;;;;
1324380;AM;2;1;0;0;0;0;;;;;;
2456335;MT;;;1;1;1;1;473.9;412.5;517.7;426.9;1;640
2026859;PR;2;1;0;0;0;0;;;;;;
1522311;DF;;;1;1;1;1;519.2;550.8;559.6;399.6;1;620
2332760;PB;;;1;1;1;1;461.3;345.2;407.6;402.3;1;500
3199676;MG;;;0;0;0;0;;;;;;
2323002;SC;4;1;1;1;1;1;613.7;475.5;581.6;436.4;1;840
3446395;MG;2;1;1;1;1;1;399;528.7;484.4;445.9;1;520
3187516;PA;;;1;1;1;1;570.7;566.7;555.9;502.7;1;660
2580804;MG;;;1;1;1;1;561.9;525.7;534.3;434.3;1;520
2915562;AL;;;1;1;1;1;378.2;485.2;469.7;424.3;1;560
3350496;MG;;;0;1;1;0;;426.8;457.7;;1;440
2400818;BA;2;1;1;1;1;1;385.9;524.1;519.1;378;1;660
385968;MG;2;1;1;1;1;1;491.5;505.8;558.5;451.2;1;640
1643434;CE;2;1;1;1;1;1;503.3;554.2;484.5;450.5;1;600
921037;GO;1;1;1;1;1;1;559.8;594.9;561.3;392.5;1;840
273203;SP;;;1;1;1;1;385.3;430;418.2;495.1;1;380
2214785;BA;2;1;0;0;0;0;;;;;;
1028901;RN;;;0;1;1;0;;628.1;633.3;;1;620
834166;SP;4;1;1;1;1;1;463.6;527.8;531.9;423.1;1;360
3364951;SP;4;1;0;0;0;0;;;;;;
638453;MG;1;1;1;1;1;1;549;636.4;598.3;729.1;1;860
1337142;SP;;;1;1;1;1;582;578.6;604.1;662.7;1;740
994691;PA;;;0;0;0;0;;;;;;
540757;RO;2;1;1;1;1;1;548.6;497.5;531.5;564.9;1;800
588149;CE;2;1;1;1;1;1;445;419.8;482.8;426.3;1;840
885844;MG;;;1;1;1;1;594.2;649.8;673.2;700.2;1;940
3678407;SP;2;1;0;0;0;0;;;;;;
1594910;RS;;;1;1;1;1;604.1;584.3;580.2;680.6;1;740
3416530;AP;;;1;1;1;1;454.3;528.7;515.4;388.2;1;580
4124717;AM;2;1;1;1;1;1;555.6;522.5;556.1;414.7;1;680
3538283;TO;;;1;1;1;1;622.2;658.9;648.2;726.3;1;860
1693829;SE;2;1;1;1;1;1;542;593.9;568.4;512.7;1;660
2718384;RJ;;;1;1;1;1;466.7;401.5;493.2;454.8;1;460
1773139;SP;2;1;1;1;1;1;368.5;444;439.3;462.7;1;360
3741745;SP;;;0;0;0;0;;;;;;
3688217;AL;;;1;1;1;1;384.5;325;376.3;414.8;1;740
920853;RJ;2;1;0;1;1;0;;409.5;477.4;;1;600
1376673;SP;;;1;1;1;1;393.6;393.5;449.8;380.6;1;400
2429520;PR;2;1;1;1;1;1;469.9;425.4;509.4;480.2;1;420
1187608;RJ;;;1;1;1;1;579.6;593.3;603.6;586.7;1;580
2371772;BA;;;1;1;1;1;503.4;632.4;586.3;535.4;1;920
823050;SP;2;1;1;1;1;1;544.4;469.8;515.3;466.1;1;740
935410;AP;;;1;1;1;1;543.9;548;526.2;465.6;1;460
3957736;MG;;;1;1;1;1;524;565;590;638.4;1;600
4054092;PE;;;0;0;0;0;;;;;;
1680450;CE;;;1;1;1;1;663.7;601.9;604.4;666.7;1;620
4203933;SP;;;0;0;0;0;;;;;;
2644354;PI;;;1;1;1;1;387.4;371.3;462.9;563.6;1;440
1691639;AL;;;1;1;1;1;492.5;578.4;552.2;614.7;1;460
3223660;SP;;;1;1;1;1;451.4;465.5;527.5;526.1;1;440
1968660;MT;2;1;1;1;1;1;576;576.4;563.9;675.6;1;660
1188611;BA;;;1;1;1;1;598.3;576.4;587.6;717.7;1;800
84953;TO;;;0;0;0;0;;;;;;
1654373;PA;1;1;1;1;1;1;623;689;601.5;784.3;1;940
2180296;PR;2;1;1;1;1;1;520.5;441.5;531.6;501.6;1;420
2774895;SP;2;1;0;0;0;0;;;;;;
340439;MA;;;1;1;1;1;398.4;525.9;566.9;606.8;4;0
1227232;RS;;;1;0;0;1;541.2;;;409.3;;
4053964;AM;;;0;0;0;0;;;;;;
3302589;ES;;;0;0;0;0;;;;;;
603448;BA;2;1;1;1;1;1;475.8;503.3;530.6;377.2;1;760
4319934;RS;;;0;0;0;0;;;;;;
1994433;RS;;;1;1;1;1;612.1;640.3;598.6;748.7;1;640
3835469;BA;;;0;0;0;0;;;;;;
3968019;PI;;;0;0;0;0;;;;;;
870719;PR;;;0;0;0;0;;;;;;
2121419;RS;;;1;1;1;1;593.2;640.6;594.9;616.2;1;860
4052911;RJ;;;1;1;1;1;473.3;520.3;499.1;412.9;1;660
3977343;GO;;;1;0;0;1;406.8;;;382.7;;
3562859;SP;;;0;0;0;0;;;;;;
4290481;MT;2;1;0;0;0;0;;;;;;
915931;AM;2;1;1;1;1;1;361.5;553.4;477.9;496.7;1;860
3409597;SP;;;1;1;1;1;496.8;510.4;496.6;449;1;640
3464705;BA;;;1;1;1;1;474.9;496.1;547.2;441.1;1;640
1469870;MG;;;1;1;1;1;386.3;499.5;561.3;478.6;4;0
3374365;AM;2;1;1;1;1;1;499.6;392.3;425.8;434.5;1;360
1121072;SP;2;1;1;1;1;1;408.1;497.1;514.1;469;1;600
539698;SC;2;1;1;0;0;1;386.6;;;528.6;;
804122;CE;2;1;1;1;1;1;429.9;577.3;635.4;536.2;1;860
1421810;RS;;;0;1;1;0;;0;0;;4;0
800548;SP;2;1;1;1;1;1;405.6;461.3;502;514.7;1;400
3238211;AM;2;1;0;0;0;0;;;;;;
2536271;GO;;;1;1;1;1;606.2;653.7;598.3;700.9;1;520
2540749;PA;;;0;0;0;0;;;;;;
1423285;RS;;;0;0;0;0;;;;;;
4132424;SP;2;1;0;0;0;0;;;;;;
250794;RN;;;0;0;0;0;;;;;;
698576;SP;;;1;1;1;1;557.4;635.4;634.7;687.8;1;820
765003;SP;;;1;1;1;1;708.1;741.7;635.4;854.6;1;920
1282451;SP;2;1;1;1;1;1;408.8;447.1;478.3;384.6;1;460
786185;PA;2;1;0;0;0;0;;;;;;
1829952;MG;2;1;1;1;1;1;442.8;433.9;474.8;429;1;620
979666;RS;2;1;1;1;1;1;378.1;484.7;526.8;436.1;1;600
271575;GO;2;1;1;1;1;1;450.3;509.7;536;516.4;1;520
2157116;MG;;;0;0;0;0;;;;;;
2146477;PE;;;0;0;0;0;;;;;;
236101;RJ;;;0;0;0;0;;;;;;
1801986;PR;2;1;1;1;1;1;459.8;440;430.7;445.1;1;320
1156538;DF;4;1;1;1;1;1;478;590.6;599.9;557.5;1;760
2453031;CE;;;1;1;1;1;552;530.7;574.5;511.1;1;800
3602580;DF;;;0;0;0;0;;;;;;
560126;RJ;;;1;1;1;1;576.7;571.2;561.3;440.2;1;580
2397677;SC;2;1;1;1;1;1;495.9;517;510.1;445.1;1;340
3173255;CE;;;1;1;1;1;542.8;534.9;622.5;612.8;1;740
3333734;ES;2;1;1;1;1;1;470;527.1;469.1;414.2;1;620
3350250;AL;;;1;1;1;1;464.9;465.3;351;449.2;1;260
2073795;PB;;;1;1;1;1;459.6;562.8;570.5;417.9;1;880
338549;SP;;;1;1;1;1;513.4;428.6;477;504;1;280
255505;SP;2;1;1;1;1;1;493.3;373.1;367.9;461.9;3;0
1392506;PE;;;0;0;0;0;;;;;;
3495026;MG;;;1;1;1;1;542.4;317.2;554.9;637.9;1;900
3518192;MG;;;1;1;1;1;608.3;529.4;571.3;519.7;1;840
1676864;CE;;;1;1;1;1;416.3;413.8;471.1;443.1;4;0
2349545;PE;;;1;1;1;1;508.4;523.7;529;669.4;1;820
1892847;PE;;;1;1;1;1;354;347;512.4;437.4;1;600
684759;BA;2;1;1;1;1;1;409.7;552.1;404.4;420.4;1;800
2786183;SP;2;1;1;1;1;1;421;499.6;507.2;474;1;720
1852398;PA;;;0;0;0;0;;;;;;
2059140;RS;2;1;0;0;0;0;;;;;;
1579990;PA;;;1;1;1;1;480.6;556;570.5;563.7;1;720
1667438;AP;;;1;1;1;1;578.9;521.1;481.9;560.9;1;600
3970893;RJ;;;1;1;1;1;533.2;478.1;476.2;564.3;1;640
163017;PR;2;1;1;1;1;1;412.5;536.5;533.1;482.7;1;600
4308526;RJ;;;0;0;0;0;;;;;;
3433880;SP;2;1;1;1;1;1;526.9;438.2;552.2;506.9;1;600
2925987;RJ;;;0;0;0;0;;;;;;
1114467;MG;;;0;0;0;0;;;;;;
3956121;SP;;;1;1;1;1;398.8;469.8;542.7;470.1;1;640
3259087;BA;;;1;1;1;1;550.2;546.2;562.6;415.4;1;900
521984;SP;;;1;1;1;1;645.2;677.1;631.5;820.6;1;840
2958394;PI;1;1;1;1;1;1;393.9;511.2;508.8;522.9;1;620
2912114;BA;;;0;0;0;0;;;;;;
407808;CE;2;1;1;1;1;1;421.3;498.5;484.9;458.8;1;820
2998860;SP;;;1;1;1;1;459.9;532.3;520.5;397.8;1;600
2794309;PE;4;1;1;1;1;1;546;299.3;524.6;688.1;1;880
3806164;PB;;;0;0;0;0;;;;;;
2065765;SP;4;1;1;1;1;1;619.8;604.5;586.6;707;1;640
1977955;TO;2;2;0;0;0;0;;;;;;
3466207;DF;;;0;0;0;0;;;;;;
1399248;MT;;;1;1;1;1;513.9;625.1;599.5;629.8;1;800
2095613;MG;;;1;1;1;1;563.6;558.9;562.5;639.2;1;800
711464;GO;;;1;1;1;1;502.2;464.1;520.1;426;1;560
3050640;BA;;;0;0;0;0;;;;;;
1838803;BA;2;1;0;0;0;0;;;;;;
1544888;RS;;;0;0;0;0;;;;;;
2721135;AL;2;1;1;1;1;1;432.5;294.8;516.1;462.4;1;640
2070906;RS;;;0;0;0;0;;;;;;
2492253;TO;;;1;1;1;1;661.9;649.4;668;673.4;1;940
2479275;SP;;;1;1;1;1;389.5;587.8;590.3;532.4;1;340
3175692;MG;;;1;1;1;1;524.9;576.9;579;730.9;1;880
1095086;SP;2;1;1;1;1;1;551.9;577.4;558.8;544.6;1;660
3105817;SP;;;0;0;0;0;;;;;;
482285;PB;;;1;1;1;1;454.9;452.5;497.7;539.5;1;900
2262460;CE;4;1;1;1;1;1;594.1;546.2;563.5;653.7;1;920
3859267;SP;;;0;0;0;0;;;;;;
4311745;SP;2;1;0;0;0;0;;;;;;
1229192;SP;;;1;1;1;1;495.5;501.2;552.2;519.5;1;420
4061771;PI;;;1;1;1;1;415.5;568.1;491.1;516.3;1;680
2776433;PA;;;1;1;1;1;543.2;589.1;426.1;546.2;1;780
3777974;PA;;;1;1;1;1;527.1;461.2;545.3;432.2;1;640
2014311;MG;2;2;1;1;1;1;529.1;508.8;491.5;551.8;1;620
1238080;SP;;;1;1;1;1;563;599.2;599.8;640.9;1;720
201192;BA;2;1;1;1;1;1;505.9;371.6;492.2;543.5;1;780
2092504;CE;;;1;1;1;1;521.1;549.5;540.1;573.7;1;600
2778476;SP;;;1;1;1;1;635.3;657.6;658.8;752;1;920
1699875;RS;;;0;0;0;0;;;;;;
901952;DF;4;1;1;1;1;1;608.9;619.9;542.7;698.6;1;900
4104818;PE;;;1;1;1;1;482.5;392.7;372.8;386.4;1;400
1726317;PA;;;1;1;1;1;465.2;553.7;504.9;500.2;1;700
3980578;DF;;;0;0;0;0;;;;;;
1270585;RN;;;1;1;1;1;501.3;541.8;541.8;648.9;1;720
191316;PB;2;1;1;1;1;1;420.7;459.7;450.4;517.6;1;860
2721802;SP;;;0;0;0;0;;;;;;
2526208;RS;;;1;1;1;1;479.2;472;525.8;389.8;1;800
2551791;MG;2;1;1;1;1;1;533.6;648.8;553.7;708.5;1;920
3746189;RS;;;1;1;1;1;373.2;457.2;474.8;407.4;1;580
2292300;MG;;;0;0;0;0;;;;;;
493546;AM;;;0;0;0;0;;;;;;
2281891;PR;;;1;1;1;1;468.9;599.4;579.1;606.6;1;660
3362662;ES;;;1;1;1;1;492.1;518.5;525;593.4;1;680
3883889;SP;;;1;1;1;1;444.3;350.4;468.3;490.9;1;580
2992616;CE;;;1;1;1;1;440.6;487.1;486.3;422.1;1;760
492416;PA;;;0;0;0;0;;;;;;
2650373;AP;;;0;0;0;0;;;;;;
4280230;SE;;;1;1;1;1;418.2;409.2;376;639.4;1;240
1450411;SC;1;1;0;0;0;0;;;;;;
154082;PE;;;1;1;1;1;460.4;527.6;539.4;404.4;1;660
3168778;MG;2;1;0;0;0;0;;;;;;
501656;PE;;;0;0;0;0;;;;;;
368069;MS;;;0;0;0;0;;;;;;
3441948;SP;4;1;1;1;1;1;425.1;447.7;361.3;392.4;1;480
324410;RN;2;1;1;1;1;1;452.7;486.2;445.8;404.6;1;600
2298155;GO;;;1;1;1;1;707.6;684;614.8;830;1;920
4119312;SP;;;1;1;1;1;575.6;634.3;593.4;657.4;1;940
2101733;AL;;;0;0;0;0;;;;;;
2148299;PE;2;1;1;1;1;1;580.1;559;569.2;678.8;1;660
351229;BA;2;1;1;1;1;1;522.6;514.4;576.8;661.2;1;660
3476655;RJ;;;1;1;1;1;397.1;497.1;548.5;459.2;4;0
3173975;MG;;;1;1;1;1;413.1;398.2;402.4;416.5;1;340
2918882;MG;;;0;0;0;0;;;;;;
936915;SP;;;1;1;1;1;584.6;533.3;536.6;717.2;1;520
1243552;SP;4;1;1;1;1;1;535.4;603;593.8;615.9;1;720
55884;MG;;;1;1;1;1;568.9;516.2;548.4;599.2;1;560
3023510;CE;;;1;1;1;1;473.8;484;536.2;453.6;1;760
2710510;SP;;;1;1;1;1;410.8;444.2;547.3;507.8;1;660
2663446;GO;2;1;0;0;0;0;;;;;;
1020494;RS;;;0;0;0;0;;;;;;
264851;RN;;;1;1;1;1;502.5;546.8;560.8;474.1;1;780
543892;RN;1;1;1;1;1;1;535.6;578;582.4;703.7;1;840
3710186;MG;;;1;1;1;1;597.6;576.3;665.2;747.6;1;520
2273330;GO;;;1;1;1;1;359.8;516.6;535.3;579.4;1;860
2369253;PR;4;1;1;1;1;1;548.8;507.2;536.7;695.5;1;620
4035354;PA;;;0;0;0;0;;;;;;
2241785;MG;;;1;1;1;1;544.4;566.9;558.5;565.9;1;600
412772;MG;;;1;1;1;1;557.1;546.7;530.6;682.8;1;720
3783920;AM;2;1;0;0;0;0;;;;;;
1015615;AL;;;1;1;1;1;532.5;534.1;583.7;483.9;1;740
4297056;GO;;;0;0;0;0;;;;;;
2608464;PI;;;0;0;0;0;;;;;;
4175928;PA;;;1;1;1;1;442.6;292.4;449.2;441.1;1;340
2273578;SP;2;1;1;1;1;1;534;525.4;540.4;531.6;1;680
1990361;AL;;;1;1;1;1;601.7;578;517;700.8;1;740
436045;RJ;;;1;1;1;1;608.2;588.2;558.2;714.3;1;660
1995726;PA;4;1;1;1;1;1;462.9;439.8;497.5;582.3;1;740
587462;MS;;;1;1;1;1;560.6;667.2;599.5;686;1;900
1785260;CE;;;1;1;1;1;410.7;551.2;475.7;393.9;1;460
4182501;PR;;;0;0;0;0;;;;;;
313480;MG;2;1;0;0;0;0;;;;;;
2861139;MG;;;1;1;1;1;515.5;610.2;589.5;621.3;1;860
2285927;RS;;;0;0;0;0;;;;;;
3334231;GO;;;1;1;1;1;528.1;498.3;472.2;494.2;1;880
3187150;SP;;;1;1;1;1;644.2;634.9;615.2;740.7;1;780
3087226;SP;;;0;0;0;0;;;;;;
1949735;BA;;;0;0;0;0;;;;;;
948506;RS;;;1;1;1;1;412.3;481.7;514.6;465.8;1;620
3108758;SP;;;1;1;1;1;508.8;406.6;496.7;623.8;1;560
1067742;SE;;;1;1;1;1;422.2;439.9;434.3;448.4;3;0
2278988;MA;;;1;1;1;1;459.8;594.8;532.2;633.5;1;680
1150321;SP;2;1;1;1;1;1;554.9;420.9;515.6;417.4;1;920
2222046;AL;2;1;1;1;1;1;565.5;521.2;457.1;667.9;1;620
3489303;DF;;;1;1;1;1;549.3;538.7;540.6;581.1;1;700
754363;GO;;;0;0;0;0;;;;;;
3744053;SP;;;1;1;1;1;553.5;570.1;617.2;706.2;1;920
1312695;PA;2;1;1;1;1;1;351.9;397.8;475;438.9;1;520
1797110;SE;;;1;1;1;1;487.9;438;500;503;1;580
671456;BA;;;1;1;1;1;537.4;599.3;618.8;403.8;1;520
3087180;MS;2;1;1;1;1;1;537.2;489.4;600.9;485.8;1;820
534258;DF;;;1;1;1;1;499.5;548.4;568.3;613.1;1;600
594773;CE;;;0;0;0;0;;;;;;
2496650;ES;2;1;1;1;1;1;408.9;504.1;566.6;567.6;1;520
228246;PE;2;1;1;1;1;1;509.6;560.1;540.6;644.1;1;820
933264;CE;2;1;1;1;1;1;577.8;603.9;582.9;635;1;820
1579773;SP;2;1;0;0;0;0;;;;;;
972192;BA;;;0;0;0;0;;;;;;
999975;SP;2;1;1;1;1;1;434.6;460.2;516.2;465.7;1;640
2522287;RJ;;;0;0;0;0;;;;;;
2741836;BA;2;1;1;1;1;1;408;569.1;611.4;636.9;1;940
1555651;SP;;;1;1;1;1;511.5;581.4;564;452.3;1;580
522829;RO;4;1;1;1;1;1;642.3;615.3;602.2;811.2;1;940
1217990;MG;;;1;1;1;1;449.9;404.2;423.6;457.2;6;0
3792090;AC;;;0;0;0;0;;;;;;
1734757;MG;;;1;1;1;1;619.2;667.9;507.3;583.6;1;940
3813423;CE;;;0;0;0;0;;;;;;
1980705;MA;;;0;0;0;0;;;;;;
2882420;SP;;;1;1;1;1;565.8;605.2;610.3;664.8;1;700
4068928;PI;;;1;1;1;1;477;544;574.3;710.8;1;720
4303626;RS;;;0;0;0;0;;;;;;
3034375;RN;;;1;1;1;1;409.2;295.3;512.7;412.3;1;720
1192096;MS;2;1;1;1;1;1;539.7;562.3;536.9;616.6;1;740
1451669;BA;2;1;1;1;1;1;509.4;523.1;560;603.6;1;900
907581;GO;2;1;0;0;0;0;;;;;;
3488502;GO;;;1;1;1;1;522.4;513.5;514.4;395.2;1;480
4017042;AL;;;1;1;1;1;531.4;567.1;551.9;618.3;1;560
3378239;MG;;;1;1;1;1;457.3;356.2;489.3;559.8;1;580
3172484;MG;;;0;0;0;0;;;;;;
2789761;BA;2;1;1;1;1;1;360.1;316.4;457;457.9;1;480
4183523;PR;;;0;0;0;0;;;;;;
513230;RO;;;1;0;0;1;513.8;;;407.1;;
3249300;MG;2;1;0;0;0;0;;;;;;
180160;RJ;2;1;1;1;1;1;466.1;550;561.2;452.2;1;940
3343013;AM;2;1;1;1;1;1;406.4;435.6;446.5;500.7;1;520
1287687;PA;;;0;0;0;0;;;;;;
43803;PB;;;0;0;0;0;;;;;;
3290392;PR;2;1;1;1;1;1;442.5;481.5;475.2;426.9;1;700
2392345;PE;2;1;1;1;1;1;396.9;404.9;429.9;422.1;4;0
834316;RS;;;0;0;0;0;;;;;;
3888368;SP;;;1;1;1;1;513.9;575.7;597.7;640.8;1;880
393004;SP;4;1;1;1;1;1;497;581.8;567.5;482.9;1;640
3533940;MG;2;1;0;0;0;0;;;;;;
2334373;AL;;;1;1;1;1;471.8;501.4;524;440.2;1;700
2168507;MA;;;1;1;1;1;592.5;690.6;728.1;708;1;800
3148311;RS;4;1;1;1;1;1;481.2;571.4;584.5;470.9;4;0
3534643;BA;;;0;1;1;0;;452.1;492.7;;1;420
4021010;GO;;;0;0;0;0;;;;;;
2769644;SP;4;1;1;1;1;1;462;484.8;565.2;687.3;1;760
2537339;PA;;;1;1;1;1;478.2;565.3;498.5;442.7;1;800
875731;PA;;;1;0;0;1;539.5;;;667.1;;
844627;MS;;;0;1;1;0;;569.1;561.4;;1;800
3438891;MG;;;1;1;1;1;498.5;515.4;539.2;447.2;1;760
1203417;MA;2;1;1;1;1;1;485.1;563.3;532.6;489.3;1;820
3062586;BA;;;1;1;1;1;382.5;403.1;425.4;400.3;1;380
3715837;RN;;;1;1;1;1;519.9;649.4;586.5;703.4;1;600
2098120;MA;2;1;1;1;1;1;424.2;459.1;516.9;408.7;1;420
3188047;RS;;;0;0;0;0;;;;;;
2800385;RS;;;0;0;0;0;;;;;;
227730;PB;2;1;1;1;1;1;415.6;485.8;465.2;388.4;1;560
677584;CE;;;1;1;1;1;384.8;501.7;497.4;414;1;740
1752314;BA;;;0;0;0;0;;;;;;
697990;PA;;;1;1;1;1;491.6;549.9;542.4;407.9;1;700
878413;PA;2;1;1;1;1;1;443.2;369.9;318.4;439.8;1;600
3483920;DF;;;0;0;0;0;;;;;;
1448535;RJ;;;1;1;1;1;413.9;511.5;547.3;538.2;4;0
2511247;PE;2;1;0;0;0;0;;;;;;
879391;BA;2;1;1;1;1;1;448.9;393.8;386.9;453.3;1;440
3565113;PA;2;1;2;1;1;2;;513.6;525.6;;1;600
1294554;SP;;;1;1;1;1;425.1;463.1;520.4;467.9;1;580
1766062;RJ;;;1;1;1;1;470.5;502.6;569.3;531.8;1;860
2531568;SP;2;1;1;1;1;1;514;462.7;435.4;424.9;1;660
3675883;PB;;;0;0;0;0;;;;;;
577110;PE;;;1;1;1;1;484.6;640.6;568;567.5;1;900
3088903;GO;;;1;1;1;1;592.7;513;548.7;474.1;1;860
564650;ES;;;1;1;1;1;574.5;615.6;569.7;564.6;1;800
998051;RO;;;1;1;1;1;522.6;551.3;578.5;478.9;1;660
2937263;MA;2;1;1;1;1;1;556.3;556.6;577.9;618.8;1;720
268935;CE;;;0;0;0;0;;;;;;
1194775;BA;;;1;1;1;1;387.2;496.5;533.3;419.8;1;840
4309687;BA;;;1;1;1;1;528.7;491.1;535.8;420.2;1;560
410408;GO;;;1;1;1;1;371.8;463.9;493.3;439.9;1;480
504620;DF;4;1;1;1;1;1;643.8;660.9;615;764.3;1;960
1657704;GO;;;1;1;1;1;351.4;534.2;538;458.4;1;520
2482993;RJ;;;1;1;1;1;509.1;441;550.3;538.6;1;700
2457838;SP;;;1;1;1;1;629.4;712.1;682.3;702.5;1;840
3737330;PR;;;1;1;1;1;655.6;611.4;486.3;635.4;1;760
4182273;RS;;;0;1;1;0;;443.2;387.5;;1;400
458155;PB;4;1;1;1;1;1;607.5;565;567.8;509.6;1;680
3015795;SP;;;1;1;1;1;544.2;411.5;488.4;486;1;620
747679;SP;2;1;0;0;0;0;;;;;;
3739149;DF;1;1;1;1;1;1;567.3;482.9;594.6;630.3;1;600
992198;RJ;;;1;1;1;1;414.8;534.8;514.6;473;1;760
1554774;MS;4;1;1;1;1;1;612.1;687;596.3;733.9;1;900
3109064;BA;;;1;1;1;1;404;399.3;390.6;418.7;1;500
301251;BA;2;1;1;1;1;1;569.3;589;563.4;527.3;1;560
1538550;PA;;;1;1;1;1;498.7;483.5;517.3;530.6;1;760
1720882;RO;;;1;1;1;1;680.4;641.8;599.4;680.3;1;700
3311807;PA;;;1;1;1;1;492;419.1;442.8;428;1;480
1415057;MG;;;1;1;1;1;379.9;516.1;528.4;473.6;1;560
3537020;RS;;;0;0;0;0;;;;;;
3541899;MT;4;1;0;0;0;0;;;;;;
2929953;PE;;;1;1;1;1;436;525.6;512.3;414.9;1;500
705024;MG;4;1;1;1;1;1;607.7;717.2;649.4;725.3;1;800
64871;PE;2;1;0;0;0;0;;;;;;
4126117;PB;;;0;0;0;0;;;;;;
3370586;MT;4;1;1;1;1;1;587.5;629.9;610.3;570.9;1;920
4030102;MT;2;1;1;1;1;1;458.6;466.4;496.4;414.1;1;500
3835129;MS;;;1;1;1;1;404.2;519.6;479;444.8;1;400
1948662;PI;;;1;1;1;1;556.5;599.8;621.9;557;1;560
2657592;AM;;;0;0;0;0;;;;;;
2966833;TO;;;1;1;1;1;621.4;682.2;670.8;764.4;1;940
3751512;PA;;;0;0;0;0;;;;;;
2866040;PA;;;1;1;1;1;654.1;632.4;619.8;735.4;1;920
1045854;PA;;;1;1;1;1;573.4;473.2;543.7;612.8;1;580
3455774;PR;;;1;1;1;1;519.1;580;538.4;499.4;1;600
1413261;MG;2;1;1;1;1;1;436.2;608.1;554.7;610.4;1;780
2925533;RS;;;1;1;1;1;530.8;570.8;546.9;610.2;1;560
224216;RJ;;;0;0;0;0;;;;;;
3225267;AM;2;1;1;1;1;1;510.1;503.4;420.6;529.7;1;520
1524339;BA;2;1;1;1;1;1;499.2;435.7;509.6;466;1;520
4305163;RS;;;0;0;0;0;;;;;;
3624168;MS;;;0;0;0;0;;;;;;
3574584;MA;;;1;1;1;1;496.3;387.9;521.7;452.2;1;640
3961093;MG;2;1;0;0;0;0;;;;;;
1839658;PB;;;1;1;1;1;487;519.9;471.5;468.9;1;580
3055154;GO;;;1;1;1;1;388.6;549.8;544;447.7;1;680
4251184;RS;;;0;0;0;0;;;;;;
1633645;MG;;;1;1;1;1;583.9;638.7;616.4;650.1;1;840
225929;PE;;;1;1;1;1;595.3;601.8;594.9;628.1;1;940
4259385;SC;;;0;0;0;0;;;;;;
2457165;MG;1;1;1;1;1;1;420.1;459.9;415.3;514.1;1;720
2140533;AM;;;1;1;1;1;409.3;491.9;527.8;519.5;1;780
2045696;RS;;;1;1;1;1;351.3;416.3;428.1;458.8;1;600
1425780;CE;2;1;1;1;1;1;399.9;437.8;462.4;405.5;1;580
477804;BA;;;1;1;1;1;471.7;512.9;504.7;384.7;1;560
1887146;RS;;;0;0;0;0;;;;;;
3751569;MG;;;0;0;0;0;;;;;;
2554340;SP;2;2;0;0;0;0;;;;;;
1868118;RJ;4;1;1;1;1;1;515.7;585.9;527.8;669.6;1;740
3567823;PE;;;0;0;0;0;;;;;;
120126;DF;2;1;1;1;1;1;475;526.7;525.1;430.2;1;600
1900154;SP;;;1;1;1;1;603.1;635;642.8;669.4;1;900
3853663;RS;2;1;1;1;1;1;399.2;418.2;462.3;487.9;1;580
2411792;MG;;;1;1;1;1;499.8;462.5;456.9;542.9;1;680
575761;SE;2;1;1;0;0;1;439.2;;;445.7;;
1077631;MT;2;1;1;1;1;1;367.5;468.2;482.2;379.8;1;560
308892;BA;2;1;1;1;1;1;521.1;477.2;574.9;390.6;1;760
716375;PE;2;1;1;1;1;1;435.1;488.9;509.6;395;1;440
2167407;GO;;;1;1;1;1;534.6;624.3;576.7;464.5;1;860
4038636;PA;;;0;0;0;0;;;;;;
3911779;MG;;;1;1;1;1;479.9;532.2;551.2;496.6;1;700
1700761;PR;2;1;1;1;1;1;460;406;538.5;503.4;1;900
1462808;PA;2;1;1;1;1;1;439.5;548.9;573.4;462.6;1;820
177273;PI;1;2;1;1;1;1;395.2;464.2;532.8;407.2;1;820
4271190;RS;;;0;0;0;0;;;;;;
2432394;RS;2;1;1;1;1;1;414;570.2;539.7;385.6;1;740
1971758;RS;;;0;0;0;0;;;;;;
771327;MG;;;0;0;0;0;;;;;;
945177;SP;2;1;1;1;1;1;473.6;534.9;538.8;660.5;1;840
4120529;CE;;;0;0;0;0;;;;;;
1608577;CE;2;1;1;1;1;1;516.9;524.5;504.4;615.7;1;780
93941;SE;;;1;1;1;1;526.4;602.1;529.7;564.1;1;880
3763015;RJ;;;1;1;1;1;519.4;574.6;549.3;429.5;1;640
2803084;PE;;;1;1;1;1;528.1;568.9;583.1;445.3;1;840
2208938;BA;2;1;1;1;1;1;372.1;434.5;487.4;414.8;1;460
655197;SP;3;1;1;1;1;1;599.9;597.7;556.2;679.6;1;860
3536503;PA;;;1;1;1;1;471.1;595.8;552.1;380;1;880
734232;TO;;;0;1;1;0;;402.5;448.3;;1;600
2041685;RS;;;0;0;0;0;;;;;;
1560013;RN;2;1;1;1;1;1;399.8;465.5;511.4;417.3;1;520
2378267;SE;2;1;1;1;1;1;395.9;372.4;362.9;480.6;4;0
2018795;PA;;;1;1;1;1;543.3;518.1;579.9;501.3;1;840
1610178;CE;2;1;1;1;1;1;630.9;594;616.7;661.2;1;780
3069464;AL;;;1;1;1;1;518.9;567.4;558.6;671.9;1;700
1065712;MG;2;1;0;0;0;0;;;;;;
3877925;AL;;;1;1;1;1;374.9;412.3;487.9;388.2;4;0
852546;PA;;;1;1;1;1;641.5;605.2;589.4;453.3;1;620
1587802;SE;;;1;1;1;1;544.8;462.8;522;539.9;1;860
225265;RJ;4;1;1;1;1;1;654;528.7;570;642.8;1;660
2660229;RN;;;1;1;1;1;599.2;543.6;561.8;723.9;1;760
3705429;MS;;;1;1;1;1;454.7;461.8;473.3;375.6;1;480
3921676;MG;;;1;1;1;1;568.5;524;539.2;610.3;1;600
3452798;PB;;;1;1;1;1;528.7;534.8;519.9;589.9;1;740
4234963;BA;;;0;0;0;0;;;;;;
1742043;MG;;;0;0;0;0;;;;;;
2071014;PB;2;1;1;1;1;1;388.9;410.1;479.7;523.2;1;620
1984222;GO;;;0;0;0;0;;;;;;
3103931;SP;2;1;0;0;0;0;;;;;;
3867231;BA;2;1;0;0;0;0;;;;;;
2813567;SP;;;1;1;1;1;512.1;559.4;531.4;668.9;1;500
2322878;MA;;;1;1;1;1;478;571.3;528.1;409.1;1;640
1594882;CE;2;1;0;1;1;0;;516.7;542.2;;4;0
308773;RN;;;1;1;1;1;378;408.4;437.7;448.8;1;640
2680988;MS;4;1;0;0;0;0;;;;;;
3432891;MG;;;1;1;1;1;565.7;579.7;543.2;428;1;860
674522;MA;;;1;1;1;1;423.9;476.6;388.6;408;1;500
2744756;SC;;;0;0;0;0;;;;;;
178694;RJ;2;1;1;1;1;1;528.4;437.3;539.1;585;1;860
4103764;SP;;;0;0;0;0;;;;;;
4096034;PI;;;0;0;0;0;;;;;;
1836034;RJ;;;0;0;0;0;;;;;;
3155949;SP;;;1;1;1;1;686.5;616.2;637.6;811.2;1;880
2061716;PA;;;1;1;1;1;469.7;496.1;458.2;393.6;1;580
3449590;SP;;;1;1;1;1;611.2;605.6;578.2;650.8;1;640
2298411;GO;;;0;0;0;0;;;;;;
4130261;RS;;;1;1;1;1;572.6;551.2;641.9;552.4;8;0
3826005;RS;;;1;1;1;1;472.9;590.3;560.7;493.6;1;420
3617729;RJ;;;0;0;0;0;;;;;;
2843489;GO;2;1;1;1;1;1;480.1;512.2;422.8;392.4;1;720
2658826;RJ;;;1;1;1;1;547.8;513;524.3;512.3;1;520
152587;PR;2;1;1;1;1;1;517.3;439.1;522.3;467.7;1;420
729918;PR;4;1;1;1;1;1;558.8;578;448;482;1;720
1724370;PE;;;0;0;0;0;;;;;;
3995178;SP;;;0;0;0;0;;;;;;
3613580;PE;;;1;1;1;1;415.6;452.2;528.4;385.9;1;660
1048993;SP;2;1;1;1;1;1;367.6;456.1;489.3;400.1;1;860
4006831;BA;;;0;0;0;0;;;;;;
154893;BA;;;1;1;1;1;413.5;503.4;488.6;388.8;1;640
2294653;GO;;;1;1;1;1;461.1;476.1;548.4;438;1;520
3035057;PR;4;1;1;1;1;1;571.9;545.7;590;557.5;1;820
561360;MA;2;1;1;1;1;1;467.2;355;351.4;402.2;1;600
2047013;ES;2;1;1;1;1;1;661.9;645.4;643.2;763.9;1;780
2599273;PR;2;1;1;1;1;1;455.3;596.5;588;651.9;1;740
3709370;MA;;;0;0;0;0;;;;;;
1200315;RN;;;1;1;1;1;384.5;473.6;491.9;436;1;760
1619818;SC;;;1;1;1;1;491.7;527.3;555;402.4;1;320
770108;PE;2;1;1;1;1;1;474.2;529;567;468.9;1;760
696067;PE;;;1;1;1;1;523.1;566.4;575.5;703.2;1;920
3106792;PE;2;1;0;0;0;0;;;;;;
3457640;AM;;;1;1;1;1;694.7;645.1;632.7;661.8;1;780
3220993;PA;;;1;1;1;1;382.3;347.7;385.9;400.5;1;460
4250095;PE;;;1;1;1;1;579.7;611.6;599.8;514.1;1;560
1007509;PE;;;0;1;1;0;;501.1;469.7;;1;480
3702864;TO;1;1;1;1;1;1;474;524.8;570.1;431.1;1;600
3109336;SP;2;1;1;1;1;1;535.5;589.1;557.5;554.2;1;560
4012026;RS;;;0;0;0;0;;;;;;
664529;MA;;;1;1;1;1;441.5;424.2;535.1;409.3;1;800
789530;CE;2;1;1;1;1;1;424;344;502.2;416.4;1;600
3794447;AP;;;0;0;0;0;;;;;;
1749504;SC;4;1;0;0;0;0;;;;;;
904505;GO;;;1;1;1;1;400.9;556.3;515.7;575.5;1;860
3510047;PR;2;1;1;1;1;1;542.5;559.9;603.7;471.1;1;720
4180146;SP;;;1;1;1;1;407.5;405.5;520.6;404.2;1;620
2402927;PB;2;1;1;1;1;1;422.1;469.1;511.1;562.4;1;600
2745024;PA;;;0;1;1;0;;501.2;496.3;;1;440
3722630;BA;;;1;1;1;1;436.8;394.2;439.9;373.5;1;440
3114751;PR;2;1;1;1;1;1;494.9;577.4;508.6;626.3;1;740
2427835;SP;2;1;0;0;0;0;;;;;;
1294202;MG;;;0;1;1;0;;422.6;489.7;;4;0
3909971;AL;;;0;0;0;0;;;;;;
1617143;MA;;;1;1;1;1;414.7;324.2;497.5;508.7;1;520
3279382;SP;2;1;0;0;0;0;;;;;;
3351618;AM;2;1;0;0;0;0;;;;;;
67800;PA;;;1;1;1;1;545.4;542.8;549.5;422.8;1;640
4143133;SP;;;1;1;1;1;428.1;557;559.6;442.4;1;500
1579090;SP;4;1;1;1;1;1;472.7;591.3;601.6;581.4;1;660
2048443;SP;4;1;1;1;1;1;597.7;666.3;618.7;637.5;1;920
553021;PA;;;0;0;0;0;;;;;;
2125917;SP;2;1;1;1;1;1;461.2;363.4;509.9;453.6;1;560
3229932;RJ;4;1;1;1;1;1;492.9;509.3;543.7;578.7;1;840
1463725;MT;2;1;1;1;1;1;462.7;570.1;515.3;402.4;1;620
4256415;AM;;;0;0;0;0;;;;;;
1399490;PA;;;1;1;1;1;517.3;530.7;527.3;434.8;1;800
2220117;PB;;;1;1;1;1;471.7;427.3;456.5;536.8;1;580
2476849;SP;2;1;0;1;1;0;;494.1;513.3;;1;480
1604000;PA;;;1;1;1;1;537.6;422.8;580.1;558.8;1;620
2559547;PA;;;0;1;1;0;;0;549.2;;1;540
4021347;SP;;;0;0;0;0;;;;;;
4055594;PA;;;0;0;0;0;;;;;;
1244132;PE;;;1;1;1;1;425.4;310.6;414.4;427;1;480
1668671;BA;2;2;0;0;0;0;;;;;;
2504352;SC;2;1;1;1;1;1;600.4;581;620;623.6;1;720
1999528;RN;;;1;1;1;1;647.5;757;702.2;779.6;1;900
1132269;TO;2;1;0;0;0;0;;;;;;
2946513;PE;;;1;1;1;1;391.2;374.9;474.7;405.2;1;640
3666810;SP;;;1;1;1;1;606.6;629.4;623.6;659;1;920
3412781;SP;2;1;0;0;0;0;;;;;;
669689;MG;;;0;0;0;0;;;;;;
3922896;CE;;;1;1;1;1;420.3;494.3;431;386.5;1;600
3166130;PR;;;1;1;1;1;501.6;553.6;609.6;495.8;1;640
1868053;PE;1;1;1;1;1;1;606;574.3;623.2;715;1;800
2867986;MG;;;1;1;1;1;585.8;677;610.9;668.1;1;900
3148316;PB;2;1;1;1;1;1;534.4;568.3;556.4;422.1;1;740
3001269;MA;;;1;1;1;1;456.4;410.8;456.1;447.6;1;620
2697961;BA;2;1;1;1;1;1;387.6;480.5;355.7;395.3;1;520
3978645;BA;;;1;1;1;1;380.7;425.7;412.5;375.7;1;260
3303230;SP;;;0;0;0;0;;;;;;
3018670;DF;;;0;1;1;0;;453.6;497.6;;1;380
1643369;PA;2;1;1;1;1;1;486.1;452.8;455.9;424.2;1;540
3562429;MG;;;0;0;0;0;;;;;;
477389;AM;;;0;0;0;0;;;;;;
636957;SP;4;1;1;1;1;1;590.1;627.4;555.8;697;1;920
3181638;SP;;;1;1;1;1;458.9;565.4;542.7;673.2;1;720
1533572;BA;2;1;0;0;0;0;;;;;;
2691756;DF;;;0;0;0;0;;;;;;
2535888;SP;2;1;1;1;1;1;523.3;456.3;530;452.4;1;620
3112034;SP;;;1;1;1;1;445.8;511.4;550.4;406.4;1;480
1301670;RS;;;0;1;1;0;;427.7;431.2;;4;0
3724713;RJ;2;1;0;0;0;0;;;;;;
1049820;MA;;;0;0;0;0;;;;;;
2384557;SP;;;1;1;1;1;658.1;684.7;651.1;774.6;1;800
3679249;MG;;;1;0;0;1;0;;;0;;
381542;AM;2;1;1;1;1;1;390.8;426.1;489.7;442.6;1;360
799440;SE;;;0;0;0;0;;;;;;
1740854;PI;2;1;1;1;1;1;467.3;489.3;534.2;525.8;1;700
4140239;BA;2;2;0;0;0;0;;;;;;
2428826;MA;2;1;1;1;1;1;462.3;420.3;470.5;386.6;1;580
4162253;BA;2;2;1;1;1;1;409.1;491.3;421;553.7;1;600
4034351;RS;;;1;1;1;1;509.8;469.9;568.2;463.2;1;760
3807615;AL;;;0;0;0;0;;;;;;
887486;DF;4;1;1;1;1;1;552;618.2;608.2;697;1;800
1016974;PE;;;0;1;1;0;;573.5;562.7;;1;860
685626;PR;2;1;1;1;1;1;487.8;586.5;609.7;645.3;1;920
2175417;GO;4;1;1;1;1;1;581.4;478.6;488.6;662.9;1;940
3580325;RJ;;;1;1;1;1;520.4;448.9;508.1;488.6;1;520
1426861;ES;;;1;1;1;1;534.2;474.8;505.2;434.4;1;660
439893;SP;2;1;0;0;0;0;;;;;;
1617261;CE;2;1;1;1;1;1;531.6;645.9;606.3;572.3;1;740
1784285;AL;2;1;1;1;1;1;447.5;498.4;545.3;526.5;1;620
4209593;RJ;;;1;1;1;1;479.3;562.4;539.5;379.1;1;600
3541561;DF;;;0;0;0;0;;;;;;
2028709;SP;;;1;1;1;1;416;449.4;448.5;381.6;1;620
1837932;RO;2;1;0;0;0;0;;;;;;
1114634;MG;;;1;1;1;1;694.4;722.3;675.6;776.9;1;960
1503819;MA;;;1;1;1;1;444;437.8;435.7;397.2;1;460
3075644;MG;;;1;1;1;1;449.1;531.1;555.3;669.8;1;880
3332750;SP;;;1;1;1;1;394.2;527.7;548;471.9;1;580
1784743;RN;;;1;1;1;1;521;473.9;502;416.2;1;380
1118016;MS;2;1;1;1;1;1;575.7;573.6;596.7;674.1;1;860
2298690;PR;;;1;1;1;1;474.4;547;570.9;606.3;1;880
4097269;MG;2;1;0;0;0;0;;;;;;
2390514;MA;2;1;1;1;1;1;522.4;287;457.5;502.2;1;520
3117243;RJ;4;1;1;1;1;1;622.2;746.3;603.1;788.1;1;780
2240812;PA;2;2;1;1;1;1;375.2;463;478.4;404.7;1;780
1629838;RJ;;;0;0;0;0;;;;;;
581108;SP;;;1;1;1;1;545.9;593;509.1;585.8;1;480
3891314;SE;2;1;1;1;1;1;428.1;350.9;423.5;531.4;1;560
3640978;MG;2;1;0;0;0;0;;;;;;
3457685;MA;2;1;1;1;1;1;417.5;336.2;401.8;463.2;1;500
202952;BA;2;1;1;1;1;1;429.4;483.9;524.4;528.6;1;500
3709310;PE;;;1;1;1;1;537.1;429.8;531.2;433.8;1;640
3799818;MG;2;1;1;1;1;1;444.6;403.6;379.4;382.1;7;0
1636730;MA;;;1;1;1;1;569.6;623.3;594.9;543.4;1;940
2223564;MA;2;1;1;1;1;1;449.7;380.3;546.8;422.4;1;820
3471912;SE;2;1;0;0;0;0;;;;;;
1495874;AL;;;1;1;1;1;464.2;467.9;580.7;472.6;1;660
2217079;AL;;;1;1;1;1;545.8;617.9;599.4;662.4;1;920
2276370;SE;;;1;1;1;1;426.4;428.3;578.9;554.2;1;840
1022380;CE;;;1;1;1;1;747.8;754.3;625.9;744.1;1;920
2403963;BA;2;1;1;1;1;1;435.4;586.7;569.5;659.4;1;880
897388;PB;;;1;1;1;1;540.3;475.2;411.3;461.6;1;480
624292;PA;1;1;1;1;1;1;479.9;524.8;497.7;491.5;1;620
477857;CE;2;1;1;1;1;1;557.4;516.6;455.5;431.3;1;740
2923607;PR;4;1;1;1;1;1;388.5;575.2;563.6;625.4;1;740
2868342;BA;;;1;1;1;1;440.7;453.3;377.1;530.6;1;540
2291543;SP;;;1;1;1;1;429.6;559.7;489.5;603.8;1;620
2323237;SE;;;1;1;1;1;436.1;572.6;549;601.3;1;800
978326;BA;;;0;0;0;0;;;;;;
3304657;MG;;;1;1;1;1;588.7;596.9;574.7;678.5;1;440
1357054;PA;2;1;1;1;1;1;406.2;420.8;452.5;518.7;1;660
2552518;CE;;;1;1;1;1;425.2;517.6;463.1;384.8;1;480
2118634;RJ;2;1;1;1;1;1;535.8;652.8;633.7;565.1;1;880
616312;RS;2;1;1;1;1;1;499.9;511.7;528.3;465.1;1;900
4158161;PE;;;1;1;1;1;492;531.4;544.4;441.8;1;640
1609315;MA;4;1;1;1;1;1;502.3;578.1;591.1;614.1;1;900
3875467;RS;;;0;1;1;0;;440.8;429.1;;4;0
3672362;ES;;;0;0;0;0;;;;;;
2252678;AL;;;1;1;1;1;450.2;540.3;523.5;555.7;1;620
3980799;AP;;;0;0;0;0;;;;;;
4184293;AM;2;1;0;0;0;0;;;;;;
3909284;PA;;;1;1;1;1;422.8;422.6;495.6;555.3;1;560
1648386;PE;2;1;1;1;1;1;541.5;463.1;492.6;442.9;1;560
4093036;RJ;;;0;1;1;0;;571.9;553.6;;1;600
672578;SP;;;1;1;1;1;579.1;653.5;586.1;627.7;1;520
2154604;CE;;;1;1;1;1;469.8;491.4;502;472;1;760
1862597;SP;2;1;1;1;1;1;470;593.6;560;671.6;1;880
1837728;PR;2;1;1;1;1;1;528.8;676.6;616.6;651.8;1;720
1907681;RS;;;1;1;1;1;481.5;577;542.9;530.9;1;720
502971;CE;2;1;1;1;1;1;427.1;492.5;459.3;459.3;1;740
3586664;AL;;;1;1;1;1;472.2;509.2;505.1;618;1;860
2757600;PI;2;1;1;1;1;1;357.5;333.3;445.5;444.5;3;0
2182411;GO;2;1;0;0;0;0;;;;;;
3652839;RJ;;;1;1;1;1;441.2;486.5;319.3;613;1;780
255534;BA;2;1;1;1;1;1;432;562.7;534.6;533.3;1;820
3599457;PR;;;1;1;1;1;588.3;576.9;570.1;671.4;1;840
2050031;CE;;;1;1;1;1;481.1;561.6;606.6;494.9;1;720
2647913;PI;;;1;1;1;1;575;520;570.8;534.1;1;880
2678070;SP;2;1;1;1;1;1;442.9;540.2;541.9;464;1;520
3221778;GO;;;1;1;1;1;497.9;504.3;482.4;410.3;1;360
1853259;BA;2;2;1;1;1;1;399;472.9;409.2;380.3;1;640
1012520;CE;;;0;0;0;0;;;;;;
278452;SP;;;1;1;1;1;483.8;551.1;512.7;397.6;4;0
146664;PA;;;0;0;0;0;;;;;;
3397153;SP;2;1;1;1;1;1;422.4;451.7;478.4;437.4;1;420
1426022;PA;;;1;1;1;1;519.3;478.4;444.8;504.2;1;580
1663120;SP;4;1;0;0;0;0;;;;;;
1286823;SC;;;1;1;1;1;542.2;492.8;526;388.9;1;420
2061896;PE;;;1;1;1;1;551.6;564.9;557.8;557.8;1;640
2176043;RJ;4;1;1;1;1;1;623.9;680.2;643.4;708.8;1;960
2614158;PE;;;1;1;1;1;390.5;513.9;518;553.1;1;640
521034;BA;2;2;1;1;1;1;460.1;436.2;394.2;378.7;1;400
3610209;MG;2;1;0;0;0;0;;;;;;
1915361;GO;;;1;1;1;1;562.7;575.6;598.7;694.7;1;900
2396237;PA;;;0;0;0;0;;;;;;
1864125;PA;;;0;1;1;0;;366.4;422.9;;6;0
1464611;SP;;;1;1;1;1;637.6;677.1;652.9;763.4;1;580
4242167;MG;;;0;0;0;0;;;;;;
532721;AM;1;1;1;1;1;1;483.5;599.8;567.8;482.5;1;880
1092412;CE;;;1;1;1;1;479.9;496.8;551.9;432.7;1;680
1458734;PA;;;0;0;0;0;;;;;;
4151218;BA;2;1;0;0;0;0;;;;;;
1117001;RJ;;;1;1;1;1;399.3;538.7;485.3;416.2;1;480
2125102;MT;2;1;0;1;1;0;;427.9;483.1;;4;0
3574273;MG;;;1;1;1;1;519.1;629.8;496.7;689.2;1;760
1718541;PR;;;1;1;1;1;543;536.4;560.1;550.1;1;640
1095172;SP;;;1;1;1;1;556;564.5;565.1;447.1;1;560
3888041;SP;;;1;1;1;1;380.5;458.6;479.9;441.5;1;500
2237781;SP;;;1;1;1;1;392.8;400.7;391.5;464;1;560
1600102;SP;;;1;1;1;1;472.7;582.1;536;586.9;1;540
912161;RS;2;1;1;1;1;1;423.5;421;507.2;403.9;4;0
2637163;SC;4;1;1;1;1;1;675.1;661.3;617.2;736;1;940
4065104;ES;;;1;1;1;1;512.4;460.1;469.8;508.9;1;320
1873104;RJ;;;1;1;1;1;532.5;574.9;582.2;430.1;1;680
2167338;RJ;4;1;1;1;1;1;666.9;625.6;560.2;833.7;1;840
2859211;BA;;;0;0;0;0;;;;;;
1819608;ES;2;1;1;1;1;1;385.7;526.5;566.8;381.3;1;660
3288023;SP;2;1;1;1;1;1;560.3;502.3;502.2;487.4;1;640
3909906;PI;;;1;1;1;1;479.9;427.4;511.5;657.7;1;800
888362;MG;;;1;1;1;1;506;569.1;555.2;431.7;1;700
1175134;PI;;;1;1;1;1;560.3;609.3;585.9;678.4;1;760
2761346;BA;;;0;0;0;0;;;;;;
3525186;SP;4;2;1;1;1;1;547.4;563.1;534.8;624.7;1;940
1647289;PA;4;1;1;1;1;1;530.9;460.9;497.1;454;1;880
884884;AL;;;1;0;0;1;457.7;;;396.9;;
906964;RJ;;;1;1;1;1;535.1;626.9;613.3;650.9;1;740
4093717;RJ;;;1;1;1;1;402.8;484.7;493.9;394.8;1;480
320417;BA;;;1;1;1;1;412.2;444.8;452.7;441.6;1;760
2137032;RO;;;0;1;1;0;;386.4;366.2;;1;580
3588157;RJ;;;1;1;1;1;428.7;560.6;527.3;394.6;1;540
249780;SP;;;0;0;0;0;;;;;;
4229368;SC;;;0;0;0;0;;;;;;
3288546;RJ;2;1;1;1;1;1;427.7;455;488.4;397.3;1;380
614001;RJ;4;1;1;1;1;1;450.8;526.9;514.4;461.9;1;560
656085;TO;;;1;1;1;1;493.5;596.3;543.3;440.8;1;920
112857;PB;;;1;1;1;1;560.7;638.8;604.6;684.6;1;940
4111911;BA;2;1;0;0;0;0;;;;;;
331486;SP;;;1;1;1;1;556.3;614.8;604.8;616.3;1;660
779909;PR;4;1;1;1;1;1;423.2;567.6;535.8;466.1;1;840
904370;RJ;;;1;1;1;1;511.8;621.7;600.7;657;1;940
2223360;SP;4;1;1;1;1;1;610.4;602.6;593.5;671.4;1;840
752158;CE;;;1;1;1;1;438.3;449.5;493.5;570.2;1;920
2878120;PA;;;1;1;1;1;350;398;405.1;482.2;1;800
3493045;PA;;;0;0;0;0;;;;;;
3219476;PI;;;0;0;0;0;;;;;;
3127898;TO;4;2;1;1;1;1;530.8;477.5;498.2;537.2;1;720
559708;SP;;;0;0;0;0;;;;;;
1758476;SP;2;1;1;1;1;1;481.2;533.4;542;529.3;1;660
520919;RO;2;1;1;1;1;1;437.2;515.7;532.1;565.3;1;620
159344;GO;2;1;1;1;1;1;502.1;504.2;529.3;378.1;1;480
3591440;SE;;;0;0;0;0;;;;;;
425482;CE;2;1;1;1;1;1;505;478.7;548.9;602.5;1;720
3043002;AL;2;1;0;0;0;0;;;;;;
3610190;CE;4;1;1;1;1;1;646.7;629.6;480.1;678.3;1;860
4167540;RS;2;1;0;0;0;0;;;;;;
2240924;RS;;;1;1;1;1;539.4;556.9;554.1;582.9;1;700
3024611;PI;;;1;1;1;1;459.7;334.1;386.4;437.9;6;0
3073295;SP;2;1;0;0;0;0;;;;;;
1310702;SP;2;1;1;1;1;1;468.4;532.3;533.1;559;1;740
4311817;BA;;;1;1;1;1;420.1;392.1;481.3;435.8;7;0
502852;MT;;;0;0;0;0;;;;;;
2325517;PR;4;1;1;1;1;1;620.1;583.3;583.3;767.5;1;800
175613;PI;;;1;1;1;1;411.5;532.9;522.5;599.3;1;840
512132;CE;;;1;1;1;1;537.5;647.9;583.2;615.1;1;900
1558530;RS;;;0;1;1;0;;315.1;418.7;;4;0
3722154;TO;;;1;1;1;1;454.2;408.2;423.3;447.5;1;720
2116582;RS;;;1;1;1;1;480.5;624.6;544.7;403.1;1;440
777407;MA;2;1;0;0;0;0;;;;;;
782523;RJ;;;1;1;1;1;730.8;729.8;675.1;845.2;1;960
2220863;MS;;;1;1;1;1;365.2;407.3;437.7;405.5;1;340
1798177;MA;2;1;1;1;1;1;384.3;406.4;543.8;417.6;1;440
418948;CE;2;1;1;1;1;1;599.1;698.3;587;738.7;1;960
4273586;SP;;;0;0;0;0;;;;;;
4009933;MG;2;1;1;1;1;1;642;587.1;598.8;643.3;1;620
2189663;AL;;;1;1;1;1;526.4;518.5;517.1;432.8;1;620
3849572;PI;;;1;1;1;1;394.4;459.4;413.1;420.9;1;520
4204079;PA;;;0;1;1;0;;446.2;501.1;;1;600
260661;RS;;;0;0;0;0;;;;;;
3049649;PI;;;1;1;1;1;548.8;631.9;630.4;700.4;1;920
678482;PA;;;1;1;1;1;467.5;482.2;508.6;419.3;1;500
213619;PA;2;1;1;1;1;1;433.1;514.7;497.2;556.7;1;680
4199829;MG;;;0;0;0;0;;;;;;
3411419;MG;;;0;0;0;0;;;;;;
967253;BA;2;1;1;1;1;1;375.2;453.5;474.3;425.5;1;540
4185019;RS;;;0;0;0;0;;;;;;
1150469;RN;;;1;1;1;1;485.9;498.3;573.1;509.5;4;0
2337302;SP;4;1;1;1;1;1;569.9;476.6;502.5;590.4;1;680
2404086;SP;2;1;1;1;1;1;415.9;415.3;341.9;398.2;1;500
1646749;PA;;;1;1;1;1;444.6;482;494.6;442.9;1;660
1789444;BA;;;1;1;1;1;539;570.6;566.3;622.3;1;680
383620;PR;;;0;0;0;0;;;;;;
2642816;MA;;;0;0;0;0;;;;;;
2886076;PE;;;1;1;1;1;378.9;518.7;474.2;390.5;1;500
849189;PE;;;1;1;1;1;352.4;529.8;502.7;423.3;1;640
1080128;AL;2;1;1;1;1;1;540;436.3;579.3;455.4;1;800
2117852;MG;;;1;1;1;1;542.3;631.8;425.8;648.8;1;940
1848903;PR;2;1;1;1;1;1;430.8;463.9;527.1;385.6;1;600
2435318;CE;2;1;1;1;1;1;517.8;546.9;525;465.2;1;600
2511608;MG;4;1;1;1;1;1;585.7;606;604.8;635.8;1;640
2247773;BA;;;1;1;1;1;523.3;611.5;563.6;475.1;1;680
2810548;MG;;;1;1;1;1;365.8;360.9;409;462.1;1;640
2474146;BA;1;1;1;1;1;1;439.1;428.4;408.4;405.3;1;480
1273405;CE;2;1;1;1;1;1;365.7;455.7;474.2;611.2;1;900
1224848;MA;;;1;1;1;1;543.1;538.3;465.7;631.3;1;880
723134;RS;2;1;1;1;1;1;609.4;585.3;655.8;754.8;1;920
3086542;RJ;;;1;1;1;1;686.7;631;642.8;754.8;1;920
4008484;PA;;;1;1;1;1;547.5;498.4;477.7;635.3;1;540
3945199;MG;;;1;1;1;1;588;555.4;634.1;669.5;1;780
770949;PA;;;1;1;1;1;487.7;517.4;572.8;488.8;1;780
358638;MS;2;1;0;0;0;0;;;;;;
3186019;PA;2;1;0;0;0;0;;;;;;
3819500;AL;1;1;1;1;1;1;499.4;447.7;420.5;438.7;1;840
266879;MG;;;1;1;1;1;562.9;626.7;684;615.1;1;620
1098468;RN;;;1;1;1;1;520.2;538.3;502.6;488.6;1;760
1486949;RJ;2;1;1;1;1;1;470.8;398.1;508.4;470.7;1;380
957696;PE;;;1;1;1;1;509.4;533.3;505;475.2;1;780
3059105;RJ;;;1;1;1;1;609.7;701.6;655.1;777.3;1;780
3205541;BA;;;1;1;1;1;513;511.3;529;539.7;1;800
41935;MS;2;1;1;1;1;1;426.7;537.3;535.2;486;1;880
1816164;SC;2;1;0;0;0;0;;;;;;
3254821;GO;;;1;1;1;1;550.4;529.7;585.3;420.2;1;640
88816;CE;2;1;1;1;1;1;495.6;456.4;528.9;425.7;1;780
3439611;PB;;;1;1;1;1;540.4;635.5;642.3;603.1;1;760
2778022;SP;2;1;0;0;0;0;;;;;;
1136456;RS;;;0;0;0;0;;;;;;
2630609;PE;;;1;1;1;1;487.5;370.3;458.5;484.6;1;840
4062785;SP;;;1;1;1;1;524.3;622.4;601.7;659.4;1;600
4310423;RJ;;;1;1;1;1;606.2;590.3;564.2;599.3;1;640
1042416;CE;;;0;0;0;0;;;;;;
2341382;PR;2;1;1;1;1;1;465.4;536;567;608.2;1;600
986582;AC;;;0;0;0;0;;;;;;
34548;RJ;2;1;1;0;0;1;571.9;;;487.8;;
41328;GO;;;1;1;1;1;578.6;345.4;374.8;400.6;1;560
967721;SP;2;1;1;1;1;1;549.3;515.5;529.4;624.7;1;660
2974672;RJ;2;1;0;0;0;0;;;;;;
2313066;TO;;;1;1;1;1;451.3;467.7;520.3;522.5;1;700
4128841;SP;;;0;0;0;0;;;;;;
2503390;DF;;;1;1;1;1;508.1;563.5;577.9;518.7;4;0
1234306;PB;;;0;0;0;0;;;;;;
3107126;RN;4;1;1;1;1;1;626;620.6;636.3;729.1;1;900
643456;TO;;;1;1;1;1;381.7;375.9;485.8;407;1;560
3728541;BA;2;1;1;1;1;1;442;324.1;378.3;471.5;3;0
3175895;PI;1;1;1;1;1;1;391.7;440.6;415.9;490.2;1;800
1642164;AM;2;1;0;0;0;0;;;;;;
1021314;BA;;;1;1;1;1;388.8;486.6;466.1;465.2;1;440
2248488;MS;;;0;0;0;0;;;;;;
633067;CE;2;2;1;1;1;1;486.6;440.5;532.7;534.5;1;680
1237560;MG;;;1;1;1;1;539.2;458.8;497.4;682.8;1;820
2147254;PI;;;1;1;1;1;394.7;357.6;517.3;415.5;1;780
2595447;RS;;;0;0;0;0;;;;;;
1702775;SC;;;1;1;1;1;597.5;614.6;604;793.5;1;920
1020261;RS;2;1;1;1;1;1;482.8;479.6;496.9;417.6;1;700
1917976;SP;4;1;1;1;1;1;592.8;612.6;613.2;784;1;880
4257858;PR;2;1;1;1;1;1;467.1;450.7;505.2;566.7;1;380
850291;PI;;;1;1;1;1;485.5;647.8;597.7;480.6;1;660
3497272;PE;;;1;1;1;1;587.6;562.6;506.4;668.2;1;660
891168;SP;;;0;0;0;0;;;;;;
2585908;SP;2;1;1;1;1;1;538.6;626.3;594.9;433.1;1;280
3273340;SP;2;1;0;0;0;0;;;;;;
1404526;PE;;;0;0;0;0;;;;;;
834163;PR;2;1;0;0;0;0;;;;;;
3550022;BA;;;1;1;1;1;488.7;545;585.6;544.6;1;800
3636280;PB;;;0;0;0;0;;;;;;
3201152;MA;;;1;1;1;1;489.9;584.6;584.8;414.2;1;400
2475794;SP;;;1;1;1;1;402.3;385.2;408.1;458.5;1;800
667530;ES;;;1;1;1;1;488.4;435.1;481.2;392.8;1;920
201546;PI;1;1;1;1;1;1;439.2;401.6;528.5;475.9;1;880
1224098;MG;;;1;1;1;1;405.5;441.2;503.5;415.1;1;380
3541076;BA;;;0;0;0;0;;;;;;
388107;RJ;;;1;1;1;1;461.7;542.2;561.9;686.8;1;820
3737713;AL;;;1;1;1;1;392.5;408;463;386.4;1;460
1656399;MG;2;1;0;1;1;0;;358.4;484.2;;1;560
322853;PE;;;1;1;1;1;610.4;622.6;600.7;753.1;1;840
4310481;MG;;;1;1;1;1;494;614.6;559.2;674;1;840
2133943;PE;;;1;1;1;1;580.6;367.8;556.7;575;1;600
1492060;PR;4;1;1;1;1;1;613.6;636.3;564.7;703.8;1;960
2459952;BA;2;2;1;1;1;1;392;416;400.7;429.3;1;480
36846;SC;;;1;1;1;1;529.6;501.3;565;470.4;1;500
394764;SP;;;0;0;0;0;;;;;;
430886;MA;;;1;1;1;1;499.5;587.1;588.1;643.5;1;880
3168324;MG;;;1;1;1;1;451.6;490.8;513.5;563.9;1;520
3528724;SP;;;1;1;1;1;431.2;575.3;556.5;492.1;1;820
3355736;GO;;;1;1;1;1;426.4;517.1;524.1;553;1;920
2623134;RS;;;1;1;1;1;513;551.3;594.9;477.6;1;580
3064638;RS;;;1;1;1;1;530.6;538.2;489.5;435.4;1;460
179339;PB;2;1;1;1;1;1;401.4;449;521.3;411;1;560
4315925;RS;;;0;0;0;0;;;;;;
4167664;MG;;;0;0;0;0;;;;;;
3269984;PE;;;1;1;1;1;555;626.4;519.6;654.1;1;780
440210;SP;;;0;0;0;0;;;;;;
1702519;RS;;;1;1;1;1;548.7;432.1;577;534.3;1;400
1493611;PB;2;1;1;1;1;1;510.8;529.4;553.8;439.4;1;760
1306320;AC;;;1;1;1;1;422;503.8;468.7;573.8;1;520
1072098;CE;2;1;1;1;1;1;464.4;475.8;418.8;466.7;1;520
3214203;PE;;;1;1;1;1;385.1;448.2;532.4;548.8;1;900
811559;PA;2;1;1;1;1;1;467.6;543.4;509;406.4;1;600
285259;PB;;;1;1;1;1;514.1;561.3;521.6;455.8;1;700
2360202;SP;2;1;1;1;1;1;397.5;458;493;426.3;1;520
803611;BA;;;1;1;1;1;392.8;545.1;558.7;544.5;1;640
9867;BA;2;1;1;1;1;1;425.6;437;461.1;376.1;1;560
3325464;MG;;;0;0;0;0;;;;;;
287381;SE;;;1;1;1;1;359.8;516.4;432.9;420.3;1;580
1953199;RJ;;;1;1;1;1;538.9;466.4;543;580.7;1;620
2583651;PA;;;0;0;0;0;;;;;;
2431995;PE;;;1;1;1;1;431;543;529.7;473.4;1;460
2558517;RS;1;1;1;1;1;1;604.9;677.1;587.6;675.8;1;780
207966;SP;;;0;0;0;0;;;;;;
47019;BA;2;1;1;1;1;1;439.9;516.9;543.1;444.7;1;780
737823;BA;2;1;0;1;1;0;;450.2;367.3;;1;480
3297851;MG;2;1;1;1;1;1;524.7;517.9;547.4;381.7;1;620
765794;RJ;;;1;1;1;1;486.9;576.5;557.5;475.9;1;780
3836600;SP;;;1;1;1;1;603.6;642.3;601.2;714.9;1;880
3558137;MG;;;0;0;0;0;;;;;;
1015360;AL;;;1;1;1;1;515.6;644.5;592.8;575.6;1;560
2135523;SP;;;0;0;0;0;;;;;;
519858;CE;;;0;1;1;0;;614.5;571;;1;840
862135;MG;2;1;0;1;1;0;;494.2;421;;1;540
661167;SP;;;0;0;0;0;;;;;;
2527564;SE;2;1;1;1;1;1;439.5;448.1;435.8;399.2;1;480
1867777;RJ;;;1;1;1;1;402.3;494;548.3;433.2;1;660
3882767;SP;;;1;1;1;1;489.9;456.3;495.6;408.3;1;580
3623930;SE;;;0;0;0;0;;;;;;
2297140;MT;;;1;1;1;1;554.8;592;569.5;591.5;1;520
4196520;RJ;;;1;1;1;1;600.8;567.9;526.5;633.1;1;620
2802605;SP;;;1;1;1;1;416.9;452.5;504.2;452.5;1;460
4034513;RJ;;;1;1;1;1;473.7;580;607.8;386.6;1;540
1444307;PB;;;1;1;1;1;495;429.1;533;578.7;1;580
1499163;CE;2;1;1;1;1;1;447.1;324.5;488.7;508.3;1;420
252742;BA;2;1;0;0;0;0;;;;;;
3710584;RS;;;0;1;1;0;;400.7;562.4;;1;600
3305345;PB;;;1;1;1;1;387.7;420.3;411.4;442.6;1;640
1828322;SP;;;1;1;1;1;452;466.3;559.4;713.1;1;820
3538052;SC;;;1;1;1;1;550.7;596.8;593.2;532.8;1;920
4284190;RS;;;1;1;1;1;511.2;548.5;549.8;463.1;1;600
2738076;PA;;;1;1;1;1;496;438.7;482.8;391.2;1;600
1170779;PA;2;1;1;1;1;1;435.2;291.7;425.9;534.5;3;0
387535;BA;2;1;1;1;1;1;375;441.5;481.3;403.4;1;480
3830243;BA;;;1;1;1;1;529.9;609.1;563.9;531.7;1;940
283557;CE;4;1;1;1;1;1;497.8;548;496.1;535.7;1;560
2511754;SP;4;1;1;1;1;1;585.9;631.5;569.1;640;1;620
2021398;MG;;;1;1;1;1;459.9;485.7;478.6;434.3;1;620
80615;SE;2;1;1;1;1;1;529.8;448.8;412.7;606.2;1;520
2993227;PR;;;1;1;1;1;607.2;663.3;603.4;701.3;1;940
2901675;SP;4;1;1;1;1;1;661.6;662.6;621.5;809.7;1;860
529648;SE;;;1;1;1;1;563;545.2;538.2;625.8;1;700
2868148;PB;2;1;0;0;0;0;;;;;;
493170;MG;2;1;1;1;1;1;484.4;384.4;455.5;388.1;1;440
2981838;MG;2;1;1;1;1;1;495.6;539.3;502.5;526;1;400
1869836;SP;;;1;1;1;1;416.1;521.5;517;413.5;1;740
4202308;RJ;;;0;0;0;0;;;;;;
3719415;RS;2;1;0;0;0;0;;;;;;
536260;RN;;;1;1;1;1;768.5;700.8;679.6;901.3;1;920
2957814;RJ;;;0;0;0;0;;;;;;
2898257;SP;;;0;0;0;0;;;;;;
3356339;SP;2;1;1;1;1;1;517.5;518.8;613.4;480;1;860
4315587;RS;;;0;0;0;0;;;;;;
2844730;CE;;;1;1;1;1;677.6;671.3;601.8;761.8;1;920
1278257;CE;;;1;1;1;1;537.1;607.9;584.8;744;1;820
1530036;CE;4;1;1;1;1;1;462.5;524.9;535.2;614.6;1;860
1064011;PE;;;0;0;0;0;;;;;;
2686544;BA;2;1;0;0;0;0;;;;;;
2618084;PB;;;0;0;0;0;;;;;;
1194231;PA;;;1;1;1;1;427.6;420.4;483.2;388.4;1;540
2062116;SP;2;1;1;1;1;1;440.8;491.2;495.5;597.8;1;800
1856561;AL;;;1;1;1;1;576.6;645.1;607.8;692;1;900
2051929;RN;2;1;1;1;1;1;493.3;572.9;547;390;4;0
106031;RJ;4;1;1;1;1;1;629.6;535.8;511.7;622.7;1;920
3327913;BA;2;1;1;1;1;1;394.7;375.1;412.4;546.1;1;360
3029083;MT;;;0;0;0;0;;;;;;
2130180;SP;4;1;1;1;1;1;712;716.5;674.8;807.2;1;760
4134344;AM;2;1;0;0;0;0;;;;;;
1429225;RN;;;1;1;1;1;586.3;664.4;587.9;747.9;1;900
3152483;BA;;;0;0;0;0;;;;;;
616316;AL;;;1;1;1;1;402.3;313;458.5;404.7;1;720
2407490;MG;;;1;1;1;1;422.9;441.5;370;373.8;1;340
2116212;MT;;;1;1;1;1;417.1;464.8;417.1;386.5;8;0
12563;RN;2;1;1;1;1;1;473.7;309.2;393.9;412.6;1;680
1924423;RS;;;1;1;1;1;636.8;683.4;657.4;767.8;1;860
794241;MA;2;1;1;1;1;1;398.2;407.6;396.7;427;1;520
2351807;SP;4;1;1;1;1;1;650.7;671.3;596.7;708.8;1;800
2016140;CE;2;2;1;1;1;1;381.3;419.9;453.1;392.8;1;480
3313735;PA;2;1;0;0;0;0;;;;;;
2592614;AL;;;0;0;0;0;;;;;;
613927;MG;;;1;1;1;1;580.7;543.2;579.2;427.8;1;740
3228968;RR;;;0;0;0;0;;;;;;
4072359;AM;;;1;1;1;1;498.1;510.8;607.3;451.4;4;0
2921878;MA;;;0;1;1;0;;366.4;327.3;;3;0
973717;MT;;;1;1;1;1;361.1;513.8;390.2;463;1;640
1765129;AL;;;1;1;1;1;440.2;420;490.2;606.2;1;680
941064;BA;;;1;1;1;1;453.2;561.9;545.1;559.3;1;600
3146198;MG;2;1;1;1;1;1;416.5;547.8;535.9;584;1;660
2625958;MG;;;1;1;1;1;644.2;706.6;663.4;808;1;660
4069836;SP;;;1;1;1;1;491.8;521.5;561.8;520;1;580
2496554;SP;;;0;0;0;0;;;;;;
1975952;CE;;;1;1;1;1;616.6;583.9;570.8;618.4;1;920
1623063;PI;2;1;1;1;1;1;421.3;450.3;434.2;456.6;1;380
552632;RS;2;1;1;1;1;1;526;583.6;567.8;632.6;1;860
3223672;SP;2;1;0;0;0;0;;;;;;
3169669;MG;;;1;1;1;1;400.2;485.3;416.9;380.9;1;480
3955377;MG;;;0;0;0;0;;;;;;
168033;MA;;;0;0;0;0;;;;;;
3828025;SP;2;1;0;0;0;0;;;;;;
201584;CE;;;1;1;1;1;540.2;570.4;571.8;646.7;1;680
1189839;PE;2;1;1;1;1;1;385.6;447.3;479.7;382.7;1;740
3615224;ES;;;1;1;1;1;491.2;522.9;483.2;379.2;1;680
1365443;PA;;;1;1;1;1;402.4;489.4;476.9;501.6;1;480
369131;BA;2;1;1;1;1;1;499.4;463.4;493.1;558.2;1;580
1166951;PE;2;2;1;1;1;1;516.1;462.6;531.3;484.6;1;720
3189248;PR;2;1;1;1;1;1;377.3;460.4;468.9;420.4;1;540
1708619;AP;2;1;0;0;0;0;;;;;;
2166233;RJ;4;1;1;1;1;1;614.5;600.7;614;767.8;1;960
4273613;AM;;;0;0;0;0;;;;;;
1762742;SP;2;1;0;0;0;0;;;;;;
461475;AL;4;1;1;1;1;1;526.9;585.6;583.1;593.3;1;800
2224649;SC;2;1;1;1;1;1;424.2;473;573;594.1;1;820
3204287;GO;;;0;0;0;0;;;;;;
1133716;SP;2;1;1;1;1;1;491.6;487.9;544.3;537.1;1;560
715436;AL;2;1;1;1;1;1;402.9;432.4;361.5;402.8;1;600
941238;RS;;;0;0;0;0;;;;;;
3100976;PB;;;1;1;1;1;414.8;542.9;538.4;683.9;1;600
90592;PA;;;1;1;1;1;431.3;483.6;562.6;421.9;1;880
4181107;SP;;;0;0;0;0;;;;;;
3603287;GO;2;1;0;0;0;0;;;;;;
147929;SE;;;1;1;1;1;368.2;548.8;529.4;475.1;1;920
1511438;PE;;;1;1;1;1;391.1;490.7;514.9;408.2;1;600
1497568;MA;;;1;1;1;1;365.8;539.2;521.4;421.9;1;800
4153945;PR;;;0;1;1;0;;483.7;558.8;;1;440
3416073;AL;;;1;1;1;1;382.9;478.1;467.4;561.6;1;520
4180959;PE;2;1;1;1;1;1;372.4;477.3;476;431.8;1;700
2709761;AM;2;1;0;0;0;0;;;;;;
1632455;MG;;;0;0;0;0;;;;;;
1601400;PE;;;0;0;0;0;;;;;;
1296486;RJ;;;1;1;1;1;484.7;535.2;513.2;529.1;1;620
3525771;AL;;;1;1;1;1;616.7;586.6;629.4;612.1;1;660
1888603;RS;2;1;0;0;0;0;;;;;;
1212343;RJ;;;1;1;1;1;612;596.6;586;611.4;1;700
3644909;AM;;;1;1;1;1;548;567.3;608.8;695.3;1;720
1514253;SP;;;1;1;1;1;533.9;565.3;624.5;561.2;1;840
1850947;RJ;;;1;1;1;1;591;540.6;560.9;428;1;820
573321;SP;;;1;1;1;1;506.9;556.9;548.9;636.2;1;600
3763172;DF;;;0;1;1;0;;745.7;653.2;;1;620
1669449;CE;2;1;1;1;1;1;534.7;492.3;488.3;591.4;1;660
3246979;MA;;;1;1;1;1;444.1;395;425.7;435.5;1;880
3937479;MG;;;1;1;1;1;378.8;520.9;535.6;660.7;1;660
2232857;SP;;;0;0;0;0;;;;;;
1261085;CE;2;1;1;1;1;1;572.8;453;522.5;433.2;1;580
3085991;AL;;;0;0;0;0;;;;;;
1135231;CE;2;1;1;1;1;1;394.6;574.7;586.9;656.7;1;820
484322;PA;;;1;1;1;1;359.1;486.5;481.1;385.5;1;420
2772554;SP;;;0;0;0;0;;;;;;
3181080;RS;;;1;1;1;1;425.2;337.7;543.3;459;1;400
2486857;MS;;;0;0;0;0;;;;;;
3753990;PR;;;1;1;1;1;565.5;578.6;610.2;686.4;1;680
4174301;SP;;;0;0;0;0;;;;;;
1493331;SP;;;1;1;1;1;734.4;697.4;659.7;806.8;1;940
1839086;SP;2;1;1;1;1;1;476.5;473.1;523.2;435.7;1;600
2053013;PA;;;0;0;0;0;;;;;;
974944;RJ;4;1;1;1;1;1;613.2;684.2;589.2;633;1;840
3107646;BA;2;1;0;0;0;0;;;;;;
3475414;PI;2;1;1;1;1;1;343.7;376.8;393.8;389.5;1;520
2132051;PE;2;1;1;1;1;1;474.2;510;543.7;429.8;1;640
407731;RJ;;;0;0;0;0;;;;;;
265613;RS;;;1;1;1;1;505;505.3;513.6;541.8;1;780
875465;MT;;;1;1;1;1;527.1;585.1;560.7;561.9;1;920
2240777;PR;;;1;1;1;1;521.9;566.3;537.8;604.4;1;480
1046714;MA;2;1;1;1;1;1;412.1;536.2;505;424.7;1;640
982388;RJ;4;1;1;1;1;1;663.1;576.7;567.4;557;1;840
3065793;MG;;;1;1;1;1;537.3;524.2;492.1;518.3;1;520
1542306;GO;2;1;1;1;1;1;441.6;479.5;515.4;533.2;1;760
3947855;BA;;;1;1;1;1;587.4;569.4;566.2;595;1;800
224168;MA;;;0;0;0;0;;;;;;
3385289;PR;2;1;1;1;1;1;490.1;419.1;522.1;431.9;1;400
183838;RJ;;;0;0;0;0;;;;;;
4237413;ES;;;0;0;0;0;;;;;;
313990;PR;2;1;1;1;1;1;512.4;556;579.3;489;1;560
879279;RJ;;;1;1;1;1;449.2;488.9;564.7;567.2;1;740
3343036;SP;2;1;0;0;0;0;;;;;;
334839;RJ;;;1;1;1;1;493.9;515.7;566.1;417.6;1;680
2829097;PR;2;1;1;1;1;1;537;498.6;570.1;407.2;1;500
1806469;MA;2;1;0;0;0;0;;;;;;
2321055;PA;;;0;0;0;0;;;;;;
408190;PB;;;1;1;1;1;373.5;488.5;486.5;408.3;1;840
2166819;RJ;;;1;1;1;1;477.8;586.4;597.3;642.8;1;920
3349243;RN;2;1;1;1;1;1;450.6;463.8;492.9;383;1;640
3935155;SP;4;1;0;0;0;0;;;;;;
3485555;MA;;;0;0;0;0;;;;;;
3784494;PE;;;0;0;0;0;;;;;;
2865368;BA;;;1;1;1;1;426.4;356.9;481.4;447.1;1;600
1289507;PI;2;1;1;1;1;1;413.5;555.8;531.3;512.8;1;840
2988520;ES;;;1;1;1;1;414.8;494.4;528;384.8;1;600
3762267;SP;;;1;1;1;1;552;608.3;586.2;605.3;1;800
3780020;CE;;;1;1;1;1;582.1;562.6;507.7;502.3;1;640
2759259;MG;;;0;0;0;0;;;;;;
3387281;CE;;;0;1;1;0;;527.6;519.2;;1;660
3958574;MG;;;0;0;0;0;;;;;;
1838509;MG;2;1;1;1;1;1;406.9;411.3;366.1;403.8;1;560
154033;RS;2;1;1;1;1;1;534.6;566.8;577.9;597.5;1;600
3114214;SC;;;0;0;0;0;;;;;;
3940167;MT;2;1;0;0;0;0;;;;;;
882682;CE;;;1;1;1;1;515.2;572.7;564.1;661.1;1;880
2191300;PR;;;1;1;1;1;685.4;712.3;618;845.4;1;920
361659;CE;2;1;1;1;1;1;368.7;493.5;492.7;390.5;1;620
2512278;SP;4;1;1;1;1;1;584;498.8;532.4;587.5;1;800
2575613;PA;2;1;1;1;1;1;502.1;499.6;488.9;476.4;1;680
629434;MG;2;1;1;1;1;1;571.2;564.9;588.6;664.3;1;840
1292445;ES;;;1;1;1;1;581.1;592.5;604.3;625.8;1;880
611332;BA;;;1;1;1;1;394.9;392.3;514.9;471.4;1;780
2962652;RJ;;;1;1;1;1;424.7;462.7;417.5;468.4;1;460
1514983;CE;;;1;1;1;1;615.6;683.1;657.9;698.7;1;940
1798620;RO;;;1;1;1;1;397.6;448.3;480.1;427;1;620
2036874;GO;;;1;1;1;1;568.6;619.8;585.4;673.7;1;860
465505;SP;;;1;1;1;1;546.8;548.5;592.7;638.3;1;560
412143;RS;2;1;1;1;1;1;481.8;494.8;512.7;549;1;800
1917638;PI;4;1;1;1;1;1;552;562.1;548.8;588.5;1;800
3789078;BA;;;0;0;0;0;;;;;;
2114152;RJ;;;0;0;0;0;;;;;;
1506854;CE;;;1;1;1;1;446.2;581.6;569.7;539.6;1;880
1009174;RS;;;0;0;0;0;;;;;;
734273;PB;;;1;1;1;1;434.1;453.1;488.4;555.8;6;0
1585814;RJ;;;1;1;1;1;550;611.9;582.7;707.4;1;960
3412815;CE;;;1;1;1;1;472.8;477.4;460.7;464.5;1;700
2592547;SP;2;1;1;1;1;1;511.2;509.6;544;625.6;1;600
270270;PA;2;1;0;1;1;0;;558.6;562.9;;1;720
1293689;BA;;;1;1;1;1;464;414;373.1;384;1;440
2871442;GO;;;1;1;1;1;554.4;540.2;523.9;578.8;1;680
2682688;GO;2;1;0;0;0;0;;;;;;
4156865;RJ;;;0;0;0;0;;;;;;
1909734;BA;2;1;1;1;1;1;472.4;526.9;506.7;495.8;1;720
2973470;GO;;;0;0;0;0;;;;;;
1638767;MG;;;1;1;1;1;437.9;451.4;501.7;452.1;4;0
1191431;BA;;;1;1;1;1;383.2;373.4;393.4;400.8;6;0
2483421;CE;;;1;1;1;1;434.8;399.8;367.2;390.2;1;340
3185548;RJ;;;1;1;1;1;478.6;526;508.6;511.8;1;400
1865134;AL;2;1;1;1;1;1;513.3;354;328.9;560.6;1;420
1127810;PE;2;1;1;1;1;1;487.6;500.1;538.6;429.3;1;800
708614;BA;4;1;1;1;1;1;736.2;655.7;598.7;770.6;1;740
4126576;CE;;;0;0;0;0;;;;;;
4145584;BA;2;1;0;0;0;0;;;;;;
4081388;RS;;;0;0;0;0;;;;;;
3259561;SP;2;1;0;0;0;0;;;;;;
3456841;PI;2;1;1;1;1;1;385.9;362.5;382.8;397.6;1;500
4321868;RS;;;0;0;0;0;;;;;;
3776279;SP;;;0;0;0;0;;;;;;
905961;PR;2;1;1;1;1;1;607.5;588.6;551.3;445.5;1;640
414258;AL;;;1;1;1;1;474.3;411.5;436.5;400.1;1;600
4153428;AM;;;0;0;0;0;;;;;;
2282730;SP;2;1;1;1;1;1;560;558.8;591.4;594.2;1;620
3325260;SP;;;0;0;0;0;;;;;;
2764877;GO;2;1;1;1;1;1;482.7;555.8;568.6;679.8;1;880
1658767;CE;2;2;1;1;1;1;437.1;489.1;507.8;471.6;1;620
2316393;PE;2;1;1;1;1;1;426.8;352.3;429.5;403.4;1;400
39784;CE;;;1;1;1;1;708.2;710;618;887.9;1;880
1647026;PA;;;0;0;0;0;;;;;;
3451488;SP;;;0;0;0;0;;;;;;
3775516;SP;;;1;1;1;1;435;590.4;532.3;487.8;1;440
2409193;CE;2;1;0;0;0;0;;;;;;
2112431;SP;;;1;1;1;1;498.5;523.8;555.2;469.4;1;620
1188470;RO;;;0;0;0;0;;;;;;
4195990;RS;;;0;0;0;0;;;;;;
3322268;SP;2;1;0;0;0;0;;;;;;
648168;ES;;;0;0;0;0;;;;;;
2175552;SP;;;1;1;1;1;582.4;622.6;618.9;491.9;1;520
3931651;BA;;;1;1;1;1;609.2;615.8;539.6;670.2;1;660
1426227;PI;2;1;1;1;1;1;515.6;529.5;512.2;611.3;1;480
3263089;AL;;;1;1;1;1;498.6;489.7;517.1;603.6;1;600
3248978;SP;;;0;0;0;0;;;;;;
1974125;SP;;;1;1;1;1;496;469.3;540.4;518.8;1;780
2193252;PA;;;0;0;0;0;;;;;;
2817969;DF;;;1;1;1;1;607.3;613.2;619.4;715.5;1;840
3438270;PB;2;1;0;0;0;0;;;;;;
1654673;PA;;;1;1;1;1;408.1;498.5;526.4;644.3;1;600
1176814;SP;2;1;1;1;1;1;486;557.3;575;500.4;1;640
1347889;RO;;;0;0;0;0;;;;;;
1242260;MT;;;1;1;1;1;376.1;366.5;375.8;563.6;1;420
3595058;SP;;;0;0;0;0;;;;;;
689985;MS;;;1;1;1;1;523;601.6;560;588;1;640
2225886;RN;;;1;1;1;1;563;637.5;620.8;467.2;1;640
85308;MA;;;0;0;0;0;;;;;;
1346096;SP;;;0;0;0;0;;;;;;
1649532;MT;;;0;0;0;0;;;;;;
935441;ES;;;1;1;1;1;534.3;597.1;593.6;512.5;1;720
3116635;RN;4;1;1;1;1;1;358.9;493;489.5;430.9;1;720
2059676;PR;2;1;1;1;1;1;421.8;370.1;345.6;422.3;6;0
271048;SC;;;1;1;1;1;591.9;622.7;611.6;730.6;1;900
3851008;MS;;;0;0;0;0;;;;;;
1033243;CE;2;1;1;1;1;1;354.8;349.3;344.3;459.4;6;0
2176404;PE;;;1;1;1;1;457.6;472.5;584.5;421.9;1;700
543655;RS;;;0;0;0;0;;;;;;
412454;RJ;2;1;1;1;1;1;421.5;420.4;527.4;711;1;740
2698162;SP;2;1;0;0;0;0;;;;;;
416597;CE;2;1;1;1;1;1;435.3;465.8;487.6;518.5;1;600
251132;RJ;;;0;0;0;0;;;;;;
1547363;MA;2;1;1;1;1;1;547;546.1;588.6;641.8;1;940
1219391;PA;;;1;1;1;1;497;543.5;531.7;514.6;1;600
89354;BA;2;1;1;1;1;1;561.6;553.9;560.1;577.1;1;880
1543493;CE;;;1;1;1;1;447.9;508.4;471.4;450.9;1;480
2882189;PR;2;1;0;0;0;0;;;;;;
333821;RS;1;1;1;1;1;1;574.1;620.9;560.5;645;1;920
992531;PE;4;1;1;1;1;1;549.8;640.2;609.5;765.5;1;840
1766674;MA;;;1;1;1;1;441.2;488.9;465.5;428.1;4;0
3289338;PE;;;1;1;1;1;376.2;498.8;523.2;543.2;1;520
2663295;SE;;;0;0;0;0;;;;;;
496797;GO;2;1;1;1;1;1;452.9;455.2;432.4;438.1;1;540
1606529;RJ;;;0;0;0;0;;;;;;
2547734;MG;;;1;1;1;1;392.3;495.5;485.5;421.3;1;840
1208070;BA;;;1;1;1;1;478.6;412.6;466.6;478.3;1;420
1973010;MG;2;1;0;0;0;0;;;;;;
557055;CE;2;1;1;1;1;1;498.3;353.8;389.8;565.3;1;440
2946764;SC;;;1;1;1;1;634.9;647;598.8;777.6;1;800
3158084;BA;;;0;0;0;0;;;;;;
1269471;PA;;;1;1;1;1;401.9;464.9;522.4;411.6;1;580
3018332;BA;;;1;1;1;1;364.2;526;522.6;458;1;860
3623033;SP;2;2;0;0;0;0;;;;;;
416153;RJ;;;1;1;1;1;617.5;666.3;605.2;747.8;1;860
2151759;SP;;;0;0;0;0;;;;;;
2730614;MG;;;1;1;1;1;497.2;520.7;562.5;493.5;1;880
1505467;RS;;;1;1;1;1;460.6;522.5;505.5;444.7;1;620
437566;BA;4;1;1;1;1;1;576.9;549;587.1;631;1;920
3105421;CE;;;1;1;1;1;397.9;475.1;540.8;595.2;1;580
1960771;PR;4;1;1;1;1;1;529.4;407.6;463.5;440.1;1;700
4199005;RN;;;1;1;1;1;525.4;531.7;542.5;696;1;780
718682;PA;2;1;1;1;1;1;411.2;487.4;402;384.6;1;320
1553017;RJ;2;1;0;1;1;0;;428.3;533.1;;1;520
36135;SP;4;1;1;1;1;1;620.4;591.2;670.2;643.7;1;920
961658;PE;;;1;1;1;1;387.4;435.7;539.8;561.8;1;840
930555;SP;4;1;1;1;1;1;464.7;412;504;403.1;1;580
3733080;RJ;;;0;0;0;0;;;;;;
4296320;MG;;;0;0;0;0;;;;;;
2103252;RO;;;1;1;1;1;422;499.6;541.2;550.6;1;700
3041492;MA;2;1;0;0;0;0;;;;;;
4316185;RS;;;1;1;1;1;580;500.7;563.5;398.1;1;640
2462575;RS;;;1;1;1;1;489.7;583.1;548.3;458.3;1;540
3021605;SP;;;1;1;1;1;494;343.9;526.1;480.9;1;620
3075930;ES;2;1;1;1;1;1;522;578.7;554.8;631.2;1;900
1018784;MT;;;1;1;1;1;540.4;613.2;572;462.6;1;600
3751529;RJ;;;0;0;0;0;;;;;;
510367;RJ;;;0;0;0;0;;;;;;
3062547;MG;;;1;1;1;1;556.8;626;584.8;514.8;1;900
2357789;RN;;;1;1;1;1;472.9;573.1;561.9;404.9;1;640
2010979;RS;2;1;1;1;1;1;418.8;414.8;389.7;432;1;380
3657250;SP;2;1;0;0;0;0;;;;;;
3161350;SP;;;0;0;0;0;;;;;;
3750072;SP;2;1;1;1;1;1;455.9;412;435.4;392.9;1;460
499724;BA;;;1;1;1;1;582.3;576.2;567.5;564.9;1;660
3213403;PE;;;1;1;1;1;533.2;605.8;584.6;653.6;1;720
476059;SC;;;1;1;1;1;467.9;573.9;591.3;621.4;1;700
2235089;PA;;;1;1;1;1;482.6;569.2;554.1;447.8;1;780
3187500;DF;;;0;0;0;0;;;;;;
1845035;SE;;;1;1;1;1;447.9;325.2;485.3;521.6;1;600
1471506;AL;;;0;0;0;0;;;;;;
1428501;PA;;;0;1;1;0;;344;437.8;;1;540
2461458;PB;;;1;1;1;1;392.1;602.7;562;400;1;500
956203;MG;;;1;1;1;1;451.7;504.3;563.5;509.8;1;500
1563434;PI;;;1;1;1;1;358.3;494;540;472.9;1;620
2745415;PA;;;0;1;1;0;;622.7;543.1;;1;600
1611360;MA;;;0;0;0;0;;;;;;
1040600;CE;2;1;1;1;1;1;374.3;365.3;435.8;411.6;1;280
2061833;MA;;;1;1;1;1;353.2;359.5;405.4;578.4;8;0
628582;AL;4;1;1;1;1;1;397.2;421.7;471.1;525.2;1;680
3303173;PR;;;1;1;1;1;518.3;423.3;581.3;387.4;1;820
2365718;SP;;;1;1;1;1;427.8;523.5;566.1;479;1;840
3936597;BA;;;1;1;1;1;461.4;405.3;469.9;467.9;1;720
1460133;PA;;;1;1;1;1;551.7;567;527.4;647.7;1;800
2278642;PB;;;0;0;0;0;;;;;;
2338227;MT;2;1;0;1;1;0;;520.2;532.7;;1;920
3549806;RJ;;;1;1;1;1;529.7;458.3;501.3;686.1;1;800
3088325;SP;;;1;1;1;1;436.2;560.7;582.4;551.7;1;620
2575410;MA;;;1;1;1;1;458.5;488;518.7;419.7;1;700
539206;SP;2;1;1;1;1;1;412.1;543;508.6;548.7;1;600
1845376;CE;;;1;1;1;1;466.6;571.3;517;697.5;1;880
2754151;RJ;;;0;1;1;0;;488.4;548.9;;4;0
1937362;PA;;;1;1;1;1;472.7;516.8;535;395.3;1;760
3349681;SP;;;1;1;1;1;543.8;527.2;560.6;444.3;1;560
1924772;AM;2;2;0;0;0;0;;;;;;
1199280;RS;4;1;1;1;1;1;626.8;641.7;624.1;651;1;840
759842;CE;;;0;1;1;0;;552.5;573.5;;1;700
3885592;RS;;;1;1;1;1;569.4;590.5;592.1;697.6;1;740
3616072;SP;;;1;0;0;1;445.6;;;385.2;;
447628;SP;;;1;1;1;1;602.6;523.3;574.6;706.9;1;740
540025;SP;;;1;1;1;1;563.5;552.7;528;548.9;1;880
3477838;PR;;;0;1;1;0;;560.3;523;;1;660
1186127;RJ;;;1;1;1;1;521.2;659.3;599.2;679.6;1;920
3965777;PR;2;2;0;0;0;0;;;;;;
3181258;MG;;;1;1;1;1;516.9;564.7;534.8;643.4;1;640
1021997;MG;;;1;1;1;1;406.9;483.6;519.3;444.1;1;840
2681809;DF;2;1;1;1;1;1;416.1;413.3;366;464.9;1;520
2773267;GO;2;1;0;1;1;0;;488.1;523.3;;1;620
7723;SE;2;1;1;1;1;1;531.6;558;520.3;543.7;1;920
3752904;SP;;;1;1;1;1;481;580.1;575.8;615.1;1;880
890961;RS;;;1;1;1;1;487.9;581;553.4;625.4;1;840
3003387;MG;;;0;0;0;0;;;;;;
739619;RJ;2;1;1;1;1;1;517.7;507;482;437.9;1;640
268909;MG;;;0;0;0;0;;;;;;
2726500;MG;2;1;0;0;0;0;;;;;;
1381620;MG;;;1;1;1;1;527.7;578;575.8;614.4;1;880
3752167;MS;2;1;1;1;1;1;583;592.8;571.1;558.1;1;480
258538;GO;2;1;1;1;1;1;439.9;436.7;441.9;565.4;1;920
3617183;ES;2;1;0;0;0;0;;;;;;
208335;SE;;;1;1;1;1;515.1;472.7;522.8;544.8;1;700
4261712;TO;2;1;0;0;0;0;;;;;;
4033213;MG;;;1;1;1;1;666.4;637.1;594.5;686.8;1;700
3860018;PA;;;1;1;1;1;506.8;420.4;523;552.5;1;720
2987277;PA;;;0;0;0;0;;;;;;
843286;SP;;;1;1;1;1;572.4;583.2;560.5;700.4;1;800
1334788;DF;;;0;0;0;0;;;;;;
2542144;BA;;;1;1;1;1;405.4;400.8;378;394.9;2;0
369114;SP;2;1;1;1;1;1;497.8;559.9;590.5;634.2;1;720
3298476;RJ;2;1;1;1;1;1;457.2;339.1;459.4;472.4;1;540
3703452;BA;;;0;0;0;0;;;;;;
2170907;PE;4;1;1;1;1;1;593.4;644.4;506.8;668.4;1;860
3047388;SP;4;1;1;1;1;1;564.3;558.5;587.2;669.6;1;900
902234;AM;;;1;1;1;1;665.8;603.6;592.5;668.7;1;880
2239773;CE;;;1;1;1;1;692;723;588;913.1;1;940
3502032;SP;;;0;0;0;0;;;;;;
2270658;BA;;;1;1;1;1;392.2;475.8;485.3;441.9;1;600
703953;MG;;;1;1;1;1;376.7;476.7;479.9;564.2;1;640
1868136;PA;;;0;1;1;0;;542.3;569;;1;740
309358;SE;1;1;1;1;1;1;460.1;537.4;552.7;555.6;1;720
2325796;MS;;;1;1;1;1;530.3;607.5;582.3;571.8;1;960
2235912;RS;;;0;0;0;0;;;;;;
3633999;MG;;;1;1;1;1;414.9;524.7;555.8;417.2;1;640
1364401;PB;;;0;0;0;0;;;;;;
2184216;SP;;;0;0;0;0;;;;;;
2941716;CE;2;1;0;0;0;0;;;;;;
922859;MT;4;1;1;1;1;1;602.7;600.8;611.5;744.2;1;920
2217997;MA;;;0;0;0;0;;;;;;
702370;GO;2;1;1;1;1;1;443.3;442.6;536.1;389.3;1;840
3763751;PA;;;1;1;1;1;476;435.2;522.4;449.5;1;600
1685122;ES;;;1;1;1;1;387.6;351.4;389.9;490.2;6;0
1620649;RR;2;1;0;1;1;0;;506.4;531.6;;4;0
3353779;GO;;;0;0;0;0;;;;;;
3651346;TO;2;1;1;1;1;1;397.1;329.8;429;442.2;1;540
2487695;PB;;;0;0;0;0;;;;;;
245932;PE;;;1;1;1;1;465;573.5;502.6;399.5;1;540
2946962;SP;;;0;0;0;0;;;;;;
4167992;BA;2;1;1;1;1;1;457.4;477.7;505.1;384.8;1;560
1005520;PB;;;1;1;1;1;543.5;602.2;574.5;668.4;1;680
749599;RJ;2;1;1;1;1;1;488.6;513.8;538.1;568.2;1;600
3133067;CE;;;1;1;1;1;409.8;524.8;578.1;649;4;0
3022003;GO;2;1;0;0;0;0;;;;;;
3438025;SP;;;0;0;0;0;;;;;;
1927576;RJ;;;1;1;1;1;441.4;421.2;511.1;517.6;1;820
259586;AC;2;1;1;1;1;1;498.2;439.7;506.2;388.5;1;500
1966470;BA;;;0;1;1;0;;437.1;480.2;;1;320
1445882;PA;;;0;0;0;0;;;;;;
3163245;CE;;;1;1;1;1;564.8;648.8;602;712.6;1;840
1445146;GO;2;1;0;0;0;0;;;;;;
2390647;GO;2;1;0;0;0;0;;;;;;
4273763;RS;;;1;1;1;1;512.1;538.6;522.4;474;1;520
95865;SP;;;0;0;0;0;;;;;;
3212230;SP;;;1;1;1;1;584.3;521.7;582.2;591.4;1;440
3988315;CE;;;1;1;1;1;474.7;545.4;597.2;383.5;1;680
469815;AC;2;1;0;0;0;0;;;;;;
4148157;BA;2;1;0;0;0;0;;;;;;
1575190;MT;2;1;0;0;0;0;;;;;;
3475860;MT;2;1;0;0;0;0;;;;;;
2478619;AM;;;0;1;1;0;;474.4;462.7;;1;660
1254453;SP;;;1;1;1;1;521.1;317.4;509.7;445.9;1;680
2165281;ES;4;1;1;1;1;1;537.6;686.9;610.4;658.1;1;900
3387516;SP;;;0;1;1;0;;470.2;515;;1;460
3751409;BA;;;1;1;1;1;426;509.6;497.4;446;1;480
916902;MG;;;1;1;1;1;450.5;509.5;511.3;504;1;560
4119436;MG;;;0;0;0;0;;;;;;
1377414;ES;;;1;1;1;1;494.5;555.6;601.9;572.5;1;640
1915921;PE;;;1;1;1;1;460.4;370.1;389;396.8;1;400
2227656;BA;;;1;1;1;1;554.7;444.1;513.4;431.3;1;840
4109899;PE;2;1;0;0;0;0;;;;;;
2993476;MS;4;1;1;1;1;1;604.7;589;618.1;658.1;1;860
3841326;RJ;;;1;1;1;1;600.5;642.1;594.8;840.3;1;800
4002913;MA;;;1;1;1;1;578.2;449.2;552;413.1;1;680
2327845;PE;2;1;1;1;1;1;590.6;609;550.5;685.1;1;520
3136686;PE;;;0;0;0;0;;;;;;
3480678;SP;;;1;1;1;1;516.5;547.3;620.6;498.7;1;780
3802752;MG;;;1;1;1;1;589.8;582;593.5;692.8;1;640
2797752;RR;2;1;0;0;0;0;;;;;;
1340204;MG;;;0;0;0;0;;;;;;
3672498;SP;;;1;1;1;1;551.9;596.2;558.2;673.2;1;800
1036656;PA;2;1;1;1;1;1;397.1;545.7;502.7;415.6;1;520
560835;SP;4;1;1;1;1;1;675.4;739.9;683.4;781.3;1;940
661493;SP;;;1;1;1;1;376.2;585.3;530.7;483.4;1;480
872753;PE;;;0;0;0;0;;;;;;
32644;RJ;2;1;1;1;1;1;517;565.2;569.1;606.3;1;660
1089081;AL;2;1;1;1;1;1;378.1;428.8;492.6;432.5;1;420
3460545;SE;;;1;1;1;1;623.9;651.7;648.1;775.5;1;780
3859126;MG;;;0;0;0;0;;;;;;
301749;MA;;;1;1;1;1;469.7;537;427.6;423.8;1;600
643838;PR;;;1;1;1;1;470.9;517.2;559.2;389.1;1;700
2781411;SP;;;1;1;1;1;607.8;572.1;571.7;713.4;1;480
2090017;SC;;;0;0;0;0;;;;;;
849251;PI;;;1;1;1;1;492.4;563.4;569.3;461.9;1;720
1572306;BA;;;1;1;1;1;446.7;567.6;542;581.2;1;880
623718;CE;2;1;1;1;1;1;464.1;399.6;408.1;393.8;4;0
1117126;BA;;;1;1;1;1;466.3;533.9;529.6;438.3;1;680
4074327;SP;;;1;1;1;1;572.1;544.9;620;627.1;1;760
2055297;SP;2;1;1;1;1;1;553.1;623.5;588.9;617.3;1;680
3636496;DF;;;1;1;1;1;447.3;384.7;450.7;412;1;400
1336761;CE;2;1;1;1;1;1;421.8;392.3;527.5;470.1;1;740
3466955;RJ;4;1;1;1;1;1;588.4;591.2;594.7;460.5;1;860
303631;PB;2;1;1;1;1;1;534.8;411.1;503.9;396.6;1;620
1923539;CE;;;1;1;1;1;564.1;641.3;589.2;762.3;1;900
852963;SP;2;1;0;0;0;0;;;;;;
3116376;SP;;;0;0;0;0;;;;;;
3786537;PI;2;1;1;1;1;1;493.2;462;493.6;514.6;1;420
2845654;MG;;;1;1;1;1;564.5;599.2;607.6;643.6;1;880
2472338;BA;;;1;1;1;1;584.5;551.3;603.8;658.9;1;640
154907;DF;;;1;1;1;1;624.1;708.9;628.7;614.3;1;820
604942;PR;;;1;1;1;1;470.6;547.3;536.4;436.4;1;500
2975800;PB;2;1;0;0;0;0;;;;;;
2260083;AP;2;1;1;1;1;1;411.3;348.5;530.9;446.5;1;540
2156591;MA;;;0;0;0;0;;;;;;
2086798;SC;;;1;1;1;1;505.4;482.7;526.5;435.7;1;760
615238;MA;2;1;1;1;1;1;453.8;444.5;496.3;410.3;1;520
769191;RN;4;1;1;1;1;1;703.4;593.3;548.2;771.3;1;880
393883;SP;;;1;1;1;1;497.3;564.4;555.7;609.5;1;700
499631;MT;2;1;1;1;1;1;369.2;443;530.8;415.5;1;480
3585459;MG;;;0;0;0;0;;;;;;
538484;AL;2;1;0;0;0;0;;;;;;
27496;MG;2;1;1;1;1;1;387.6;406.9;510.6;603.6;1;720
4045934;BA;;;1;1;1;1;423.4;347;425.6;457.4;4;0
2667859;CE;2;1;0;0;0;0;;;;;;
1376604;GO;2;1;1;1;1;1;377.1;385.4;488.4;396.5;1;460
1367119;RS;;;1;1;1;1;570.8;621.1;530.2;698.3;1;680
523228;SP;4;1;1;1;1;1;669.1;667.6;587.7;708.2;1;800
1951607;BA;;;1;1;1;1;452.2;356.1;359.8;395.4;1;460
1515254;ES;2;1;1;1;1;1;541.3;529.4;563.7;401.1;1;640
177805;BA;;;0;0;0;0;;;;;;
2917081;ES;;;0;0;0;0;;;;;;
4207973;RS;;;1;1;1;1;473.4;485.3;514.9;598.8;1;560
1244879;PR;2;2;0;0;0;0;;;;;;
1467536;PA;;;1;1;1;1;615.9;553;533.9;725.4;1;920
3408087;ES;2;1;1;1;1;1;362.5;545.6;560.2;481.9;1;820
2966556;MG;;;1;1;1;1;451.8;568.2;631.1;502.4;1;720
3037326;MG;;;1;1;1;1;554.2;511.4;598;421.6;1;540
990477;AM;;;0;0;0;0;;;;;;
3412585;RJ;;;0;0;0;0;;;;;;
1030343;PE;2;1;1;1;1;1;514.1;559.6;565.7;625.2;1;700
1490457;SP;4;1;1;1;1;1;692.5;712.2;604.1;778.2;1;840
1225733;MG;2;1;1;1;1;1;515.8;550.6;493.7;592.3;1;820
1875507;SP;;;1;1;1;1;441.3;444.9;399;394.7;1;400
2935815;CE;2;1;0;0;0;0;;;;;;
3473791;AM;;;0;0;0;0;;;;;;
1785984;MA;;;1;1;1;1;492.2;505.6;529.6;456.2;1;600
673485;CE;;;1;1;1;1;458.2;399.7;510.7;386.5;1;820
3730292;PE;2;1;0;0;0;0;;;;;;
2875108;SP;;;1;1;1;1;568.2;547.7;484.7;626.6;1;860
3578719;RJ;;;1;1;1;1;366.8;445;454.5;406.3;1;440
131207;PE;2;1;1;1;1;1;469.1;415.3;441.2;389.1;4;0
1525103;SP;;;0;0;0;0;;;;;;
4025446;PR;;;1;1;1;1;606.7;624.5;585.5;671.7;1;880
3372532;RJ;2;1;0;0;0;0;;;;;;
2512503;ES;;;0;1;1;0;;388.9;497;;1;600
3814698;SC;;;1;1;1;1;634;671.3;627.2;802.6;1;660
1811453;PE;;;0;0;0;0;;;;;;
2590789;PR;2;1;1;1;1;1;569.4;583.8;520.3;616.3;1;480
1825127;PI;;;1;1;1;1;441.2;504.7;473.4;476.9;1;520
1522959;PB;;;0;0;0;0;;;;;;
496456;RS;;;1;1;1;1;397.1;432.9;502.5;392.5;1;520
2708137;SC;2;1;1;1;1;1;427;576.8;540;465.3;1;660
2348088;MG;;;1;1;1;1;419.3;496.2;508.6;480.1;1;940
2418450;RS;;;1;1;1;1;575.4;630.8;627.1;662.6;1;760
403826;MG;;;1;1;1;1;444.6;362.5;369.1;435.8;1;380
1448298;PE;;;0;1;1;0;;467.7;491.7;;1;320
3761160;PB;;;1;1;1;1;378;432.7;524.9;467;6;0
3124683;BA;;;1;1;1;1;553.8;619.2;588.7;630.4;1;880
2862785;RN;;;1;1;1;1;534.6;571.4;543;605.6;1;720
643499;RS;;;1;1;1;1;396.8;528.7;551.9;435;1;600
26930;SP;2;1;1;1;1;1;547.8;554.9;616.1;610;1;860
2074303;RS;;;0;0;0;0;;;;;;
3448374;MT;;;1;1;1;1;546.4;596.1;576.2;638.1;1;720
3427306;MA;2;1;1;1;1;1;458;467.5;446.4;382.5;6;0
2542531;SP;4;1;1;1;1;1;514.8;527.2;566.6;590.8;1;620
3881331;DF;2;1;0;0;0;0;;;;;;
2809605;CE;;;0;0;0;0;;;;;;
2777086;AP;4;1;1;1;1;1;608;635;585.7;675.6;1;560
3430647;RN;;;0;0;0;0;;;;;;
3982055;RN;;;1;1;1;1;481;480.7;513;398.6;1;460
1552504;RJ;2;1;1;1;1;1;401.5;446.2;501.1;411.9;1;520
243733;BA;;;1;1;1;1;487.8;521.9;471.4;462.4;1;780
1479719;MG;;;1;1;1;1;552.1;544.4;524.3;544.7;1;480
3984647;RS;2;1;1;1;1;1;519.3;573;531.4;419.1;1;560
2472029;SC;;;1;1;1;1;624.1;642.2;565.9;754.1;1;920
4109989;GO;2;1;0;0;0;0;;;;;;
4085028;RS;;;0;0;0;0;;;;;;
3309707;SP;;;0;0;0;0;;;;;;
2597399;ES;;;0;0;0;0;;;;;;
1426024;SP;2;1;1;1;1;1;486.8;509.9;570.3;518.2;1;680
2134102;MA;;;0;0;0;0;;;;;;
2161479;RJ;4;1;1;1;1;1;614.7;656.3;602;699.4;1;880
853721;SP;;;1;1;1;1;664.2;629.3;638.8;835.8;1;880
1895949;RS;;;0;0;0;0;;;;;;
792590;CE;2;1;1;1;1;1;428.5;548.9;528.4;404.4;1;640
1218343;RN;;;0;0;0;0;;;;;;
564144;AL;2;1;1;1;1;1;502.9;453.9;507.6;550.2;1;780
1540290;CE;;;1;1;1;1;538.5;549.7;587;525.1;1;700
3589326;SP;2;1;0;0;0;0;;;;;;
50757;MA;;;1;1;1;1;389.8;430;400.3;537.2;1;560
2496355;SP;4;1;1;1;1;1;633.9;668.1;599.6;720.5;1;920
2414861;PE;2;1;1;1;1;1;414.3;450.3;481.3;381.4;1;800
541243;SP;2;1;1;1;1;1;465;450.3;426;469.9;1;680
3434037;BA;2;1;0;0;0;0;;;;;;
1253874;ES;4;1;1;1;1;1;597.1;586.8;616;698;1;960
3758718;SC;2;2;1;1;1;1;395.8;455.5;419.1;388.6;1;240
1680957;SP;2;1;1;1;1;1;487.4;461.6;530.3;451.3;1;580
3029362;AM;2;1;1;1;1;1;601.8;586.9;599.8;725.3;1;960
4168074;SP;2;1;1;1;1;1;496.3;457.6;539.1;430.8;1;580
3130109;BA;;;1;1;1;1;376.9;371.9;347.1;401.7;1;560
1793587;CE;;;0;0;0;0;;;;;;
940735;RS;;;1;1;1;1;577.2;628.7;538.2;435.4;1;940
179058;PR;;;1;1;1;1;545.9;574.5;599.3;493.5;1;600
4118294;RR;;;0;0;0;0;;;;;;
1230518;SP;2;1;1;1;1;1;392.1;519.1;496.5;400.5;1;540
3279924;PB;2;1;0;0;0;0;;;;;;
2628647;PE;2;1;1;1;1;1;469.7;461.9;376.2;414.5;1;440
3296232;PE;2;1;0;0;0;0;;;;;;
3344366;MG;;;1;1;1;1;497.4;581.4;573.7;516.7;1;680
1534279;PA;;;0;0;0;0;;;;;;
352947;PA;2;1;1;1;1;1;483.8;517.9;484.7;486.3;1;440
2997728;MT;;;0;0;0;0;;;;;;
587056;SP;;;0;0;0;0;;;;;;
2351272;RS;2;1;1;1;1;1;395.1;553.5;532.5;648.6;1;840
33532;BA;;;0;0;0;0;;;;;;
1116485;PE;2;1;0;1;1;0;;345.1;413.2;;1;280
3408929;BA;2;1;0;0;0;0;;;;;;
162467;SC;;;0;0;0;0;;;;;;
3644958;PR;2;1;0;0;0;0;;;;;;
1455047;MA;2;1;1;1;1;1;475.8;418.8;404.2;396.7;1;500
3904545;MG;;;1;1;1;1;514;481.7;515.2;452.5;1;540
4328916;RS;;;0;0;0;0;;;;;;
1320488;GO;;;1;1;1;1;560.6;624.8;577.1;669.4;1;880
1177878;PE;;;1;1;1;1;559.7;612.4;606;678.3;1;880
1655845;PR;4;1;1;1;1;1;654.6;617.6;604.4;720;1;920
1797534;RJ;2;1;1;1;1;1;510.6;555;549.6;424.6;1;720
4323064;RS;2;1;0;0;0;0;;;;;;
3127920;SP;4;1;0;0;0;0;;;;;;
3342891;RJ;2;1;0;0;0;0;;;;;;
3276731;CE;;;1;1;1;1;557.1;546.7;503.1;676.1;1;740
1850913;RS;;;1;1;1;1;536.6;429.3;460.1;419.5;6;0
4112632;BA;;;0;0;0;0;;;;;;
2538259;PE;4;1;1;1;1;1;615;657.8;653.3;920;1;920
2104886;BA;;;1;1;1;1;466.1;523.3;568.8;423.5;6;0
3091092;RJ;2;1;0;1;1;0;;544.8;594.3;;1;740
4155951;MG;;;0;0;0;0;;;;;;
778270;SP;;;0;0;0;0;;;;;;
2120438;BA;2;1;1;1;1;1;403.9;421.3;470.7;379.8;4;0
2671507;BA;2;1;1;1;1;1;424.1;415.2;505.5;389.7;1;440
1407127;MG;2;1;1;1;1;1;617.8;613.7;500.2;710.9;1;760
1517089;RR;;;1;1;1;1;590.1;565.3;609;562.2;1;640
3147284;PI;;;1;1;1;1;444.6;369.9;405.4;434.1;1;480
2009818;PE;;;0;0;0;0;;;;;;
3719652;MG;2;1;1;1;1;1;400.7;405.6;470.3;408.3;1;600
554188;AC;;;1;1;1;1;390.6;510.7;420.1;451.9;1;580
1528163;BA;;;0;0;0;0;;;;;;
3604801;SP;;;1;1;1;1;559.9;552.5;593.7;615.2;1;760
3461525;RN;;;0;0;0;0;;;;;;
2909717;RS;;;0;1;1;0;;495.6;537;;1;520
1278460;PA;;;0;0;0;0;;;;;;
4210234;RS;;;1;1;1;1;576.5;665;589.8;610.2;1;540
1313085;RJ;;;1;1;1;1;475.6;439.1;411;430.1;1;440
3096;MT;2;1;1;1;1;1;455.8;397.3;473.7;582;1;640
1211668;MG;2;1;1;1;1;1;406.3;376.3;430.8;405.4;1;540
2696808;MG;;;0;0;0;0;;;;;;
3651882;PA;;;1;1;1;1;460.2;437.2;452.6;401.7;1;440
926942;MA;2;1;1;1;1;1;475.5;406.8;539.7;401.9;1;540
1628382;BA;;;1;1;1;1;613.9;575.6;593.7;622.2;1;900
1744043;PI;;;1;1;1;1;439.7;482.2;464;378.8;1;560
3409013;SP;;;1;1;1;1;555.7;588;570.7;504.8;1;780
141830;ES;;;1;1;1;1;399.9;482.5;448.9;444.7;1;320
3367416;PR;;;1;1;1;1;397.9;384.5;441.7;382;1;420
3638295;RS;;;0;0;0;0;;;;;;
2116914;BA;;;0;0;0;0;;;;;;
42004;PB;2;1;1;1;1;1;607.9;654;637.7;677.2;1;940
3727450;CE;;;1;1;1;1;371.3;480.2;481.7;395.8;1;500
946765;SP;;;0;0;0;0;;;;;;
3660586;AL;;;0;0;0;0;;;;;;
4141518;BA;2;1;0;0;0;0;;;;;;
3234705;GO;;;1;1;1;1;675.1;664.7;625;844.1;1;920
3270275;MG;;;0;1;1;0;;390.7;371.2;;1;500
2957489;CE;;;1;1;1;1;357.7;534.3;519.4;394.4;1;600
2816858;MG;4;1;1;1;1;1;545.7;472.4;544.7;626.4;1;700
2946829;SP;2;1;1;1;1;1;408.1;487.5;563.7;443.6;1;620
3748346;SP;;;0;0;0;0;;;;;;
708632;CE;;;1;1;1;1;495.8;516.4;545.9;556.9;1;620
3344598;PI;;;1;1;1;1;545.5;580.9;554.7;700.7;1;580
1483871;MA;;;1;1;1;1;661.5;659.6;636.5;753.2;1;920
2532;RJ;;;1;1;1;1;411.3;490.3;531.5;388.9;1;720
4302136;MT;;;0;0;0;0;;;;;;
4200801;RS;;;0;0;0;0;;;;;;
1146943;SP;;;1;1;1;1;484.4;549.3;402.1;425.1;1;520
1487428;PB;;;0;0;0;0;;;;;;
1267039;MA;;;0;0;0;0;;;;;;
3527860;MT;;;0;0;0;0;;;;;;
3124657;PB;;;1;1;1;1;559.9;537.7;512.3;644;1;740
2115493;MG;2;1;1;1;1;1;488.7;530.8;543.8;535.6;1;600
438355;BA;;;1;1;1;1;517.7;464.7;591.2;406.8;1;620
1731289;AM;;;1;1;1;1;432.5;284.6;350.6;422;3;0
3721879;AL;;;0;0;0;0;;;;;;
464958;AP;;;1;1;1;1;403.6;534.8;523.1;439.8;1;600
1728686;PA;2;2;0;0;0;0;;;;;;
2571088;SP;;;1;1;1;1;450.8;512.2;566;618.4;1;600
883848;AL;;;1;1;1;1;533.8;542.6;575.3;548.6;1;680
3374701;SP;;;1;1;1;1;496.6;574.9;577.1;583.8;1;640
4286181;PR;;;1;1;1;1;430.5;506.3;504;456.1;1;540
1606010;PR;2;1;1;1;1;1;477.8;391.8;481;417.6;1;360
2268356;RS;;;1;1;1;1;377;447.1;531.5;400;1;560
2185558;PA;2;1;0;0;0;0;;;;;;
3828560;ES;;;1;1;1;1;529.4;575;580.5;638.4;1;820
1783576;PE;;;1;1;1;1;427.7;479.3;483;412.4;1;480
870418;AL;2;1;1;1;1;1;426.6;514.1;511;386;1;680
849093;SP;;;0;0;0;0;;;;;;
2131574;PR;2;1;1;1;1;1;505.6;492.1;556.4;641.8;1;640
1972371;RJ;;;0;0;0;0;;;;;;
2711014;BA;;;0;0;0;0;;;;;;
1907611;RJ;;;0;0;0;0;;;;;;
2196608;PA;4;1;1;1;1;1;633.8;632.1;612.6;742.4;1;940
2852940;ES;;;1;1;1;1;599.7;659.9;630.7;768.6;1;940
229395;CE;2;1;1;1;1;1;442.1;307;536.4;471.1;1;640
2991977;PR;;;0;1;1;0;;426.5;516.5;;1;700
1155414;SP;2;1;0;0;0;0;;;;;;
1024299;MG;;;1;1;1;1;447.9;385.8;546.2;440.5;1;640
2383931;PE;;;1;1;1;1;648;631.3;605.3;761.7;1;920
3282027;GO;;;0;0;0;0;;;;;;
230767;MG;;;0;0;0;0;;;;;;
2885481;PE;;;0;0;0;0;;;;;;
3361927;AC;2;1;1;1;1;1;445.2;345.8;394.4;417.6;1;360
4264008;SP;;;1;1;1;1;541.5;635;586.7;702.9;1;700
2454120;PE;;;1;1;1;1;436.2;563;553.1;498.4;1;580
2572847;TO;4;1;1;1;1;1;562.2;495.7;480.6;657.5;1;800
1717719;RN;2;1;1;1;1;1;443.2;553;548.9;450.5;1;760
334947;CE;;;1;1;1;1;364.4;494.1;522.9;580.1;1;800
1129051;BA;;;1;1;1;1;492.7;511.1;526.6;490.2;1;540
4235010;MG;;;1;1;1;1;374.7;373.8;427.4;461.9;6;0
4317785;RS;;;0;0;0;0;;;;;;
790564;TO;2;1;1;1;1;1;428.4;386.7;451.4;415.4;1;440
1847193;PA;;;0;0;0;0;;;;;;
3206865;MG;;;1;1;1;1;373.6;503.4;494.9;461.6;1;700
3820318;PA;;;1;1;1;1;355.3;480.8;469.4;469.8;1;660
2653849;MA;;;1;1;1;1;473.9;495.7;506.9;540.7;1;420
2685325;BA;;;1;1;1;1;539.7;481.6;448.8;560.4;9;0
1077108;CE;2;2;1;1;1;1;506.2;506.5;507.4;497;1;840
1000002;RS;;;0;0;0;0;;;;;;
4281389;MG;;;0;0;0;0;;;;;;
3324694;SP;;;1;1;1;1;439.9;464.1;492.3;425.9;1;360
103975;PA;2;1;0;0;0;0;;;;;;
174231;SP;2;1;1;1;1;1;453.9;528.4;520.2;474.7;1;740
2273222;BA;;;1;1;1;1;573;615.1;554.6;643.8;1;780
3718666;SP;2;1;1;1;1;1;551.4;514.5;469.1;450.1;4;0
611446;AM;2;1;1;1;1;1;503;470;460.1;517.4;1;540
1890208;GO;;;0;0;0;0;;;;;;
821348;MA;2;2;1;1;1;1;422.9;535.6;502.1;410.8;1;600
432606;CE;;;1;1;1;1;412.4;476.3;467.8;430;1;500
1336722;PA;;;0;0;0;0;;;;;;
3892670;GO;2;1;1;1;1;1;376.1;390.5;438;475.7;1;600
444915;RJ;2;1;1;1;1;1;434.6;513.8;470.3;451.8;1;400
2403807;SP;4;1;0;0;0;0;;;;;;
1405603;MG;2;1;1;1;1;1;456.9;508.6;491.4;416.1;1;680
2167536;PA;;;0;0;0;0;;;;;;
986336;PR;2;1;1;1;1;1;489.6;537.9;505.7;422.2;1;440
3976078;PR;;;0;0;0;0;;;;;;
667430;MG;;;0;0;0;0;;;;;;
1491534;MG;;;1;1;1;1;484.7;374;484.1;455.5;1;560
4227959;RJ;;;1;1;1;1;520.9;604.9;580.6;539.1;1;840
1905246;MA;;;1;1;1;1;408.3;404.5;402.7;415.4;1;440
59815;BA;2;1;1;1;1;1;560.8;609.8;597.2;513.3;1;480
1571064;PE;2;1;1;1;1;1;381.3;376.7;391.6;415.6;1;420
2827425;SP;;;0;0;0;0;;;;;;
3309846;BA;;;0;0;0;0;;;;;;
727543;PE;;;1;1;1;1;533.9;580.4;590.8;697.7;1;560
858909;AM;2;1;1;1;1;1;443.3;396.1;516.5;439.1;4;0
2546998;MG;2;1;1;1;1;1;416.9;447.2;555.9;585.5;1;420
771749;RJ;;;1;1;1;1;495;403.7;498;391;1;520
3856202;TO;;;1;1;1;1;431.6;518.3;567.1;473.6;1;720
3885302;SP;;;1;1;1;1;524.7;614.8;539.5;664.5;1;560
1657235;PA;;;0;0;0;0;;;;;;
492892;BA;2;1;1;1;1;1;410.6;409.6;492.2;419.4;1;780
543703;SC;;;0;1;1;0;;348.5;489.9;;1;640
3046429;SP;2;1;1;1;1;1;423.2;550.1;555.5;401.5;1;680
3711938;BA;;;0;0;0;0;;;;;;
2488391;SE;;;1;1;1;1;662.4;705.2;728.3;916.6;1;960
3287072;AM;;;1;0;0;1;470.3;;;474.7;;
3357290;MG;;;1;1;1;1;653.6;680.9;632.7;659;1;540
1945013;MG;;;1;1;1;1;608;556.3;584.7;732.8;1;680
547235;RJ;;;1;1;1;1;529.1;651.3;611;722.3;1;600
1740015;PI;;;1;1;1;1;357.8;475.9;491.7;438.8;1;360
1869805;RN;4;1;1;1;1;1;574.1;620.7;579.9;655.6;1;800
2336163;SE;2;1;0;0;0;0;;;;;;
2062002;PB;2;1;0;1;1;0;;416.1;461.5;;4;0
2435185;BA;;;1;1;1;1;542.4;474.9;539.3;416.5;1;520
154496;SP;;;1;1;1;1;520;490.1;514;380.9;1;560
3820971;SP;2;1;1;1;1;1;545.4;550;553.6;607.2;1;700
2682573;PB;4;1;1;1;1;1;475.8;482.6;452.4;463.8;1;740
3384272;MG;;;1;1;1;1;528.1;508.7;532.8;419.4;1;600
147728;BA;2;1;1;1;1;1;411.3;384.1;447.7;428;1;420
3030994;CE;;;1;1;1;1;543;570.2;604.2;691;1;900
2985115;CE;4;1;1;1;1;1;463;421.5;517.2;511;1;880
255324;PI;;;0;0;0;0;;;;;;
4298774;RS;;;0;0;0;0;;;;;;
318623;PR;;;1;1;1;1;536;584.4;573.2;493;1;720
4070836;SP;;;0;0;0;0;;;;;;
2656681;SP;;;1;1;1;1;409.2;531.2;521.6;453;1;640
1762952;SP;;;1;1;1;1;431.4;462.6;500.6;521.9;1;620
3529742;PE;;;0;0;0;0;;;;;;
1124753;CE;2;1;1;1;1;1;367.8;369.2;309.5;408.9;4;0
3704645;PA;;;1;1;1;1;419.3;433.5;417.2;384.1;1;600
732890;PE;2;1;1;1;1;1;482.9;522.3;539.4;530.6;1;680
2720439;PA;;;0;0;0;0;;;;;;
1639145;PE;;;0;0;0;0;;;;;;
4179036;PA;;;0;0;0;0;;;;;;
3649161;RS;2;1;1;1;1;1;362.4;329.3;435.7;449.7;1;300
2487879;PI;;;1;1;1;1;420.9;431.1;480;454.8;1;500
1001981;RS;;;0;0;0;0;;;;;;
3966489;SP;2;2;1;1;1;1;417.4;527.6;537.8;381.7;1;620
3479975;SP;2;1;0;0;0;0;;;;;;
675492;PA;;;1;1;1;1;432.4;539.2;466.1;428.7;1;900
2599874;RS;2;1;1;1;1;1;580.5;528.4;515.4;479.2;1;740
1872513;SE;;;1;1;1;1;459.5;500.3;501.5;516.9;1;740
402279;RS;;;1;1;1;1;492.1;587.9;569.5;535.9;1;500
3128781;SP;4;1;1;1;1;1;435.5;440.4;524.3;398.3;1;820
3885372;RS;;;0;0;0;0;;;;;;
3402554;PR;;;1;1;1;1;414.6;484.4;496;401.3;1;660
1460863;RN;2;1;1;1;1;1;579.3;539;541.1;672.5;1;920
3385944;MG;;;1;1;1;1;560.5;583.4;595.3;647.1;1;640
4225620;RS;;;0;0;0;0;;;;;;
2937498;RJ;2;1;1;1;1;1;508.1;485.5;470.7;501.6;1;460
706071;MG;;;0;0;0;0;;;;;;
326246;BA;2;1;0;0;0;0;;;;;;
2192110;AC;;;1;1;1;1;407.8;414.4;462.1;419.2;1;640
974295;PA;;;1;1;1;1;456.5;468.4;519.6;444.3;1;520
3937725;RN;;;1;1;1;1;439.6;443.4;394;387.2;1;540
2548078;RS;;;1;1;1;1;484;515.1;491;584.1;1;580
428689;GO;;;0;0;0;0;;;;;;
2845083;RN;;;1;1;1;1;384.9;477.7;517.7;516.7;1;640
1205712;GO;;;1;1;1;1;522.8;456.1;512.6;454.5;1;920
634103;GO;;;0;0;0;0;;;;;;
2104578;AM;2;1;1;1;1;1;513;594;547.1;483.3;1;480
1247682;PR;;;0;0;0;0;;;;;;
1097095;MA;;;0;0;0;0;;;;;;
3905386;MA;;;0;0;0;0;;;;;;
650911;GO;;;1;1;1;1;505.9;360;566;375.5;1;600
4142981;RS;;;1;1;1;1;590.1;612.3;595.8;527.1;1;620
1485014;PE;;;1;1;1;1;436.6;397.5;509.4;517.9;1;500
352375;SP;4;1;1;1;1;1;583.7;610.2;582.6;708.3;1;760
2863691;MG;;;1;1;1;1;647.1;631.3;617.2;770.6;1;820
1548349;CE;2;2;0;1;1;0;;400.9;416.7;;3;0
1897927;RS;2;1;1;1;1;1;460.8;492.9;483.3;405.9;1;540
2678051;PB;;;1;1;1;1;465.2;334.7;470.1;389.1;1;800
1947170;PE;1;2;1;1;1;1;420.7;458.9;591.2;619;1;680
3944184;PB;;;1;1;1;1;490.8;581;564.6;612.7;1;740
2823211;SP;2;1;1;1;1;1;505.5;467.4;493.7;544.2;1;500
2493109;RS;4;1;1;1;1;1;574.1;631.6;586.1;661.8;1;900
3618246;BA;2;1;1;1;1;1;468.7;489.9;463.8;397.2;1;440
2025516;CE;;;1;1;1;1;561.4;563.2;541;537.3;1;600
999356;MA;2;1;1;1;1;1;413.4;474.6;438.2;424;1;640
1026588;PA;;;1;1;1;1;433.2;346.5;386.8;400;1;380
775166;MG;2;1;1;1;1;1;506.4;556.9;591.1;613.7;1;620
258966;BA;;;1;1;1;1;418.6;433.5;398.2;378.4;1;500
3081692;PB;;;1;1;1;1;625.6;631.3;596.4;721.1;1;880
2940242;PE;;;1;1;1;1;488.3;481.3;497.7;396.9;1;600
3739518;PE;;;1;1;1;1;662.8;711.5;672.3;891;1;900
4161378;PR;;;1;1;1;1;522;471;439.2;417.2;1;480
598436;AM;;;0;0;0;0;;;;;;
3345439;AM;2;1;1;1;1;1;432;507.5;547.8;462.1;1;600
1304835;CE;2;1;1;1;1;1;361.4;420.3;447.5;565;4;0
965028;SP;4;1;1;1;1;1;589.3;552;534.9;582.4;1;720
1742911;SP;2;1;0;0;0;0;;;;;;
3912274;RS;1;1;1;1;1;1;491.8;605;558.6;616;1;560
1432821;DF;;;1;1;1;1;427;428.5;468.6;395.8;1;420
3891220;SP;;;1;1;1;1;522.3;577.8;572.7;448.4;1;720
2713409;SP;;;1;1;1;1;578.9;595.6;608.5;613.3;1;620
156140;BA;;;1;1;1;1;555.1;540.6;597.7;492.4;1;720
2212365;SP;;;1;1;1;1;443.5;588.8;573.4;654.1;1;920
3875993;SE;2;1;0;0;0;0;;;;;;
4326089;RS;;;0;0;0;0;;;;;;
1146900;SP;;;1;1;1;1;482;457.2;546.2;384.9;1;540
3571484;RS;;;1;1;1;1;444.6;383.6;409.5;457;1;540
481340;MA;;;0;0;0;0;;;;;;
464449;PE;2;1;1;1;1;1;470.2;318.1;349.5;571.4;1;500
3350847;PA;2;1;0;0;0;0;;;;;;
2306925;PB;;;0;0;0;0;;;;;;
3383517;BA;2;1;0;0;0;0;;;;;;
108413;ES;2;1;1;1;1;1;431.4;522.9;513.8;419.5;1;740
854979;BA;;;1;1;1;1;484.9;522.4;543.6;409.1;1;640
1098692;PA;2;1;1;1;1;1;535;338.8;385.4;519.8;4;0
3133092;RN;;;0;0;0;0;;;;;;
3410436;SC;;;1;1;1;1;446.8;406.9;553.1;376.8;1;640
787753;SP;3;1;0;0;0;0;;;;;;
3704730;MG;;;1;1;1;1;708.6;715.2;653;834.3;1;900
4004445;RS;;;0;0;0;0;;;;;;
2480218;PB;;;1;1;1;1;594.8;654.9;639.6;711.5;1;920
3168262;SP;4;1;0;0;0;0;;;;;;
3244716;MT;4;1;1;1;1;1;692.2;651.2;613.2;795.9;1;960
1135063;AL;2;1;1;1;1;1;493.8;404.7;409.1;478.6;1;620
2169986;RJ;2;1;1;1;1;1;549.1;500.5;600;588.2;1;440
545150;MA;4;1;1;1;1;1;541.3;531.6;528.8;457.9;1;740
3417490;SP;;;0;0;0;0;;;;;;
465643;SC;;;0;0;0;0;;;;;;
1523423;SP;;;0;0;0;0;;;;;;
63402;PA;;;1;1;1;1;372;532.4;579.3;534.9;1;960
3491364;MA;2;1;1;1;1;1;498.4;574.8;565.5;545.2;1;800
3429752;RS;2;1;1;1;1;1;506.6;608;516.4;375.9;1;600
2712799;RS;;;1;1;1;1;425.6;401.2;463.8;494;1;720
595086;PE;;;1;1;1;1;467.4;450.3;505.7;400.6;1;540
2272889;RJ;2;1;0;0;0;0;;;;;;
3086850;MG;;;1;1;1;1;483.1;535.5;566.2;547;4;0
2623461;PE;;;1;1;1;1;536.3;518.7;622.7;535.5;1;800
285489;RS;4;1;0;0;0;0;;;;;;
203265;MG;;;0;1;1;0;;428.5;405.8;;6;0
2483670;RO;;;0;0;0;0;;;;;;
4218917;SP;2;1;0;0;0;0;;;;;;
237666;PI;;;1;1;1;1;419.7;441.3;395.5;451.1;1;480
863066;PI;;;1;1;1;1;529.5;552.6;557.9;639.3;1;980
2896011;MS;;;0;1;1;0;;510.9;500.4;;1;700
2628021;RS;;;1;1;1;1;608.9;477.8;523.9;531.2;1;800
4094042;DF;;;1;1;1;1;517.6;558.8;615.7;624;1;760
2868315;PR;;;0;0;0;0;;;;;;
570534;AL;2;1;0;0;0;0;;;;;;
13655;SP;2;1;1;1;1;1;477.4;499.8;557;392.4;1;640
371108;PE;2;2;1;1;1;1;390.1;453.1;326.9;405;1;620
2669690;GO;;;1;1;1;1;378.5;517.2;549.9;399.3;1;780
283327;SC;4;1;1;1;1;1;548;565.5;561;747.7;1;900
1719456;RJ;;;1;1;1;1;627.4;603.5;628.1;791.5;1;860
1906090;PE;;;0;0;0;0;;;;;;
3038471;MT;4;1;1;1;1;1;449.8;454.5;535.8;397.6;1;660
829269;SP;2;1;0;0;0;0;;;;;;
900115;SP;;;1;1;1;1;523.5;492.4;588.3;611;1;820
23135;MA;4;1;1;1;1;1;583.9;619.5;563.6;521.2;1;940
4012584;MG;;;1;1;1;1;428.7;551.1;583.6;587.8;1;640
1783118;SC;4;1;1;1;1;1;733.6;704.8;660.6;945.7;1;980
3604547;RJ;;;0;0;0;0;;;;;;
2713376;GO;;;1;1;1;1;364.9;452;480.3;391.6;1;540
2159997;MG;;;1;1;1;1;509.8;542.4;525.7;533.6;1;620
2837510;MG;2;1;1;1;1;1;445.4;545.4;564.5;571.1;1;780
819774;PB;;;1;1;1;1;484.8;570.3;567.9;621.4;1;800
2706266;PB;;;0;0;0;0;;;;;;
3741072;PI;2;1;1;1;1;1;382.4;520.8;452.4;431;1;520
4046986;MS;;;0;0;0;0;;;;;;
1731034;RJ;2;2;1;1;1;1;518.2;500.4;571.7;596.7;1;560
2489474;PA;2;1;1;1;1;1;423.4;474;447.2;457;1;400
2230464;MA;;;1;1;1;1;432.2;502.3;524.2;389.5;1;600
3177063;PR;;;1;1;1;1;409.9;572.3;594.2;558.6;1;560
3041829;SP;;;1;1;1;1;602.8;670.6;606.5;671;1;920
1167753;CE;;;1;1;1;1;561.1;310.6;515.1;620.1;1;720
634330;SP;;;1;1;1;1;482.1;538.6;526.9;492;1;600
1822849;SP;;;0;0;0;0;;;;;;
2414453;SP;2;1;1;1;1;1;385.5;437.5;485.6;407.5;1;320
138008;BA;;;1;1;1;1;383.8;376.5;423.6;382.8;1;620
2897531;CE;;;0;0;0;0;;;;;;
1855776;DF;2;1;1;1;1;1;425.6;570.1;570.9;555.1;4;0
973503;MG;;;0;0;0;0;;;;;;
3814767;PE;;;1;1;1;1;457.3;395.7;480;400.1;1;760
2895873;GO;;;0;0;0;0;;;;;;
4002165;AP;;;1;1;1;1;566;678.7;584.4;824.8;1;620
4325274;RS;2;1;0;0;0;0;;;;;;
1347005;PE;;;1;1;1;1;407.2;439.7;476.2;451.8;1;480
2135811;PB;;;0;0;0;0;;;;;;
4248174;MT;;;0;1;1;0;;492.3;461.2;;1;400
154605;MG;2;1;1;1;1;1;497.9;389.3;442.9;462.2;1;620
964189;SE;;;0;0;0;0;;;;;;
1660964;PA;;;0;0;0;0;;;;;;
2192605;BA;;;1;1;1;1;445.7;544.6;538;390;1;900
210972;BA;;;1;1;1;1;399.5;361.6;452.8;457.4;1;400
2455567;PE;;;0;0;0;0;;;;;;
4213640;BA;;;1;1;1;1;527.1;542.9;543.2;535.4;1;460
598649;MG;;;1;1;1;1;663.4;677.4;649.1;689.2;1;720
2542779;MA;;;0;0;0;0;;;;;;
3233644;MG;;;0;0;0;0;;;;;;
3469205;SP;;;1;1;1;1;557.8;507.9;554.8;655.7;1;680
798494;PE;;;1;1;1;1;581.2;562;549.1;628.8;1;800
3504816;PB;;;1;1;1;1;416;446.9;407;452.9;4;0
174181;RS;;;1;1;1;1;518;558.6;565.3;602.7;1;580
2683053;PA;2;2;1;1;1;1;455;383.8;483;498.4;8;0
3451681;MA;;;1;1;1;1;559.2;557.4;553.1;652;1;520
2068254;PA;;;1;1;1;1;523.8;576.9;556.8;559.1;1;920
2427093;RS;2;1;0;0;0;0;;;;;;
1346202;RN;;;1;1;1;1;390;439.9;452.9;501.2;8;0
2647224;MS;2;1;0;0;0;0;;;;;;
4147057;MG;2;1;1;1;1;1;417.2;446.9;547;400.6;1;520
2186681;MA;;;1;1;1;1;431.6;502.2;523.3;520.6;1;560
3062211;SP;;;0;1;1;0;;393;561.6;;1;540
2096504;ES;;;1;1;1;1;365.7;525.8;522;384.9;1;560
1820544;PA;;;1;1;1;1;452.6;457.5;395.9;436.3;1;540
2537319;SP;;;1;1;1;1;634.6;572.8;572.5;708;1;760
2348074;PE;;;1;1;1;1;401.2;499.8;499;477.3;1;540
1001425;ES;;;1;1;1;1;496.6;411.4;407.2;384.7;6;0
1361833;PE;;;1;1;1;1;466.2;526;488.3;543.1;1;580
905075;SC;;;1;1;1;1;494.7;479.8;474.9;606.8;1;700
291702;AM;1;1;1;1;1;1;383.4;531.5;527.6;514.3;1;600
97391;MS;2;1;1;1;1;1;514.4;479.7;514.7;466.4;1;600
2885714;BA;;;1;1;1;1;372.8;372.7;336.3;384.5;1;260
1421276;PI;1;1;1;1;1;1;516.1;456.7;545.7;436.6;1;640
2009806;SP;;;1;1;1;1;661.7;647.1;621.2;752.1;1;940
3807080;SP;;;0;0;0;0;;;;;;
119225;MT;;;1;1;1;1;472.9;505.3;492.2;398.3;1;520
470126;PA;;;1;1;1;1;396.7;367.9;352.1;510.2;1;440
2868947;PA;2;1;1;1;1;1;452.5;471.8;429.7;387.8;1;400
1151689;GO;2;1;1;1;1;1;435.5;416.5;359.8;419.6;1;280
349407;PB;2;1;0;1;1;0;;434.7;481.5;;8;0
1052977;PR;2;1;1;1;1;1;556;602.8;604.5;625.9;1;600
1111487;BA;2;1;1;1;1;1;428.4;462.8;461.2;494.9;1;740
3955734;RS;;;1;1;1;1;473.8;408.1;404.6;417.2;1;560
823571;PE;2;1;1;1;1;1;509.1;538.1;513.6;539.2;1;640
3859097;PA;;;0;0;0;0;;;;;;
1963967;MT;2;1;1;1;1;1;584.1;608.6;596.5;630.4;1;540
2272325;AL;;;1;1;1;1;372.1;437.8;436;421.1;1;640
2101187;SP;;;0;0;0;0;;;;;;
52935;MA;;;1;1;1;1;420.2;419.4;478.1;418.7;1;860
1419352;PE;;;0;0;0;0;;;;;;
2694688;SP;4;1;1;1;1;1;418.7;504.3;437.7;504.6;1;580
1755850;MG;;;1;1;1;1;509.3;480.1;523.3;656;1;820
369712;SP;2;1;1;1;1;1;522.9;525;583.4;756.3;1;760
1992609;CE;;;1;1;1;1;342.9;499;504;413.8;1;440
1152208;ES;2;1;1;1;1;1;435.4;535.3;564.8;422.3;1;600
3870522;PR;2;1;1;1;1;1;579.6;610.6;605.6;531.1;1;480
4169556;PI;;;1;1;1;1;411.9;362;479.2;402.4;1;580
3998938;PB;;;0;0;0;0;;;;;;
1099159;MG;;;1;1;1;1;586.5;635.7;619.1;606.6;1;480
3342750;AP;2;1;1;1;1;1;595.1;558.5;573.5;510.7;1;640
439338;RS;;;1;1;1;1;494.9;525.4;451.4;391.8;1;620
1836891;BA;;;1;1;1;1;429.2;542.9;562.1;555.6;1;520
1896152;AL;;;1;1;1;1;500;602.1;499.5;442.7;1;880
3688747;ES;2;1;1;1;1;1;390.7;391.9;364.1;578.3;1;400
3623055;AM;;;0;0;0;0;;;;;;
3736377;RJ;;;0;0;0;0;;;;;;
2510506;MG;;;1;1;1;1;509.3;643.3;603.7;627.3;1;860
4089014;SP;;;0;0;0;0;;;;;;
4021452;SP;;;0;0;0;0;;;;;;
1287183;RS;;;0;0;0;0;;;;;;
2782000;SP;;;1;1;1;1;429;505.1;540.1;585.8;4;0
2285642;SP;4;1;1;1;1;1;403.6;428.8;472;440.6;3;0
3464172;SP;2;1;0;0;0;0;;;;;;
3474948;MA;2;1;1;1;1;1;480.6;555.8;497.6;555.3;1;700
4033063;RJ;;;1;1;1;1;606.5;452;560.4;453.5;1;600
3761363;PE;;;0;0;0;0;;;;;;
3869331;RJ;;;1;1;1;1;524;401.5;474.2;606.7;1;600
4012330;MA;;;0;0;0;0;;;;;;
2565460;MG;;;0;1;1;0;;539.8;515.9;;1;500
913483;RN;;;0;0;0;0;;;;;;
1475243;RS;;;0;0;0;0;;;;;;
3197044;PB;;;1;1;1;1;547.8;537.9;517.8;456.7;1;760
1089100;CE;;;1;1;1;1;614.4;619.6;585.4;694.6;1;800
1078058;SP;4;1;1;1;1;1;511.3;470.2;513.1;502.5;1;680
1437407;PA;;;1;1;1;1;515.5;519.1;563.4;561.7;1;920
1633743;MA;;;1;1;1;1;487.5;511.8;361.1;411.4;1;520
119654;PE;;;1;1;1;1;659;627.3;591;506.2;1;740
2822951;SP;;;1;1;1;1;485.7;401.5;537.3;438.8;1;720
401047;PE;;;1;1;1;1;487.4;583.2;559.8;632.7;1;860
2946688;RS;;;0;0;0;0;;;;;;
798259;MA;;;0;0;0;0;;;;;;
149705;RS;;;0;1;1;0;;554;543.3;;1;380
923627;PE;;;1;1;1;1;369.2;416.9;468.8;460.2;1;800
847666;SP;4;1;1;1;1;1;628.3;569.7;567.5;613.3;1;720
1094865;MA;;;1;1;1;1;465.2;336.9;414.3;387.5;1;420
3342072;MA;;;0;0;0;0;;;;;;
1543159;PA;;;0;0;0;0;;;;;;
1683321;BA;;;1;1;1;1;448.9;427.7;475;489.4;1;520
485799;RJ;;;0;0;0;0;;;;;;
1407614;CE;;;1;1;1;1;586.5;597.4;584.8;660.5;1;560
4057386;MG;;;1;1;1;1;533;453.7;495;473.1;1;760
650846;RS;;;0;1;1;0;;573.4;566.2;;1;380
1859263;RS;;;1;1;1;1;583;593.8;584.7;723.9;1;860
643793;SP;2;2;0;0;0;0;;;;;;
4316071;RS;;;0;0;0;0;;;;;;
3008481;AM;;;1;1;1;1;493.7;552.7;538.1;391.6;1;660
4266325;SP;;;1;1;1;1;517.3;543.1;529.6;474.5;1;580
1827021;MG;;;1;1;1;1;449.3;353.6;360.9;439.7;1;680
2843905;SP;2;1;1;1;1;1;550.8;517.2;543.3;567.6;1;540
336837;CE;;;0;0;0;0;;;;;;
1252388;PA;;;1;1;1;1;454.7;441.4;445.6;407.6;1;600
56510;PI;;;1;1;1;1;624.7;642.6;624.3;814.6;1;940
2360606;MG;;;1;1;1;1;547.6;487.1;518.3;496.4;1;780
3575317;SP;;;1;1;1;1;556;618.5;588.8;665.3;1;880
2309664;RS;2;1;1;1;1;1;632.6;626;629.2;627.1;1;840
3032016;SP;;;1;1;1;1;456.7;515.2;586.1;500.7;1;540
2630812;RJ;;;1;1;1;1;509.6;536;564.5;670.2;1;860
4196902;PB;;;0;1;1;0;;481;464.8;;4;0
2552317;BA;;;1;1;1;1;564.2;429.2;518;446.4;1;500
349276;RJ;2;1;1;1;1;1;461;504;479.1;406.4;1;560
3679901;AM;;;1;1;1;1;485.7;456.6;472.5;439.1;1;560
3650147;ES;;;0;0;0;0;;;;;;
2199216;SP;3;1;1;1;1;1;563.6;562;599.5;626.7;1;880
2992374;MG;;;1;1;1;1;387.7;432.3;445.8;416.5;1;400
1398957;AL;1;1;1;1;1;1;399.8;432.2;477.3;409.8;1;540
93653;RJ;2;1;1;1;1;1;550.4;616.3;614.6;676.4;1;860
1384512;GO;;;1;1;1;1;352.6;387;583;464;1;660
1140325;CE;2;1;1;1;1;1;409.2;364;385.9;466.4;1;340
1682750;MA;;;1;1;1;1;362.8;372.9;466.7;408.2;1;460
4009703;SP;;;1;1;1;1;425.2;502.7;533.9;592.4;1;660
3436095;SP;;;1;1;1;1;557;545.8;577.5;443.9;1;860
4321781;RS;;;0;0;0;0;;;;;;
2443282;BA;2;1;0;0;0;0;;;;;;
3870652;SP;;;0;0;0;0;;;;;;
1235502;GO;2;1;0;0;0;0;;;;;;
3094400;MG;;;1;1;1;1;511.6;593.4;549.1;579.2;4;0
2272792;CE;2;1;0;0;0;0;;;;;;
1698961;SP;2;1;0;0;0;0;;;;;;
3128144;BA;2;1;0;0;0;0;;;;;;
559479;BA;;;1;1;1;1;461.2;380.9;418.9;442.4;1;700
4047288;PB;;;0;0;0;0;;;;;;
2265433;PE;2;1;0;0;0;0;;;;;;
2626703;MA;;;1;1;1;1;659;623.5;426.5;788.7;1;900
1417574;RS;;;0;0;0;0;;;;;;
149174;SC;2;1;1;1;1;1;590.4;553;505.6;642.5;1;600
3971853;MT;;;1;1;1;1;539.1;551.8;579.7;399.3;1;460
636206;CE;2;1;1;1;1;1;406.7;392.2;437.4;395.7;1;320
2736292;GO;2;1;0;0;0;0;;;;;;
480725;SP;;;1;1;1;1;417.6;475.7;526.3;413.3;1;660
1783866;BA;4;1;1;1;1;1;550.6;436.7;586.5;494.1;1;800
2388917;DF;;;1;1;1;1;683.2;728.7;703.4;882.1;1;940
2499262;RJ;;;1;1;1;1;518.5;545.7;536.7;496.4;1;680
1968870;SP;2;1;1;1;1;1;360.5;569.5;568.9;473.3;1;740
3088421;BA;2;2;1;1;1;1;488;445.6;477.9;429.9;1;440
1169192;PE;2;1;0;0;0;0;;;;;;
704067;PE;2;1;1;1;1;1;435.7;532.6;531.2;612.8;1;660
1368613;RJ;;;1;1;1;1;511.6;531.6;560.1;529.7;1;680
592542;SP;;;1;1;1;1;542;546.1;547.7;529.7;1;720
3239452;SP;;;0;0;0;0;;;;;;
1797803;RJ;2;1;1;1;1;1;540.1;542.9;537.2;453.4;1;700
3843842;BA;;;0;0;0;0;;;;;;
1380648;PE;2;1;1;1;1;1;409.7;398.4;428.1;397.6;1;280
2554534;RJ;;;1;1;1;1;550.2;508.2;539.9;543.4;1;880
3993535;RO;2;1;0;0;0;0;;;;;;
1625132;MA;;;1;1;1;1;524.9;651.5;589.7;555.4;1;720
2242350;RJ;;;0;0;0;0;;;;;;
2168382;MG;;;0;1;1;0;;403.7;409.4;;1;460
4047622;AC;;;1;1;1;1;495.2;0;0;455.4;1;540
119046;SP;;;0;0;0;0;;;;;;
2792972;RN;;;1;1;1;1;445.9;456.8;476.1;488.8;1;600
1354382;MT;;;1;1;1;1;353.7;419.6;483.5;408.6;1;440
2649019;AM;;;1;1;1;1;579;578.8;548.8;597.5;1;560
2398524;GO;4;1;1;1;1;1;562.2;688.5;604.3;713.9;1;940
825536;MA;2;1;1;1;1;1;375.5;499.1;518.7;406.9;1;580
4039484;PA;2;1;0;1;1;0;;339.4;460;;1;420
3167515;RJ;;;0;0;0;0;;;;;;
1622368;SP;2;2;1;1;1;1;480.9;534.6;560.7;444;1;640
203167;SC;;;0;0;0;0;;;;;;
2450872;SP;2;1;0;0;0;0;;;;;;
3995297;PA;;;0;0;0;0;;;;;;
799977;PA;;;1;1;1;1;457.4;405.3;489.3;393.5;1;500
4176792;PE;;;1;1;1;1;383.5;426.6;514.6;418.8;1;600
564472;RN;;;1;1;1;1;384.9;554.7;487.9;499.2;1;780
4234921;CE;2;1;0;0;0;0;;;;;;
1150888;PE;;;0;0;0;0;;;;;;
3042086;BA;;;1;1;1;1;490.2;584.3;585.5;532.8;1;840
1626825;RS;;;1;1;1;1;547.6;587.6;505.5;581.6;1;780
507736;PE;;;1;1;1;1;481.5;521.9;505.8;430.3;1;500
81859;MA;;;1;1;1;1;479.8;622.8;596.9;511.4;1;780
2074948;MS;;;1;1;1;1;500.8;565.9;477.4;497.5;1;340
25023;BA;1;1;1;1;1;1;471;447.9;511.7;473;1;800
3147152;RS;;;0;0;0;0;;;;;;
2095006;PE;;;1;1;1;1;357.5;393.3;489.7;512;4;0
3163411;SP;;;1;1;1;1;742.6;776.3;656.1;888.6;1;900
2749440;ES;;;1;1;1;1;411.3;508.5;429.3;391;1;560
2044664;PA;2;1;1;1;1;1;447.3;415.9;382.2;440.8;1;380
212968;PE;2;1;1;1;1;1;411.6;448.1;540.2;388.2;1;660
3926421;SP;;;0;0;0;0;;;;;;
763449;PI;;;1;1;1;1;609.4;657;600.3;730.9;1;940
3324805;RN;;;0;1;1;0;;518.3;430.5;;2;0
1487935;PE;1;1;1;1;1;1;594.3;686.8;604.7;603;1;700
2047050;SP;4;1;1;1;1;1;529;551.9;543.2;518.9;1;580
1511993;SC;2;1;1;1;1;1;411.8;351.6;391.2;408.1;1;400
307855;PI;2;1;1;1;1;1;355.8;485.4;499.3;378.5;1;600
2074670;RN;;;1;1;1;1;588.1;630.2;597.6;698.4;1;640
1392085;PI;;;1;1;1;1;448.3;478.6;540.4;380.2;1;460
3205402;BA;;;1;1;1;1;460.2;473.2;488.7;410.2;1;640
503360;RJ;1;1;1;1;1;1;526.6;421;564.1;438.1;1;440
2967422;SP;;;1;1;1;1;540.5;549.4;542.9;568.5;1;740
2006614;MT;;;1;1;1;1;499.3;540.7;524;431.5;1;560
2021498;DF;2;1;1;1;1;1;589.7;514.1;581.4;722.6;1;520
1993256;RJ;;;0;0;0;0;;;;;;
106607;SC;2;1;1;1;1;1;570.9;628.4;590.9;556.2;1;640
3759584;SC;;;1;1;1;1;513.7;539.1;461.9;542.8;1;540
3906250;GO;;;1;1;1;1;551.7;546.2;513.9;546.3;1;880
3226823;CE;;;0;0;0;0;;;;;;
1656317;PE;2;1;1;1;1;1;408.7;414.2;508.3;421.5;1;580
2963799;RJ;4;1;1;1;1;1;374.3;439.6;468.1;403.3;1;540
3066695;ES;2;1;1;1;1;1;461.4;352.7;449.9;482.9;1;220
1830569;PI;2;1;0;0;0;0;;;;;;
1505565;CE;;;0;0;0;0;;;;;;
3420739;CE;;;0;0;0;0;;;;;;
1596944;AL;2;1;1;1;1;1;360.7;345.4;341.1;475.2;6;0
2504699;BA;;;1;1;1;1;555.9;602;574.8;438.6;1;660
1349029;MG;;;0;0;0;0;;;;;;
3813941;MS;2;1;1;1;1;1;478.7;390.5;501.9;452.9;1;480
821518;PA;2;2;1;1;1;1;382.4;409.9;423.3;498.4;1;500
4077709;RN;;;0;0;0;0;;;;;;
2795969;MA;;;1;1;1;1;407.4;493.7;521.2;394.8;1;600
2802750;RS;;;0;0;0;0;;;;;;
4322600;RS;;;0;0;0;0;;;;;;
3249017;CE;;;1;1;1;1;483.8;458.1;438.1;472.9;1;760
2838012;SP;;;1;1;1;1;467.6;554.2;485.3;485.3;1;400
817892;PI;;;1;1;1;1;498.1;425.9;454.2;436.8;1;540
3065168;PB;;;1;1;1;1;425.2;548.6;525.9;499.6;1;520
1154109;PB;2;1;1;1;1;1;404.6;515.1;497;403.5;1;480
2922643;SP;4;1;1;1;1;1;517.9;507.6;465.8;469.8;1;540
2144159;CE;;;0;0;0;0;;;;;;
3929766;RJ;;;1;1;1;1;509.5;543.3;555.1;510.8;1;600
2895593;MG;;;0;0;0;0;;;;;;
1497025;SP;2;1;1;1;1;1;457.8;616.7;562.2;576.1;1;680
3848485;SC;;;1;1;1;1;490.7;479.3;490;478;1;660
530161;MT;;;1;1;1;1;510.9;568.1;564.2;512.6;1;740
2572594;PR;;;1;1;1;1;475.5;559.3;545.4;574.2;1;500
469191;CE;2;1;1;1;1;1;542.7;502;521.1;658.7;1;920
2250319;PA;;;1;1;1;1;501.3;539.9;456.5;571.8;1;600
2522536;PI;;;1;1;1;1;545.1;570.2;579.3;637.6;1;940
695317;MG;2;1;1;1;1;1;454;494.2;531;454.9;1;480
3627436;RO;;;1;1;1;1;431.3;524.6;539.5;508.6;1;760
2805707;SP;3;1;1;1;1;1;438.1;541.3;534.9;403.4;1;600
635235;CE;2;1;1;1;1;1;471;298;368.1;385;8;0
2332444;MS;;;1;1;1;1;355.3;400.1;398.1;401.9;1;380
1865924;RS;;;0;0;0;0;;;;;;
1602065;PA;;;1;1;1;1;438.6;527.4;501;438.3;1;500
4264024;RS;;;1;1;1;1;484.7;438.1;458.6;500;1;480
1099646;RJ;;;1;1;1;1;525.8;404.4;548.6;608.8;1;700
1443455;MG;2;1;1;1;1;1;513.1;474;509.1;498.9;1;680
3221944;SC;2;1;0;0;0;0;;;;;;
1745287;BA;;;0;0;0;0;;;;;;
228292;PE;;;1;1;1;1;494.3;473.8;496.2;427;1;420
3647198;AM;;;1;1;1;1;415;403.2;404;391.4;1;520
283876;MA;;;1;1;1;1;382.6;373.3;332.9;385.1;1;320
3299075;PE;;;1;1;1;1;460.6;540.5;585.5;616.2;1;480
1601477;SP;4;1;1;1;1;1;422.7;388.9;524.5;595.2;1;960
62987;CE;;;1;1;1;1;390.3;369.2;478.5;419.2;1;520
649183;AC;;;0;0;0;0;;;;;;
1027980;CE;;;0;0;0;0;;;;;;
1345150;SP;4;1;1;1;1;1;614.6;652.9;611.9;665.1;1;900
3829840;SP;;;1;1;1;1;440.1;556.7;546.3;470.8;1;580
62030;SP;;;1;1;1;1;411.1;436.3;558;475;1;780
2279149;DF;;;1;1;1;1;437.7;494.7;543.1;444.1;1;460
2481696;PA;4;1;1;1;1;1;571.7;607;579;511.3;1;600
1986572;SC;;;1;1;1;1;574.7;626.6;651.3;646.7;1;940
1923754;PE;;;0;0;0;0;;;;;;
992896;MG;;;0;0;0;0;;;;;;
2825714;RS;;;1;1;1;1;568.4;446.5;546.9;735.9;1;920
3477082;MG;;;0;0;0;0;;;;;;
1286836;RS;;;1;1;1;1;554.4;565.3;605.8;647.7;1;840
1869168;RR;4;1;1;1;1;1;664.2;606.5;611.6;749.3;1;840
2880209;SP;;;1;1;1;1;560.4;540.6;593.1;676.6;1;840
1608722;DF;;;1;1;1;1;433.4;458.2;511.8;490.8;1;540
1097055;DF;;;1;1;1;1;476.7;603.2;550.3;506.3;1;880
1824561;PE;;;0;0;0;0;;;;;;
1062806;SP;;;1;1;1;1;540.9;639.9;617.1;636.9;1;660
938209;MG;;;1;1;1;1;547.7;521.1;573;467;1;600
81343;PA;2;1;1;1;1;1;558.4;539.3;563.6;535;1;860
116275;MG;2;1;1;1;1;1;496.2;363.4;515.7;511;1;600
1044505;GO;;;1;1;1;1;429.5;451.3;407.3;479.7;1;780
3166534;SP;4;1;1;1;1;1;469.2;468;493.9;419;1;500
458732;PE;;;1;1;1;1;603.7;626.9;608.5;714.3;1;820
3821042;SP;2;1;0;0;0;0;;;;;;
175631;PB;;;0;0;0;0;;;;;;
168990;PE;2;1;1;1;1;1;545.1;577.6;583.4;384.3;1;520
1240287;PE;;;0;0;0;0;;;;;;
1135905;SP;4;1;1;1;1;1;623.4;594.9;554;657.6;1;940
3216522;MG;;;0;0;0;0;;;;;;
897521;SP;;;1;1;1;1;406.8;402.6;413.8;454.7;1;460
1938845;ES;;;0;0;0;0;;;;;;
2088249;RJ;;;1;1;1;1;385.9;405.5;455.8;378.4;1;540
2990603;RS;;;0;0;0;0;;;;;;
3573252;BA;;;0;0;0;0;;;;;;
2181708;RN;;;0;0;0;0;;;;;;
2903056;DF;;;0;0;0;0;;;;;;
2747663;RJ;;;1;1;1;1;500.7;547.9;552.7;448;1;760
3507863;MG;;;1;1;1;1;489.9;482;534.8;660.8;1;620
1722986;PB;;;1;1;1;1;492.1;472.4;503;496;1;380
1958904;PA;4;1;1;1;1;1;390.7;430.5;526.2;381.8;1;440
4297017;RS;;;0;0;0;0;;;;;;
1993133;CE;;;1;1;1;1;624.8;604.7;541.5;649.4;1;660
2093929;AM;2;1;1;1;1;1;433.2;471.6;518.8;391.1;1;600
1408768;CE;2;1;1;0;0;1;358.3;;;400.1;;
2821036;SP;;;1;1;1;1;390.1;533.9;523.1;522.3;1;760
577254;PA;2;1;1;1;1;1;426.5;533.5;524.8;413.1;1;600
1019899;PE;;;0;0;0;0;;;;;;
2014756;CE;;;1;1;1;1;362.4;470.3;506.6;504.2;1;580
3731736;SP;2;1;0;0;0;0;;;;;;
1612540;CE;;;1;1;1;1;464.4;554.5;530.9;433.6;1;680
1707069;CE;;;0;0;0;0;;;;;;
4067432;RJ;;;0;0;0;0;;;;;;
56763;SP;;;1;1;1;1;605.8;618;616.1;733.9;1;900
1301112;RJ;1;1;1;1;1;1;420.5;469.1;464.6;416.5;1;520
3071336;PA;;;0;0;0;0;;;;;;
3224147;SP;;;0;1;1;0;;592.3;544;;1;480
1501807;MG;2;1;1;1;1;1;433.4;438.1;485.8;456.5;1;600
13829;PE;2;1;1;1;1;1;407.7;420.7;471.8;385.9;1;600
830123;DF;;;1;1;1;1;572.1;516.5;501.9;655.8;1;560
3376864;PA;;;0;0;0;0;;;;;;
4065541;RJ;;;0;0;0;0;;;;;;
511255;AP;;;0;0;0;0;;;;;;
1060565;CE;2;1;1;1;1;1;359.4;485.8;516.7;427.8;1;660
810586;RS;;;1;1;1;1;590.6;624.2;575.2;609.8;1;480
2855185;MA;;;1;1;1;1;426.1;457.9;472.6;570;1;820
3640884;RJ;2;1;1;1;1;1;489.6;465.8;481.1;393.4;1;380
3713676;MG;;;1;1;1;1;536.7;526.1;485.3;408.7;1;400
3390055;BA;;;0;0;0;0;;;;;;
2070062;PI;;;1;1;1;1;435.8;537.5;537.7;377.2;1;700
3929382;PR;2;1;1;1;1;1;392.4;433.6;458.5;374.4;1;600
394226;SP;2;1;1;1;1;1;382.5;467.4;524;572.3;1;580
1581182;RJ;4;1;1;1;1;1;461.1;528.1;513.6;621.3;1;940
1227903;PA;2;1;1;1;1;1;392.9;383.7;362.7;403.2;1;420
580334;PE;2;1;1;1;1;1;368.2;418.7;446.9;488.5;1;520
632172;ES;;;0;0;0;0;;;;;;
4193011;PI;;;0;0;0;0;;;;;;
4020267;PE;;;0;0;0;0;;;;;;
2179065;MA;;;1;1;1;1;449.5;457.1;515.3;436.3;1;440
122771;MG;;;0;0;0;0;;;;;;
3530655;PB;;;0;0;0;0;;;;;;
2112173;SP;;;0;0;0;0;;;;;;
4185783;PR;;;1;1;1;1;424.6;435.1;403.1;382;6;0
3382329;BA;2;1;0;0;0;0;;;;;;
2164834;SP;2;1;1;1;1;1;564.3;638;571;666.5;1;840
170745;ES;;;0;0;0;0;;;;;;
3943317;PA;;;1;1;1;1;398.5;367.5;389.8;383.5;1;320
3572216;CE;;;1;1;1;1;606.9;564.5;563.4;499.8;1;440
1730951;RN;;;1;1;1;1;493.2;488;461.3;415.5;1;340
3707769;MT;;;0;0;0;0;;;;;;
534601;SP;2;1;1;1;1;1;634.1;629.1;548.3;597.9;1;640
2732895;MG;;;1;1;1;1;539.3;579.9;498;402.3;1;600
3261000;RS;;;1;1;1;1;609.7;672.5;530.5;661.8;1;940
735161;PE;2;2;1;1;1;1;413.4;570.7;570.4;625.2;1;840
784540;SP;;;0;0;0;0;;;;;;
856718;DF;2;1;1;1;1;1;489.3;551.1;574.2;563.1;1;660
1290432;AL;;;1;1;1;1;486.4;418.9;337.5;375.8;1;440
265011;SP;;;1;1;1;1;644.3;637.5;598.4;726.8;1;660
4323280;RS;;;1;1;1;1;391.5;391.9;518.9;380.5;1;500
2254355;RJ;;;1;1;1;1;415.3;493.3;529.9;432.5;1;380
3892476;MG;;;1;1;1;1;509;615.5;576;599.6;1;900
3859208;PA;;;0;1;1;0;;614.1;620;;1;820
4156027;SP;;;0;1;1;0;;465.3;547.1;;6;0
1241693;BA;;;1;1;1;1;502.2;447.5;472.2;434.5;1;520
1924458;SP;;;0;0;0;0;;;;;;
1080848;MG;;;1;1;1;1;429.7;535.6;469.9;452.6;1;560
3631273;PI;;;1;1;1;1;365.8;357.4;412;472.1;1;400
874978;AC;2;1;1;1;1;1;437.3;470.5;460.4;405;1;720
366943;MT;;;1;1;1;1;471.6;432.6;581.3;607.4;1;840
3015969;AC;;;0;1;1;0;;559.1;568;;4;0
1401023;PA;;;0;0;0;0;;;;;;
507743;PI;;;0;0;0;0;;;;;;
48168;PA;2;1;1;1;1;1;448.6;354;354;411.4;9;0
3562664;PE;;;1;1;1;1;528.2;549.1;591.9;606.1;1;920
3788791;MG;;;1;1;1;1;633.4;630.9;564.8;727.7;1;840
741508;AL;;;0;0;0;0;;;;;;
3493630;BA;;;1;1;1;1;493.6;395.9;443.6;413;1;640
2672474;PA;2;1;0;0;0;0;;;;;;
2451953;SP;2;1;0;0;0;0;;;;;;
1835929;SP;;;0;1;1;0;;458.4;468.6;;1;540
4286089;RS;;;0;0;0;0;;;;;;
2650637;PR;2;1;1;1;1;1;488.1;482;598.3;549.6;1;760
296419;AL;;;1;1;1;1;537.1;557.5;565;680.4;1;840
4332056;RS;2;1;0;0;0;0;;;;;;
1556034;PB;;;1;1;1;1;470.3;650.8;631.7;599;1;620
2843795;PR;;;1;1;1;1;411.3;417.8;369.9;407.6;1;480
620014;SC;;;0;0;0;0;;;;;;
997512;SC;;;0;1;1;0;;442.6;540.7;;1;600
2633905;BA;2;1;0;1;1;0;;438.4;407.4;;1;320
2041809;RN;1;1;1;1;1;1;492.2;534.5;528;532.3;1;560
3970720;PR;2;1;1;1;1;1;505.8;564.6;555.9;490.7;1;580
1758434;BA;;;0;0;0;0;;;;;;
117728;PA;;;0;1;1;0;;380;489.4;;4;0
2117419;SP;;;0;0;0;0;;;;;;
3913781;BA;2;1;0;0;0;0;;;;;;
563657;AM;2;1;1;1;1;1;383.9;465.3;507.6;372.1;1;700
2235600;RS;;;1;1;1;1;592.1;701.7;624.1;705.9;1;900
4279400;PR;2;1;0;0;0;0;;;;;;
2897184;BA;2;1;1;1;1;1;441.5;404.9;447.7;411.9;1;500
3374073;AL;;;0;0;0;0;;;;;;
2482851;RJ;4;1;1;1;1;1;521.4;397.5;478;426.1;1;660
246368;RJ;;;0;0;0;0;;;;;;
1387967;MA;2;1;1;1;1;1;377.9;443.6;484.6;398.7;1;640
547019;PB;;;0;1;1;0;;367.3;390.9;;9;0
302815;MG;;;1;1;1;1;654.2;681.3;591.8;730.4;1;860
883606;RS;;;0;0;0;0;;;;;;
746992;PA;2;1;1;1;1;1;477.7;361.4;524.7;413.8;1;480
2649481;RN;;;1;1;1;1;529.5;647.3;597.2;516.1;1;600
3082210;MG;;;1;1;1;1;517.3;463.8;441.3;518.7;1;680
1209340;RJ;;;1;1;1;1;660;705.9;660.3;801.4;1;800
2049038;AM;;;1;1;1;1;560.8;423.7;555.5;696.5;1;680
3356220;RJ;2;1;0;0;0;0;;;;;;
1853054;RJ;2;1;1;1;1;1;519.3;538.3;553.6;538.6;1;640
4006206;PA;;;0;0;0;0;;;;;;
2899904;MS;;;1;1;1;1;482.6;474;487.6;446.9;4;0
2380247;SP;;;0;0;0;0;;;;;;
2142284;SP;;;1;1;1;1;631;653.6;599.2;646.7;1;780
2157879;SP;;;1;1;1;1;489.2;580.9;503.8;648.6;1;640
3885694;SP;;;1;1;1;1;405.3;451;493.4;396.1;1;520
4232624;RJ;;;1;1;1;1;417.7;408.7;418.4;454.5;4;0
743083;RJ;2;1;1;1;1;1;413.5;520.3;534.4;418;4;0
2878851;PR;2;1;1;1;1;1;506.1;538.8;552.8;508.7;1;820
2954017;SP;2;1;1;1;1;1;475;496.1;560.2;430.3;1;640
3132796;GO;2;1;0;0;0;0;;;;;;
1986189;MG;;;1;1;1;1;360.1;471.8;424.9;407.5;1;480
2009623;BA;;;1;1;1;1;446.3;427.5;544.7;421;1;640
1114369;PB;2;1;0;0;0;0;;;;;;
1495993;PA;;;0;0;0;0;;;;;;
3430229;PR;4;1;1;1;1;1;570.6;544.1;582;552.3;1;780
926145;AL;;;1;1;1;1;458.2;460.5;450.6;443.7;1;700
2601460;BA;;;1;1;1;1;411.1;487.8;526.6;539.1;1;840
51800;RN;2;1;1;1;1;1;399.4;462.4;479.3;415.3;1;600
488135;CE;2;1;0;0;0;0;;;;;;
1041679;AL;;;1;1;1;1;432.6;448.7;414.9;386.6;1;360
2212634;MG;;;1;1;1;1;545.7;611.7;556.5;589.2;1;860
3455695;SP;2;1;0;0;0;0;;;;;;
1666333;MT;;;0;0;0;0;;;;;;
206197;SE;2;1;1;1;1;1;546.9;520.3;543.4;718.5;1;880
3904109;MG;;;1;1;1;1;467;393.9;377;393.9;1;640
4087867;BA;2;1;1;1;1;1;403.8;427.8;373.6;514.6;1;600
950028;RJ;;;0;0;0;0;;;;;;
3980714;SP;;;0;0;0;0;;;;;;
4212000;SP;;;0;0;0;0;;;;;;
4182938;RS;;;0;0;0;0;;;;;;
953626;RS;;;0;0;0;0;;;;;;
2261008;BA;;;1;1;1;1;374.6;568.5;553;467.6;1;800
4143233;PE;;;0;0;0;0;;;;;;
3319683;AL;;;0;1;1;0;;372.8;373;;1;380
4297435;RJ;4;1;1;1;1;1;599.1;664.4;599.5;720.7;1;580
1367871;RJ;2;1;1;1;1;1;395.5;426;414.3;421.8;1;460
2491687;GO;;;1;1;1;1;674.9;665.3;657.7;872.7;1;920
1518634;DF;;;1;1;1;1;422.4;402.2;419.4;382.7;1;480
1987783;PE;;;0;0;0;0;;;;;;
2196;DF;2;1;1;1;1;1;439.5;521.4;543.9;472.7;1;600
2481058;MA;2;1;0;0;0;0;;;;;;
402171;RJ;;;1;1;1;1;441.3;502.9;503;460.1;1;640
2685136;PE;;;1;1;1;1;472;346.8;362.7;411.2;1;640
716327;MG;2;1;1;1;1;1;371.4;527.9;540.9;461.8;1;740
1246805;PB;;;1;1;1;1;404.7;499.1;524.9;408;1;400
838531;PB;2;2;0;0;0;0;;;;;;
2347487;BA;2;1;0;1;1;0;;581.4;501;;1;480
3905983;RS;;;1;1;1;1;494.5;602.3;569;526.2;1;560
3043846;SP;;;1;1;1;1;500.3;579.7;556.6;573.2;1;740
553167;MA;;;0;0;0;0;;;;;;
3926525;PE;2;1;0;0;0;0;;;;;;
3361062;SP;2;1;0;0;0;0;;;;;;
1327323;SP;;;1;1;1;1;467.1;507.3;535.5;536.7;1;640
136765;RS;;;0;0;0;0;;;;;;
2714871;MG;;;1;1;1;1;501.4;499.2;540.8;437.8;1;480
2740989;PR;;;0;0;0;0;;;;;;
1576058;MG;2;1;1;1;1;1;497.4;578.3;583.3;642.6;1;600
3536499;PR;;;1;1;1;1;615.3;569.2;511.9;590.4;1;540
899896;CE;;;1;1;1;1;383.1;425.3;353.7;408.7;1;500
1246576;PE;;;1;1;1;1;387.1;438.9;564.3;390.3;1;640
1791837;BA;;;1;1;1;1;550.3;551.4;564.9;435.8;1;700
3928316;MG;;;1;1;1;1;497.4;417.5;374;389;1;320
362045;RS;2;1;1;1;1;1;521.4;581.6;599.2;424.4;1;640
3470148;MA;;;1;1;1;1;510.9;460.8;490.6;400.3;1;500
1138305;RJ;;;1;1;1;1;527.5;505.6;528.6;435.8;1;600
3156569;PR;2;1;1;1;1;1;417.5;363.8;500.2;454.3;1;340
2134268;MA;;;1;1;1;1;393.8;326.4;408.1;390.1;1;400
2145376;RJ;;;0;0;0;0;;;;;;
2108389;BA;;;1;1;1;1;501.1;422;529.7;471.7;1;720
4281866;SP;;;0;0;0;0;;;;;;
204204;RN;4;1;1;1;1;1;459;617.4;586;625.8;1;900
2736117;SP;2;1;1;1;1;1;554.3;653.6;574.8;448.2;1;560
1790554;MA;;;1;1;1;1;447.7;349.9;438.5;448.7;1;280
3608737;ES;;;1;1;1;1;579.1;627.4;607.7;590.9;1;600
675182;GO;2;1;1;1;1;1;476.8;570;609.4;649.3;1;800
3806593;TO;4;1;1;1;1;1;567;651.8;616;663;1;900
962759;PE;;;1;1;1;1;564.9;505.8;585.2;452.2;1;680
2914081;AM;;;0;0;0;0;;;;;;
3058843;SP;;;1;1;1;1;560.4;553.9;594;438.3;1;860
4240557;PR;;;0;0;0;0;;;;;;
4120234;DF;;;1;1;1;1;517.1;544.3;579.6;686.3;1;500
1942161;PA;2;1;1;1;1;1;449.8;569.1;577.6;464.5;1;800
1224179;RJ;4;1;1;1;1;1;493;553.3;575.7;472.3;1;740
3997047;SP;2;1;1;1;1;1;415.5;0;357.8;511.2;1;500
2246341;SP;;;1;1;1;1;512.9;436.1;532.6;543.4;1;500
2979683;PI;2;1;0;1;1;0;;353.3;471;;1;540
2244760;SP;;;1;1;1;1;489.2;505.5;530.3;491;1;500
3015713;MG;;;0;0;0;0;;;;;;
779445;PR;2;1;1;1;1;1;495.4;470;490.2;444.1;1;720
614096;RS;4;1;1;1;1;1;544.6;581.8;589.7;625.5;1;740
2889360;RS;;;0;0;0;0;;;;;;
1894487;MA;2;1;0;0;0;0;;;;;;
1044458;SP;2;1;0;0;0;0;;;;;;
2280120;SP;;;0;0;0;0;;;;;;
2166096;PA;;;0;2;2;0;;;;;;
1043059;PI;;;1;1;1;1;430.9;320;456.2;397;1;220
658005;SE;;;0;0;0;0;;;;;;
1095190;CE;2;1;1;1;1;1;465.3;449.4;480.9;466.8;1;680
3516320;AM;;;1;1;1;1;387.3;457.3;473.7;462;1;500
891433;RS;2;1;0;0;0;0;;;;;;
573102;MG;;;1;1;1;1;732;663.7;696;851.3;1;940
3968240;MG;2;1;0;0;0;0;;;;;;
2829611;RJ;4;1;1;1;1;1;576.7;535.1;543.3;616.3;1;880
3094642;PR;2;1;0;0;0;0;;;;;;
1397473;BA;;;1;1;1;1;455.3;393.7;453.6;392.2;1;520
979436;TO;2;1;0;0;0;0;;;;;;
1652768;SP;2;1;1;1;1;1;602.8;714.5;584.7;720.5;1;820
2055505;RJ;;;1;1;1;1;442;480.5;405.5;403.6;1;700
577162;PB;2;1;1;1;1;1;418.9;505.2;462.2;424.6;1;560
4271403;RJ;;;1;1;1;1;532.3;592.6;588;523.1;1;640
3534044;ES;;;1;1;1;1;580;531.8;552.9;546;1;360
3322477;ES;2;1;1;1;1;1;385;406.8;469.6;416.3;1;440
1944519;PI;;;1;1;1;1;554.3;442.7;503.9;513.3;1;580
783996;GO;;;1;1;1;1;507.5;531.7;551.7;641.4;1;700
3536905;PA;;;1;1;1;1;392.9;471.5;513;426.1;1;620
4280748;MG;2;1;1;1;1;1;524.8;520.7;545.3;427.8;1;500
1407777;CE;;;1;1;1;1;392.8;408.2;474.7;484.4;1;340
549903;PE;;;1;1;1;1;418.5;522.3;545.6;428.6;1;760
1237734;BA;4;2;1;1;1;1;362.8;481.5;419.4;430.2;1;500
1190868;RN;;;1;1;1;1;665.4;743;658;592.5;1;960
4063698;AM;;;1;1;1;1;480.5;492.1;577.7;507.7;1;640
1913644;CE;;;1;1;1;1;501.8;617.9;595.8;521.1;1;640
2100447;SP;;;1;1;1;1;655.8;694.5;571.9;740.6;1;960
4205252;RJ;;;1;1;1;1;504.6;489.7;523.8;414.7;1;500
1042034;DF;;;1;1;1;1;591.5;623.9;621.5;672.8;1;920
2781819;CE;2;1;1;1;1;1;453.5;447.4;432.4;521.6;1;600
3573727;MG;2;1;1;1;1;1;463.4;594;420.8;457.9;1;880
575626;SE;;;1;1;1;1;474.8;553.6;581.1;408.9;1;760
2195157;MA;;;1;1;1;1;500.4;577.3;559.1;534.7;1;620
2237149;CE;;;1;1;1;1;379.3;358.9;446.6;420.1;1;780
119094;MG;2;1;1;1;1;1;400.4;520.5;542.4;601.3;1;680
3425202;SP;2;1;1;1;1;1;421.5;560.8;564.3;417.3;1;580
2089787;MA;1;1;1;1;1;1;528.7;600.2;492.5;582.2;1;620
226911;SP;4;1;1;1;1;1;570.8;660.8;620;774.8;1;940
3279768;MG;;;1;1;1;1;578.2;581.2;582.9;675.2;1;760
1228277;SP;2;1;1;1;1;1;534.7;442.3;527.9;588.6;1;840
2829658;CE;;;1;1;1;1;492.1;498.9;498.8;633.4;1;780
443134;PR;;;1;1;1;1;379.3;451.6;534.1;433.7;1;520
476890;RN;;;0;0;0;0;;;;;;
2296211;SP;;;1;1;1;1;412.8;529.8;530.8;386.3;1;600
3005448;MA;2;1;0;0;0;0;;;;;;
108135;RJ;2;1;1;1;1;1;456.2;530.1;519.5;560.7;1;660
4025005;BA;;;1;1;1;1;474.1;465.4;498;487.9;1;560
2200333;PR;;;1;1;1;1;635;622.5;566.3;754.9;1;800
2768099;SP;2;1;1;1;1;1;342.7;449.8;489.2;388.2;1;400
2541003;SP;;;0;0;0;0;;;;;;
3861784;SP;;;1;1;1;1;405.7;427.6;400.7;465;1;480
1981183;PA;;;0;0;0;0;;;;;;
3066839;PR;;;1;1;1;1;623.3;577.1;620.5;755.1;1;660
736231;PB;;;1;1;1;1;390.6;420.2;420.1;398.9;1;800
1145364;CE;2;1;1;1;1;1;499.2;553;571.7;469.8;1;540
3850712;PB;;;1;1;1;1;624.3;610.5;645.6;693.5;1;560
739573;PE;;;0;0;0;0;;;;;;
835662;PA;2;1;1;1;1;1;414.9;323.2;482.6;395.5;1;480
2778352;SP;2;1;0;0;0;0;;;;;;
872899;ES;;;1;1;1;1;585.8;583.9;571.6;668.4;1;820
832459;BA;;;0;0;0;0;;;;;;
3179869;RJ;;;1;1;1;1;453.2;312.1;473.4;434;1;560
4171031;SP;;;0;0;0;0;;;;;;
630875;MG;;;1;1;1;1;474.8;537.1;605.3;464.8;1;660
1433170;SP;2;1;1;1;1;1;539.1;418.7;502.2;483.1;1;360
2417687;MG;;;0;0;0;0;;;;;;
3031794;BA;;;1;1;1;1;447.5;439;467.3;397;1;540
3161513;MG;4;1;1;1;1;1;505.2;557.5;535;564.8;1;740
374744;MA;;;0;1;1;0;;568.7;564.5;;1;780
3372708;BA;2;1;0;0;0;0;;;;;;
1096852;MA;;;1;1;1;1;579.9;578.7;543.7;496.5;1;880
547872;MG;;;0;0;0;0;;;;;;
4094290;RJ;2;1;1;1;1;1;412.9;348.5;411.2;403.5;6;0
2575164;SP;2;1;1;1;1;1;531.5;594.3;557.8;633.4;1;720
240450;MA;;;1;1;1;1;505.2;501.2;456;489.2;1;800
2723426;SP;;;1;1;1;1;496.1;613.7;583.3;638.4;1;900
2668581;SP;2;1;1;1;1;1;401.3;380.3;469.1;402;1;380
631218;GO;2;1;1;1;1;1;475.3;625.5;554.6;610.8;1;720
3434971;SP;;;1;1;1;1;569;590.7;565.3;671.1;1;760
1262901;AC;;;1;1;1;1;608.3;637.3;609.3;663.5;1;920
2416140;GO;2;1;0;0;0;0;;;;;;
816372;SC;;;1;1;1;1;456.6;542.6;539.1;401.1;1;460
2887946;SP;2;1;0;0;0;0;;;;;;
2905002;RS;;;0;0;0;0;;;;;;
1196241;PE;1;1;1;1;1;1;653.5;703;670.9;866.7;1;840
2387201;SP;;;1;1;1;1;453.8;490.3;528.9;466.2;1;560
3784857;BA;2;1;1;1;1;1;382.4;424;398.7;507;1;760
2866781;SC;;;0;1;1;0;;570.4;556.1;;1;500
836264;PB;2;2;1;1;1;1;425.9;384.6;495.6;386.3;1;740
1219341;ES;;;1;1;1;1;517.8;554;575.2;649.9;1;880
3563043;MG;;;0;0;0;0;;;;;;
205794;RS;;;1;1;1;1;642.1;628.4;608.4;670.6;1;700
229075;DF;2;1;1;1;1;1;456.2;570.6;579;594.9;1;880
854070;PA;2;2;1;1;1;1;428.9;399.9;462.7;426.5;1;520
262845;RS;;;1;1;1;1;392.9;496.9;466.3;423.9;1;640
3595239;TO;;;1;1;1;1;484.8;469.9;544.6;602.2;1;720
3028300;SP;;;1;1;1;1;370.4;290.5;515.2;524.5;1;660
2233590;MG;;;1;1;1;1;603.4;545.3;586.7;469.2;1;640
1998544;BA;;;1;1;1;1;573.1;626.4;547.7;626.5;1;900
899646;BA;2;1;0;0;0;0;;;;;;
3258590;RO;;;1;1;1;1;501.2;483.2;567.2;443.2;1;920
2299907;SP;2;2;0;1;1;0;;557.7;536.6;;1;600
3458967;MG;;;0;0;0;0;;;;;;
1777242;RN;;;1;1;1;1;638.9;591.7;584.7;627.9;1;560
4235156;PA;;;1;1;1;1;525.6;438;384.2;664.7;1;900
4137898;SP;;;1;1;1;1;571.2;605.6;535;682.6;1;800
3393356;RS;;;0;0;0;0;;;;;;
2029838;MG;;;1;1;1;1;500.1;558.5;543.4;491.8;1;600
3077550;MG;2;1;0;0;0;0;;;;;;
4236391;RS;;;0;0;0;0;;;;;;
377834;RO;;;1;1;1;1;480.3;478.6;373.9;406.3;1;640
2774394;CE;;;1;1;1;1;463.1;399.1;466.9;520.3;1;800
2919240;PA;2;2;1;1;1;1;352.1;465;451.2;400.3;1;660
2051088;SE;4;1;1;1;1;1;542.3;574.4;552.6;577.2;1;900
409850;RJ;;;1;1;1;1;593.1;619.3;550;711.7;1;940
1454047;SP;2;1;1;1;1;1;459.9;442.5;505.5;447.1;1;620
4228078;SP;;;0;0;0;0;;;;;;
1145755;PB;;;1;1;1;1;441.5;436.4;448.1;456.9;3;0
2935499;BA;;;0;0;0;0;;;;;;
3574896;SP;;;1;1;1;1;444.9;563.8;533.9;596.4;1;840
803254;PA;;;0;0;0;0;;;;;;
3205519;PE;4;1;1;1;1;1;611.6;557.5;570.7;730.6;1;900
2870534;SP;2;1;0;0;0;0;;;;;;
1452378;PE;;;0;0;0;0;;;;;;
4251806;BA;2;1;1;1;1;1;479.9;417.3;379;399.7;1;580
1107971;SC;;;0;0;0;0;;;;;;
911996;CE;;;0;0;0;0;;;;;;
71145;MA;2;1;1;1;1;1;437.8;474.5;501.8;486.6;1;460
2993955;MA;;;1;1;1;1;498.5;535.1;545.5;572;1;600
1264854;SP;2;1;1;1;1;1;516.6;577.4;551.5;667.4;1;680
2316954;RN;2;1;1;1;1;1;457.1;570.6;542.1;461;1;700
2325175;RN;;;0;0;0;0;;;;;;
2335138;MG;;;1;1;1;1;428.9;500.1;497.4;385.3;1;620
3422610;MA;;;1;1;1;1;475.1;598.6;546.8;584.5;1;680
4151460;AM;;;1;1;1;1;392.2;598.2;589.8;506.7;1;440
4172069;RS;;;0;1;1;0;;586.9;577.6;;1;600
2571944;AL;2;1;1;1;1;1;424.6;459.5;462;429.9;1;680
384053;RN;;;1;1;1;1;535.6;543.6;585.1;462.1;1;680
1381112;SP;2;1;1;1;1;1;643.2;660.7;616.2;662.9;1;660
2636284;MA;;;0;0;0;0;;;;;;
3800420;MA;2;1;1;1;1;1;415;476.2;481.2;435.9;3;0
3822188;MA;;;1;1;1;1;413.3;347.7;385.7;387.2;1;420
2987586;PA;;;1;1;1;1;613.1;676.1;695.7;685.7;1;940
1625347;CE;;;1;1;1;1;474.3;557.1;551.6;624.6;1;860
2961518;RR;;;0;0;0;0;;;;;;
1966552;AL;;;1;1;1;1;504.8;454.2;489;581.4;1;780
764271;SP;;;1;1;1;1;624.2;604.6;616;659.1;1;580
2469378;SP;;;1;1;1;1;606;722.5;637.1;813.4;1;780
726959;DF;;;0;0;0;0;;;;;;
1632861;MA;;;0;0;0;0;;;;;;
2997109;PB;;;1;1;1;1;457.2;588.3;570.8;562.9;1;740
1368008;PR;2;1;1;1;1;1;561.4;597.9;484.2;555.9;1;600
485615;CE;;;1;1;1;1;496.1;494.8;577.9;554.4;1;560
1483635;RN;;;0;0;0;0;;;;;;
518257;SP;;;1;1;1;1;582.3;591.7;564.6;654.3;1;640
978480;PE;;;0;1;1;0;;599.1;588.1;;1;680
438165;CE;2;1;1;1;1;1;433.6;529.4;554.9;465.5;1;740
1071429;GO;;;0;0;0;0;;;;;;
3587890;MA;;;1;1;1;1;510.3;363.1;498.3;486.5;1;520
2399786;BA;2;1;1;1;1;1;599.7;624.3;633.8;538.6;1;720
1036915;GO;2;1;0;0;0;0;;;;;;
2390329;MG;2;1;0;0;0;0;;;;;;
2938955;CE;;;0;0;0;0;;;;;;
1637344;RJ;;;1;1;1;1;520.2;600.5;541.1;441.6;1;800
306077;MG;;;1;1;1;1;407.5;486.8;426.3;601.2;1;660
4060230;PA;;;1;1;1;1;413.5;482.3;504.1;473.3;1;580
2327612;SP;2;1;1;1;1;1;476.2;383.2;399.2;476.1;1;640
3014639;SP;2;1;1;1;1;1;563.9;578.5;579.4;614.7;1;740
1692450;BA;4;1;1;1;1;1;656.1;695.4;713.2;788.8;1;960
4137472;RS;;;0;0;0;0;;;;;;
89980;RN;;;1;1;1;1;629.3;588;564.3;503.8;1;780
1583086;RN;;;1;1;1;1;527.8;518.7;484.6;392.7;1;580
2498723;PR;;;0;1;1;0;;607;584.8;;1;640
1257582;SE;2;1;1;1;1;1;431.1;406.6;382.2;499.3;1;400
3407818;PR;;;1;1;1;1;597.5;652.3;605.5;689.5;1;760
3117987;MG;;;1;1;1;1;487.8;490.8;511.8;387.6;1;600
1702369;PB;;;0;0;0;0;;;;;;
1924520;SP;;;1;1;1;1;496.2;577.9;584;503;1;520
3687335;MG;2;1;1;1;1;1;493.8;541.1;562.3;495.8;1;780
2752509;BA;;;1;1;1;1;488.7;525;555.9;418.9;1;400
4047196;BA;;;1;1;1;1;498.5;540.8;518.6;530.1;1;640
3219633;MG;2;1;1;1;1;1;374.6;521.6;501.4;409.7;1;560
1637153;MG;;;0;0;0;0;;;;;;
246573;BA;2;1;1;1;1;1;495.5;437.4;437.4;495.6;1;760
2768279;PI;;;1;1;1;1;419.1;536.2;484.8;516.6;1;840
706351;RJ;;;0;1;1;0;;466.9;551.2;;1;640
2932558;SE;;;0;0;0;0;;;;;;
775593;CE;2;1;1;1;1;1;528.5;472.6;534.4;455.9;1;520
2985976;SP;2;1;0;0;0;0;;;;;;
3929131;MG;;;0;0;0;0;;;;;;
1177257;MG;2;1;1;1;1;1;577.3;663.5;601;659;1;880
961124;PE;2;1;1;1;1;1;584.4;592.3;534.4;558;9;0
8266;GO;;;1;1;1;1;520.6;458.7;549.1;691.6;1;700
3068502;PA;2;1;1;1;1;1;381;413.4;384.9;444.2;1;440
1112570;SP;;;1;1;1;1;548;585.6;593.1;684.3;1;840
416601;RJ;;;1;1;1;1;399.5;571.7;496;394.9;1;440
2216343;PA;;;0;0;0;0;;;;;;
2525801;SP;2;1;1;1;1;1;451;523.3;534.8;482.1;1;520
2954187;GO;2;1;1;1;1;1;438;336.7;404.9;419.2;4;0
2677612;SP;2;1;0;1;1;0;;352.7;446.7;;1;580
3087618;PR;;;1;1;1;1;533.2;438.8;457.3;380.7;1;560
1348182;PA;2;1;1;1;1;1;540.8;473.6;531;619.9;1;600
3251717;PA;4;1;1;1;1;1;582;564.1;581.4;645.7;1;900
708468;BA;;;0;1;1;0;;356.7;401.5;;1;540
3389804;RS;;;0;0;0;0;;;;;;
488479;MA;;;1;1;1;1;361.5;393.6;470.7;399.4;1;580
280487;AM;;;0;0;0;0;;;;;;
1048509;PR;;;0;0;0;0;;;;;;
1990898;RN;;;1;1;1;1;511.7;560.8;570.1;506.9;1;580
730539;ES;;;1;1;1;1;437.7;383.8;454.2;378.5;1;340
2837776;RN;;;1;1;1;1;451.7;400;453;449.1;9;0
2196176;MG;2;1;1;1;1;1;504.1;452.2;535.9;561.5;1;780
1820944;RS;;;0;0;0;0;;;;;;
2605651;SP;;;1;1;1;1;536.3;625;510.4;521.8;1;400
4129910;DF;;;1;1;1;1;436.1;328.9;386.4;415.3;1;460
513203;DF;4;1;1;1;1;1;654.9;637.4;582.8;774.1;1;920
151155;RJ;4;1;1;1;1;1;554.3;546;483.6;637.1;1;840
1847394;BA;;;1;1;1;1;465;576.5;437.1;458.4;1;540
2681201;PB;;;0;0;0;0;;;;;;
1091490;PE;;;1;1;1;1;472.8;590.4;590.6;672.7;1;940
920497;SC;;;0;1;1;0;;464.8;499.1;;1;580
1135284;CE;2;1;1;1;1;1;397.1;372.7;338.5;425.1;6;0
3855292;PA;;;1;1;1;1;542.6;445.6;535.5;629.6;1;680
2645409;MT;2;1;0;0;0;0;;;;;;
3271366;SP;2;1;1;1;1;1;446.9;414.8;533.2;450.9;1;600
3352105;RN;;;1;1;1;1;467.9;446.3;508;571.4;1;640
2400946;MT;;;1;1;1;1;488.5;541.3;541.4;390.8;1;400
3884151;SP;2;1;0;0;0;0;;;;;;
3913971;PR;;;1;1;1;1;616.5;602;575.8;773.4;1;800
497579;BA;;;1;1;1;1;407.8;479.3;497.9;448.7;1;600
3151522;MG;;;0;1;1;0;;612.4;599;;1;520
54139;RJ;2;1;1;1;1;1;530.2;508;489.7;490.5;1;640
1006441;RJ;;;0;0;0;0;;;;;;
1870951;DF;;;0;0;0;0;;;;;;
3035319;RN;2;1;1;1;1;1;462.7;448.5;494.3;451.4;1;480
175633;GO;2;1;1;1;1;1;562.3;562.1;541.8;527;1;640
3351354;PR;;;0;0;0;0;;;;;;
2742642;PR;2;1;1;1;1;1;469.5;458.5;538.5;454.3;1;580
2315108;MG;;;0;0;0;0;;;;;;
1929453;PA;;;1;1;1;1;406.8;551.1;536.6;551.4;1;900
2447353;GO;2;1;1;1;1;1;448.5;409.2;507.7;420.1;1;520
212048;SP;;;0;0;0;0;;;;;;
1597872;PB;2;1;1;1;1;1;463.9;403.3;554.9;446.3;1;740
3676427;SC;4;1;1;1;1;1;490.1;545.1;549.8;686.1;1;800
3921923;PI;;;0;0;0;0;;;;;;
4237174;RJ;;;1;1;1;1;633.6;646.2;656.1;463.2;1;600
1585189;BA;2;2;0;0;0;0;;;;;;
984729;RJ;;;1;1;1;1;672.1;704.3;662.2;687.3;1;960
536666;PI;;;1;1;1;1;488.7;625.7;523.5;624.7;1;540
2748775;SC;2;1;1;1;1;1;516.8;543.9;555.7;600.1;1;540
988027;RJ;;;1;1;1;1;640.3;634.3;601.8;693.8;1;920
2159954;SP;;;0;0;0;0;;;;;;
1435959;SP;;;0;0;0;0;;;;;;
3265605;RJ;2;1;1;1;1;1;448.6;421.1;523.1;417.1;1;600
2196859;ES;;;1;1;1;1;475.4;500;529;575.1;1;620
1185325;RS;2;1;1;1;1;1;459.1;433.6;547.7;510.3;1;760
3005117;GO;;;0;0;0;0;;;;;;
3223202;MG;;;1;1;1;1;416.3;429.9;472.6;603.9;1;520
3286454;RJ;2;1;1;1;1;1;453.1;445.5;559.1;449.6;1;600
1559943;RS;2;1;1;1;1;1;463;561;528.2;486.9;1;560
250523;BA;2;1;1;1;1;1;375.8;513.1;488.3;473.5;1;660
2838485;PR;;;1;1;1;1;381.8;500;510.9;429.5;1;440
3177392;SC;;;1;1;1;1;486.5;567.6;581.5;626.5;1;720
2875708;PR;2;1;1;1;1;1;386.8;451.1;428.3;458.1;1;680
2715759;SP;2;1;1;1;1;1;437.8;540.3;547.6;625.1;1;600
2570185;PB;;;0;0;0;0;;;;;;
1511735;SP;4;1;1;1;1;1;541.1;567.6;559.5;604.9;1;900
408458;CE;2;1;1;1;1;1;355.9;411.9;400.2;411.3;6;0
2267949;PR;;;1;1;1;1;570.1;552.9;570.4;460.1;1;880
3517828;PE;;;0;1;1;0;;470.7;409.5;;6;0
3548626;SP;;;1;1;1;1;431.5;568.8;546.7;608.2;1;440
2788036;RS;2;1;1;1;1;1;412.9;450.1;370.4;413.6;1;420
3027552;GO;2;1;1;1;1;1;431.4;430.5;416.9;440.6;1;540
1876532;BA;2;1;1;1;1;1;453;590.2;609.9;458.7;1;540
412443;BA;;;0;1;1;0;;420;438.6;;1;600
336984;MG;;;0;0;0;0;;;;;;
4145725;RJ;2;1;1;1;1;1;565.9;595.9;591.5;557.7;1;660
1234705;RN;;;1;1;1;1;385.5;458.3;546.4;379.1;1;440
2878522;RJ;;;1;1;1;1;486.8;547.1;530.8;700.8;1;940
4140358;PE;;;1;1;1;1;619.9;604.8;628.8;669.3;1;720
956729;BA;;;0;0;0;0;;;;;;
4030421;RJ;;;1;1;1;1;415.5;517.1;548.8;409;1;640
981447;PR;;;1;1;1;1;397;367;463.1;410;1;480
367586;RS;;;0;1;1;0;;491.5;529.9;;1;580
1141389;MG;;;1;1;1;1;590;616.9;592.5;663.6;1;900
2209821;SC;;;0;0;0;0;;;;;;
2982233;SC;;;1;1;1;1;573.4;597.5;570.7;592.8;1;460
3330743;MG;;;1;1;1;1;544.2;604.2;538.1;596;1;860
4316851;RS;;;1;1;1;1;454.4;471.6;532.1;492.7;1;580
1629984;RN;;;1;1;1;1;394.7;430.8;484.1;402.4;1;660
3720814;RJ;;;1;1;1;1;587.6;628.7;576;802;1;640
968265;PE;;;0;0;0;0;;;;;;
909822;BA;4;1;1;1;1;1;557.5;588.8;631.9;651.8;1;840
1810091;SP;4;1;1;1;1;1;451;374.5;460.1;472.9;1;480
1902059;MA;;;0;0;0;0;;;;;;
3269203;RS;2;2;0;1;1;0;;347.3;506;;1;500
3465916;BA;;;1;1;1;1;471.1;334.5;438.9;402;1;320
1557409;CE;2;1;0;1;1;0;;365.7;410.4;;6;0
3140279;BA;;;1;1;1;1;575.4;626.8;592.8;643.1;1;640
1054980;AL;2;1;1;1;1;1;450.7;415.8;382.6;482.3;1;420
2899321;MG;2;1;1;1;1;1;546.6;502.9;534.7;692.7;1;580
1264674;CE;;;1;1;1;1;519.5;571.5;545.5;741.5;1;820
2520461;RN;;;1;1;1;1;517.4;497.9;486.7;414.4;1;540
4118260;MG;;;0;0;0;0;;;;;;
4254207;PB;;;1;1;1;1;506.2;495.3;569.2;559.3;1;560
1850709;BA;;;0;0;0;0;;;;;;
362350;GO;;;0;0;0;0;;;;;;
2103666;PA;;;1;1;1;1;417.7;551.5;529.2;526.9;1;640
1620724;SP;2;1;1;1;1;1;438.2;529.2;518.7;483.9;1;400
3260475;MG;2;1;1;1;1;1;407.9;493.8;517.6;400.3;1;600
2468219;PB;;;1;1;1;1;515.3;506.4;531.1;407.1;1;460
2550207;AM;;;0;0;0;0;;;;;;
2995194;RJ;;;1;1;1;1;599.6;629.2;654.4;674;1;520
1663419;PA;;;1;0;0;1;542.5;;;635.2;;
3479880;RN;;;1;1;1;1;531.6;619.4;594.7;720;1;860
3212331;PA;2;1;1;1;1;1;503.3;481.9;544.8;458;1;460
2141097;PA;;;0;0;0;0;;;;;;
131140;AM;;;1;1;1;1;638.2;645.4;655.8;765.3;1;920
578088;MG;2;1;1;1;1;1;369.9;406.3;426.9;389.6;1;520
1068892;GO;;;1;1;1;1;530.3;556.9;583;562.6;1;680
4040859;SP;2;1;0;0;0;0;;;;;;
4244016;RJ;;;1;1;1;1;526.4;556.8;587.4;561.6;1;620
1689694;SP;;;0;0;0;0;;;;;;
2838097;MS;;;0;0;0;0;;;;;;
1899544;GO;4;1;1;1;1;1;478.9;613.3;560.8;494.1;1;740
1870905;MG;;;1;1;1;1;577.3;626.7;610.5;622.5;1;860
4225390;GO;;;1;1;1;1;436.3;471;527.6;443.3;1;700
1125275;PE;2;1;0;1;1;0;;440.9;462.4;;4;0
3584294;AM;;;1;1;1;1;401.7;595.6;656.3;471.8;1;780
79430;SE;2;1;1;1;1;1;525.8;536.4;581.4;658.7;1;900
2953098;PA;2;1;1;1;1;1;399.2;404.7;424.2;378.2;1;420
4090632;AM;;;0;0;0;0;;;;;;
2613932;RN;;;1;1;1;1;587.4;616.3;552.5;596.3;1;560
1760337;AM;2;1;1;1;1;1;363.4;480.1;509.7;400.6;1;540
1769341;PR;;;1;1;1;1;517;434;478.5;428.8;1;540
2883612;RN;;;1;1;1;1;497.6;605.1;615.3;412.3;1;880
1524385;BA;;;1;1;1;1;409.9;442.6;486.5;415.5;1;360
4247619;MT;;;0;0;0;0;;;;;;
2720639;SP;;;1;1;1;1;541.1;605.8;608;493.3;1;760
2081583;PR;;;1;1;1;1;626.6;620.5;609.9;746.6;1;620
2712224;MA;4;1;1;1;1;1;370.5;345.4;482.4;480.4;1;800
3412610;MT;2;1;0;0;0;0;;;;;;
2450886;MG;;;1;1;1;1;735.9;708;636.1;820.9;1;940
2425613;GO;2;1;1;1;1;1;473.1;410.2;473.3;381.3;1;540
2250927;PI;;;0;0;0;0;;;;;;
1169401;PB;;;1;1;1;1;536.2;514;542.5;491.1;1;600
1648174;SP;4;1;1;1;1;1;506;560.6;579.1;683;1;880
851903;BA;;;1;1;1;1;390.3;394.8;388.4;477.5;1;360
4327358;RS;2;1;0;0;0;0;;;;;;
1964497;PE;;;1;1;1;1;418.5;437.2;410.3;416;1;400
1767541;PB;;;0;0;0;0;;;;;;
177189;BA;;;0;0;0;0;;;;;;
1550322;PI;2;1;1;1;1;1;446.9;497.3;527;480.8;1;440
1771771;RS;2;1;1;1;1;1;416.5;553.1;511.8;648.6;1;660
3112751;SP;2;1;1;1;1;1;413.3;587.3;549.7;556.3;1;740
1740814;CE;;;0;0;0;0;;;;;;
237789;SP;1;1;1;1;1;1;601.1;610.2;631.8;734.5;1;880
2768847;RS;2;1;1;1;1;1;578.1;581.6;574.1;617.4;1;840
2801476;MG;;;0;0;0;0;;;;;;
792390;MG;2;2;1;1;1;1;478.1;420.9;500.8;476.7;1;900
368994;PI;;;1;1;1;1;502.8;510.8;527.8;476.9;1;680
2224040;MA;;;2;1;1;2;;599.5;578.3;;1;480
1286580;GO;;;1;1;1;1;488.1;586.4;594.6;598.2;1;780
3247278;AM;2;1;0;1;1;0;;375.6;363.4;;1;400
902289;PA;;;0;0;0;0;;;;;;
3542597;SP;;;1;1;1;1;580.9;641;604.9;601.7;1;580
2508502;MG;;;1;1;1;1;568.7;644.8;594.7;684.6;1;620
3122780;MT;;;1;1;1;1;506;448.3;537.8;424.1;1;600
2093604;PA;;;0;0;0;0;;;;;;
633444;PB;2;1;1;1;1;1;362.4;507.4;512.1;474.7;1;760
3229515;RO;;;1;1;1;1;470;479.9;453.7;404;1;480
2374398;GO;4;1;0;0;0;0;;;;;;
613445;MG;;;0;0;0;0;;;;;;
1820377;PE;;;1;1;1;1;425.6;470.7;485.2;461.5;1;420
2799138;SP;2;1;1;1;1;1;375.9;408.2;523.3;431.5;4;0
3745554;PA;;;1;1;1;1;512.6;628.2;605.2;606.7;1;700
2187540;SP;;;1;1;1;1;478.1;568.9;560;466.9;1;440
1500498;PE;;;1;1;1;1;466.4;584.9;447;459.3;1;660
70969;TO;2;1;1;1;1;1;407.9;403.5;476.5;387.3;1;600
838307;SP;2;1;1;1;1;1;462;537.1;555.5;472.3;1;500
1171057;PE;4;1;1;1;1;1;619.2;613.4;539.4;691.5;1;920
425919;MG;;;1;1;1;1;450;408.5;438.5;423.8;1;260
3029237;SP;2;1;0;0;0;0;;;;;;
1058920;MG;;;1;1;1;1;683.1;649.3;586.9;738.7;1;960
4078393;CE;;;1;1;1;1;430.5;405.4;490.9;522.7;1;740
3776775;BA;;;0;0;0;0;;;;;;
3726929;SP;;;1;1;1;1;526.7;286.2;592.5;537.5;1;600
3841595;SP;2;1;0;0;0;0;;;;;;
1621026;PR;2;1;1;1;1;1;368.2;475.1;536.6;628.1;1;840
2162021;CE;;;0;0;0;0;;;;;;
4208344;MT;;;1;1;1;1;616.7;652.9;615.8;625.3;1;580
3425335;DF;;;1;1;1;1;574.2;542.5;573.9;686.2;1;900
3262419;PA;;;1;1;1;1;378.2;449;492.9;433.6;1;680
493375;GO;;;0;0;0;0;;;;;;
3828708;CE;;;0;0;0;0;;;;;;
2410919;SP;2;1;1;1;1;1;413.1;325.8;456.1;426.6;1;260
2047734;PA;1;1;1;1;1;1;377.2;455.6;474.6;423.2;1;580
2995572;PI;;;0;0;0;0;;;;;;
652498;SE;2;1;1;1;1;1;502.9;436.4;487.7;486.8;1;420
1267220;RO;;;0;0;0;0;;;;;;
2703691;PE;;;1;1;1;1;545.7;557;506.5;458.5;1;860
4166512;DF;2;1;1;1;1;1;381.8;429.8;431.7;396.7;1;780
3155019;PR;;;1;1;1;1;449.9;568.6;537.6;467.6;1;340
1604334;SP;;;1;1;1;1;618;611.6;614.1;749.4;1;900
3745312;RS;;;0;0;0;0;;;;;;
1289273;SP;2;1;0;0;0;0;;;;;;
624384;DF;;;1;1;1;1;608.4;587.9;564.1;672.8;1;800
4113500;AM;;;1;1;1;1;537.1;473.6;492.5;504.8;1;600
4319266;RS;;;0;0;0;0;;;;;;
1221430;RJ;2;1;0;0;0;0;;;;;;
3521128;SC;;;1;1;1;1;479.8;579.7;568.1;425.1;1;600
2344127;BA;;;0;0;0;0;;;;;;
2976100;MS;2;1;0;0;0;0;;;;;;
2347957;MA;;;1;1;1;1;428.5;356.1;455.7;484;1;820
2170725;PA;4;1;1;1;1;1;483.8;543.7;520;619.9;1;860
1164911;CE;;;0;0;0;0;;;;;;
1306531;MG;;;1;1;1;1;607;650.5;599.8;724.8;1;860
3392338;ES;2;1;1;1;1;1;485.7;497.7;503.6;394.7;1;420
2344386;PI;;;1;1;1;1;520.5;561.3;567;450;1;700
3729841;MA;4;1;1;1;1;1;463.6;424;546.4;443.9;1;600
3917284;AL;;;0;0;0;0;;;;;;
2096331;PE;;;1;1;1;1;376.8;568.9;549;683.1;1;700
2040712;RJ;2;1;1;1;1;1;589;662.4;617.6;741.3;1;900
321344;MG;;;1;1;1;1;608;590;591.2;838.2;1;880
1343632;PI;;;0;0;0;0;;;;;;
90849;SP;2;1;1;1;1;1;600.7;632;594.1;578.8;1;880
3171658;PR;2;1;1;1;1;1;445.3;470.6;520.1;455.6;1;560
1155794;CE;2;1;1;1;1;1;408.3;354.3;460.2;428.1;1;780
3672855;PA;;;0;0;0;0;;;;;;
482369;SC;4;1;0;1;1;0;;378.5;521.1;;4;0
2673295;DF;2;1;1;1;1;1;385.8;518.5;528.8;416.1;1;600
2131733;MS;;;1;1;1;1;365;504.4;513.7;383.7;1;520
151137;SP;;;1;1;1;1;567.6;647.4;566.6;592;1;580
1983390;GO;2;1;1;1;1;1;572.8;546.5;547.8;584.1;1;760
4216620;MG;;;1;1;1;1;510.4;499.8;516;523.4;1;500
217484;BA;2;1;1;1;1;1;438.5;459.9;532.8;392.9;1;500
3526384;SP;;;1;1;1;1;455.3;527.7;558.5;563.4;1;780
2319827;AM;;;1;1;1;1;535.5;570.6;570;549;1;920
111033;DF;;;0;0;0;0;;;;;;
2203426;MG;;;0;0;0;0;;;;;;
3394417;ES;;;0;1;1;0;;414.6;436.9;;1;460
3200173;PA;;;0;0;0;0;;;;;;
3788304;SP;4;1;1;1;1;1;504.2;508.2;478.1;628.8;1;780
556772;SP;;;1;1;1;1;550.1;602.4;599.4;704.1;1;800
3259345;RS;;;1;1;1;1;524.2;589.5;565.7;412.8;1;560
3180994;SP;;;1;1;1;1;373.3;395.2;411;575.9;1;480
2940530;PA;;;0;0;0;0;;;;;;
4072837;BA;;;0;0;0;0;;;;;;
176520;PA;2;1;1;1;1;1;383.9;404;409.4;380.8;1;640
2642068;RS;;;1;1;1;1;448.2;415.7;451.9;482.4;1;480
3081328;BA;;;1;1;1;1;495;478.3;444.6;462;1;680
867142;ES;;;1;1;1;1;418.7;516.6;494.4;404.2;1;420
2636;ES;;;1;1;1;1;431.4;424;520.7;505.5;1;700
3883254;RJ;;;0;0;0;0;;;;;;
2888376;PE;;;0;0;0;0;;;;;;
3153429;BA;;;1;1;1;1;386.5;402.8;461.3;421.5;1;580
1147311;BA;;;1;1;1;1;408.9;465;546.9;415.7;1;580
66856;AM;;;0;0;0;0;;;;;;
618180;AM;;;1;1;1;1;406.2;521.3;511;467;1;540
4004941;PR;;;0;0;0;0;;;;;;
2253024;PE;;;1;1;1;1;595.7;611.9;583.6;613;1;580
1522448;SC;2;1;0;0;0;0;;;;;;
2979093;RO;4;1;0;0;0;0;;;;;;
3619122;SP;2;1;0;1;1;0;;537.5;532.5;;1;580
2737705;ES;;;0;0;0;0;;;;;;
840270;PB;4;1;1;1;1;1;621.8;640.8;624.3;798.5;1;960
3891700;SC;;;1;1;1;1;523.6;534.7;560;581.1;1;760
2833605;PE;;;1;1;1;1;424.1;488.1;497.7;410.6;1;320
1424799;RJ;2;2;0;1;1;0;;465.9;464.8;;1;400
567399;SP;;;0;0;0;0;;;;;;
1637224;RJ;;;1;1;1;1;519;576.9;576;419.2;1;680
3588238;RS;;;0;0;0;0;;;;;;
2037253;PR;;;1;1;1;1;599.8;555;533.2;567.2;1;440
1263702;CE;2;1;1;1;1;1;465.5;565;538.7;398.7;1;640
162301;PB;;;0;0;0;0;;;;;;
4316526;RS;;;1;1;1;1;466.4;432.2;530.9;429.5;1;840
878926;BA;;;1;1;1;1;513.7;512.5;565.5;411.1;1;420
2877388;CE;;;1;1;1;1;429.3;530.4;532.5;607;1;660
3146238;PA;;;1;1;1;1;442.6;414.2;469.9;455.7;1;660
4078639;MS;2;1;0;0;0;0;;;;;;
2119967;MT;;;1;1;1;1;367.4;456.5;477.9;426.7;1;500
2197689;GO;4;1;1;1;1;1;460.4;377.2;462.9;387.8;1;660
2025172;RJ;;;1;1;1;1;450;457;526.3;521.1;1;440
2460317;SP;2;1;1;1;1;1;459.7;514.5;563.7;517.2;1;640
3214182;MS;4;1;1;1;1;1;568.7;570.9;500.8;506.8;1;720
288534;RN;;;0;1;1;0;;373.9;495.7;;8;0
2641347;SP;;;1;1;1;1;595.9;475;562.7;849.6;1;700
3204517;BA;;;1;1;1;1;504.6;406.2;373.4;473.8;1;440
1379689;RS;;;1;1;1;1;458.6;529.9;566.1;530.6;8;0
3807643;RN;1;1;1;1;1;1;508.1;630.3;567.2;437.7;1;640
2304389;MS;;;0;0;0;0;;;;;;
3172128;MG;1;1;1;1;1;1;595.8;616.9;600.6;697;1;720
1396181;BA;;;0;0;0;0;;;;;;
2515501;BA;2;2;1;1;1;1;479.1;470.2;465.4;416.9;1;500
3276722;PE;2;1;0;0;0;0;;;;;;
597258;PE;;;0;0;0;0;;;;;;
1186650;SP;2;1;1;1;1;1;480.6;521.6;522.2;615.8;6;0
2403709;SP;;;0;0;0;0;;;;;;
708760;PE;;;1;1;1;1;448.9;418.6;420.1;401.4;1;460
1532199;BA;;;0;0;0;0;;;;;;
1742661;BA;2;1;1;1;1;1;435.2;531.2;523.3;469.1;1;820
3597682;CE;;;1;1;1;1;498.6;603.3;586.3;455.1;1;760
3276394;PE;;;1;1;1;1;422.8;365.2;461.4;426.8;1;620
1442822;MA;;;1;1;1;1;465.1;456.2;463.5;396.6;1;700
6404;BA;;;0;0;0;0;;;;;;
4197291;MA;;;0;0;0;0;;;;;;
3050323;MA;;;1;1;1;1;425.1;469.1;539.8;377.1;1;860
4297918;DF;;;0;0;0;0;;;;;;
3671363;SP;4;1;1;1;1;1;459.9;380.1;533.2;533.1;1;680
2242636;MG;;;1;1;1;1;511.9;396.2;414;492.5;1;420
1831792;PE;2;1;1;1;1;1;403.2;427.3;453.8;413.2;4;0
3512362;PR;2;1;1;1;1;1;455.9;472.7;517.3;532.4;1;640
2894151;PI;;;0;0;0;0;;;;;;
2560674;SP;;;1;1;1;1;445.3;562;550;633.6;1;680
3263670;TO;2;1;1;1;1;1;453.1;423.6;377.5;413.1;1;620
2884444;AM;;;1;1;1;1;415.4;467.4;480.2;419;1;800
3096340;BA;;;1;1;1;1;503.2;525.9;536.3;543;1;740
2718736;SP;4;1;1;1;1;1;659.9;684.9;672.9;709.4;1;900
546359;SP;4;1;1;1;1;1;527.3;558.2;603.5;694.3;1;760
3572236;PE;2;1;0;0;0;0;;;;;;
316874;RS;;;1;1;1;1;478.9;569.6;544.5;382.5;1;780
1155818;MG;;;0;1;1;0;;572;557.2;;1;620
1532597;SP;;;1;1;1;1;555;512.5;593.2;566.5;1;520
2641230;RJ;4;1;1;1;1;1;607.5;654.1;610.3;699.3;1;820
250061;PA;;;1;1;1;1;483.2;410.9;495.5;453.9;1;620
1926500;RJ;;;1;1;1;1;456.9;470.9;468.9;393.7;1;740
2516501;RJ;;;1;1;1;1;544.8;555;569.9;416.4;1;580
197029;GO;;;1;1;1;1;591;662.3;622.2;591.5;1;840
1421401;RO;;;1;1;1;1;537.9;530;503;644.1;1;620
2169429;RS;;;0;0;0;0;;;;;;
268172;RS;;;0;0;0;0;;;;;;
4121066;SE;;;1;1;1;1;557.3;477.7;498.6;455.6;1;580
3181678;PI;;;0;0;0;0;;;;;;
3116846;RS;;;1;1;1;1;523.9;544.8;557.7;384.5;1;760
4284188;RJ;;;0;0;0;0;;;;;;
14776;PA;2;1;1;1;1;1;466.7;511.8;500.2;390.6;1;580
3282956;SC;2;1;0;0;0;0;;;;;;
1422380;RJ;;;0;0;0;0;;;;;;
2260767;SP;;;1;1;1;1;448.5;505;526.7;437.4;1;880
822212;PE;;;1;1;1;1;440.7;487.5;521;386.3;1;540
799996;PA;2;1;1;1;1;1;503.4;346.6;457;414.7;1;680
1088358;CE;2;1;1;1;1;1;485.7;591;562.6;553.9;1;740
2031504;PE;2;1;1;1;1;1;471.2;527.8;503.6;427.2;1;880
135277;PE;;;1;1;1;1;401.9;388.5;365.1;386.2;1;520
3604582;ES;2;1;0;1;1;0;;347.7;389.7;;4;0
432767;RS;2;1;1;1;1;1;440;591.1;594.3;500.9;1;880
3097920;PA;;;1;1;1;1;463.1;450.1;477.6;621.5;1;700
683522;RJ;4;1;1;1;1;1;621.8;672;584.4;729;1;880
201096;MG;1;1;1;1;1;1;567.8;521.6;564.8;698.1;1;720
4228908;SP;;;1;1;1;1;531.4;556.8;569.7;578.9;1;800
3877810;SP;2;1;1;1;1;1;448.7;456.6;481.3;409.6;1;320
2683145;PE;;;1;1;1;1;488.4;454.6;353.7;410.1;1;540
1696276;SC;2;1;1;1;1;1;544.6;513.8;527.8;626;1;580
623502;BA;2;1;1;1;1;1;359.7;410.7;475.1;488.6;1;560
2358113;MG;2;1;1;1;1;1;595.7;582;580.3;633.6;1;860
278864;RS;;;1;1;1;1;456.7;450.3;502.8;451.5;1;620
756723;AP;2;1;1;1;1;1;500.4;565.5;592.2;580.2;1;700
2285732;MA;2;1;1;1;1;1;596.2;676.4;564.6;694.1;1;860
2842121;BA;;;1;1;1;1;484.7;438.1;538;436.3;1;760
2325388;GO;2;1;0;0;0;0;;;;;;
2613707;SP;2;1;0;0;0;0;;;;;;
1712859;CE;;;1;1;1;1;431.9;499.1;535.9;416.3;1;820
2832114;MG;;;1;1;1;1;531;563.8;569.1;571;1;880
3635499;MT;;;0;0;0;0;;;;;;
3465799;RS;;;1;1;1;1;521.5;574.8;579.3;639.4;1;920
2263591;SP;2;1;1;1;1;1;443.9;537.1;559.2;565.1;1;520
4266636;RS;;;0;0;0;0;;;;;;
344597;SP;;;0;0;0;0;;;;;;
2045106;SP;;;0;0;0;0;;;;;;
139040;MA;2;1;1;1;1;1;403.6;506.5;486;382.9;1;800
1225753;RS;;;1;1;1;1;608.2;606.9;599.1;662.1;1;860
2424457;DF;;;1;1;1;1;463;544.9;559.9;611;1;480
689998;BA;;;0;0;0;0;;;;;;
4068767;AL;;;0;0;0;0;;;;;;
680342;SP;2;1;1;1;1;1;421.9;461.2;530.3;488.1;1;740
458414;GO;2;1;1;1;1;1;502.7;594.3;499.3;606.2;1;880
3743712;PE;2;1;1;1;1;1;511.2;515.6;552.2;402.5;1;620
2195514;RJ;;;1;1;1;1;554.4;628.2;589.5;554;1;660
311955;MA;2;1;1;1;1;1;436.9;469;487.4;385.6;1;600
68612;SE;;;1;1;1;1;375.4;524.2;499.4;432.7;1;880
1043649;GO;2;1;1;1;1;1;419.3;518.3;496.1;477.1;1;480
4193110;SP;;;1;1;1;1;501;414.9;426.4;421.1;1;560
4032276;PB;;;1;1;1;1;542.8;675.3;647.3;643.8;1;520
207801;PR;;;0;0;0;0;;;;;;
526497;GO;;;1;1;1;1;522.8;585.8;588.9;561.1;1;860
2991064;RS;;;1;1;1;1;416.6;540;578;614.7;1;960
2396276;BA;2;1;1;1;1;1;435.2;423.1;412.4;382;1;640
3522253;GO;;;1;1;1;1;519;546.7;597.3;530.2;1;820
2944551;RS;;;0;0;0;0;;;;;;
3869775;SC;4;1;0;1;1;0;;514.6;579.3;;1;740
4076765;PA;;;0;0;0;0;;;;;;
375879;SP;4;1;1;1;1;1;495.2;402;525.7;550.7;1;760
311872;RJ;2;1;1;1;1;1;411;422.3;437.2;460.1;1;480
138846;SP;;;1;1;1;1;630.5;709.4;664.7;710.5;1;800
2707032;MG;2;1;1;1;1;1;421.9;390.8;379;415.5;1;400
3366027;MG;;;1;1;1;1;618.9;650.2;658.4;821.7;1;840
1780612;BA;2;1;1;1;1;1;454.2;571.3;522.7;563.3;1;640
3496544;PI;;;1;1;1;1;447.4;576;598.9;647.7;1;640
363133;RN;;;1;1;1;1;543.6;521.3;555;510;1;640
3538778;PA;;;1;1;1;1;529.8;523.7;590.7;537.3;1;900
652915;SE;;;1;1;1;1;470.5;579.2;587.8;420.7;1;620
624229;SP;;;1;1;1;1;504.8;409.4;574.9;411.9;1;600
248550;SP;4;1;1;1;1;1;512.4;507.7;527.2;483.3;1;680
1984787;PR;2;1;1;1;1;1;448.6;505.2;531.4;593.2;1;480
1947403;AP;2;1;1;1;1;1;491.4;536;572.2;499.8;1;780
3218437;PR;;;1;1;1;1;437.8;377.5;443.4;471.9;1;680
907819;MS;;;1;1;1;1;443;611.5;572.4;589.7;1;480
3739397;MG;;;1;1;1;1;502.2;518;560.1;507;1;640
248957;PR;;;1;1;1;1;612.6;672.7;607.4;719.2;1;900
141012;SP;;;1;1;1;1;509.6;397.5;463;384.4;1;520
472058;RJ;2;1;0;0;0;0;;;;;;
40335;AM;2;1;1;1;1;1;447.1;533.7;568.7;470.5;1;600
1067802;PB;2;1;1;1;1;1;499;371.1;446.7;486.1;1;600
3877079;BA;2;1;0;0;0;0;;;;;;
1893649;RS;2;1;1;1;1;1;413.3;549;522.5;642;1;800
3024015;PA;2;1;1;1;1;1;471;581.1;562.5;534.9;1;740
4212213;MG;;;0;0;0;0;;;;;;
3186320;MA;2;1;1;1;1;1;441.6;411.3;486.6;407.2;1;680
2802664;RS;;;1;1;1;1;634.2;643.7;637.8;719.1;1;900
1533013;AL;2;1;1;1;1;1;363.9;408.3;406.4;443.4;1;580
2883628;TO;4;1;1;1;1;1;594.3;646.6;620.4;738.5;1;920
3262507;SP;2;1;0;0;0;0;;;;;;
1644181;SP;2;1;1;1;1;1;438.4;534.2;482.1;464.9;1;740
2153592;GO;2;1;1;1;1;1;425;503.1;519.4;455;1;860
269566;RO;;;1;1;1;1;514.4;376.8;413.9;450.9;1;600
1828786;PB;;;1;1;1;1;528.7;575.9;541.9;659.3;1;940
2743540;MG;4;1;1;1;1;1;671.6;716.8;638.7;769.3;1;920
1943275;CE;;;1;1;1;1;592.6;669.1;651.8;751.5;1;920
1068740;CE;2;1;1;1;1;1;551.2;544.6;579.9;502.9;1;480
63482;PA;;;1;1;1;1;520.2;559.6;575.3;477.6;1;880
1652457;CE;;;1;1;1;1;350.7;399.3;463.9;446.3;1;580
1484492;MA;;;1;1;1;1;437.5;380.8;415.3;556.3;1;560
3284309;MS;;;1;1;1;1;473.9;535.6;569.4;442.6;1;700
2359684;AC;2;1;1;1;1;1;411.7;561.4;548.9;464.4;1;560
1951964;PR;2;1;0;1;1;0;;570.1;584.8;;1;620
792885;SP;;;1;1;1;1;489.3;437.3;506.5;427.7;1;500
258432;PA;;;0;1;1;0;;397.9;472.6;;1;540
2209051;MA;;;0;0;0;0;;;;;;
1648100;MG;2;1;1;1;1;1;387.9;446.4;480.7;460.8;1;620
385842;RS;;;1;1;1;1;506.3;537.4;518.5;566;1;840
1747665;GO;2;1;0;0;0;0;;;;;;
2198980;BA;2;1;1;1;1;1;515;602.1;555.7;568.4;1;560
1640117;BA;;;1;1;1;1;629.2;663.9;572.5;687.6;1;820
818697;PE;;;1;1;1;1;451.2;481.6;429.3;420.5;1;600
2867178;SP;;;0;0;0;0;;;;;;
678612;PI;;;1;1;1;1;405.4;435.7;470.3;423;1;600
1618750;RJ;;;0;0;0;0;;;;;;
3680994;PB;;;1;1;1;1;553.2;585.6;563.8;544.2;1;780
395678;AL;;;0;1;1;0;;527.4;543.3;;1;480
2772368;PB;;;0;0;0;0;;;;;;
2690377;RO;;;1;1;1;1;444.8;643.6;602.1;497.9;1;760
888106;AL;;;1;1;1;1;513.8;546.3;547.6;550.1;1;800
2021522;SP;4;1;1;1;1;1;488.4;506;426;521.3;1;680
481116;RN;;;0;0;0;0;;;;;;
1984194;GO;;;0;1;1;0;;467.2;418.1;;1;460
377379;AC;;;1;1;1;1;418;340.2;501.4;538;1;640
3760463;PA;;;1;1;1;1;397.7;433.6;412.1;384;1;480
3605899;SP;;;1;1;1;1;441.6;525.5;537.7;442.8;1;480
127516;SP;;;1;1;1;1;558.3;532.5;575.6;670.6;1;680
4153548;RS;;;1;1;1;1;482.5;592.8;628.8;489.1;1;860
2489205;PA;;;0;0;0;0;;;;;;
203790;BA;2;1;1;1;1;1;469.9;524.4;523.8;542;1;740
3691250;SP;;;1;1;1;1;592.7;634.6;451.7;705.2;1;800
3836397;RJ;;;0;0;0;0;;;;;;
3832124;AM;2;2;0;0;0;0;;;;;;
4024646;PE;;;1;1;1;1;519.3;540.8;527;575.7;1;580
482124;BA;2;1;0;0;0;0;;;;;;
1476758;SP;;;1;1;1;1;388.4;401.6;401.3;456.6;1;380
3906525;RJ;;;1;1;1;1;462.2;592;592.3;555.3;1;860
2021032;RS;2;1;1;1;1;1;524.1;581.9;590.9;469.4;1;680
3509121;SP;2;1;1;1;1;1;429.4;531.6;541.9;472.2;1;560
3457676;PE;2;1;0;0;0;0;;;;;;
1283562;CE;2;1;0;0;0;0;;;;;;
1399495;CE;;;0;1;1;0;;537.1;541.8;;4;0
1090023;SC;4;1;0;0;0;0;;;;;;
990887;PB;2;1;1;1;1;1;391.8;452.8;441.3;412.3;3;0
3468225;MG;2;1;1;1;1;1;495;549.1;522.1;386.6;1;560
3009863;RJ;;;0;0;0;0;;;;;;
2141777;MG;;;0;0;0;0;;;;;;
3280514;GO;2;1;0;0;0;0;;;;;;
563177;CE;2;1;0;0;0;0;;;;;;
183185;RJ;2;1;1;1;1;1;408.1;548.5;550.6;440.2;1;900
191855;BA;;;1;1;1;1;459.1;519.9;538.8;590.2;1;880
2600218;SP;4;1;1;1;1;1;530.4;583;568.9;531;1;600
922468;SE;;;0;0;0;0;;;;;;
3335219;RJ;;;1;1;1;1;563.5;413.4;557.3;651.8;1;880
1102628;CE;2;1;0;0;0;0;;;;;;
2901264;SC;2;1;1;1;1;1;601;603.5;560.6;443.3;1;640
2393576;MA;2;1;1;1;1;1;372.2;482.3;471.6;399.9;1;540
396426;PA;;;1;1;1;1;472.8;505.2;543.1;624.3;1;560
665588;CE;;;1;1;1;1;460.8;521.1;516.3;431.5;1;640
329326;SC;;;0;0;0;0;;;;;;
1323748;MG;;;1;1;1;1;417.3;517.2;510.7;379.4;1;380
1811777;PB;;;0;0;0;0;;;;;;
226917;BA;2;1;1;1;1;1;368.5;415.2;413.2;381.7;1;460
2345666;PR;2;1;1;1;1;1;494.1;468.6;508.9;470.8;1;520
4213035;RS;;;0;0;0;0;;;;;;
121243;PE;;;1;1;1;1;447.9;441.4;508.6;546;1;560
3786188;ES;;;1;1;1;1;574.7;584.3;522.8;506.1;1;440
3884478;SP;2;1;0;0;0;0;;;;;;
3220510;CE;;;1;1;1;1;635.7;680.8;627.8;742.9;1;920
3213504;RS;;;1;1;1;1;343.7;451.5;481.1;392.6;1;320
3000417;CE;;;1;1;1;1;387.2;521.3;543.2;582.9;1;760
2048696;RJ;4;1;1;1;1;1;590.6;653;637;672.2;1;800
2619060;MG;2;1;1;1;1;1;591.7;657;628.3;736.2;1;780
810951;RS;;;0;0;0;0;;;;;;
3813807;PR;;;1;1;1;1;561.7;515;566.2;600.5;1;660
2118054;GO;;;1;1;1;1;410;517.4;517.7;503.3;1;720
4151870;AM;;;1;1;1;1;653.6;689.9;630.1;767.7;1;920
2127593;PR;;;1;1;1;1;453.3;507.9;487.4;450.7;1;500
2588717;RS;;;0;0;0;0;;;;;;
1802679;BA;2;1;1;1;1;1;447;559.9;565.1;392.2;1;820
1754185;SP;4;1;1;1;1;1;570.6;604.7;559.8;700.2;1;840
78982;RO;2;1;1;1;1;1;528;453.6;470.8;392.5;1;560
3391898;SP;;;1;1;1;1;674.6;696.2;658.2;746.7;1;900
1427889;AM;;;0;0;0;0;;;;;;
1340911;MS;2;1;1;1;1;1;415.6;510.9;537.9;461.2;1;760
3505010;RN;;;1;1;1;1;426.6;370.3;330.2;391.5;1;520
3982388;RS;;;0;0;0;0;;;;;;
3917233;SP;;;1;1;1;1;512.3;596.9;580.8;608.5;1;540
1931260;SP;4;1;1;1;1;1;553;579.7;617.6;623.1;1;780
749419;RN;2;1;1;1;1;1;456.2;422.5;487.4;412;1;600
522760;CE;;;1;1;1;1;426.7;460;487.3;457.3;1;920
418151;ES;;;1;1;1;1;602.1;683.5;644.7;727.9;1;860
2140862;SP;;;1;1;1;1;546.6;533.5;553.8;487.3;1;360
4159881;PR;2;1;0;1;1;0;;569.8;597.2;;1;380
3191762;SE;2;1;1;1;1;1;452.8;567.8;503.4;459.7;1;940
2490893;SE;2;1;1;1;1;1;408.6;429.3;531;430.2;1;560
4188215;SP;;;0;0;0;0;;;;;;
1818915;PI;2;1;1;1;1;1;445.3;451.4;490;459.1;1;760
3168294;RN;;;1;1;1;1;483.3;485;549.4;610;1;960
968616;MT;;;0;0;0;0;;;;;;
2436701;RJ;;;1;1;1;1;489.7;447.7;500.8;425.9;1;520
1831277;CE;;;0;0;0;0;;;;;;
3089005;GO;;;1;1;1;1;407.3;479.2;416.9;402.6;1;500
3382857;CE;;;1;1;1;1;556.7;591.5;580.7;507.9;1;640
2461538;SP;4;1;0;0;0;0;;;;;;
2635451;SP;;;1;1;1;1;669.6;633.6;613;704.4;1;680
335769;BA;2;2;1;1;1;1;418;507;518;405.6;1;600
3432650;SP;;;0;0;0;0;;;;;;
548598;RN;;;0;0;0;0;;;;;;
2078529;RS;2;1;1;1;1;1;459.9;509.5;551.8;456.8;1;940
790509;ES;;;1;1;1;1;575.5;620.9;684.1;612.4;1;720
4169435;MA;2;1;1;1;1;1;457.6;392.3;482;422.7;1;740
2558295;MA;;;1;1;1;1;501.5;562.4;546.4;720;1;900
695145;RJ;4;1;1;1;1;1;412.4;520.1;514.9;436;1;580
3726068;GO;;;1;1;1;1;401.8;549.7;439.3;410.9;1;860
4182701;GO;;;1;1;1;1;489.3;530.5;526.2;495.8;1;840
2651375;GO;;;0;0;0;0;;;;;;
2844644;PE;;;1;1;1;1;518.7;498.2;571.4;625.7;1;500
2007413;SC;;;1;1;1;1;415.2;452.5;502.3;423.8;1;440
3143908;AM;2;1;1;1;1;1;465.8;522.2;482;393.5;1;440
1079382;MS;2;1;1;1;1;1;355.5;319.3;406.6;486.9;1;560
1246793;RS;;;0;0;0;0;;;;;;
1351592;RJ;;;1;1;1;1;553.3;651.3;623.2;438.4;1;600
3078742;GO;;;1;1;1;1;435.5;554.7;562.2;618.8;1;640
2730692;GO;2;1;0;0;0;0;;;;;;
2848476;PB;;;1;1;1;1;546.9;388.4;453.2;439.1;1;480
3485132;RR;;;1;1;1;1;377.6;414.4;361;384.4;1;440
1799743;RJ;;;1;1;1;1;438.7;426.4;430.5;417.4;4;0
109326;SP;2;1;1;1;1;1;527.3;440.5;556.5;403.9;1;520
4007759;MS;2;1;0;0;0;0;;;;;;
324080;RJ;;;1;1;1;1;620.2;514.6;550;420.3;1;680
2442776;GO;;;1;1;1;1;536.9;581.7;592.7;621.6;1;720
3310785;MG;;;1;1;1;1;443.5;460.4;502.3;379.6;1;600
1985078;SP;;;1;1;1;1;600.1;532.7;561.4;493.6;1;400
328684;SP;;;0;0;0;0;;;;;;
1273375;CE;;;1;1;1;1;576.6;613.9;579.8;642.3;1;740
1401187;SP;;;1;1;1;1;499.4;565.9;555.2;592.9;1;820
3074139;PA;;;1;1;1;1;401.7;582.2;564.6;430.7;1;400
1968062;CE;4;1;1;1;1;1;679.4;703.3;606.6;811.8;1;940
804603;MT;;;0;0;0;0;;;;;;
2925527;MG;;;0;0;0;0;;;;;;
2849150;PA;;;0;1;1;0;;514.6;503;;1;560
2006279;BA;;;1;1;1;1;682;719.2;721.7;879;1;940
919885;CE;2;1;1;1;1;1;559.9;586.6;593;659;1;800
371213;SP;2;1;1;1;1;1;513.7;290.2;501.2;643.5;1;540
1554016;PA;2;1;1;1;1;1;528.3;530.4;552.7;539.5;1;640
2412692;GO;2;1;1;1;1;1;429.8;500.6;474.1;460.1;1;600
2076258;SP;;;1;1;1;1;423.4;570.9;580.8;387.7;1;500
3177656;PA;;;0;0;0;0;;;;;;
2695889;PB;2;1;1;1;1;1;485.6;369.4;410.1;400.5;1;520
1986377;MA;1;1;1;1;1;1;604.3;588.7;541.4;659.9;1;720
2011985;MG;;;1;1;1;1;530.2;475.7;534.2;491;1;660
1602884;MG;;;1;1;1;1;416.1;375.8;413.7;397.9;1;200
798074;SP;2;1;1;1;1;1;507.5;547.2;551.1;517.5;1;640
1340276;RJ;;;0;0;0;0;;;;;;
389727;MT;2;2;1;1;1;1;545.2;521.7;506.2;554.7;1;840
3723484;SC;4;1;0;0;0;0;;;;;;
1472577;GO;;;1;1;1;1;577.6;487.7;538.9;489.9;1;580
906147;SP;2;1;1;1;1;1;479.9;442.8;448.2;470.1;1;480
567211;RJ;4;1;1;1;1;1;473.9;562.2;561.1;652.5;1;800
1014402;PB;;;1;1;1;1;431;567.2;513.5;398.8;1;860
1548869;RS;;;0;0;0;0;;;;;;
15783;CE;2;1;1;1;1;1;497;463.8;305.5;430.3;3;0
1667125;PB;;;1;1;1;1;402.3;520.9;539.7;392.8;1;420
3737237;DF;;;1;1;1;1;448.7;461.7;480.3;597.9;1;540
2938176;MG;;;1;1;1;1;624.5;614.5;538.3;663.9;1;860
1359402;RJ;;;0;0;0;0;;;;;;
3764259;MA;;;1;1;1;1;450.9;364.9;431.6;409.9;1;560
178974;RJ;4;1;1;1;1;1;462.6;535.9;581.7;626.5;1;640
2614501;MG;;;1;1;1;1;493.7;552.4;571.3;546.5;1;500
367000;MA;;;0;1;1;0;;519.2;515;;1;580
4309456;SP;;;0;0;0;0;;;;;;
1922134;AL;;;0;0;0;0;;;;;;
2077028;RJ;;;1;1;1;1;471.9;502.7;542.4;447.3;1;760
2532182;MA;;;1;1;1;1;605.6;659.4;606.8;735.1;1;700
3451689;MT;2;1;0;0;0;0;;;;;;
3548047;PB;;;1;1;1;1;502.3;551.7;541.6;412.2;1;460
2629947;PA;;;1;1;1;1;578.9;637.3;546.6;437.6;1;440
3884191;MA;;;0;0;0;0;;;;;;
2763035;RS;;;1;1;1;1;560.6;576.6;598.2;487.3;1;440
345238;RO;2;1;1;1;1;1;419.5;450.6;491.1;417.5;1;580
2808058;PA;;;0;0;0;0;;;;;;
1099458;PA;;;1;1;1;1;498;443;358.5;440.4;4;0
4266178;BA;;;1;1;1;1;523.7;524.5;562.4;396.7;1;520
1376718;BA;4;1;1;1;1;1;427.2;369.2;499.5;390;1;880
2053846;PB;;;1;1;1;1;600.7;645.4;632.5;676.1;1;960
2249090;PE;;;0;0;0;0;;;;;;
1214151;RJ;;;1;1;1;1;484.9;358.3;359.6;581;1;520
3728015;RJ;2;1;1;1;1;1;343.3;449.5;457.5;400;1;560
3760846;PE;;;1;1;1;1;484.3;488.2;513.4;629.4;1;760
1494999;SP;;;0;0;0;0;;;;;;
1085794;MA;;;1;1;1;1;390.9;476.2;492.8;382.6;1;440
1184032;SP;;;1;1;1;1;411;589.4;574.7;406.3;1;540
3891191;MG;;;1;1;1;1;469.5;365.1;444.4;481.3;1;400
4050787;MT;;;1;1;1;1;548.6;646.2;570.2;445.2;1;820
1519138;BA;;;1;1;1;1;559.6;676.4;656;664.8;1;940
243917;PI;2;1;1;1;1;1;426.2;488.6;511.6;395.8;1;640
897556;PB;;;1;1;1;1;669.4;742.4;648.6;797.5;1;940
1593355;RN;2;1;1;1;1;1;539.3;631.5;624.8;686.7;1;880
894399;BA;;;1;1;1;1;507.3;600.8;545.2;644.3;1;540
4036149;RS;;;0;0;0;0;;;;;;
2909204;SP;2;1;1;1;1;1;480.3;421.4;548.8;606.8;1;700
2588356;RS;;;1;1;1;1;490.4;518.1;503.4;527.4;1;460
1067124;RS;4;1;1;1;1;1;612.4;584.3;547.2;720.4;1;880
2839215;SP;;;1;1;1;1;628.9;662.6;588.6;627;1;900
2666965;GO;2;1;0;0;0;0;;;;;;
4177928;AP;;;0;0;0;0;;;;;;
3139901;SP;2;1;0;0;0;0;;;;;;
457010;SP;;;0;1;1;0;;518.6;565.4;;1;400
3034893;BA;;;1;1;1;1;525.2;505.2;517.8;546.1;1;640
2038353;MG;;;1;1;1;1;427.4;446.7;487.3;412.6;1;560
2526985;RJ;;;1;1;1;1;368.8;370.7;502.9;463;1;680
3995645;SC;;;1;1;1;1;540.3;455.9;580.7;555.1;4;0
1543714;PB;2;1;1;1;1;1;365.6;461.8;439.6;392.6;1;680
1172132;CE;2;1;0;0;0;0;;;;;;
2959431;AP;;;0;0;0;0;;;;;;
313420;PE;;;1;1;1;1;625.8;586.2;571.1;703.8;1;820
4061747;RJ;;;1;1;1;1;618.9;620.6;570.6;552.6;1;640
2078682;SP;2;1;1;1;1;1;554.8;559.4;545.7;682.1;1;840
1420231;BA;;;0;0;0;0;;;;;;
14108;SP;2;1;0;1;1;0;;342.7;365.8;;1;480
2657756;RS;;;0;0;0;0;;;;;;
2061961;AP;;;1;1;1;1;410.2;436.1;490.7;507.6;1;400
2308552;MG;;;1;1;1;1;545.7;535.4;576.9;460.5;1;580
3073634;MG;;;1;1;1;1;411.7;467.6;527.5;397.9;1;420
2344939;PA;2;1;1;1;1;1;533.8;551.7;580.5;577.9;1;840
555434;SP;4;1;1;1;1;1;490.9;551.9;564.3;472.9;1;860
1953274;MG;;;0;0;0;0;;;;;;
4081101;SP;;;1;1;1;1;537.3;559.2;576.6;403.1;1;860
2642374;SP;;;1;1;1;1;526.2;0;587.6;598.7;1;800
3973679;MG;2;1;0;0;0;0;;;;;;
2504924;CE;;;1;1;1;1;450.2;498.2;513.9;457.6;1;560
554087;CE;;;1;1;1;1;414.8;343.8;430.3;384.7;1;600
3352603;PE;2;2;0;0;0;0;;;;;;
153664;PA;2;1;0;0;0;0;;;;;;
1443925;SP;;;1;1;1;1;539.3;460.5;405.9;470.8;1;480
2337625;MA;;;1;1;1;1;356;390.9;482.1;512.1;1;660
2504656;PE;;;0;0;0;0;;;;;;
3114763;AL;;;1;1;1;1;452.3;522;470.9;550.4;1;480
725854;PE;;;1;1;1;1;509.8;484.1;544.4;434.4;1;920
25287;RJ;;;0;0;0;0;;;;;;
4201831;PB;;;0;0;0;0;;;;;;
1386952;PE;;;1;1;1;1;461.1;426.4;556.2;664.6;1;800
1169825;AL;;;0;0;0;0;;;;;;
484162;TO;;;1;1;1;1;463.2;570.2;552.5;576.1;1;700
850694;PE;;;1;1;1;1;450.6;529.5;515.7;445.6;1;800
4060626;PE;;;0;0;0;0;;;;;;
1447189;MA;;;1;1;1;1;460.1;395.1;444.1;489.7;1;720
3033367;PA;;;0;0;0;0;;;;;;
2140678;PR;2;1;1;1;1;1;548.5;440.1;521.4;510.5;1;560
1481437;MG;;;1;1;1;1;628.5;644.9;596.3;761.5;1;880
4260242;AP;;;1;1;1;1;509.9;574.7;591.9;434.1;1;820
4258196;PR;;;0;0;0;0;;;;;;
1326856;ES;;;1;1;1;1;497.2;466.3;527.9;437.3;1;780
432795;MA;2;1;1;1;1;1;423.5;439.7;501.8;386.6;1;680
4083613;PA;;;0;0;0;0;;;;;;
671411;MA;;;1;1;1;1;439.7;366.1;373.3;415.2;6;0
1636395;BA;;;0;0;0;0;;;;;;
3052974;CE;;;0;0;0;0;;;;;;
3905307;SC;;;1;1;1;1;539.3;487.9;491.5;485.2;1;620
3511133;MG;;;1;1;1;1;412.3;487.3;523.8;414.2;1;620
3276999;MS;2;1;0;0;0;0;;;;;;
696204;ES;;;1;0;0;1;443.4;;;458;;
834487;RS;2;1;1;1;1;1;522.1;611.2;608.4;663;1;940
161949;RS;2;1;1;1;1;1;425.7;458;485.2;443.6;1;520
3502603;SP;;;1;1;1;1;600.2;580.8;537.7;616.9;1;920
655586;BA;2;1;1;1;1;1;449.9;378.6;430.7;484.2;3;0
2124917;BA;;;1;1;1;1;380.6;417.6;333.1;398.3;1;420
2259285;PA;;;0;1;1;0;;481.1;426.8;;1;540
3698972;MA;;;1;1;1;1;505.5;435.3;514.7;457.2;1;440
3295793;PA;;;0;0;0;0;;;;;;
63627;RN;;;1;1;1;1;463.4;650.5;590.1;711.7;1;820
383355;RO;;;1;1;1;1;577.3;471;549.1;448.8;1;580
3588886;MG;;;1;1;1;1;366.3;592.1;543;455.1;1;600
3662678;MA;;;0;0;0;0;;;;;;
467087;PR;1;1;1;1;1;1;502.4;547.6;500.6;723.6;1;740
1422445;RJ;;;1;1;1;1;549.3;660.3;633.9;712.1;1;840
2894088;BA;;;1;1;1;1;515.9;556.2;559.1;591.1;1;960
4103771;RJ;;;0;1;1;0;;504.9;517.9;;1;440
886766;PA;;;0;0;0;0;;;;;;
1951377;DF;4;1;1;1;1;1;515.6;624.1;586.7;614;1;820
2478596;PR;;;1;1;1;1;567.1;661.8;636.3;638.6;1;740
1863221;PA;2;1;1;1;1;1;573.4;544.4;552.3;400.2;1;440
3701805;PI;;;1;1;1;1;495.3;422.5;431.5;378.8;4;0
387644;PE;;;1;1;1;1;471.2;460.1;531.5;411.2;1;640
1189978;PA;2;2;1;1;1;1;461;403.7;454.9;457.8;1;520
2901986;SP;;;1;1;1;1;635.6;655.9;605.2;753.8;1;920
3387003;RJ;2;1;1;1;1;1;412.4;503.6;500.3;398.8;1;400
879587;TO;1;2;1;1;1;1;365.8;384;435.7;487.1;1;600
4308171;AP;;;0;0;0;0;;;;;;
2370392;BA;;;1;1;1;1;689.1;652;627.8;822.1;1;800
3482837;PR;;;1;1;1;1;449.5;428;524.9;496.7;1;920
1358973;MS;;;0;0;0;0;;;;;;
2827761;RS;;;1;1;1;1;581.1;628.9;617.9;603.9;1;660
646844;CE;;;0;0;0;0;;;;;;
1858153;BA;;;0;0;0;0;;;;;;
1722248;PA;;;1;1;1;1;406.4;359.1;386.2;404;1;320
956452;PE;;;0;0;0;0;;;;;;
2075594;SP;4;1;1;1;1;1;502.9;581.9;566.4;511.7;1;920
3076750;CE;;;0;0;0;0;;;;;;
3962154;PA;;;1;1;1;1;414.7;592.4;508.6;396.7;1;760
2283353;MG;;;1;1;1;1;605.8;382.1;602.8;522.5;1;700
1101220;PA;;;1;1;1;1;549.8;571.7;555;494.8;1;500
1135807;SP;2;1;1;1;1;1;427.6;519.9;538.3;431.9;1;620
1584699;SP;2;1;0;1;1;0;;555.2;536.6;;1;560
1897051;AM;;;1;1;1;1;467.3;595.7;554.8;387.2;1;600
4325369;RS;;;1;1;1;1;502.9;569.1;521.2;400.2;1;500
635915;MS;;;1;1;1;1;599.4;611.9;596.8;569.1;1;780
1028217;RJ;2;1;0;0;0;0;;;;;;
2657590;CE;;;1;1;1;1;555.1;495.9;560.8;754.4;1;700
2912454;CE;;;0;1;1;0;;380.2;418.5;;1;320
3384074;MA;2;1;0;0;0;0;;;;;;
1602819;RJ;;;0;0;0;0;;;;;;
3983391;SP;2;1;1;1;1;1;360.2;388.1;409.1;414;1;480
577170;RJ;;;1;1;1;1;474.9;551.3;564.5;524.9;1;880
2325918;PB;2;1;1;1;1;1;374.1;442.3;504.7;411.7;1;340
1084264;RN;2;1;1;1;1;1;524.9;557.9;543.6;600.8;1;780
591011;BA;;;0;0;0;0;;;;;;
2739950;RJ;;;0;0;0;0;;;;;;
750599;CE;2;1;1;1;1;1;439.5;510.1;545.4;582.6;1;940
354811;RJ;2;1;0;0;0;0;;;;;;
1514302;MA;2;1;1;1;1;1;424.9;586.5;545.8;452.7;1;720
2132240;BA;;;1;1;1;1;484.6;457.6;474.4;422;1;540
592120;AL;2;1;1;1;1;1;404.1;506.4;365.6;484.9;6;0
1169727;BA;;;1;1;1;1;485.8;566.6;564.6;545.4;1;720
1281390;CE;2;1;1;1;1;1;426.4;348.7;471.1;390.1;1;500
3693191;SP;;;0;0;0;0;;;;;;
2107303;RJ;1;1;1;1;1;1;565.7;663.1;602.7;637.1;1;900
2183454;SP;4;1;1;1;1;1;593.6;608.5;620.3;662.6;1;720
1877937;SE;2;1;0;0;0;0;;;;;;
653429;PB;;;1;1;1;1;622.4;651.9;565.6;677.1;1;360
3186088;PE;4;1;1;1;1;1;561.9;636.2;613.2;690.7;1;880
789838;BA;;;1;1;1;1;402.6;457.4;506.8;402.3;1;560
3799856;ES;;;0;1;1;0;;419;504;;4;0
2045503;ES;;;1;1;1;1;662.9;577.6;592.3;767.9;1;920
1960522;PR;;;0;0;0;0;;;;;;
931911;SP;;;1;1;1;1;504.2;550.2;553.6;527.2;1;600
1818388;MG;1;1;1;1;1;1;451.8;476;457.1;452.6;1;900
3986814;SP;2;1;1;1;1;1;576;620.7;582.1;489;1;580
2006008;MA;4;1;1;1;1;1;659.9;629.2;667.4;796.1;1;980
2797729;PE;4;1;1;1;1;1;616.6;629.5;613.9;721.7;1;860
1158820;SP;2;1;1;1;1;1;501.6;496.6;579.7;527.4;1;600
1882697;SP;2;1;1;1;1;1;529.7;583.2;579.5;623.8;1;800
2553891;RJ;;;1;1;1;1;636;625.8;604.6;661;1;560
3642590;CE;;;0;0;0;0;;;;;;
868877;RJ;2;1;1;1;1;1;504.8;460;525.1;390.4;1;520
2778041;CE;;;0;0;0;0;;;;;;
2374211;PB;;;1;1;1;1;582.7;584.9;531.4;501.9;1;860
353876;MA;4;1;1;1;1;1;684.8;660.9;572.1;726.8;1;940
2133955;ES;2;1;1;1;1;1;577.8;584.4;538.9;633.2;1;680
4158971;BA;;;1;1;1;1;378;360.4;514;482.3;4;0
1792000;MA;;;1;1;1;1;471.7;363.8;506.3;391;1;640
3326910;BA;;;1;1;1;1;488.9;468.5;367.5;491.3;1;380
820196;MG;2;1;1;1;1;1;563.4;426.9;432.1;442.4;1;400
1785496;RN;2;1;1;1;1;1;512.3;610.9;653;530.1;1;840
194903;GO;2;1;1;1;1;1;497.7;414.7;511;441.9;4;0
713110;SP;2;1;1;1;1;1;395.8;444.1;396.8;395.3;1;540
511776;AC;;;1;1;1;1;467;490.6;519.2;417;1;620
4054758;PA;;;0;0;0;0;;;;;;
2701808;SP;4;1;1;1;1;1;641.1;615.8;578.7;766.5;1;920
1658243;PE;;;1;1;1;1;504.6;516.4;538;446.4;1;940
3164067;SP;2;1;1;1;1;1;549.2;496;499.6;474.7;1;480
3930194;MG;;;1;1;1;1;556;534.8;549;667;1;500
3098667;SP;;;1;1;1;1;505;463;531.9;614.6;1;540
810706;TO;;;0;0;0;0;;;;;;
477955;PI;;;1;1;1;1;666.5;637.9;602.5;766.5;1;960
635732;PI;;;1;1;1;1;482.8;611.7;541.2;490.6;1;520
2335371;MG;;;0;0;0;0;;;;;;
2789814;PR;2;1;1;1;1;1;470.9;358.2;445;439.5;1;360
2669591;PA;2;1;1;1;1;1;420.3;483;494.8;558.3;1;440
1900031;PE;2;1;1;1;1;1;487.1;489.6;427.6;418.9;1;720
1999332;PE;;;1;1;1;1;511.6;549.5;538;517.8;1;560
1805049;GO;;;0;0;0;0;;;;;;
3953411;BA;;;1;1;1;1;469.4;571.9;572.1;444.5;1;760
37780;PE;;;1;1;1;1;365.2;507.3;512;487.1;1;660
4078661;MG;;;1;1;1;1;447.5;506.2;497;382.5;1;420
2830168;BA;;;0;0;0;0;;;;;;
1306085;MA;;;0;0;0;0;;;;;;
405400;MA;;;1;1;1;1;455.5;520.1;568.9;499;1;840
1843578;PR;2;1;1;1;1;1;461.8;550.2;551.3;580.4;1;680
1559163;RN;;;0;0;0;0;;;;;;
223217;SE;2;1;1;1;1;1;447.1;580.7;546.2;455.2;1;580
2802567;PE;;;0;0;0;0;;;;;;
613115;RS;2;1;1;1;1;1;452.5;473.7;532.7;617.4;1;540
4115194;PR;;;0;0;0;0;;;;;;
3382116;MG;;;0;0;0;0;;;;;;
2064130;SP;;;0;0;0;0;;;;;;
556296;BA;;;1;1;1;1;401.3;393.3;450.8;447.3;1;400
3863961;RN;;;1;1;1;1;564.6;678.1;562.1;684;1;620
1278649;RJ;2;1;1;1;1;1;465.9;472.2;491.7;483.2;1;680
2613656;GO;;;0;0;0;0;;;;;;
439697;RJ;;;0;0;0;0;;;;;;
1448777;MG;;;1;1;1;1;371.7;428.4;441.3;573.2;1;540
3646886;PE;;;0;0;0;0;;;;;;
220816;RJ;2;1;1;1;1;1;529.8;443.1;510.2;424.6;1;680
1560232;MG;4;1;0;1;1;0;;440.2;483.4;;1;680
1340090;PI;2;1;1;1;1;1;507.7;504.8;520.9;594.5;1;820
1354397;ES;;;1;1;1;1;603.2;597;560.7;770.8;1;860
1703810;PI;2;1;0;0;0;0;;;;;;
300116;RJ;;;1;1;1;1;650;724.9;618.1;698.6;1;940
301666;PI;;;0;0;0;0;;;;;;
2866612;BA;;;0;0;0;0;;;;;;
2023373;MG;;;1;1;1;1;449.2;536.3;547.4;533;1;720
4014441;MA;;;1;1;1;1;354.9;422.9;426.7;596.8;1;540
1201895;PR;2;1;1;1;1;1;406.9;479.5;512.3;482.9;1;660
2357919;CE;;;1;1;1;1;559.7;416.7;505.6;634.5;1;760
2766203;CE;2;1;1;1;1;1;408.7;536;512.3;462.9;1;560
1777515;SP;;;1;1;1;1;560.6;630.6;633.9;598.9;1;840
1352147;SC;2;1;1;1;1;1;502.1;533;564.7;539.1;1;760
2298764;MG;2;1;1;1;1;1;511.4;476.1;486.6;435;1;760
3466142;SP;;;0;0;0;0;;;;;;
1044081;CE;;;1;1;1;1;370.5;481.2;498.5;442.8;1;760
1218992;SP;2;1;1;1;1;1;458.7;473.3;516.7;502.4;1;640
4305947;MT;;;0;0;0;0;;;;;;
2405196;SP;2;1;1;1;1;1;482.2;388.2;437.5;391.9;1;480
3910492;ES;;;1;1;1;1;413.2;382.3;494.9;395.9;1;640
3162642;PA;;;0;0;0;0;;;;;;
646122;AM;2;1;1;1;1;1;495;513.8;516.4;630.6;1;800
2895594;DF;2;1;1;1;1;1;550.5;496;576.1;489.9;1;680
2949061;PR;;;0;0;0;0;;;;;;
3147127;BA;;;1;1;1;1;432.6;452;413.3;449.2;1;440
3912325;MA;2;1;1;1;1;1;437.1;398.7;437.8;482.1;1;660
524738;PI;2;1;1;1;1;1;507.1;468.6;489.7;486.6;1;640
4086977;AP;2;2;1;1;1;1;358.2;484.6;435.2;385.5;1;400
437444;PR;2;1;0;0;0;0;;;;;;
1830391;SE;2;1;1;1;1;1;357.4;434.9;379.3;401.6;1;880
3385135;SP;2;1;0;0;0;0;;;;;;
3919895;MA;;;0;0;0;0;;;;;;
2732304;SC;;;1;1;1;1;587.6;601.9;609.1;624.1;1;580
2297842;MT;;;0;0;0;0;;;;;;
2431207;SC;2;1;1;1;1;1;385.3;460.2;540.3;442.4;1;540
2943134;GO;;;0;0;0;0;;;;;;
3166088;MG;;;0;0;0;0;;;;;;
1887495;PI;;;1;1;1;1;519.1;544.9;563.9;577.3;1;620
4167930;SP;;;1;1;1;1;457.9;548.3;550.1;638.2;1;680
65861;RS;;;1;1;1;1;421.9;409.2;421.3;518.6;1;620
4190643;RS;;;0;0;0;0;;;;;;
820474;MG;2;1;1;1;1;1;463;453.5;515.1;416.8;1;680
106570;SP;2;1;1;1;1;1;576.5;593.1;584.3;574.3;1;840
1077265;PE;;;1;1;1;1;375.3;501.7;493.8;487.4;1;340
2425614;MG;;;0;1;1;0;;418.5;398.1;;1;220
3901426;PI;;;0;0;0;0;;;;;;
1124598;PB;;;1;1;1;1;598.9;636.7;600;625.6;1;720
93167;SP;2;1;1;1;1;1;445;571.8;577.4;398.5;1;440
2731939;SP;;;1;1;1;1;535.7;565.5;568.3;566;1;660
2897698;MG;;;1;1;1;1;406.2;546.5;566.2;546.8;1;700
2131288;SP;;;1;1;1;1;529.5;593.6;578.1;540.2;1;660
3444237;CE;;;0;1;1;0;;293.9;455.4;;1;860
2601368;SP;2;1;1;1;1;1;532.7;416.3;598.2;685.1;1;700
3887052;DF;;;1;1;1;1;521;517.8;523.5;408.2;1;640
341095;PB;2;1;1;1;1;1;454.8;489.3;507.7;639.8;1;640
1764779;RS;2;1;1;1;1;1;421.1;510;516.2;613.5;1;620
359861;RS;;;1;1;1;1;474.4;504.9;524.3;457.4;1;440
1951374;PB;;;1;1;1;1;441.1;432.8;357.7;445;1;620
3954523;RN;;;0;1;1;0;;423.6;473.4;;1;360
126932;ES;2;1;1;1;1;1;423.7;510.7;585;469.2;1;660
563584;SP;2;1;1;1;1;1;557.4;631.3;601.6;611.3;1;940
1043100;CE;2;1;0;0;0;0;;;;;;
3522154;SE;;;0;1;1;0;;369.8;372.5;;1;440
161001;MA;;;0;0;0;0;;;;;;
282714;BA;;;1;1;1;1;350.9;370.1;497.8;429.2;1;800
608672;MG;;;0;0;0;0;;;;;;
1690724;PA;;;0;1;1;0;;461;555.8;;1;640
1975285;RS;2;1;1;1;1;1;541.8;590.8;587.9;558.8;1;700
4122648;ES;;;1;1;1;1;519.5;521.7;531;521.3;1;920
575893;AM;2;1;1;1;1;1;548.1;522.8;533.9;622.4;1;900
3921040;RS;;;1;1;1;1;527;553.3;614;417.1;1;400
3741166;RS;;;0;0;0;0;;;;;;
1164410;BA;;;0;0;0;0;;;;;;
4177357;SP;;;1;1;1;1;546.8;539.9;556.4;568.4;1;340
3939135;SP;;;1;1;1;1;653.6;605.2;605.5;673;1;880
1514741;TO;2;1;1;1;1;1;414.9;352.6;397.1;543;1;640
2050672;PI;2;1;1;1;1;1;411.9;459.7;482.2;410.8;4;0
1371078;SC;2;1;1;1;1;1;651.9;671.4;653.4;871.8;1;780
3992979;BA;;;1;1;1;1;601.6;702.9;606.5;615.3;1;640
2421214;CE;2;1;1;1;1;1;588.6;550;545.5;638.9;1;680
1329774;SE;2;1;1;1;1;1;461.5;298.5;354.5;411.2;1;480
595947;CE;;;1;1;1;1;412.3;470.7;444.5;411.6;1;580
3580917;SP;4;1;1;1;1;1;509.8;516.9;474.2;380.7;1;780
883638;SP;;;1;1;1;1;550.9;614.8;584.1;615.2;1;760
3635158;RS;;;0;0;0;0;;;;;;
3728825;AL;;;0;1;1;0;;516.6;543.5;;1;540
2275761;GO;;;1;1;1;1;395.4;408.1;385.2;424.4;1;500
785127;RS;;;0;0;0;0;;;;;;
2479652;PA;;;1;1;1;1;438.5;486.1;487.5;571;1;480
2228354;RN;;;1;1;1;1;522.8;545.1;499.4;652.4;1;940
4120118;MA;;;1;1;1;1;529.8;596.1;593;515.1;1;500
4107570;RS;;;1;1;1;1;597.7;656.3;643.1;646.7;1;720
2656081;MG;4;1;1;1;1;1;655.5;681.3;629.5;703.8;1;900
3689641;PE;;;1;1;1;1;489.4;544;535.8;476.9;1;520
2353398;BA;;;1;1;1;1;560.6;617.4;571.1;667.4;1;560
1985203;CE;;;0;0;0;0;;;;;;
1167458;PB;;;0;0;0;0;;;;;;
2208282;SP;;;1;1;1;1;627.2;581.5;626.4;762.8;1;860
2698523;MG;;;0;0;0;0;;;;;;
3241546;MG;2;1;0;0;0;0;;;;;;
3065741;MG;;;0;0;0;0;;;;;;
2760549;PE;2;1;1;1;1;1;489.8;597.8;581.5;457.2;1;820
4010066;RN;;;0;1;1;0;;520.7;567.8;;4;0
1131462;RJ;2;1;1;1;1;1;535.4;535.3;564.9;429.7;1;640
326548;RJ;;;0;1;1;0;;411.1;441.3;;1;300
2277594;PR;;;1;1;1;1;620.4;607.3;597.4;643.9;1;880
4156945;ES;2;1;0;0;0;0;;;;;;
2089507;SC;4;1;1;1;1;1;495.3;575.5;568.6;534.7;1;780
2518872;MG;;;0;1;1;0;;640.7;617.7;;1;940
994892;PA;2;1;1;1;1;1;401.6;410.2;484.1;549.5;1;800
69509;PB;;;1;1;1;1;572.2;660.2;604;749.2;1;880
1959621;MG;4;1;1;1;1;1;744.3;722.5;647.3;841.4;1;920
2587797;DF;;;1;1;1;1;486.5;581;498.7;427.8;1;400
2023340;MG;4;1;1;1;1;1;623.2;667;597.8;808.4;1;900
3553469;SP;2;1;1;1;1;1;548.5;574.6;549.9;692.8;1;880
1402842;AL;2;2;1;1;1;1;457.9;392.2;344.1;419.6;1;600
6608;PR;2;1;1;1;1;1;440.2;589.3;556.4;457.9;1;520
2485199;MT;;;1;1;1;1;486.1;532.5;521.1;597.2;1;880
984896;RN;4;1;1;1;1;1;534.1;356.5;473;514.5;1;820
2576373;SP;4;1;1;1;1;1;576.4;580.7;560.1;654.8;1;520
3752534;RS;;;0;0;0;0;;;;;;
3656254;SC;;;1;1;1;1;513.1;572.9;560;657;1;680
2239239;MG;;;1;1;1;1;424.3;505.6;595.2;675.2;1;800
2505517;GO;;;1;1;1;1;467.5;432.5;537.9;483.7;1;760
1398369;TO;;;1;1;1;1;442.9;450.9;470.4;429;1;720
2649023;RJ;2;1;1;1;1;1;421.2;373.8;471.3;391.8;1;540
3751292;MG;;;1;1;1;1;605.5;654.6;570;893.6;1;880
4091223;SP;;;0;0;0;0;;;;;;
1397417;BA;2;1;1;1;1;1;477.9;465.7;521.7;477.5;1;380
2758934;DF;1;1;1;1;1;1;575;592.6;546.8;647.1;1;840
2282563;MA;;;1;1;1;1;543.2;485.7;451.9;432.5;1;440
241683;PI;;;0;0;0;0;;;;;;
3362855;PE;;;1;1;1;1;366;427.2;490.9;400.9;1;680
1527690;MT;;;1;1;1;1;480.7;478.1;543.6;523.9;1;640
2979850;PR;2;1;1;1;1;1;407.5;383.9;481.3;548.8;1;740
1850728;RJ;;;1;1;1;1;470.1;552.8;528.2;463.7;1;700
2449217;SE;;;1;1;1;1;391.8;432.8;390.2;442.3;1;280
2956614;DF;2;1;1;1;1;1;626.4;647.3;613.1;602.6;1;740
498320;RS;2;1;1;1;1;1;573.3;586.3;601.8;588.8;1;900
890588;BA;;;1;1;1;1;371.1;384.8;503.1;401.1;1;380
1482041;CE;;;1;1;1;1;482.7;591.7;559.8;472.2;1;680
36976;SP;2;1;1;1;1;1;430.5;515.6;550.6;478.1;1;700
3378385;BA;;;1;1;1;1;406.1;357.7;398.4;463.6;1;640
2960999;ES;;;1;1;1;1;435.2;489;497.2;576.4;1;640
3489708;PB;;;1;1;1;1;425.4;428.5;428.6;419.5;1;900
3991202;PA;;;0;0;0;0;;;;;;
303807;PB;;;1;1;1;1;401.5;503.8;519.1;517.8;1;940
244299;BA;1;1;1;1;1;1;641.5;606.2;574.8;723.3;1;680
2948258;BA;2;1;0;0;0;0;;;;;;
1520886;AM;;;0;0;0;0;;;;;;
3604175;SP;;;1;1;1;1;584.6;644.1;598.9;557.4;1;800
1943573;SP;4;1;1;1;1;1;578.7;499.1;553.3;559.3;1;700
872304;GO;;;1;1;1;1;724.3;738.7;614;879.9;1;900
396527;BA;2;1;1;1;1;1;496.9;382.6;554.7;568.6;1;600
3176704;MG;;;1;1;1;1;532.5;532.5;504;496.4;1;680
4222147;RO;;;0;0;0;0;;;;;;
2640901;MG;2;1;1;1;1;1;475.9;463.4;500.6;454.5;1;640
2416270;AM;2;1;1;1;1;1;516.4;502.3;475.7;465.8;1;620
3584187;BA;;;1;1;1;1;484.7;499.3;580.5;463.7;1;500
3828803;RS;;;0;0;0;0;;;;;;
4109138;MG;;;1;1;1;1;517;428.9;512.9;407.6;4;0
2772016;SP;4;1;1;1;1;1;464.4;535.3;552.5;656.4;1;760
282884;MG;;;1;1;1;1;562.1;690;592.9;618.2;1;840
645630;RN;;;1;1;1;1;426.5;471.9;538.9;491.6;1;540
1994625;PA;;;1;1;1;1;595.2;495.4;444.4;506;1;600
4071310;RS;;;0;0;0;0;;;;;;
3810914;PA;4;1;1;1;1;1;392.9;517;491.1;578.9;1;680
3744919;PA;2;2;0;0;0;0;;;;;;
2486861;MS;;;0;0;0;0;;;;;;
779246;ES;;;1;1;1;1;409.5;632.4;568.5;667.2;1;680
2869824;MG;4;1;1;1;1;1;660.2;717.1;747.8;807.3;1;940
2917224;PR;;;0;0;0;0;;;;;;
1324969;RJ;;;0;0;0;0;;;;;;
3933176;MG;;;1;1;1;1;494.1;456.8;571.2;487.4;1;440
3424105;MG;;;1;1;1;1;464.7;531.7;442.3;446.4;1;860
2469647;MA;;;0;0;0;0;;;;;;
156512;GO;2;1;0;0;0;0;;;;;;
3517299;CE;1;1;1;1;1;1;473.4;568.1;555.5;518.4;1;580
1826269;MA;2;1;1;1;1;1;372.6;453.8;534.5;461.7;1;460
4280958;PB;;;0;0;0;0;;;;;;
2660925;PA;;;1;1;1;1;487.2;476.2;558.6;538.3;1;660
1472126;PB;2;1;1;1;1;1;480.3;544.8;525.6;534;1;880
2667326;SP;2;1;0;0;0;0;;;;;;
3158809;RJ;2;1;1;1;1;1;533.6;500.1;531;556.3;1;560
151433;RN;;;1;1;1;1;368.7;479.8;455.3;504.8;1;540
326679;ES;;;1;1;1;1;638.8;633.4;620;690.9;1;840
1954161;PI;;;1;1;1;1;388.5;402;474.8;455.5;1;580
1869680;AM;2;1;1;1;1;1;434.7;407.7;533.8;429;1;580
704229;DF;;;1;1;1;1;468.4;587.7;552.8;654.1;1;840
951393;DF;;;1;1;1;1;570.5;680.8;668.6;692.7;1;680
1876057;RJ;4;1;1;1;1;1;663.5;672.6;623;797.2;1;820
4191121;BA;;;1;1;1;1;472.3;520.9;496.3;486.3;1;540
1662271;MG;;;1;1;1;1;429;623.4;553.1;702.2;1;780
1217340;RN;;;1;1;1;1;474.3;487.4;492.5;388.3;1;560
2245766;BA;2;1;1;1;1;1;423.5;466.4;517;583.4;1;760
211979;CE;2;1;1;1;1;1;556.1;623.1;577.7;683.5;1;520
2841989;SP;;;1;1;1;1;425.7;483.2;524.1;632.8;4;0
3021991;PB;;;0;0;0;0;;;;;;
83925;GO;;;0;1;1;0;;389.4;426.1;;1;360
737528;PA;;;0;0;0;0;;;;;;
798424;RJ;4;1;1;1;1;1;661.2;579.8;584.8;718.3;1;640
319163;AM;;;1;1;1;1;434.1;410;501.3;387.2;1;480
4198424;PR;2;1;0;0;0;0;;;;;;
2878356;SP;4;1;1;1;1;1;695.9;581.4;617.1;651.9;1;680
1826822;GO;2;1;1;1;1;1;488;469.8;533.1;629.6;1;920
1153024;GO;2;1;1;1;1;1;486.3;504.5;493.9;382.8;1;680
2337066;SP;4;1;1;1;1;1;485.9;626.5;646.3;667.4;1;800
19946;SP;2;1;0;1;1;0;;508.4;578.1;;1;760
2862725;RS;;;1;1;1;1;461.7;536.8;504.5;532.3;1;580
1517908;PB;;;1;1;1;1;425.8;553;481.9;441.5;1;500
567822;SE;2;1;0;0;0;0;;;;;;
3434551;RJ;;;0;0;0;0;;;;;;
977120;CE;;;1;1;1;1;412.7;488.4;562.4;409.8;1;640
3824830;MG;;;1;1;1;1;619.9;567.3;577.9;659.2;1;640
988616;SP;2;1;1;1;1;1;508.5;562.6;574.8;523;1;520
3734684;TO;;;1;1;1;1;415.4;478.6;580.7;428.3;1;540
1607225;CE;;;1;1;1;1;446.1;528.1;546.9;538.6;1;880
4160157;RJ;2;1;1;1;1;1;393.6;463.2;493.7;402;1;560
1480036;AL;;;0;0;0;0;;;;;;
2417453;BA;2;1;1;1;1;1;384.8;455.5;503.2;537.8;1;560
468284;SP;;;0;0;0;0;;;;;;
2428649;PA;4;1;1;1;1;1;571.9;545.5;572.9;658.7;1;780
1227407;MG;;;0;1;1;0;;454.3;429.8;;1;440
3652009;MG;;;1;1;1;1;620.7;705.2;676.3;513.7;1;540
3642387;RN;;;1;1;1;1;399.7;379.6;411.3;448.9;1;280
2129242;PE;2;1;1;1;1;1;480.6;461.6;416.2;546.4;1;620
683237;SP;2;1;1;1;1;1;535.9;532.8;566.7;663.3;1;480
1455698;BA;;;1;1;1;1;528.6;581.6;581.8;467.6;1;480
3483344;BA;2;1;1;1;1;1;442.2;351.1;442.4;382.9;6;0
3928328;SP;2;1;0;0;0;0;;;;;;
4207246;SP;;;1;1;1;1;437.9;557.7;552.7;475;1;920
2454752;SP;4;1;1;1;1;1;538.9;523.9;495.4;576.8;1;640
2652654;SP;;;1;1;1;1;385.2;539.1;533.5;402.6;1;560
1159331;MG;;;1;1;1;1;410.6;388.7;419.8;454.9;1;700
3818590;MG;;;1;1;1;1;449.1;438.3;462.9;386.3;1;360
2384372;SP;2;1;0;0;0;0;;;;;;
3159359;SP;4;1;1;1;1;1;488.3;531.2;539.2;578.7;1;660
4131093;BA;;;0;1;1;0;;355.6;407.9;;1;360
2093483;PA;;;1;1;1;1;362.7;437.2;428.5;377.9;1;580
1169384;SP;;;1;1;1;1;605.8;622.1;597.2;689.5;1;760
17760;SE;;;1;1;1;1;453.4;429.4;488.3;397.8;1;480
2017347;PA;;;0;0;0;0;;;;;;
3615793;GO;;;0;0;0;0;;;;;;
803387;MA;;;1;1;1;1;466.4;518.3;538.8;552.4;1;540
1872466;MG;4;1;1;1;1;1;550.8;587.4;553.9;657;1;840
3731110;GO;4;1;0;0;0;0;;;;;;
3037267;DF;2;1;1;1;1;1;563.4;434.4;588;514.4;1;520
394801;RS;;;1;1;1;1;526.3;533.7;547.8;551.1;1;800
2908574;RJ;;;0;0;0;0;;;;;;
3025468;SP;;;1;1;1;1;573.2;591.3;595.9;676.6;1;840
874168;RN;2;1;1;1;1;1;479.8;457.4;532;462.5;3;0
2228314;AL;;;0;0;0;0;;;;;;
746653;SP;2;1;1;1;1;1;595.2;639.8;616.7;580.2;1;800
1862190;CE;;;1;1;1;1;489.3;564.8;617.7;609.1;1;600
3156881;SP;2;1;0;0;0;0;;;;;;
2704143;MG;;;0;0;0;0;;;;;;
1461870;PE;;;0;0;0;0;;;;;;
4091189;MG;;;1;1;1;1;478.3;588;613.2;588.9;1;700
2985973;MG;;;0;0;0;0;;;;;;
267111;BA;2;1;1;1;1;1;453.7;470.8;513.2;465.6;1;600
848256;PA;;;1;1;1;1;453.5;401.7;425.6;544.3;1;840
1389189;CE;;;0;0;0;0;;;;;;
2257788;GO;;;1;1;1;1;444.1;342.4;465;445.1;4;0
2274018;MA;2;1;0;0;0;0;;;;;;
2235546;PR;;;1;1;1;1;500;545.5;557.4;519.8;1;740
2329746;MG;;;1;1;1;1;395.1;461.9;485.9;506.1;1;480
1701687;RN;2;1;1;1;1;1;354.8;495.9;491.8;495.8;1;440
1489311;SP;;;1;1;1;1;564.5;581.9;568.4;627.4;1;800
3646140;PA;;;0;0;0;0;;;;;;
1807559;RR;;;1;1;1;1;621.1;575.9;574.3;742.8;1;800
994847;MA;;;1;1;1;1;535;584.6;527.7;522.8;1;720
2049471;CE;;;0;0;0;0;;;;;;
2684899;RJ;;;1;1;1;1;571.8;594.8;581.3;697.6;1;900
1997752;PR;;;1;1;1;1;505.8;515.4;531.2;404.3;1;440
3991152;RJ;;;1;1;1;1;559.3;561.3;569.1;550.5;1;580
270709;RJ;4;1;1;1;1;1;439.4;517.1;512.5;460;1;600
1053070;MG;;;1;1;1;1;592.2;673.2;596.3;676;1;920
3930605;SP;;;1;1;1;1;534.9;581.1;581;681.5;1;960
2254400;PA;;;1;1;1;1;423.7;479.3;551.6;513.5;1;720
2389112;CE;;;1;1;1;1;562.8;592.3;583.3;631.2;4;0
452375;PE;;;1;1;1;1;378.2;490.6;479.7;387.2;1;500
999194;CE;;;0;0;0;0;;;;;;
1783406;RS;;;0;0;0;0;;;;;;
1011669;RJ;;;0;1;1;0;;429.7;436.4;;1;540
442758;CE;2;1;1;1;1;1;404;374.9;400.8;472.2;1;340
871769;MT;;;1;1;1;1;516.8;533.9;555;477.8;1;540
1622984;SP;2;1;0;0;0;0;;;;;;
1890221;MA;;;0;0;0;0;;;;;;
1053213;PB;2;1;1;1;1;1;407.7;412.9;430.9;507.5;1;620
2447781;MG;;;1;1;1;1;555.5;648.1;595.1;675.7;1;600
2600505;RJ;4;1;1;1;1;1;657.4;643.1;638.5;760.3;1;760
1526744;SP;2;1;1;1;1;1;496.7;578.7;543.6;558.4;1;680
1134178;AP;;;0;1;1;0;;563;556.6;;1;560
3657944;RJ;2;1;0;0;0;0;;;;;;
1128523;CE;;;1;1;1;1;659.2;731.9;618.3;762.8;1;860
3666960;PA;2;1;0;0;0;0;;;;;;
3715225;PA;;;1;1;1;1;394.1;350.6;492;467.9;1;600
95524;CE;2;1;1;1;1;1;411.8;462.9;448.8;503.1;1;940
1700430;PA;;;1;1;1;1;506;431;433.1;418.1;1;560
2982935;RJ;;;1;1;1;1;448.1;454.9;568;617.6;1;660
1772800;SP;;;1;1;1;1;543.1;488.8;535.6;612.4;1;640
3353532;AM;2;1;0;0;0;0;;;;;;
3139590;DF;;;0;0;0;0;;;;;;
2149922;BA;1;1;1;1;1;1;498.4;581.8;544.4;507.8;1;660
4055109;RJ;;;1;1;1;1;578.5;624.9;531.6;499.7;1;560
145030;MG;2;1;1;1;1;1;557.2;607.8;572.1;680.7;1;880
566508;CE;2;1;1;1;1;1;542.4;514.9;533.9;607;4;0
2802215;PE;;;1;1;1;1;521.7;552.2;628;594.9;1;740
2964445;GO;2;1;0;0;0;0;;;;;;
3394745;SP;2;1;0;0;0;0;;;;;;
3912284;BA;;;1;1;1;1;535.4;566.1;516.8;695.3;1;700
1329535;MA;;;1;1;1;1;458.1;511.9;510.4;412.8;1;580
1801378;PI;2;1;1;1;1;1;595.3;564.4;563.8;787.9;1;860
1980830;RJ;;;0;0;0;0;;;;;;
2539422;MG;;;1;1;1;1;599.3;557.7;619.2;691.5;1;860
1571307;DF;2;1;1;1;1;1;360.8;341.2;528;481.8;1;680
2132319;PA;;;1;1;1;1;395.9;481.2;408.8;383.3;1;640
3608582;DF;;;1;1;1;1;561.8;634.7;596.6;829.2;1;860
1016136;PR;2;1;1;1;1;1;465.1;421.3;501.7;503.3;1;520
321104;BA;2;1;1;1;1;1;392.7;421.3;526;495.8;1;860
1404632;PA;;;0;0;0;0;;;;;;
2446328;BA;;;0;0;0;0;;;;;;
2287314;PI;;;1;1;1;1;385;463.5;468.2;405.1;1;700
287582;RJ;;;1;1;1;1;571.1;663.4;604.2;551.2;1;900
1812054;AL;;;1;1;1;1;431.1;367.2;461.1;488.4;1;560
224549;BA;2;1;1;1;1;1;479;525.1;556.5;594.2;1;880
3751398;MS;;;1;1;1;1;536.6;466.6;388.3;528.3;1;600
140098;CE;2;1;1;1;1;1;436.4;367.2;429.6;409.5;1;580
3604420;MG;;;1;1;1;1;500.9;533.2;537.1;564.2;1;600
3195810;RJ;2;1;1;1;1;1;389.3;528;507.8;396.1;1;540
364664;DF;;;1;1;1;1;623.1;650;611.4;629.9;1;840
1232199;PE;2;1;1;1;1;1;480.9;469.6;591.3;617.2;1;840
487381;PA;2;1;1;1;1;1;398.6;378.3;406.7;510.1;1;520
3897212;PE;;;0;1;1;0;;445.9;498.8;;1;500
2264690;MG;;;1;1;1;1;594.7;619.3;610.8;654.6;1;880
98662;ES;;;1;1;1;1;642.4;618.3;617.4;665.5;1;800
1913088;MA;;;0;0;0;0;;;;;;
639445;SC;2;1;1;1;1;1;498.5;551.9;583.1;489.4;1;600
3292837;RN;2;1;1;1;1;1;488.1;372.6;370.4;383.5;1;740
1455676;MG;;;1;1;1;1;450.7;469.9;509.1;521.7;1;800
1336038;MA;;;0;0;0;0;;;;;;
319586;RS;;;0;0;0;0;;;;;;
1467275;RS;;;1;1;1;1;624.8;659;638.9;745.9;1;900
467164;RJ;;;1;1;1;1;378;505.5;483.6;434.9;1;840
1203365;PB;2;1;1;1;1;1;433.1;433.4;339.6;465.5;4;0
2650059;GO;;;1;1;1;1;547.4;623.3;578.2;473.2;1;680
2588029;SP;;;1;1;1;1;619.7;589.8;601.7;671.4;1;900
2757212;SP;2;1;0;0;0;0;;;;;;
4072278;RS;;;1;1;1;1;482.1;462.3;534.1;552.1;1;760
3876214;RJ;;;1;1;1;1;560.9;654.2;586.4;681.4;1;440
934076;SP;2;1;1;1;1;1;393.7;492.7;481.2;399.8;1;580
1220320;PI;;;1;1;1;1;463;437;488.2;429.3;1;480
4272298;RS;;;1;1;1;1;401.4;424;533.8;376.3;1;460
564091;CE;2;1;0;0;0;0;;;;;;
4207743;RO;;;0;1;1;0;;424.7;426.8;;1;540
2494671;MA;;;1;1;1;1;351.4;410.5;451.4;440.8;1;560
1563697;SC;2;1;0;0;0;0;;;;;;
3006623;CE;;;1;1;1;1;470.4;507.1;539.1;470.9;1;540
2171721;PB;;;1;1;1;1;399.7;386.8;525.8;555.2;1;760
3480264;PR;2;1;1;1;1;1;548.7;555.4;592.4;739.3;1;600
1363064;AM;2;1;1;1;1;1;407.1;364;416.5;420.7;1;800
3634222;MG;;;1;1;1;1;635;668.6;614.8;836.7;1;560
191540;SP;2;1;1;1;1;1;467.6;492.2;455.6;419.3;1;660
2577945;AM;2;1;0;0;0;0;;;;;;
3028488;GO;2;1;0;0;0;0;;;;;;
1882929;RS;;;0;0;0;0;;;;;;
2464529;MG;;;1;1;1;1;517.3;548.5;569.4;512.7;1;620
3567112;GO;;;1;1;1;1;391.2;549.6;530.3;497.4;1;840
1374442;RJ;;;0;1;1;0;;532.1;561.2;;1;560
1350471;PA;;;0;0;0;0;;;;;;
3985958;BA;;;0;0;0;0;;;;;;
4224394;BA;;;0;0;0;0;;;;;;
17269;BA;;;1;1;1;1;589.7;651.9;651;628.4;1;660
1355840;PA;2;1;0;0;0;0;;;;;;
3642511;MG;;;1;1;1;1;494.2;542;544.6;622.5;1;400
2064124;AM;2;1;1;1;1;1;478;392.5;509.1;475.8;3;0
700468;SE;;;1;1;1;1;484.3;568.6;592.1;425;1;600
2749256;GO;2;1;1;1;1;1;382.3;410.6;444.6;465.6;1;520
2573263;MT;;;1;1;1;1;548.1;614.7;641.1;652.8;1;900
2913536;MG;2;1;1;1;1;1;453.3;513.4;527.8;521.9;1;720
3677097;RJ;2;1;0;0;0;0;;;;;;
91537;BA;2;1;1;1;1;1;382.1;426;401.7;423.7;6;0
139221;SE;2;1;1;1;1;1;375.2;431;498;437.9;4;0
4056012;SC;2;1;1;1;1;1;574;612.3;560.7;574.9;1;520
1601036;SC;2;1;1;1;1;1;516.6;561.9;518;427.6;1;720
2641810;CE;;;1;1;1;1;466.7;511.2;507.7;406.3;1;500
656088;MG;2;1;0;0;0;0;;;;;;
2002908;PA;;;1;1;1;1;506.6;572.2;536.4;422.6;1;720
166366;ES;;;0;0;0;0;;;;;;
531600;BA;;;1;1;1;1;464.1;591;633.2;555.2;1;620
667545;MG;;;1;1;1;1;417.1;479.3;497.8;431.4;1;780
3131914;PA;;;1;1;1;1;390.9;361.1;337.4;481.4;1;460
2533805;SP;;;1;1;1;1;384.5;383.3;482.3;490;1;660
2617892;BA;;;1;1;1;1;400.9;553.4;396.7;419.7;1;740
2395428;PE;;;1;1;1;1;585;656.9;681.8;665.2;1;660
2059446;BA;;;0;0;0;0;;;;;;
177732;RJ;;;1;1;1;1;422.4;347;424.2;500.7;1;520
994564;BA;;;1;1;1;1;415.3;584.1;498.5;380.2;1;680
18936;MG;2;1;1;1;1;1;441.2;449.4;517.8;434.3;1;680
2023145;PE;;;1;1;1;1;396.3;619.7;525.2;496.3;1;860
79794;SC;2;1;0;1;1;0;;0;391.3;;4;0
296831;SP;;;1;1;1;1;435.7;447.6;564.9;444.4;1;740
4273185;MT;;;0;0;0;0;;;;;;
4186868;RJ;;;0;1;1;0;;508.8;432.3;;1;460
915620;PA;;;0;0;0;0;;;;;;
4220240;MG;;;0;0;0;0;;;;;;
3292564;MG;;;1;1;1;1;628.6;289.5;608.3;650.2;1;600
59622;PB;;;0;0;0;0;;;;;;
1640;MG;2;1;1;1;1;1;483.4;483;543.4;401.3;1;520
2607396;MG;;;1;1;1;1;461.1;511.6;502.1;521.9;1;680
2912574;SP;;;0;0;0;0;;;;;;
2018298;SP;2;1;1;1;1;1;459.8;540.6;559.8;448.5;1;680
1693234;DF;2;1;1;1;1;1;506.8;543.8;536.9;601.2;1;740
2859054;SP;;;1;1;1;1;482.5;379.2;494.1;388.7;1;400
226908;RS;4;1;1;1;1;1;578.3;569.6;589.3;435;1;880
1887325;DF;;;0;2;2;0;;;;;;
3583260;RS;1;2;1;1;1;1;565.4;577.7;541.4;568.7;1;720
1565441;AM;2;1;1;1;1;1;465.7;535.6;587;511.9;1;640
3680701;AP;2;2;0;0;0;0;;;;;;
4145746;RS;;;0;0;0;0;;;;;;
3191115;RN;;;0;1;1;0;;553.1;563.8;;1;480
1096938;SP;4;1;1;1;1;1;574.2;393.3;401.5;662.2;1;620
1754330;SP;;;0;0;0;0;;;;;;
3475425;RO;2;1;1;1;1;1;481.1;433.4;441.8;486.3;8;0
3164825;PB;;;0;0;0;0;;;;;;
3172762;SE;;;1;1;1;1;380.5;440.8;548.3;515.7;1;780
1575883;CE;2;1;1;1;1;1;455.5;493.1;507.1;435;1;640
3456649;BA;;;1;1;1;1;468.1;555.6;561.2;629.7;1;400
4299170;PI;;;1;1;1;1;464.2;399.4;477.9;432.7;1;460
3186182;RN;;;0;1;1;0;;0;0;;4;0
3547512;SP;;;0;0;0;0;;;;;;
1204182;PE;;;0;0;0;0;;;;;;
941917;MG;2;1;0;1;1;0;;402.3;528.3;;4;0
3684804;SP;2;1;0;0;0;0;;;;;;
4192757;PA;2;1;1;1;1;1;433.4;350.2;429.7;409;1;560
3071846;BA;;;1;1;1;1;476.1;410;452.5;413.1;1;480
2725181;RJ;;;0;0;0;0;;;;;;
3701337;PI;;;0;0;0;0;;;;;;
4073622;RJ;;;1;1;1;1;436.6;515.1;638.5;613.1;1;880
3263640;RO;;;1;1;1;1;561.4;499.2;426.6;681.1;1;480
436341;CE;2;1;1;1;1;1;651.7;674.9;625.2;846.7;1;920
3469903;CE;;;1;1;1;1;424.8;519.3;546.3;385.4;1;580
3445841;SP;2;1;1;1;1;1;388.1;469.3;492.3;463.8;1;540
1363228;PA;;;1;1;1;1;471.2;593.6;560.7;616.5;1;720
2598277;RS;;;0;0;0;0;;;;;;
3175736;RS;;;0;0;0;0;;;;;;
1468269;AM;;;1;1;1;1;549.3;628.7;542.6;716.2;1;440
4288083;BA;2;1;0;0;0;0;;;;;;
3933718;MA;2;1;0;0;0;0;;;;;;
1785353;MS;2;1;0;0;0;0;;;;;;
2607211;SC;;;1;1;1;1;736.4;726;605;823.6;1;780
1656502;MT;;;0;0;0;0;;;;;;
3379794;AC;;;1;1;1;1;429.3;440.4;460.8;410.7;1;440
4216773;PR;;;0;0;0;0;;;;;;
3228070;RJ;2;1;1;1;1;1;376.4;344.5;436.8;396;1;420
3469957;MG;2;1;0;0;0;0;;;;;;
3217232;BA;2;1;0;0;0;0;;;;;;
4268907;AL;;;1;1;1;1;519.2;446.6;484.4;508.8;1;600
2490802;SP;;;0;0;0;0;;;;;;
4123562;AM;;;0;0;0;0;;;;;;
2898930;SP;;;1;1;1;1;515.2;584.8;568.4;509.9;1;680
1709602;MG;;;1;1;1;1;606.4;628;560.6;707.1;1;920
4020710;SP;;;0;0;0;0;;;;;;
483246;MG;2;1;1;1;1;1;439.7;382.4;389.1;440.3;1;480
2493146;MA;2;1;1;1;1;1;387.2;457.1;433.8;443.2;1;500
3843173;SP;;;1;1;1;1;408.7;442.5;505.3;415.9;1;380
3857971;MG;;;0;0;0;0;;;;;;
3881059;SP;2;1;1;1;1;1;509.7;522.9;464.9;484.4;1;660
4254811;RS;1;1;1;1;1;1;619.6;571.2;592.6;657;1;680
4110217;AM;;;1;1;1;1;420.5;419.7;440.5;416.6;1;440
1714142;ES;;;1;1;1;1;576.3;482;532;459.5;1;500
2341826;MG;;;0;0;0;0;;;;;;
3042536;PI;2;2;0;0;0;0;;;;;;
2456953;AM;2;1;1;1;1;1;455.7;448.7;441.2;405.2;1;580
3105337;MG;2;1;1;1;1;1;511;516;502.7;507.8;1;680
286054;CE;;;1;1;1;1;388.2;506.8;429.9;482.4;1;420
109165;SC;2;1;1;1;1;1;577.2;578;576.9;477.9;1;680
1596812;RS;;;1;1;1;1;399.4;432.2;441.2;500.2;6;0
2859865;PA;;;1;1;1;1;574.6;590.2;558.6;665;1;660
2627510;SP;2;1;0;0;0;0;;;;;;
3994185;PE;;;1;1;1;1;427.2;542;449.8;577.4;1;840
1435768;PE;2;1;1;1;1;1;466.3;505.8;554.8;426.6;1;560
417006;SE;2;1;1;1;1;1;441.2;497.6;512;445.3;1;760
2515467;RS;2;1;0;0;0;0;;;;;;
1778756;MA;2;1;1;1;1;1;432.3;403.8;373.4;378.4;1;380
248674;RS;;;0;0;0;0;;;;;;
4002742;AM;;;0;0;0;0;;;;;;
3423026;BA;;;1;1;1;1;502.4;525.1;603.2;523.9;1;800
499571;BA;;;1;1;1;1;532.5;650.6;645.7;698.5;1;700
921673;SC;;;0;0;0;0;;;;;;
1320889;SE;;;1;1;1;1;442;493.2;480.4;424.1;1;480
1110202;SP;2;1;0;0;0;0;;;;;;
2302908;MG;4;1;1;1;1;1;373.5;492.7;474;456.9;1;760
4001673;SP;;;1;1;1;1;395.3;555;556;644.1;1;880
2533900;PE;;;0;0;0;0;;;;;;
3207324;SP;;;1;1;1;1;578.5;592.2;608.1;618.8;1;660
1471094;BA;;;1;1;1;1;434.7;489.4;497.6;422.1;1;580
2866701;SP;4;1;1;1;1;1;415.2;396.7;455.5;417.8;1;420
1840230;ES;2;1;1;1;1;1;442.8;501.7;531.2;417.5;1;560
4252648;RS;;;0;0;0;0;;;;;;
690805;MG;;;1;1;1;1;500;533.8;565.8;505.8;1;520
3285453;MA;;;0;0;0;0;;;;;;
261841;MG;;;0;0;0;0;;;;;;
885572;PB;2;1;1;1;1;1;472.2;487.7;505.9;475.5;1;800
3411724;PE;;;1;1;1;1;396.6;379.8;485.2;473.9;1;520
2690666;PB;;;0;0;0;0;;;;;;
2967488;RN;;;1;1;1;1;532.2;606.6;595.1;651.4;1;720
2819456;SP;2;1;0;0;0;0;;;;;;
4154211;PB;2;1;0;0;0;0;;;;;;
3457672;SP;;;1;1;1;1;566.8;350.4;530.5;426.1;1;720
316878;BA;2;1;1;1;1;1;400.8;447.7;497.1;504.3;1;420
2278290;SP;;;1;1;1;1;363.3;405;425.5;401.9;1;420
1683598;SC;2;1;1;1;1;1;565.2;558.8;568.1;500.9;1;720
1625489;MA;1;1;1;1;1;1;399.1;406.4;501.1;385.9;1;680
31642;RJ;;;1;1;1;1;565.3;538.6;563.9;651.5;1;560
4169227;PB;;;0;0;0;0;;;;;;
3275852;ES;2;1;0;0;0;0;;;;;;
3795175;AM;4;1;1;1;1;1;489.1;512.7;502.5;435.8;1;560
531085;AM;2;1;1;1;1;1;354.9;338;453.5;500.1;6;0
1324584;DF;;;1;1;1;1;642.5;680.4;673.5;768.8;1;920
584169;MG;;;1;1;1;1;502;574.8;547.6;391.6;1;540
359037;AM;;;1;1;1;1;547;623.2;599.1;594.2;4;0
1188008;RR;;;1;1;1;1;591.8;621.8;583.7;665.7;1;600
415734;MG;;;1;1;1;1;444.6;498.1;566;548.3;1;620
2550094;AL;;;1;1;1;1;611.5;649.5;583;665.6;1;760
47787;RN;2;1;1;1;1;1;400.5;491.1;445;423.5;1;480
533615;RS;;;1;1;1;1;362;557.8;583.3;472.3;1;560
2723356;GO;2;1;1;1;1;1;507;347.4;473.6;536.1;1;400
1694289;GO;;;0;0;0;0;;;;;;
169162;CE;2;1;1;1;1;1;458.6;484.8;544.5;382.8;1;520
3773552;CE;;;1;1;1;1;382.3;471;392.1;465.7;3;0
3026895;MS;;;0;0;0;0;;;;;;
188276;BA;2;1;1;1;1;1;482.1;501.9;502.5;464.6;1;560
2181613;PA;;;1;1;1;1;630.6;601;603.2;771.5;1;940
2898694;RJ;;;1;1;1;1;499.4;602;527.3;543.5;1;360
71050;PE;;;1;1;1;1;434.8;435.1;541;435.4;1;520
3439615;MG;;;1;1;1;1;559.4;605;590.4;627.6;1;880
1008136;PB;;;0;0;0;0;;;;;;
2493560;ES;2;2;1;1;1;1;510.9;560.6;514.8;592;1;660
1709216;PA;;;1;1;1;1;650.5;605.3;595.6;757;1;820
2908360;SP;2;1;0;0;0;0;;;;;;
3103440;PI;;;1;1;1;1;377.3;318.2;503;432.9;1;800
1704890;MA;;;1;1;1;1;368.4;445.9;464.2;507.8;3;0
2229632;AM;;;0;0;0;0;;;;;;
3648270;PB;;;1;1;1;1;480;552.2;515.1;476.2;1;700
4267307;SP;;;1;1;1;1;578.4;687.8;607.7;738.2;1;580
2804618;PI;2;1;1;1;1;1;429.3;568.3;515.8;574.1;1;860
1866696;RS;4;1;1;1;1;1;636.7;569.8;583.3;813.4;1;860
254038;CE;2;2;1;1;1;1;505.8;348.6;420.5;433.9;4;0
2073993;MG;2;1;1;1;1;1;439.8;525.9;541.6;619.9;1;660
180923;AM;;;0;0;0;0;;;;;;
3597898;PR;2;1;1;1;1;1;416.6;349.3;460.3;425.4;1;560
2901470;AC;;;1;1;1;1;467.6;493;555.8;660.6;1;600
568780;MG;;;1;1;1;1;386.9;550.6;507.2;391.5;1;680
3416062;PE;2;1;1;1;1;1;462.8;537.3;559.9;537.5;1;780
2489103;MG;;;1;1;1;1;551.1;582.9;545.3;634.4;1;880
3948549;CE;;;0;0;0;0;;;;;;
31159;PB;;;1;1;1;1;424.4;397.1;461.3;423.6;1;640
2169672;CE;;;0;0;0;0;;;;;;
2866499;MG;;;1;1;1;1;545.9;430.4;521.8;536.6;1;540
1865276;AM;;;1;1;1;1;565.1;616.3;488.7;673.2;1;500
2663413;PE;;;1;1;1;1;432.2;559.1;525.1;458.9;1;620
2420102;MG;;;1;1;1;1;569.6;401.7;481.1;482;1;900
2665034;SP;4;1;1;1;1;1;429.1;557;543.9;406;1;740
1046092;PR;4;1;1;1;1;1;566.2;597.6;514.1;736.9;1;820
3884607;SP;;;0;0;0;0;;;;;;
2931041;SC;2;1;1;1;1;1;437.7;426.2;528.2;391.1;1;500
3993675;RS;;;1;1;1;1;499.3;370.7;486.4;417.9;1;460
1412293;MA;;;1;1;1;1;399.7;420.9;554.1;444.5;1;600
878594;SP;2;1;1;1;1;1;503.1;597.3;610.6;641.5;1;780
1982075;TO;;;0;0;0;0;;;;;;
380762;MG;;;1;1;1;1;518.6;524.6;512.2;482;1;840
3232969;SP;2;1;1;1;1;1;495.2;501.8;546.8;408.4;1;580
3718446;SC;2;1;1;1;1;1;392.9;486.9;495.8;424.2;1;660
2116418;RJ;;;0;1;1;0;;605;553.7;;1;880
1621218;BA;;;1;1;1;1;411.2;404.8;434.4;405.1;1;580
2785110;MS;;;1;1;1;1;441.4;458.1;504.7;477;1;520
846527;MA;2;1;1;1;1;1;466.1;394.8;448.6;381.8;1;460
767558;MG;;;1;1;1;1;463.6;515.5;541.4;378;1;620
585035;PI;;;1;1;1;1;559.1;601.3;609.6;675.2;1;900
701871;ES;2;1;1;1;1;1;376.9;430.8;479.2;443.6;1;700
1588238;GO;;;0;1;1;0;;384.2;360.8;;4;0
2573448;CE;2;1;0;0;0;0;;;;;;
4154058;DF;;;0;0;0;0;;;;;;
1825532;BA;;;1;1;1;1;459.1;400.1;476.1;454.3;1;520
734632;MA;2;1;1;1;1;1;572.7;604.6;555.9;493.1;1;720
1989095;MG;1;1;1;1;1;1;631.6;559.2;483.9;754.1;1;720
1173262;PA;2;1;1;1;1;1;465.9;609.2;624.9;553.7;1;820
445000;MG;;;1;1;1;1;384.1;576.4;560.8;384;1;880
49816;RJ;2;1;0;0;0;0;;;;;;
2267966;MG;;;1;1;1;1;489.1;425.7;519.7;534.5;1;920
806977;SP;;;1;1;1;1;706.5;659.6;620.2;828;1;940
2071990;MG;4;1;1;1;1;1;557.5;574;562.6;750.6;1;840
3932146;AM;;;0;0;0;0;;;;;;
134785;AM;;;1;1;1;1;514;546.3;564.4;473.1;1;800
1469840;ES;;;0;0;0;0;;;;;;
3606535;GO;;;1;1;1;1;487.4;420.6;511.3;426.4;1;540
2127298;PR;2;1;1;1;1;1;496.7;561.4;597;626.5;1;600
448310;RS;4;1;1;1;1;1;532.8;624.6;627.6;662.3;1;860
3340929;GO;;;1;1;1;1;399.7;369.9;488.6;398.5;1;540
2871219;MS;2;1;1;1;1;1;454.5;540.9;588.4;397.2;1;400
4091696;MA;2;1;0;0;0;0;;;;;;
176959;MA;;;0;0;0;0;;;;;;
4172919;RS;2;1;0;0;0;0;;;;;;
2746109;MT;;;1;1;1;1;527.4;410.8;383.7;481.9;1;680
2045100;PR;;;1;1;1;1;407;542.9;556;568.1;1;940
3921646;SP;;;1;1;1;1;554;586.4;560.4;417.1;1;400
3275146;PE;;;1;1;1;1;546.8;557;481.9;427.1;1;680
4135580;RN;;;1;1;1;1;422.9;435.5;443.9;446.9;1;500
176018;AL;;;0;0;0;0;;;;;;
3048650;RS;;;0;0;0;0;;;;;;
3948220;BA;;;0;0;0;0;;;;;;
2300272;PA;4;1;1;1;1;1;536.3;623.9;535.7;525.8;1;600
1191973;RS;2;1;1;1;1;1;567.9;587;603;723.6;1;920
4278717;PE;2;1;1;1;1;1;504.3;338.8;403.1;526.2;1;480
1689216;RJ;2;1;0;1;1;0;;409.1;587.1;;1;560
802423;MG;;;1;1;1;1;344.6;504.3;530.5;420.9;1;920
4047421;PA;;;1;1;1;1;453.9;458.3;420.2;383.2;1;260
2954325;CE;;;0;0;0;0;;;;;;
614783;MG;;;1;1;1;1;364.8;495.5;533.4;444.6;1;820
2468582;RJ;4;1;1;1;1;1;594.6;605.5;618;696.2;1;920
3850186;MT;;;0;0;0;0;;;;;;
1452144;SP;;;1;1;1;1;489.3;491.4;534;641.6;1;680
830433;CE;;;1;1;1;1;436.9;486.8;531.1;564.5;1;640
3561893;PE;;;0;0;0;0;;;;;;
1371454;BA;;;1;1;1;1;461.1;547;560.8;439.8;1;480
3009814;PE;;;1;1;1;1;591;583.2;541.2;617.2;1;500
1353016;BA;;;1;1;1;1;407.8;406.9;440.8;420.4;1;440
2815127;PA;;;0;0;0;0;;;;;;
3069583;BA;;;1;1;1;1;511;545.2;570.5;613.1;1;900
90345;DF;2;1;1;1;1;1;370;441.8;535.2;447.7;1;440
3120350;RS;;;1;1;1;1;424.7;433.1;487.6;531.5;1;360
2482392;PA;2;1;1;1;1;1;470.3;471.9;515.1;518.5;1;880
2480514;MA;;;1;1;1;1;580.7;559.4;557;403;1;660
4004548;PB;;;1;1;1;1;659.7;644.5;642.9;715.5;1;720
975766;RO;;;1;1;1;1;535.4;422.8;417.6;634.5;1;620
229413;RJ;;;1;1;1;1;533.5;567.9;505.8;556.3;1;880
4175686;PI;;;1;1;1;1;448.3;557.9;526;376;1;440
3263795;SP;2;1;1;1;1;1;477.9;526.7;499;415.6;1;580
3516786;GO;;;1;1;1;1;364.7;484.9;497.5;544.3;1;700
1513521;AM;;;1;1;1;1;405;470.9;440.7;463.7;4;0
1407597;PE;;;1;1;1;1;375.8;456.2;469;379.1;1;720
2887513;PE;;;1;1;1;1;607.3;607.5;569.1;545;1;700
2269950;PB;;;1;1;1;1;515.3;387.3;383.7;415.6;1;640
3126297;RJ;;;0;0;0;0;;;;;;
3226568;RJ;4;1;1;1;1;1;497.3;495.5;467.9;568.6;1;700
352212;RN;;;1;1;1;1;403.9;446.6;501.9;455;1;400
3525638;BA;;;1;1;1;1;411.3;330.8;419;435.5;1;260
747763;PE;4;1;1;1;1;1;553.8;564.1;555.7;585.8;1;800
1745320;ES;;;0;2;2;0;;;;;;
4242134;RS;;;1;1;1;1;434;388.7;518.6;444.8;1;440
3583881;MG;2;1;1;1;1;1;571.1;594.1;578.7;616.8;1;420
817054;BA;;;1;1;1;1;538.3;533.2;545.4;569.4;1;540
1264529;MG;;;1;1;1;1;562.9;657.4;607;609.2;1;900
3304137;CE;;;1;1;1;1;447.2;506.2;497.2;553.8;4;0
4018512;SP;;;1;1;1;1;633.6;579.1;568.1;710.5;1;700
1584206;BA;2;1;1;1;1;1;475.6;477.5;463.6;407.6;1;540
2358031;RS;;;1;1;1;1;506.3;491.9;534.8;461.4;1;760
1704593;SP;;;1;1;1;1;434.5;409;515.8;485.9;1;740
3392441;BA;;;1;1;1;1;426.4;444.3;456.1;424.3;4;0
1502764;MG;;;1;1;1;1;526;569.3;548.3;537.9;1;520
3206327;SP;;;0;0;0;0;;;;;;
74384;PI;;;1;1;1;1;451.6;541.6;507.9;431.3;1;620
1649865;PA;;;1;1;1;1;448.9;514.6;467;460.2;1;340
3435724;MT;;;1;1;1;1;380.5;390.3;423.7;474.8;1;400
3315340;SP;;;0;0;0;0;;;;;;
1662664;PE;;;0;0;0;0;;;;;;
4216675;PA;2;1;1;1;1;1;438.6;423.6;527.5;488.5;1;440
7104;CE;;;1;1;1;1;498.9;516.3;498.3;511.2;1;560
1831880;PA;;;1;1;1;1;439.6;532;506.3;390.9;1;700
1303279;MA;2;1;1;1;1;1;486.8;355.8;499.1;403.5;1;600
4121651;RS;;;0;0;0;0;;;;;;
1312929;PE;2;1;1;1;1;1;523.4;423.1;470.6;640.2;1;680
4303065;RS;;;0;1;1;0;;609.6;409.6;;1;840
996107;SP;;;1;1;1;1;458.6;566.9;550.5;558.8;1;860
326048;RJ;1;1;1;1;1;1;602.7;641;620.9;665.3;1;820
2729625;PI;;;1;1;1;1;416.1;391.1;461.7;511.5;1;840
1447624;RJ;;;1;1;1;1;518.9;559.2;550.8;466.7;1;540
970153;CE;2;1;1;1;1;1;440.9;520.8;507.1;413;1;340
3345370;SP;2;1;0;0;0;0;;;;;;
584813;RS;;;1;1;1;1;600.8;633.2;645.6;673.5;1;640
1836091;CE;;;1;1;1;1;367.8;497.6;548;625.3;1;960
3168231;MG;4;1;1;1;1;1;610.2;651;608.3;824.3;1;900
1458598;PI;2;1;0;0;0;0;;;;;;
2337781;PE;;;1;1;1;1;493.1;489.4;565.1;602.7;1;900
2705242;SE;;;1;1;1;1;401;293.9;363.1;446.7;1;560
680196;BA;2;1;1;1;1;1;425.8;427.9;434.3;426.2;1;360
1405620;BA;;;0;0;0;0;;;;;;
4038395;PE;;;0;0;0;0;;;;;;
4013512;PE;2;1;1;1;1;1;386;394.8;378.8;489.4;6;0
2490846;DF;;;1;1;1;1;601.9;681.5;587.9;711;1;620
2932582;MG;;;1;1;1;1;387.5;556.4;514.4;387.3;1;640
3704919;PE;;;0;0;0;0;;;;;;
2513148;PE;;;1;1;1;1;573.8;633.9;615.4;741.2;1;780
2290220;PE;2;1;1;1;1;1;441.6;427.3;445.5;461;1;420
3096382;SC;;;1;1;1;1;596.4;613.1;567;646.5;1;900
1005256;RJ;;;1;1;1;1;441.3;509.5;577.5;382;1;640
2067573;MG;2;1;1;1;1;1;462.5;574.6;556.9;595.9;1;780
1496660;PE;;;1;1;1;1;388.2;303.7;429.4;478.1;1;300
2598571;DF;2;1;1;1;1;1;447.5;524.6;461.8;444.7;1;540
2069926;MA;;;0;1;1;0;;568.4;532;;1;620
2748030;GO;;;1;1;1;1;645.9;616.8;602.4;723;1;800
81599;AM;;;0;0;0;0;;;;;;
234615;PB;;;1;1;1;1;422.4;430.9;471.6;386.1;1;400
1134031;PB;;;0;0;0;0;;;;;;
4176840;BA;;;0;0;0;0;;;;;;
586730;BA;;;0;1;1;0;;442.8;519.1;;1;600
3263021;BA;;;1;1;1;1;358.7;369.9;395.8;468.6;1;460
352489;DF;;;1;1;1;1;469.1;592.5;492.7;511.8;1;680
3871687;SP;;;0;0;0;0;;;;;;
4051490;SP;;;0;0;0;0;;;;;;
1154502;RJ;;;1;1;1;1;610;526.4;458.7;697.9;1;540
2601718;CE;2;1;1;0;0;1;471.6;;;431.4;;
378491;SP;;;0;0;0;0;;;;;;
2289188;RJ;;;1;1;1;1;697.7;759.7;625.4;845;1;920
3738217;BA;2;1;0;0;0;0;;;;;;
332002;PA;2;1;1;1;1;1;435.2;377.8;464.9;399;1;560
1728707;MT;;;1;1;1;1;593.9;578.6;548.7;687.5;1;760
1483430;CE;4;1;1;1;1;1;537.2;599.4;609.8;614.4;1;920
733714;SP;2;1;0;0;0;0;;;;;;
436921;SP;;;1;1;1;1;488.8;530.5;534.3;603.8;1;600
1222406;TO;2;1;1;1;1;1;449.9;510;520.5;560.9;1;900
1222761;SE;;;0;0;0;0;;;;;;
281349;MG;2;1;1;1;1;1;461.8;489.8;513.1;524.4;1;720
1992937;SP;2;1;0;0;0;0;;;;;;
2820909;GO;4;1;1;1;1;1;586.6;604.2;598.3;635.4;1;920
4252519;TO;;;1;1;1;1;507.2;480.1;575.5;480.1;1;660
2661047;GO;;;0;1;1;0;;520.9;510;;1;540
672981;SP;;;1;1;1;1;684.4;653.1;635.6;738.1;1;940
1438498;ES;2;1;0;0;0;0;;;;;;
696247;PA;2;1;1;1;1;1;425.4;426.2;501;458.3;1;620
3844788;SP;;;0;0;0;0;;;;;;
3780660;RS;;;1;1;1;1;396.2;567.9;536.2;449.4;1;780
947101;PA;;;1;1;1;1;403.8;322.1;516;458.8;1;680
2318375;CE;2;1;1;1;1;1;508.3;430.4;529.1;462.2;1;580
3661008;CE;;;0;0;0;0;;;;;;
1871804;MA;;;1;1;1;1;666.8;657.6;607;784.9;1;960
2137838;AM;;;0;0;0;0;;;;;;
1172992;SP;4;1;1;1;1;1;577.2;690.6;630.2;666.3;1;760
1060802;SP;2;1;1;1;1;1;533.1;584.5;563.2;578.9;1;680
153238;RJ;;;0;0;0;0;;;;;;
951809;AM;2;1;0;1;1;0;;382.9;398.3;;3;0
2859226;AM;;;0;0;0;0;;;;;;
3153796;PR;;;1;1;1;1;491.9;549.6;549.7;476.7;1;480
1474792;RJ;;;1;1;1;1;422.8;434.3;427;439.2;1;520
2819648;ES;;;1;1;1;1;483.5;593.3;573.2;495.1;1;800
3811164;MS;;;0;0;0;0;;;;;;
3030242;RJ;2;1;0;1;1;0;;457.4;459.2;;1;540
35800;GO;;;1;1;1;1;651.4;638;613.6;669.5;1;800
3966244;SP;;;0;0;0;0;;;;;;
3226786;MG;2;2;1;1;1;1;383.3;411.9;441.9;424.5;1;480
1904989;SP;2;1;1;1;1;1;523;482.6;491.9;501.9;1;460
1837408;SP;;;0;0;0;0;;;;;;
2618214;PR;2;1;1;1;1;1;464.6;449.6;444.9;415;1;500
1556279;PB;1;1;1;1;1;1;540.5;633.1;609.8;780.4;1;720
346459;MA;;;1;1;1;1;459.1;466.6;487.2;528.3;1;680
4082921;RS;;;0;0;0;0;;;;;;
2146163;MG;;;1;1;1;1;430.8;437.3;546;635.3;1;920
57406;BA;2;1;1;1;1;1;479.5;451.6;520;464.6;1;880
1093487;MA;2;1;1;1;1;1;399.2;449;412.9;426.8;1;760
1080275;RS;;;0;0;0;0;;;;;;
1382586;SP;;;1;1;1;1;422.5;547.4;466;403.2;1;540
1078797;MA;;;1;1;1;1;536.3;526.5;497.8;465.8;1;700
1296620;MT;2;1;1;1;1;1;507.7;409.3;528.2;403.9;1;720
1833304;MG;;;1;1;1;1;501.1;460.8;534;384.7;1;420
805623;SC;2;1;0;0;0;0;;;;;;
669697;SP;;;1;1;1;1;484.1;582.7;576.7;530.4;1;700
3708884;RO;;;1;1;1;1;442.1;376.8;364.7;411.6;1;460
955877;AL;2;1;1;1;1;1;382.3;351.7;519.4;441.3;1;680
2419562;SP;2;1;1;1;1;1;543.8;575.4;584.9;650.4;1;480
3711322;GO;2;1;0;0;0;0;;;;;;
726150;RS;;;0;0;0;0;;;;;;
3954451;SP;;;1;1;1;1;582.4;667.1;663.1;697.8;1;820
167206;MG;;;1;1;1;1;530.9;336.3;553.2;473.1;1;420
3525167;PR;2;1;1;1;1;1;557.6;557.7;584.8;391.8;1;620
2427917;BA;;;1;1;1;1;501.7;594.9;553.3;512.3;1;800
3110836;BA;;;0;1;1;0;;437.8;463.4;;4;0
2538910;PR;2;1;1;1;1;1;548.8;562.9;542.8;576.2;1;720
905570;BA;;;1;1;1;1;460.3;524.2;506.3;420.9;1;680
3460380;PA;2;2;0;0;0;0;;;;;;
3717283;DF;;;0;0;0;0;;;;;;
2457797;MA;;;1;1;1;1;388.8;503.8;474.9;579.9;1;560
4313283;PR;;;1;1;1;1;594.1;578.2;536.8;647;1;580
1269322;PA;;;1;1;1;1;408.6;467.4;439.2;509;1;540
633938;SP;2;1;1;1;1;1;501.9;602.2;598.8;597.3;1;800
2063526;PE;2;2;0;0;0;0;;;;;;
3857343;PE;;;0;1;1;0;;407.1;534.8;;1;820
259159;SP;2;1;0;0;0;0;;;;;;
187641;BA;;;1;1;1;1;595;647.2;642.4;615.4;1;900
2596341;MG;4;1;1;1;1;1;550.1;604.3;583;678.7;1;900
1952455;MT;;;0;0;0;0;;;;;;
1299401;SP;;;0;1;1;0;;444.5;527.5;;8;0
2779886;MA;;;1;1;1;1;375.2;305.9;601.4;507;1;640
115236;RJ;;;0;0;0;0;;;;;;
2523322;RS;;;0;0;0;0;;;;;;
2582158;RS;2;1;1;1;1;1;582.6;618.3;570.8;666.7;1;820
2364661;BA;;;0;0;0;0;;;;;;
1622945;MA;;;1;1;1;1;405.2;503;470.7;408.2;1;380
3456484;AM;;;0;0;0;0;;;;;;
3360191;PI;;;1;1;1;1;388.2;377.5;462.2;424.8;1;480
929684;MS;2;1;1;1;1;1;557.5;589.1;549.7;486.2;1;560
210160;CE;2;1;1;1;1;1;443.7;330;496.8;412.3;1;540
765145;MG;2;1;1;1;1;1;377;427.5;424.5;516.2;1;480
1546038;RN;;;0;0;0;0;;;;;;
1507130;PA;;;1;1;1;1;475.1;403.7;421.5;437.4;1;440
3248730;SP;2;1;0;0;0;0;;;;;;
619438;MT;;;0;0;0;0;;;;;;
2131903;SC;2;1;0;0;0;0;;;;;;
4292887;RS;;;0;0;0;0;;;;;;
1379996;AL;;;1;1;1;1;388.2;437.9;511.9;407.4;1;680
1971206;PI;;;1;1;1;1;698.6;695.4;623.7;767.8;1;940
1709081;RN;2;1;1;1;1;1;461.6;471.2;590.8;532;1;740
5196;SC;2;2;1;1;1;1;403.5;475.3;525.4;438;1;720
2654299;SP;2;1;0;0;0;0;;;;;;
4036318;MG;;;1;1;1;1;660.9;720.8;658.9;683;1;440
2670697;CE;2;1;0;0;0;0;;;;;;
3752393;RO;;;1;1;1;1;413.2;443.9;453.6;407.2;1;560
3338833;RO;2;1;0;0;0;0;;;;;;
784644;CE;2;1;0;0;0;0;;;;;;
3580298;MG;;;1;1;1;1;602.4;565.7;560.8;565.3;1;720
1745524;BA;;;1;1;1;1;458.5;454.2;511;605.5;1;880
862795;RN;1;1;1;1;1;1;626.5;585.9;545.2;763;1;840
1594458;PB;;;1;1;1;1;405.7;494.8;521.1;421.8;1;400
2512257;SP;;;1;1;1;1;434.8;506;588.3;557.5;1;740
784422;RN;2;1;1;1;1;1;377.6;390.1;463.3;433.1;4;0
994720;SP;2;1;1;1;1;1;564.8;573.8;587;613.1;1;620
274850;PA;2;1;1;1;1;1;395.7;557.5;511;539.6;1;820
156381;SC;2;2;0;1;1;0;;399.3;389.6;;1;520
2509518;PE;4;1;1;1;1;1;517.2;454.9;538.5;412;1;680
809732;AM;;;1;1;1;1;400.6;400.4;495.6;454;1;420
2012822;SP;2;1;1;1;1;1;572.7;594;610.8;688.4;1;700
843806;SP;2;1;1;1;1;1;467;521.5;564;604.8;1;800
3753063;PA;;;1;1;1;1;416.2;398;305;435.5;1;800
2258999;SP;;;1;1;1;1;651.6;713.2;597.6;802;1;640
507908;RS;2;1;1;1;1;1;436.3;495.6;503.8;412.1;1;880
677325;PE;;;0;0;0;0;;;;;;
206961;AL;2;1;0;0;0;0;;;;;;
3431182;RS;;;0;1;1;0;;592.8;582.1;;1;640
4246103;PR;;;1;1;1;1;532.1;638.6;637;449.2;1;540
1127437;PI;2;2;1;1;1;1;364.6;452.3;452.5;454.2;1;820
2641665;MS;;;1;1;1;1;392.2;510;554.3;618.8;1;720
2418839;CE;;;1;1;1;1;458.7;342.1;389.3;444.6;1;460
4192178;RS;;;1;1;1;1;459.8;537.3;547.5;428.2;1;800
4199459;MG;;;1;1;1;1;555.7;625.3;595;663.5;1;580
694191;GO;;;1;1;1;1;442.9;505.1;533.6;498;1;880
3713206;SP;2;1;0;0;0;0;;;;;;
3730774;MG;;;1;1;1;1;421.4;492.8;519.5;472.2;1;580
2090098;RJ;;;1;1;1;1;512.6;421;500.5;650.5;1;560
1900292;PA;;;1;1;1;1;429.9;352.1;435.8;450;1;660
228534;RJ;;;1;1;1;1;435.1;548.7;528.2;540.3;1;740
1517730;RN;;;0;0;0;0;;;;;;
2323841;TO;;;0;0;0;0;;;;;;
3189589;RS;;;0;0;0;0;;;;;;
1930146;SP;2;1;1;1;1;1;481.7;469.1;549.6;556.4;1;640
1129909;AM;2;1;0;0;0;0;;;;;;
3211172;SP;4;1;1;1;1;1;588.6;641.6;609.7;746.1;1;720
3927562;CE;;;1;1;1;1;436.9;510.2;497.7;378.2;1;560
289960;BA;;;1;1;1;1;507.1;444.8;538.9;537.9;1;560
2260863;MG;;;0;0;0;0;;;;;;
3652830;AL;;;0;0;0;0;;;;;;
677684;RN;2;1;1;1;1;1;387.6;482;512.7;444.6;1;800
304114;RJ;;;1;1;1;1;591;526.4;553.3;545.6;1;660
1533663;PR;;;0;0;0;0;;;;;;
205947;PE;2;1;1;1;1;1;530.4;437;497.3;380.5;4;0
821526;PB;2;1;1;1;1;1;362.3;445.5;515.3;461;1;780
1894805;SE;;;1;1;1;1;392;469.7;515.1;412.2;4;0
397869;AL;;;1;1;1;1;420.1;591.4;458.7;450.1;1;720
3622851;RS;1;1;1;1;1;1;513.6;593.5;587.4;639.8;1;820
196209;SP;2;1;1;1;1;1;479;543.4;631.4;484.9;1;640
976164;PA;2;1;1;1;1;1;488.9;544.7;592.6;501.3;1;920
4131042;PR;;;1;1;1;1;469.1;500.8;518.5;587.7;6;0
3040678;PR;;;1;1;1;1;447.7;541.1;538.7;559.7;1;640
2255193;MA;;;1;1;1;1;617.2;609.4;588.5;631.5;1;840
3743888;SE;2;2;1;1;1;1;385.3;426;319.8;411.2;1;360
340928;PA;2;1;1;1;1;1;529.7;586.4;605.7;542;1;940
4314867;RS;2;1;0;0;0;0;;;;;;
730823;PI;;;1;1;1;1;411.6;491.9;489.7;420.8;1;440
937076;MG;;;1;1;1;1;499.2;540.4;578.8;693.8;1;880
3763620;PI;;;0;0;0;0;;;;;;
1223118;AP;;;1;1;1;1;441.7;541.8;540.6;472.2;1;500
1397918;MA;;;1;1;1;1;378.1;362;459.4;391.3;1;400
4125999;RJ;;;0;0;0;0;;;;;;
3352206;CE;;;0;0;0;0;;;;;;
3868414;MA;2;1;1;1;1;1;429.3;472.8;450.1;449.9;1;480
4290591;BA;;;1;1;1;1;457.3;558.3;514.8;492.1;1;620
3185151;MG;;;1;1;1;1;347.8;543.5;484.9;577.4;1;600
2726895;MG;;;0;0;0;0;;;;;;
2197444;RJ;2;1;1;1;1;1;525.6;587.3;513.8;441.5;1;700
1240170;SC;;;1;1;1;1;548.6;528;554.6;503.9;1;760
745624;PE;;;1;1;1;1;390.9;504.1;473.6;588.2;1;520
1231524;CE;2;1;1;1;1;1;419.2;421;448.7;483.6;1;600
173603;CE;;;1;1;1;1;473.1;526.8;551.7;404.6;1;640
3161966;RS;;;0;0;0;0;;;;;;
3045121;RO;;;1;1;1;1;559.4;599;566.3;503.4;1;800
3262846;PB;;;1;1;1;1;574.7;399.7;456;623.1;1;500
2811798;MT;;;1;1;1;1;491.2;378.2;456.4;434.8;1;640
2632176;SP;2;1;0;0;0;0;;;;;;
2938183;RN;4;1;1;1;1;1;549.1;650.3;547;673.8;1;760
399241;AC;2;1;1;1;1;1;476.2;524.5;516.3;528.8;1;600
2255629;PE;;;1;1;1;1;527.7;460.8;500.1;418.3;1;420
3231922;MA;;;0;0;0;0;;;;;;
1783247;PE;;;1;1;1;1;535.2;523.1;529.4;392.4;1;640
1370804;MG;;;1;1;1;1;556.5;561.9;570.1;696.8;1;720
3632913;SC;4;1;0;1;1;0;;470.3;524;;1;560
2200057;AL;;;1;1;1;1;379;401.1;341.1;386.5;1;340
587394;AC;;;1;1;1;1;452.4;375;460.9;498.3;1;380
577848;PA;;;0;0;0;0;;;;;;
1091940;GO;2;1;1;1;1;1;481.3;555.4;510.9;517.2;1;800
3190983;RS;;;1;1;1;1;463.1;583.6;616.5;421.1;1;480
607886;RS;;;1;1;1;1;516;416.1;578.1;600.6;1;740
2893739;DF;4;1;1;1;1;1;657.5;588.5;629;758.6;1;720
3064902;RJ;;;1;1;1;1;614.8;675.4;652.8;785.1;1;780
3862489;AL;;;1;1;1;1;367.6;374.8;313.1;380.9;1;520
151902;MG;;;1;1;1;1;524.9;603.4;587.6;683.6;1;800
594337;MA;2;1;1;1;1;1;530.4;377.6;541.5;459.9;1;480
1714826;MG;;;0;0;0;0;;;;;;
2878604;RS;2;1;1;1;1;1;423.2;434.5;484.5;464;1;740
3843825;RS;;;0;0;0;0;;;;;;
2484971;SP;;;0;0;0;0;;;;;;
1498812;PA;;;1;1;1;1;429.7;576.7;572.2;561.3;4;0
3746508;SC;2;1;1;1;1;1;518.8;517.2;547.7;617.5;1;600
2017238;MG;;;1;1;1;1;362.1;404.5;491.6;404;1;620
1265332;BA;2;1;1;1;1;1;425.3;373.8;489.6;399.5;1;800
3359487;CE;;;1;1;1;1;436.9;509.1;539.3;381.3;1;720
2969538;SP;;;1;1;1;1;547.1;498.6;506.6;521.2;1;560
711456;AM;;;0;0;0;0;;;;;;
1547452;RJ;2;1;0;0;0;0;;;;;;
1530591;PR;;;0;0;0;0;;;;;;
2634077;PR;;;1;1;1;1;531.4;599.1;599.6;730.7;1;820
2632914;SP;;;1;1;1;1;549;606.9;580.2;407.8;1;600
1877283;MG;4;1;1;1;1;1;727;763.4;696.1;838.2;1;940
678639;PB;;;0;0;0;0;;;;;;
3093368;PE;4;1;1;1;1;1;564.4;533.7;495;635.1;1;880
1860252;RJ;;;1;1;1;1;537;653.4;567.7;612.4;1;720
1222244;SE;;;1;1;1;1;512.5;450.7;458.5;399;1;620
2747149;MG;;;1;1;1;1;559.5;402.1;448;382.2;1;600
3267861;SC;2;1;0;0;0;0;;;;;;
1972591;PR;4;1;1;1;1;1;645.2;635.8;603.6;647.9;1;960
1517743;AP;2;1;1;1;1;1;422.3;380;382.8;510.1;1;260
2031193;SP;;;1;1;1;1;600.5;559.9;561.1;569.5;1;800
827721;CE;2;1;1;1;1;1;475.6;519.3;554.5;413;1;680
1395783;PA;;;1;1;1;1;574.8;678.3;507.7;525.9;1;880
1488542;MA;;;1;1;1;1;368.7;568.9;584.3;490;1;580
543214;PE;;;1;1;1;1;406.9;454.8;394;372.6;1;640
2145948;DF;;;0;0;0;0;;;;;;
2285389;MG;2;1;1;1;1;1;568.1;423.5;556.4;530.6;1;460
1574533;PA;;;0;1;1;0;;497.1;554.1;;1;540
412681;PE;2;1;0;0;0;0;;;;;;
3142154;CE;;;1;1;1;1;507.7;493.9;473;555.8;1;640
769381;MG;2;1;1;1;1;1;559.8;635.2;664.5;676.1;1;880
3349008;MA;2;1;1;1;1;1;461.8;475.8;463;460.5;6;0
870329;MG;;;0;0;0;0;;;;;;
12225;MA;2;1;1;1;1;1;507.7;546.5;570.8;610.1;1;940
409035;MA;4;1;1;1;1;1;632.9;742.2;667.4;697;1;900
4046780;BA;;;1;1;1;1;418.4;428.8;520.1;546.9;1;420
3792202;PE;2;1;0;1;1;0;;575.7;565.8;;4;0
2345562;RJ;;;1;1;1;1;522.5;527.4;514.6;590;1;880
160946;PR;2;1;1;1;1;1;446.3;533.3;510.2;436.8;1;600
1017020;SP;;;1;1;1;1;638.7;653.1;629.4;656.4;1;540
2650082;MG;2;1;1;1;1;1;535.2;599.6;609.7;685.8;1;560
1684004;MT;2;1;1;1;1;1;549.2;570.9;553.8;593.9;1;880
3555989;SP;;;1;1;1;1;536.7;561;594.5;648;1;800
695621;SP;4;1;1;1;1;1;568.8;568.1;583.7;696.4;1;880
2316720;SP;;;1;1;1;1;488.5;427.3;537.3;379.2;1;600
98350;SC;;;0;0;0;0;;;;;;
4093376;SP;2;2;1;1;1;1;467.1;437.3;466.9;454.8;1;440
2925442;RS;2;1;1;1;1;1;523.9;568.2;565.6;577;1;580
1048701;SP;;;1;1;1;1;394.3;396.8;521.2;396.4;1;580
54250;RJ;;;1;1;1;1;531.6;583.5;551.3;381;1;560
1082263;BA;;;0;0;0;0;;;;;;
3198372;SC;4;1;1;0;0;1;534.5;;;691.8;;
1152919;CE;;;1;1;1;1;543.7;561;598;641.6;1;720
4221185;SP;;;0;1;1;0;;554.1;527.5;;1;560
516364;MG;;;1;1;1;1;587.2;619.1;622.3;672.1;1;880
574421;RR;1;1;1;1;1;1;545.2;590.8;577;486.3;1;460
56702;BA;2;1;1;1;1;1;424.1;441.3;380.6;392.1;1;680
4012139;BA;;;1;1;1;1;477.2;326.2;369.6;397.7;1;620
598097;PR;4;1;1;1;1;1;521.2;522.8;582.5;691.8;1;600
2859631;MG;;;0;0;0;0;;;;;;
3616934;PI;;;1;1;1;1;457.9;490.8;530.2;462.1;1;700
4319436;RS;;;0;0;0;0;;;;;;
2560595;MA;;;0;0;0;0;;;;;;
3564425;SP;4;1;1;1;1;1;447;601.7;593.3;451;1;760
963623;MT;;;1;1;1;1;475.3;533.6;550.2;626.5;1;500
3424380;PR;;;0;1;1;0;;283.8;595.8;;1;360
479227;SP;2;1;1;1;1;1;436.9;445.6;428.9;395.3;1;480
4287693;BA;;;1;1;1;1;463;448.5;475.2;385.9;1;480
1302152;SE;;;0;0;0;0;;;;;;
4024308;RN;;;1;1;1;1;499.5;555.1;570.7;381.2;1;440
3621356;PA;;;1;1;1;1;619.1;655.2;581.6;696.1;1;900
2723587;MT;2;1;1;1;1;1;498.4;389.1;421;541.5;1;700
3195668;BA;;;0;0;0;0;;;;;;
2590007;RS;4;1;1;1;1;1;517.3;542.6;568.7;681.1;1;740
2471915;CE;;;1;1;1;1;590.9;602.4;617.1;625.8;1;720
63425;AP;;;1;1;1;1;453;438;499.2;447.7;1;740
1472526;MT;4;1;1;1;1;1;632.2;686.5;634.3;815.5;1;820
837014;MG;2;1;1;1;1;1;444.8;523;441.6;494.7;1;560
4269933;MG;;;1;1;1;1;615.5;616.6;602.2;643.3;1;480
2266892;SP;4;1;1;1;1;1;600.1;563.3;535.4;443.7;1;940
1334975;SE;;;1;1;1;1;586.7;695.7;641;634.4;1;840
3965535;RR;2;1;1;1;1;1;463.3;446.1;367;553.5;1;560
619608;MG;2;1;1;1;1;1;596.3;614.6;593;659.6;1;760
3025716;MG;;;1;1;1;1;635.7;703.5;546.8;718.1;1;920
2701368;BA;;;1;1;1;1;490.9;530.9;509.8;484.9;1;560
3227719;RJ;2;1;0;0;0;0;;;;;;
4093913;RS;;;0;0;0;0;;;;;;
968826;SP;2;1;1;1;1;1;562.2;573.3;570;694.1;1;860
3596328;MG;2;1;1;1;1;1;437.6;407.4;389.4;381.7;1;480
3916270;GO;2;1;0;0;0;0;;;;;;
2175879;RS;;;0;0;0;0;;;;;;
447085;GO;;;1;1;1;1;576.1;580.3;595.5;709.1;1;920
1443790;CE;;;1;1;1;1;445.4;570.9;540.9;463.6;1;840
2010767;MG;;;1;1;1;1;408.9;540.8;495.8;379;1;540
61050;SC;;;1;1;1;1;568.6;596.8;560.4;544.5;1;800
1938645;SC;;;1;1;1;1;574.8;613.2;657.7;641.9;1;780
1564654;CE;2;1;0;0;0;0;;;;;;
3689220;MG;;;0;1;1;0;;376.2;431.1;;3;0
742924;TO;;;1;1;1;1;453.9;384.5;517.7;430.6;1;560
1097252;BA;2;1;0;0;0;0;;;;;;
1966714;MG;2;1;1;1;1;1;380.9;538.5;548.8;633.3;1;840
1445344;BA;;;1;1;1;1;468.5;493.7;503.8;435.8;1;440
2858846;SP;;;0;0;0;0;;;;;;
3305980;SP;;;0;0;0;0;;;;;;
2502064;MG;;;1;1;1;1;606.7;612.1;607.4;568.4;1;680
2156514;PE;;;1;1;1;1;377.5;517.7;617.3;686.5;1;920
1965387;MS;2;1;1;1;1;1;611.1;606.5;592.9;645;1;840
2625065;PR;;;1;1;1;1;371;391.5;506.8;443.7;1;460
910779;PA;;;1;1;1;1;401.3;326;401.8;540.6;1;600
3882739;GO;;;1;1;1;1;568.4;523;533;611.3;1;460
3070000;PR;4;1;1;1;1;1;508;568.2;603.2;600.7;1;880
2775558;MG;;;1;1;1;1;528.2;593.4;577.5;539.2;1;640
3676766;SP;;;1;1;1;1;421.3;561.4;562.9;554.3;1;400
1819985;MG;;;1;1;1;1;412.8;442.5;505.4;437;1;540
1402025;GO;2;1;0;1;1;0;;515.8;526.2;;1;760
2472793;CE;;;1;1;1;1;563.4;455.4;556.6;393.7;1;600
1995576;SP;;;1;1;1;1;547.3;597;602.2;560.2;1;520
3457687;ES;2;1;0;0;0;0;;;;;;
2618095;BA;;;1;1;1;1;488.9;481.5;526.1;408.5;1;640
2940946;MG;;;0;0;0;0;;;;;;
1784931;PE;;;1;1;1;1;385.2;458.3;444.4;481.4;1;460
3854329;CE;;;1;1;1;1;416.9;496.5;493.6;552.8;3;0
2393081;SP;;;0;0;0;0;;;;;;
2550654;PR;4;1;1;1;1;1;587.5;634;620;518.3;1;820
898978;GO;2;1;1;1;1;1;377.9;400.5;503.5;389;1;460
1541717;CE;2;2;1;1;1;1;424.7;414.5;509.7;390.5;1;420
2729566;PB;;;1;1;1;1;514.9;662.9;590.2;717.2;1;740
3447981;PB;;;1;1;1;1;491.4;663.7;586.6;732.1;1;860
634644;PR;2;1;0;1;1;0;;466.1;511.9;;1;460
3581837;SP;;;1;1;1;1;631.3;710.1;626;816;1;700
3948586;MA;2;1;0;0;0;0;;;;;;
2148865;AP;;;1;1;1;1;507.3;551.2;555.9;435;1;680
4187382;MG;;;0;0;0;0;;;;;;
4044411;BA;;;0;0;0;0;;;;;;
1662520;PB;2;1;0;0;0;0;;;;;;
4035842;RS;2;1;0;1;1;0;;444;498.8;;1;580
4197168;SP;2;1;0;1;1;0;;393.3;414;;6;0
2317284;RJ;;;1;1;1;1;544.4;513.8;602.6;625.8;1;540
3967705;SP;;;0;0;0;0;;;;;;
4118481;BA;4;2;1;1;1;1;568.4;331.9;555.4;557.1;1;500
896083;BA;;;1;1;1;1;370;347.7;465.7;498.8;1;680
170285;GO;1;1;1;1;1;1;515.4;580.3;582.5;549.4;1;860
1400206;SP;2;1;1;1;1;1;515.4;596.6;609.2;576.3;1;860
2541489;PR;;;0;0;0;0;;;;;;
3149748;RJ;;;1;1;1;1;442.6;473.8;492.8;457.4;1;620
751908;MG;4;1;1;1;1;1;633.8;656.9;621;812.6;1;940
4253207;MG;;;1;1;1;1;589.3;569.5;502.2;415.3;1;540
1300526;CE;;;1;1;1;1;481.3;367.5;384.2;420.4;1;720
4300443;RS;;;1;1;1;1;425.2;404.1;473.5;417.6;1;480
1192799;RS;;;0;0;0;0;;;;;;
2183154;PE;;;1;1;1;1;388;563.5;601.6;592.1;1;720
4142980;BA;;;0;0;0;0;;;;;;
1072425;RJ;2;1;1;1;1;1;496.8;613.5;556.6;559.6;1;680
2779978;BA;;;1;1;1;1;599.3;673;629.3;670.6;1;920
3118294;PB;;;1;1;1;1;465.1;326.4;399.9;516.6;6;0
3517507;MG;;;1;1;1;1;421.8;558.3;514.2;535.3;1;920
591405;BA;2;1;1;1;1;1;479.5;387;456;382.9;1;440
3688682;DF;;;0;0;0;0;;;;;;
2183198;PI;;;1;1;1;1;413.9;503.2;503.4;541.9;1;780
3683128;PR;2;1;1;1;1;1;437.3;395.3;485.8;529.6;1;440
4284419;SP;;;1;1;1;1;436.2;569.9;530.7;591.5;1;460
2719009;SP;2;1;1;1;1;1;418.2;499.8;511.8;375.8;1;560
1628361;RJ;;;1;1;1;1;454.8;503.4;530.1;428.2;1;740
3719946;MA;;;1;1;1;1;422.3;411.5;469.3;405.3;1;440
1363334;MA;;;1;1;1;1;399.7;538.4;548.8;442.2;1;500
2243446;MA;;;0;0;0;0;;;;;;
881290;MA;2;1;0;1;1;0;;506.5;548.2;;1;440
2028129;SP;2;1;0;0;0;0;;;;;;
3250751;MT;;;0;0;0;0;;;;;;
2379318;SE;;;1;1;1;1;479.4;549.4;583.6;452.7;1;840
3904099;DF;4;1;1;1;1;1;496.9;591.7;593.9;639.8;1;880
1366574;SP;1;1;1;1;1;1;504.9;436;517.9;533.5;1;560
2352479;SP;;;1;1;1;1;572.6;533.7;531.2;581.8;1;660
2981005;SP;;;1;1;1;1;520.2;593.5;585.4;672.8;1;880
1368011;MG;;;1;1;1;1;584.6;614.4;617.6;667.9;1;620
4208809;RS;;;0;0;0;0;;;;;;
4292337;PA;;;0;0;0;0;;;;;;
3801296;PB;;;1;1;1;1;524.9;427.1;530.6;630.8;1;560
3127634;SE;;;1;1;1;1;543.6;361.2;432.5;408.4;1;360
3995996;PA;;;0;0;0;0;;;;;;
4153897;ES;2;1;0;0;0;0;;;;;;
4303976;PR;;;1;1;1;1;571.7;559.2;542.3;675.5;1;820
3625397;CE;;;0;0;0;0;;;;;;
1133678;DF;2;1;1;1;1;1;522.3;612.3;515.6;475;1;660
2560557;CE;;;1;1;1;1;701.8;753.9;638.2;788;1;840
3300413;SP;4;1;1;1;1;1;625.3;563;596.8;619.5;1;580
3676675;MG;2;1;1;1;1;1;642.1;650.7;599.2;741.1;1;880
2049548;CE;2;1;0;0;0;0;;;;;;
1070547;PE;2;1;1;1;1;1;391.4;362.1;500.9;386.1;1;380
514835;PI;;;1;1;1;1;394.5;334.9;431.2;416.9;1;360
3963175;MA;;;0;0;0;0;;;;;;
310941;AL;;;1;1;1;1;530.4;546.4;554.8;445.3;1;500
722067;RJ;2;1;1;1;1;1;409.6;483.3;541.4;386.3;1;680
372872;RJ;4;1;1;1;1;1;512.3;614;582.3;586.2;1;660
4128128;GO;;;0;0;0;0;;;;;;
1183383;SP;2;1;1;1;1;1;569.1;582;575.5;674.7;1;620
666856;CE;;;1;0;0;1;520.3;;;399.8;;
3793067;TO;;;0;1;1;0;;368.5;443.5;;1;360
4316939;RS;;;0;0;0;0;;;;;;
2363466;RS;;;0;0;0;0;;;;;;
3056669;PR;;;1;1;1;1;448;496.5;525;525.4;1;600
989402;PI;;;1;1;1;1;465.8;400.7;320.4;400.9;1;720
1030751;PI;4;1;1;1;1;1;658.1;614.9;599;804.5;1;940
2548224;PR;;;0;0;0;0;;;;;;
62693;MG;2;1;1;1;1;1;498.1;494.5;549.9;564.2;1;920
548554;BA;;;0;0;0;0;;;;;;
3735289;CE;;;1;1;1;1;534.1;485.1;546.1;517;1;560
778607;MG;;;1;1;1;1;422.6;566.2;499.8;451.3;1;640
1140392;PA;;;1;1;1;1;424.4;463.1;474.2;401.1;1;560
2325787;MG;;;1;1;1;1;532.9;603;540.2;623.4;1;560
484144;MG;;;1;1;1;1;578.5;692.6;591;640.5;1;940
3392834;SP;4;1;1;1;1;1;642.6;651.6;619.8;733.3;1;860
562465;PB;2;1;1;1;1;1;467.1;481.7;490.8;472;1;900
2928930;RJ;2;1;1;1;1;1;447.6;617.6;560.9;503.9;1;680
3441054;GO;2;1;0;0;0;0;;;;;;
2768452;MA;2;2;1;1;1;1;539.9;510.4;484.9;450.6;1;880
774823;SP;;;1;1;1;1;369.6;569.3;577.4;407.2;1;620
3602912;MG;2;1;1;1;1;1;457.2;394.9;394.7;412.5;1;440
3989412;PE;;;0;0;0;0;;;;;;
210028;RS;2;1;1;1;1;1;661.2;649.8;598.6;795.3;1;820
1351239;PA;;;1;1;1;1;578.3;569.6;546.8;643.2;1;540
4249503;RS;;;0;0;0;0;;;;;;
658917;RS;;;0;0;0;0;;;;;;
1393929;PE;2;1;1;1;1;1;552.7;549.8;545.6;413.9;1;560
849357;SP;4;1;1;1;1;1;666.4;643.7;645.2;745.7;1;800
3981833;AM;;;1;1;1;1;510.8;515.3;529.9;415.7;1;760
3298874;CE;;;0;0;0;0;;;;;;
3347929;AM;2;1;0;0;0;0;;;;;;
2560608;PA;;;0;0;0;0;;;;;;
4321834;RS;;;0;0;0;0;;;;;;
2556648;SP;4;1;1;1;1;1;570.8;635.8;633.9;680.6;1;660
3494812;MS;;;0;0;0;0;;;;;;
3371646;PB;;;1;1;1;1;636.4;630;539.4;752.9;1;740
2992356;MG;;;1;1;1;1;638.9;637.1;593.5;654.5;1;880
1850974;MA;;;1;1;1;1;451.6;549.4;427.3;385.1;1;660
3673945;PA;;;1;1;1;1;448.4;466.5;458.7;426.1;1;500
763013;PE;;;1;1;1;1;386.1;475.7;446.4;434.6;1;580
1539648;PB;;;0;0;0;0;;;;;;
404338;GO;2;1;1;1;1;1;551.1;431.1;525.6;436.6;1;480
2106381;RN;2;1;1;1;1;1;402.3;465.7;513.7;450.8;1;820
4086140;RJ;;;1;1;1;1;554.1;574.3;614.3;420.9;1;840
1188351;RJ;;;1;1;1;1;381.4;411.4;456;405.8;1;400
495260;RJ;2;1;1;1;1;1;487.6;500.1;504.3;527.4;1;640
358264;GO;;;0;0;0;0;;;;;;
1277633;MT;;;0;1;1;0;;427.5;531.4;;1;620
3487498;AL;;;1;1;1;1;430.1;572.5;598.7;670.3;1;900
4280170;CE;;;1;1;1;1;569.6;618.1;646.3;429.5;1;600
199365;CE;2;1;1;1;1;1;419.1;363.7;350.8;424.1;1;480
3148100;MG;;;1;1;1;1;562.5;424.4;548.6;406.4;1;500
3766967;MT;;;0;0;0;0;;;;;;
3820888;SP;;;1;1;1;1;472.3;481.2;544.9;507.4;1;620
470966;RS;2;1;1;1;1;1;604.3;573.7;600.7;672.7;1;600
2992739;PR;;;1;1;1;1;576.7;603.8;623.8;664.1;1;720
1270323;PE;;;1;1;1;1;465.1;459.8;408.4;381.9;1;520
21845;PA;;;0;1;1;0;;348;452.4;;8;0
2816576;BA;;;1;1;1;1;636.4;708.9;631.7;719.4;1;860
2547695;DF;;;1;1;1;1;630.2;581.6;577.7;662.3;1;900
1080953;MG;;;1;1;1;1;509.8;447;567.5;393.6;1;640
1140727;MG;;;1;1;1;1;458.3;513.8;499.6;427.9;1;540
3503256;PI;;;0;0;0;0;;;;;;
770437;SC;;;1;1;1;1;484;550.7;548.4;454.2;1;760
1036654;GO;2;1;0;0;0;0;;;;;;
2250081;PE;2;1;1;1;1;1;475.3;597.1;554.7;604.4;1;700
2938516;MG;;;0;0;0;0;;;;;;
3080455;MS;4;1;1;1;1;1;510.8;575.9;516.6;485.7;1;580
2302929;SP;;;1;1;1;1;613.1;589.5;585.9;684.8;1;680
3782773;SC;;;0;0;0;0;;;;;;
3728527;MT;;;0;0;0;0;;;;;;
3353577;TO;2;1;1;1;1;1;408.4;402.1;360;376.3;6;0
1457617;CE;;;1;1;1;1;490.1;393.8;471.3;383.1;1;500
1839248;MA;2;1;1;1;1;1;360.9;396.4;452.2;510.8;1;720
1842724;PE;;;1;1;1;1;505.1;541.3;501.7;380.7;1;520
2444187;SP;2;1;0;0;0;0;;;;;;
2113612;SC;;;1;1;1;1;452.4;544.9;525.4;431.8;1;560
584758;BA;2;1;1;1;1;1;397.6;385;490;516.9;1;560
2845463;SC;;;1;1;1;1;433.5;409.3;417.1;386.9;1;240
3179944;RJ;;;1;1;1;1;481.5;493.2;530.5;484.6;1;780
1934350;AM;;;1;1;1;1;563.4;395.2;556.4;428.2;1;300
3280136;CE;;;1;1;1;1;516;437.6;523.6;409.1;1;560
4166074;PI;;;0;0;0;0;;;;;;
2024847;GO;;;1;1;1;1;660.7;604.8;610.7;745.5;1;880
171658;MA;;;1;1;1;1;377.2;285.5;357.8;499;1;780
2780708;SP;2;1;1;1;1;1;413.1;510.8;483.8;700.9;1;360
1625581;BA;;;1;1;1;1;426.1;567.2;536.3;437.8;1;900
1097872;PI;;;0;1;1;0;;408.2;338;;4;0
1969014;MA;4;1;1;1;1;1;566.1;502.8;486.2;478.7;1;480
1011665;RS;2;1;1;1;1;1;484;497.9;558.5;539.8;1;920
2495587;MA;;;0;0;0;0;;;;;;
2791922;CE;;;0;1;1;0;;497.7;530.6;;1;620
662680;SP;;;0;0;0;0;;;;;;
1036465;CE;;;1;1;1;1;452.9;469.1;444.4;441.3;1;520
497336;RJ;2;1;1;1;1;1;478.9;530.7;514.8;506.8;1;520
3549587;RS;2;1;1;1;1;1;488;493.2;528.5;522.9;1;760
4038940;PR;;;0;0;0;0;;;;;;
4292322;SP;;;0;1;1;0;;582.5;532.4;;1;680
480611;ES;2;1;1;1;1;1;513.3;473.1;494;535.8;1;780
2016083;GO;2;1;0;0;0;0;;;;;;
3712794;PB;;;0;0;0;0;;;;;;
4275565;MG;;;1;1;1;1;562.1;594.4;624.3;466.1;1;860
2962705;MA;;;1;1;1;1;386;457;455.8;522.9;1;340
1402061;MG;;;1;1;1;1;610.9;524.5;550.9;624.1;1;780
505927;PE;2;1;1;1;1;1;446.4;541;483.3;392.7;1;600
4125023;PR;4;1;0;0;0;0;;;;;;
3618496;MS;;;1;1;1;1;673.5;662.9;636.1;797.4;1;920
3709209;TO;;;1;1;1;1;423;389.9;355;504.4;1;660
2528603;RJ;;;0;0;0;0;;;;;;
3397832;MG;;;0;0;0;0;;;;;;
4047828;RN;;;0;0;0;0;;;;;;
3238238;AM;2;1;1;1;1;1;416.8;399.3;446.1;419.5;1;420
176570;MA;2;2;1;1;1;1;466.7;427.1;521.2;568.7;1;800
1198957;MS;;;0;0;0;0;;;;;;
2664427;SC;2;1;1;1;1;1;572.2;612.2;555.8;568.9;1;680
1117897;CE;2;1;1;1;1;1;398.4;396.9;353.4;421;7;0
4081427;AL;4;1;1;1;1;1;500;634.6;591.9;453.4;1;880
1123738;ES;;;1;1;1;1;418.6;375.2;451.3;519.9;1;560
1532369;PB;2;1;1;1;1;1;468.3;421.2;437.2;382.4;1;480
505445;MS;2;1;1;1;1;1;559.5;557.8;560.3;770.4;1;720
366444;RJ;;;0;0;0;0;;;;;;
1189217;PB;;;0;0;0;0;;;;;;
2478506;SP;4;1;1;1;1;1;582.1;564.1;560.2;673.5;1;620
2936000;MG;4;1;0;1;1;0;;405.4;509.8;;1;680
1660307;MG;;;0;0;0;0;;;;;;
1867337;GO;;;1;1;1;1;519.1;650.9;566.4;712.8;1;780
4158753;AC;;;1;1;1;1;475.5;434.9;520.3;451.9;1;560
2974115;SP;;;1;1;1;1;603.9;663.7;623.2;695.5;1;720
2180892;RN;;;1;1;1;1;556.6;576.3;543.7;440.2;1;580
474312;PA;;;1;1;1;1;441.3;370.5;434.7;409.8;1;560
3238694;BA;;;1;1;1;1;460.9;543.1;473.8;421.2;1;420
747141;PI;;;1;1;1;1;432;496.3;515.1;506.9;1;640
138020;MG;;;0;1;1;0;;368.8;356.3;;1;440
1154478;SP;2;1;0;0;0;0;;;;;;
260903;MG;2;1;1;1;1;1;400.1;404.1;472.5;386;1;660
1873632;RS;;;0;1;1;0;;445.1;538;;1;660
1681625;SP;2;1;0;0;0;0;;;;;;
3956068;SP;;;1;1;1;1;609.1;625.4;581.6;647.2;1;560
280597;PI;;;1;1;1;1;544.2;701.6;603.5;720.7;1;900
3850759;RJ;;;1;1;1;1;492.6;528.6;551.3;581.6;1;720
3427120;TO;;;1;1;1;1;498.6;428.1;543.5;486.9;1;560
472104;PE;2;1;1;1;1;1;503.8;509.2;457.5;533.8;1;860
2129331;AL;2;1;1;1;1;1;375.5;448.6;501.3;537.5;1;840
4007917;RO;;;0;0;0;0;;;;;;
523509;PB;;;1;1;1;1;546;582.9;566.4;689.6;1;760
1337702;MS;;;1;1;1;1;515.8;554.5;557.4;596.7;1;820
4087506;MG;;;1;1;1;1;547.4;563;534.7;485.8;1;500
4264372;BA;;;0;1;1;0;;547.8;345.4;;1;920
3636984;SP;2;1;0;0;0;0;;;;;;
792391;SE;2;1;1;1;1;1;431.5;372.8;348.2;473.4;1;280
1841945;SP;;;0;0;0;0;;;;;;
2141431;SP;;;1;1;1;1;501.9;526.2;569.7;498.6;1;820
1339698;GO;;;1;1;1;1;443.2;522.1;540.1;392.2;1;800
3705804;SC;2;1;1;1;1;1;398.8;458.5;425.5;443;1;440
1856708;MT;4;1;1;1;1;1;602.7;629.8;566.3;661.5;1;800
1200190;GO;2;1;1;1;1;1;446.2;442.8;524.4;602.5;1;640
3864638;PA;;;1;1;1;1;467.4;393.1;350.9;487;1;500
503854;RJ;1;1;1;1;1;1;405.8;467.7;469;598.8;1;800
697902;RS;2;1;1;1;1;1;529.3;526.9;534.2;391.4;1;640
2127711;PE;;;1;1;1;1;574.1;519.9;534.5;627.9;1;720
4012414;PE;;;1;1;1;1;438.6;482.5;549.3;461;1;720
693085;PE;;;1;1;1;1;417.5;383.1;448.3;418.4;1;560
3977188;MG;;;0;0;0;0;;;;;;
2292151;PE;2;1;1;1;1;1;499.5;491.8;472.9;488.3;4;0
3653208;PA;;;0;0;0;0;;;;;;
509241;PR;;;0;0;0;0;;;;;;
2271134;SP;;;1;1;1;1;459.2;574.5;563.1;655.7;1;580
227826;CE;2;1;1;1;1;1;377.8;402.3;420.3;481.1;1;280
280016;PI;;;1;1;1;1;461.6;402.4;389.3;481.3;1;160
2436482;GO;;;0;0;0;0;;;;;;
3150456;BA;;;0;0;0;0;;;;;;
4072911;RN;2;2;1;1;1;1;485.5;424.9;486.2;582.3;1;680
1295014;RS;;;0;0;0;0;;;;;;
3392943;RS;;;0;0;0;0;;;;;;
822627;RJ;;;1;1;1;1;476.8;612.9;600.6;641.7;1;920
3257094;MA;;;1;1;1;1;416.5;565.4;551.6;562.4;1;580
3003321;PA;;;0;0;0;0;;;;;;
3592543;MG;2;1;1;1;1;1;585;600.4;595;571;1;740
1757659;PA;;;1;1;1;1;479.6;403.6;370.6;418.2;1;520
3454391;PR;;;0;1;1;0;;346.4;406;;1;480
4009614;CE;;;0;0;0;0;;;;;;
3069857;PB;;;1;1;1;1;479.6;485.5;480.9;475.5;1;640
2686552;DF;2;1;1;1;1;1;457.4;437.3;456.4;381.8;1;520
1059862;MT;2;1;1;1;1;1;522.9;463.8;536.3;544.1;1;860
2763477;TO;;;0;0;0;0;;;;;;
873907;PB;2;1;1;1;1;1;395.3;487.5;529.7;403.8;1;600
3128018;PB;2;1;1;1;1;1;438.3;427.9;497.1;619.9;1;600
61919;MG;;;1;1;1;1;454.1;439.6;435.1;470.3;6;0
1609669;RJ;;;1;1;1;1;572.5;543.2;546.8;461.9;1;640
2114688;AL;;;1;1;1;1;501.5;470.7;548.1;600.2;1;520
3409383;BA;2;1;1;1;1;1;451.1;484.5;412.9;533.8;1;380
1621524;MA;2;1;1;1;1;1;393.3;404.9;436.5;373;1;400
3844428;RJ;;;0;0;0;0;;;;;;
1399458;CE;;;1;1;1;1;489.3;536.2;561.2;473.4;1;680
2529735;RJ;;;1;1;1;1;640.5;654.8;602.6;786.4;1;780
984842;BA;2;1;1;1;1;1;474.6;471.8;524.9;426.1;1;780
580855;CE;2;1;1;1;1;1;443.4;534.8;547.1;562.3;1;720
3811127;SP;;;0;0;0;0;;;;;;
2897945;SP;;;0;1;1;0;;613.5;579.9;;1;740
1326705;PI;2;1;1;1;1;1;464.7;507.9;472;441.8;1;840
3240419;DF;2;1;1;1;1;1;368.3;415.2;446.9;393.6;1;300
2041374;BA;2;1;1;1;1;1;397.7;535.8;526.5;423.3;1;680
252300;PB;;;0;0;0;0;;;;;;
1739621;RJ;;;1;1;1;1;429.2;539.8;573.6;547.5;1;920
1955296;CE;;;1;1;1;1;527.9;544.5;566.6;557.6;1;740
3174095;MA;;;1;1;1;1;549.7;656.7;622.1;647.2;1;640
3393700;MG;;;0;0;0;0;;;;;;
2698953;SP;2;1;0;0;0;0;;;;;;
1252114;MG;2;1;1;1;1;1;506.9;508.6;543.7;657.1;1;620
2723069;MT;2;1;1;1;1;1;427;406.1;477.2;471.5;1;600
2150202;SP;;;1;1;1;1;582.9;625.7;602.4;622.9;1;740
2176383;GO;;;1;1;1;1;714.9;647.7;654.6;784.6;1;880
4174214;PI;;;1;1;1;1;462.5;570.2;557.6;610.6;1;700
3313533;BA;2;1;1;1;1;1;425.3;454.6;488.7;490.5;4;0
3892961;SE;;;1;1;1;1;415.9;572.5;498.1;565.8;1;700
3696040;PE;2;1;0;0;0;0;;;;;;
3460480;MG;;;1;1;1;1;403.6;552.3;564.9;530.4;1;860
3153614;DF;1;1;1;1;1;1;592.6;579.7;618.7;611.5;1;720
1351729;PA;;;1;1;1;1;366.7;461.8;473.6;390.1;1;720
3413803;BA;;;0;0;0;0;;;;;;
319;CE;2;1;1;1;1;1;513.9;459.5;486.8;441.8;1;520
1152097;MG;;;1;1;1;1;425.4;478.6;522.7;561.9;1;380
1793199;RJ;;;0;0;0;0;;;;;;
2478499;SP;;;0;0;0;0;;;;;;
3052372;PR;;;1;1;1;1;660.1;657.5;588.1;687.3;1;780
1604575;ES;;;1;1;1;1;580.2;551.8;512.1;650.2;1;940
1687608;SE;;;0;0;0;0;;;;;;
2972389;SP;;;1;1;1;1;674.4;725.3;679.3;673.7;1;820
4026800;BA;;;1;1;1;1;569.3;626.4;500.4;619.7;1;720
517785;PE;2;1;1;1;1;1;410;439.2;503.1;441.1;1;480
396848;BA;;;0;0;0;0;;;;;;
2972830;SC;2;1;1;1;1;1;567.1;579.3;560.2;480.6;1;620
1582808;AL;;;1;1;1;1;650.9;597.3;596.4;724.9;1;920
2546000;RS;4;1;0;1;1;0;;438.1;453.9;;1;240
110450;BA;2;1;1;1;1;1;445.2;485.9;434.5;396.7;1;500
3657909;SP;;;1;1;1;1;532.3;573.4;597.9;642.8;1;560
629049;RS;2;1;0;0;0;0;;;;;;
2118104;PA;;;1;1;1;1;377.6;462.7;516.5;486.1;1;760
3956154;SP;;;0;0;0;0;;;;;;
3448419;TO;;;1;1;1;1;438.3;593.4;506.8;524.5;1;540
1501226;PR;4;1;1;1;1;1;672.3;703.2;611.1;857.7;1;780
1400043;PA;;;1;1;1;1;427;429.9;443.7;399;1;500
4221360;RJ;;;0;0;0;0;;;;;;
180681;BA;;;0;0;0;0;;;;;;
537603;CE;2;1;1;1;1;1;379.5;478.3;539.2;425.3;1;600
611841;SC;;;0;0;0;0;;;;;;
227920;RJ;;;0;1;1;0;;465.3;459;;4;0
610639;PE;;;1;1;1;1;377.1;464.7;514;468;1;720
3168991;RO;2;1;1;1;1;1;535.9;292.9;397;381.6;1;520
1990115;SP;;;1;1;1;1;555.8;510.4;520.7;585.3;1;720
1589764;RJ;2;2;1;1;1;1;466;549.4;563.4;469;1;860
3136748;PR;2;1;0;0;0;0;;;;;;
2231481;CE;2;1;1;1;1;1;496.4;339;470.5;425.8;1;660
2650885;SP;4;1;1;1;1;1;688.7;716.4;628.1;801.9;1;920
3829766;RS;;;0;0;0;0;;;;;;
3408026;SP;;;0;0;0;0;;;;;;
505953;RO;;;0;0;0;0;;;;;;
2125530;RO;;;1;1;1;1;710.3;699.5;634.7;887.6;1;860
958877;PE;2;1;1;1;1;1;366.3;499.3;588;507.7;1;660
3721291;PA;;;0;0;0;0;;;;;;
3248107;MG;2;1;0;0;0;0;;;;;;
1546154;RJ;2;1;1;1;1;1;403.2;438.8;504.5;443.7;1;600
3255958;AL;;;0;1;1;0;;341.2;334.6;;1;340
800875;RO;2;1;1;1;1;1;393.2;433.4;476.8;528.4;1;560
2474256;SC;;;1;1;1;1;523.7;533;589.1;474.1;4;0
1049573;PA;;;1;1;1;1;467.7;373.2;436.3;416.2;1;400
3972375;PR;1;1;0;1;1;0;;576;570.3;;1;620
1487520;CE;2;1;0;0;0;0;;;;;;
4326576;RS;;;1;1;1;1;393.8;411.2;395.4;423.9;1;420
104458;GO;2;1;1;1;1;1;532.6;582.8;581.7;483.1;1;800
3676306;MA;;;1;1;1;1;448.1;514.7;530.1;412.2;1;560
4012533;MA;;;1;1;1;1;581.3;634.5;579.5;650.4;1;520
1791944;PE;;;1;1;1;1;366.4;521.9;544.2;570.4;1;740
1059916;RN;2;1;1;1;1;1;400.3;348.9;373.4;473.2;1;400
2246023;BA;;;1;1;1;1;563.3;685.4;568.7;649.2;1;620
832684;SC;;;0;0;0;0;;;;;;
3249487;MG;;;0;0;0;0;;;;;;
2423312;GO;;;0;0;0;0;;;;;;
2637111;MA;2;1;1;1;1;1;497;549.5;525.8;595.6;1;640
1189681;TO;;;1;1;1;1;394.5;412.2;369.2;423.5;1;640
4269461;MA;;;0;0;0;0;;;;;;
1278508;BA;2;1;0;0;0;0;;;;;;
2614725;PE;;;0;0;0;0;;;;;;
3476584;RR;2;1;1;1;1;1;397.8;360.7;462.4;399.5;1;420
777048;MG;2;1;1;1;1;1;421.8;584.2;538.4;575.1;1;760
1365285;PB;2;1;1;1;1;1;511.8;457.1;472.7;426.9;4;0
2707228;SP;;;0;0;0;0;;;;;;
523355;RS;;;1;1;1;1;477.1;615.1;554.7;566.9;1;860
3261258;PA;;;0;0;0;0;;;;;;
900906;CE;;;1;1;1;1;489.9;566;517.7;548.1;1;660
1425929;SP;;;1;1;1;1;613.8;543.2;594.9;655.6;1;860
2358109;PE;;;1;1;1;1;442.6;500.5;510.8;599.8;1;580
158623;PA;;;1;1;1;1;526.8;478.1;521.6;403.2;1;620
2150788;BA;2;1;1;1;1;1;392;380.5;467.3;395.4;9;0
4205875;SP;2;1;0;0;0;0;;;;;;
869034;SP;2;1;0;0;0;0;;;;;;
715443;BA;;;1;1;1;1;357.9;545;556.6;411.8;1;780
2653433;RR;;;0;0;0;0;;;;;;
3765479;PI;;;1;1;1;1;483.8;428.5;386.5;422.9;1;560
3482765;AM;2;2;0;0;0;0;;;;;;
2202290;MA;;;1;1;1;1;399.8;404.5;495.9;426.2;1;320
4320816;RS;;;0;0;0;0;;;;;;
638526;MG;;;1;1;1;1;431.6;512.3;533.9;475.3;1;820
4111976;RS;2;1;0;0;0;0;;;;;;
1883932;BA;;;0;0;0;0;;;;;;
1206014;MA;;;0;0;0;0;;;;;;
1208913;PA;;;1;1;1;1;444.9;511.3;513.9;427.5;1;520
1815588;GO;;;1;1;1;1;593.6;675.5;613.6;689.4;1;880
1605950;GO;2;1;1;1;1;1;501.1;523.1;548.4;515.9;1;620
846084;MG;2;1;0;0;0;0;;;;;;
989139;PA;;;1;1;1;1;380.6;379.5;447.2;425.1;1;400
1067553;SP;4;1;1;1;1;1;622.1;680.6;622.3;737.2;1;740
308508;RN;;;0;0;0;0;;;;;;
1201879;BA;;;1;1;1;1;493.6;589.4;543.4;540.1;1;760
1408666;MT;2;2;0;0;0;0;;;;;;
2357392;SP;4;1;1;1;1;1;570.1;590.4;603.2;763.9;1;720
2468894;SP;;;0;0;0;0;;;;;;
3452498;MT;;;0;0;0;0;;;;;;
2480914;BA;2;1;1;1;1;1;530.5;432;462.6;420.9;1;440
2629074;RS;;;1;1;1;1;432.5;428.6;440.7;458.3;1;560
3140058;PR;2;1;0;0;0;0;;;;;;
271683;AL;;;1;1;1;1;657.8;703.4;623.7;773.3;1;940
4006007;RJ;1;1;1;1;1;1;541.2;513.3;502.3;418.7;1;600
2647938;GO;4;1;1;1;1;1;548.4;541;559.2;635;1;940
3115265;CE;;;1;1;1;1;484;597;544;455.5;1;660
984824;CE;;;0;0;0;0;;;;;;
2487601;RJ;4;1;1;1;1;1;558.2;604.1;608.3;625.2;1;920
2264162;PA;;;1;1;1;1;414.8;318.5;454.5;400.2;1;520
1030874;SP;;;1;1;1;1;494.1;464.5;489.5;542.8;1;760
3869887;PB;;;0;0;0;0;;;;;;
3837324;PR;2;1;1;1;1;1;418.5;445.5;509.1;425.7;1;540
3828852;CE;;;0;0;0;0;;;;;;
901545;PE;;;1;1;1;1;486.8;553.3;564.5;552.6;1;900
2265804;DF;2;1;1;1;1;1;438.2;519.8;503.4;468.8;1;520
2281788;PA;2;1;0;0;0;0;;;;;;
3481833;SP;;;1;1;1;1;473.6;564.7;628.3;576.2;1;800
102447;PA;;;0;1;1;0;;546.7;524.5;;4;0
3414947;PE;;;0;0;0;0;;;;;;
1519726;MA;;;0;0;0;0;;;;;;
819056;RO;2;1;1;1;1;1;360.5;413.5;497.3;446.5;1;800
2479528;CE;2;1;0;0;0;0;;;;;;
1311018;PB;;;0;0;0;0;;;;;;
619326;PR;;;1;1;1;1;415.7;499;420;433.6;1;260
3692720;PI;;;0;0;0;0;;;;;;
1733223;CE;4;1;1;1;1;1;608.8;643;638.1;757;1;900
3230310;GO;;;1;1;1;1;406;487.4;525.4;412.8;1;840
2559193;SP;;;1;1;1;1;579.8;634.3;610;708.2;1;880
1012060;RN;;;1;1;1;1;379.9;417.4;455.5;562.1;1;660
3798549;SP;;;0;0;0;0;;;;;;
3542562;PR;2;1;0;0;0;0;;;;;;
3222075;PA;;;1;1;1;1;409.6;419.9;496;417;1;780
1078746;DF;;;1;1;1;1;503.9;422.1;509.9;459.5;1;540
2652724;SP;;;1;1;1;1;530.5;545.3;546.3;563.6;1;440
3563649;RJ;;;1;1;1;1;446.9;511.9;517.3;455.5;1;460
3318109;BA;;;1;1;1;1;514.9;488.4;553.6;625.1;1;960
3667915;SP;;;1;1;1;1;579.4;590.3;549.7;631.9;1;720
3776998;BA;;;0;0;0;0;;;;;;
4191465;RJ;;;1;1;1;1;552.5;596.4;559.5;490.4;1;920
42109;PI;;;1;1;1;1;434.9;549.3;551.3;520.4;1;740
2871834;ES;1;1;1;1;1;1;523.2;452;535.1;695.3;1;860
4292805;SP;;;0;1;1;0;;486.4;584.1;;1;540
3270088;RJ;2;1;1;1;1;1;381;416.8;494.2;437.2;1;380
3156665;AL;;;1;1;1;1;426;386.8;440.8;468.4;1;600
3441409;BA;;;0;0;0;0;;;;;;
569961;CE;2;1;1;1;1;1;550.7;592.2;598.1;630;1;920
3556403;PR;4;1;1;1;1;1;504.4;487.1;491;521.7;1;520
1475976;SP;2;1;0;0;0;0;;;;;;
3322615;PA;2;1;0;0;0;0;;;;;;
929066;RN;;;1;1;1;1;524.5;591.5;521.6;535;1;700
3188988;SP;;;1;1;1;1;404.2;563.8;594.9;547.6;1;640
1135892;RJ;;;0;0;0;0;;;;;;
1331113;SP;;;1;1;1;1;528.2;593.8;550.4;619.8;1;740
2628963;TO;;;0;1;1;0;;594.7;586.4;;1;840
1957795;MG;;;1;1;1;1;627.7;649.1;611.7;603.4;1;560
273199;PA;;;1;1;1;1;346.4;565.1;530.1;496.3;1;720
52961;BA;1;2;1;1;1;1;555.9;596.7;621.8;589.3;1;720
430068;MA;;;1;1;1;1;461;325.1;460.3;417;1;540
2154551;MA;;;0;0;0;0;;;;;;
3336479;MT;;;0;1;1;0;;555.3;602.4;;1;640
323966;RJ;2;1;1;1;1;1;359.1;368.4;428.7;379.8;1;700
3975375;SC;;;0;0;0;0;;;;;;
3206446;RJ;;;1;1;1;1;487.4;380.3;346.3;492.4;1;480
822261;SE;;;0;0;0;0;;;;;;
2529027;PE;4;1;1;1;1;1;612.5;620.1;579.3;631.6;1;880
2205332;SP;4;1;1;1;1;1;350.4;464.1;496.4;440.6;1;720
1782215;RJ;;;1;1;1;1;548.1;574;556.9;662.5;1;680
813267;RS;;;0;0;0;0;;;;;;
2153356;SP;;;1;1;1;1;502.8;427.7;520.2;566.4;1;400
4272849;RJ;;;0;0;0;0;;;;;;
1915492;BA;4;1;1;1;1;1;683.1;715;635.6;811.2;1;920
3460030;PA;2;1;1;1;1;1;467.9;466.3;434.1;384.8;1;400
3496257;SP;;;1;1;1;1;581;626.1;611.3;516.3;1;660
405639;RJ;;;1;1;1;1;666.7;544.6;619.6;778;1;860
3254751;TO;;;1;1;1;1;490.7;447.8;451.6;400.7;4;0
270505;BA;2;1;1;1;1;1;432.9;418.2;332;423.8;1;440
2635640;AC;2;1;1;1;1;1;575.5;636.7;552.3;553.8;1;900
82480;AM;;;0;0;0;0;;;;;;
3032165;MS;2;1;0;0;0;0;;;;;;
720266;PB;;;1;1;1;1;513.9;341.1;573.7;416.5;1;520
104553;RJ;4;1;1;1;1;1;592.3;712;651.8;787.3;1;900
2357474;RJ;4;1;1;1;1;1;605.6;650.5;611.6;736.4;1;760
136740;PB;;;0;0;0;0;;;;;;
2055302;MG;;;1;1;1;1;532.7;608.5;590.1;527.5;1;660
3746558;GO;;;0;0;0;0;;;;;;
361993;SP;2;1;1;1;1;1;399;511.1;526.9;383.8;1;620
478451;TO;2;1;1;1;1;1;477.1;448.6;499.2;492.4;1;620
257707;BA;2;1;1;1;1;1;404.7;436;513.4;453.3;1;640
1143493;AM;;;0;0;0;0;;;;;;
2528636;MT;;;0;0;0;0;;;;;;
287756;PB;;;1;1;1;1;618.9;672.2;623.2;751.4;1;760
2008954;MA;;;0;0;0;0;;;;;;
3415412;CE;;;0;0;0;0;;;;;;
3985519;PA;;;1;1;1;1;405.7;480.9;437.2;411.6;1;360
3391724;PR;4;1;1;1;1;1;565.2;600.5;575.6;533.1;1;820
2048656;RJ;;;1;1;1;1;565.6;532.2;603.2;628.9;1;540
1547944;RJ;4;1;1;1;1;1;374.5;389.8;415.9;410;1;320
1561388;PB;4;1;1;1;1;1;536.3;503.7;456;559.6;1;680
1187345;CE;2;1;1;1;1;1;514.5;568.7;577.6;492.1;1;840
1553181;CE;;;1;1;1;1;420.3;516.4;540.8;548;1;580
3202390;BA;2;1;1;1;1;1;396.7;412.1;500;434.4;6;0
1388097;RJ;2;1;1;1;1;1;365.1;466;374.2;448.4;1;520
2035740;PE;;;1;1;1;1;387.5;321.2;404.9;381.6;1;420
903357;MG;;;1;1;1;1;365.3;329.7;418.8;463.1;1;560
2594663;PI;2;1;1;1;1;1;433;434.9;412;440.2;6;0
1244293;AL;;;1;1;1;1;469.8;572.3;520.7;561.5;1;620
3019921;BA;2;1;0;1;1;0;;403.7;459.5;;1;360
786195;BA;;;0;1;1;0;;530.3;527.7;;1;700
279922;SP;;;1;1;1;1;555.4;558.3;584.4;595.1;1;580
3553921;BA;;;1;1;1;1;504.3;330.3;471.5;450.7;1;420
3296706;PR;2;1;1;1;1;1;466.7;500.9;522.3;394.2;1;420
3004840;RS;;;1;1;1;1;562.9;620.4;603.3;454.6;1;820
962948;BA;4;1;1;1;1;1;609.4;661;630.7;744.4;1;720
1753923;CE;2;1;1;1;1;1;429.6;466.7;508.4;378.6;1;360
2227616;SP;;;1;1;1;1;699.8;643.7;629.9;806;1;940
119612;PA;2;1;1;1;1;1;485.9;426.8;510.3;554.7;1;780
2856887;MG;;;1;1;1;1;443.7;432.3;446.2;407.3;1;560
985673;MT;2;1;1;1;1;1;487.6;379.5;382.7;427.7;7;0
3885415;MT;;;0;1;1;0;;613.5;591.9;;1;760
838870;SC;1;1;0;0;0;0;;;;;;
2158936;SP;;;0;0;0;0;;;;;;
3862974;SP;;;0;1;1;0;;538.1;537.8;;1;600
4024531;RJ;;;0;0;0;0;;;;;;
2030615;PE;;;1;1;1;1;507.6;414.6;409.4;414.5;1;480
2049870;AL;2;1;1;1;1;1;497.7;481.3;571.1;505.8;1;520
457252;SP;;;1;1;1;1;409.2;516.1;515.6;562.5;1;540
816468;AP;;;1;1;1;1;441.1;448.1;533.3;471.7;1;560
2964252;SP;2;1;1;1;1;1;384.4;382.1;482.8;399;1;400
2213467;PR;;;0;1;1;0;;444.3;500.2;;1;560
2719170;CE;;;1;1;1;1;403.6;350.8;435.3;428.8;1;400
317010;AM;;;0;1;1;0;;375;342.7;;1;560
1904769;RJ;4;1;1;1;1;1;575.6;592.4;568.6;579.9;1;880
2488081;MA;2;2;1;1;1;1;415.7;317;399.7;464.7;6;0
1575405;PR;;;1;1;1;1;612.8;593.6;555.9;673.6;1;640
3386131;AM;2;2;0;0;0;0;;;;;;
595604;RJ;;;0;0;0;0;;;;;;
3269483;SE;2;1;1;1;1;1;524.9;518.4;579.6;579.8;1;880
4170089;RS;2;1;0;0;0;0;;;;;;
108455;SP;;;1;1;1;1;441;516.7;528.1;480.7;1;460
1986524;GO;;;1;1;1;1;528.2;593.3;598.8;630.1;1;940
384572;AL;;;1;1;1;1;406.6;542.8;546;522.3;1;600
3192127;PI;;;1;1;1;1;380.5;460.3;500.4;419.6;1;660
1067471;SP;;;0;0;0;0;;;;;;
1474140;MA;2;1;1;1;1;1;446.6;435.1;484.7;421.2;1;720
1156138;GO;2;1;0;0;0;0;;;;;;
1432712;PE;;;0;0;0;0;;;;;;
1873566;SP;2;1;0;0;0;0;;;;;;
2053594;PB;;;1;1;1;1;484;579.2;552;629.7;1;920
56522;BA;;;0;0;0;0;;;;;;
3231681;BA;;;1;1;1;1;401.8;443.1;496.6;390.7;1;880
1597162;RS;;;0;0;0;0;;;;;;
1805277;PE;;;1;1;1;1;464.2;442.6;501.8;448.2;1;420
1648496;RN;2;1;1;1;1;1;549.6;435.9;497.5;513;1;620
3367648;PE;2;1;0;0;0;0;;;;;;
1166047;BA;;;1;1;1;1;445.8;539.6;529.4;415.7;1;920
3083840;RJ;;;1;1;1;1;607.3;664;583;706.7;1;900
3766286;MA;;;0;1;1;0;;497.5;479.1;;1;560
1250673;PE;2;1;1;1;1;1;422.1;383.5;466.4;398.7;1;480
2666013;GO;;;1;1;1;1;558.7;587;534.6;613.1;1;920
752549;PE;2;1;1;1;1;1;448.7;502;499.1;405.3;1;600
3598498;MG;2;1;1;1;1;1;371.5;485.3;499.4;456.9;1;540
2328171;SP;4;1;1;1;1;1;567.8;627.5;598.4;662.5;1;800
359940;BA;2;1;1;1;1;1;555.5;643.3;612.1;753.5;1;900
197980;MA;;;0;0;0;0;;;;;;
2864632;AL;;;1;1;1;1;433.1;511.1;527.2;439;1;680
274383;BA;;;1;1;1;1;473.7;394.1;498.7;464.2;1;480
1032307;MG;2;1;1;1;1;1;560.2;448.3;407.9;423.8;1;720
63494;CE;2;1;1;1;1;1;378.8;504.9;488.9;483.4;1;700
4162669;PR;2;1;1;1;1;1;401;495.1;477.7;405.8;1;560
4094843;PA;2;1;1;1;1;1;452.7;471.8;408;463.3;4;0
12990;MG;;;1;1;1;1;457.6;564.8;557;491.9;1;560
2533266;RS;;;0;0;0;0;;;;;;
3197149;PB;;;1;1;1;1;511.2;588.7;585.5;662.2;1;720
532895;RJ;2;1;1;1;1;1;583.2;531.3;544.2;708.9;1;860
2288828;AL;;;1;1;1;1;555;584.1;554.4;424.1;1;640
248732;PE;2;1;1;1;1;1;395.5;513.5;522;376.9;1;700
31532;PA;4;1;1;1;1;1;375.8;449.5;506.4;494.8;1;620
1283430;MA;;;1;1;1;1;538.1;584.9;572.8;606.3;1;540
987409;MT;;;0;1;1;0;;440.8;505.7;;1;540
198203;RJ;;;1;1;1;1;372.1;464.1;473.7;570.4;1;620
665398;GO;;;1;1;1;1;577.1;517.1;527.1;559.3;1;800
4213128;PE;1;2;1;1;1;1;634.9;571.3;601.5;511.6;1;660
3264323;RJ;;;0;0;0;0;;;;;;
1147546;PI;;;1;1;1;1;537;590.5;642.6;408.8;1;400
1125020;GO;2;1;1;1;1;1;419.8;450;500.2;500.5;1;600
4216088;SP;;;1;1;1;1;537.8;547.8;518;508.8;1;620
1015052;PI;;;1;1;1;1;489.7;472.7;473.2;436.5;4;0
822898;MA;;;1;1;1;1;449.8;546.6;536;463;1;700
3572550;PE;;;1;1;1;1;466;378.8;495.2;433.1;1;460
4173782;SP;2;1;1;1;1;1;507;579.5;536.4;573.6;1;540
246183;MG;;;1;1;1;1;566.7;523.6;589.3;547;1;840
3948619;SP;2;1;1;1;1;1;499.3;317.9;389.9;432.3;4;0
3398275;MG;;;1;1;1;1;392.3;508.3;511.7;427.1;1;460
449995;BA;;;1;1;1;1;560.8;459.5;533.7;428.2;1;540
3560855;PA;;;1;1;1;1;555.8;609.6;601.8;558.5;1;760
1595341;PR;2;1;0;0;0;0;;;;;;
1134472;CE;;;0;1;1;0;;392.3;318;;6;0
4239114;RS;;;0;0;0;0;;;;;;
1076013;ES;;;1;1;1;1;523.4;470;525;485.4;1;580
3051167;SP;2;1;0;0;0;0;;;;;;
214497;PE;;;1;1;1;1;463.5;545.7;514.9;496.7;1;600
3641011;SP;;;1;1;1;1;568.7;553;544.8;605.7;1;620
653864;BA;2;1;1;1;1;1;476.3;613.3;547.4;488.6;1;720
384335;MT;;;0;0;0;0;;;;;;
1824560;AP;;;1;1;1;1;402.9;348.8;398.3;383.3;1;360
1111637;BA;;;1;1;1;1;575;645.4;677.6;403.6;1;620
2834982;CE;;;1;1;1;1;567.2;607.7;567.5;616.9;1;940
2692935;CE;2;1;0;0;0;0;;;;;;
741259;CE;2;1;1;1;1;1;533.2;492.9;584.8;673.8;1;960
83142;RJ;;;0;1;1;0;;484.3;549.7;;1;860
77212;RJ;;;0;0;0;0;;;;;;
3897452;MT;;;0;0;0;0;;;;;;
1880208;MG;;;0;0;0;0;;;;;;
4005023;PA;;;0;0;0;0;;;;;;
1762239;SP;;;0;0;0;0;;;;;;
3351607;SP;;;1;1;1;1;600.7;707.1;651.3;735.3;1;880
3228458;AL;2;1;1;1;1;1;365.9;428.5;485.6;529.6;1;360
3868873;MG;;;0;1;1;0;;663.5;707;;1;840
3567726;DF;2;1;1;0;0;1;453.7;;;567.4;;
1432527;RO;;;1;1;1;1;495.2;520.2;542.3;593.7;1;600
2797180;PA;;;0;1;1;0;;451.7;407.9;;1;500
3215460;MA;2;1;1;1;1;1;412.6;411.9;486;435.4;1;440
265725;PR;2;1;1;1;1;1;462.5;520.6;477.7;449.4;1;500
1950650;AL;;;1;1;1;1;460.3;464.3;460.4;405.8;1;660
1471683;SP;;;0;1;1;0;;602.7;571.1;;1;620
1400131;PE;;;1;1;1;1;485.5;489.5;412.9;508.1;1;480
2843639;SC;4;1;1;1;1;1;519.7;564.8;591;626.5;1;920
2072424;GO;;;1;1;1;1;675.4;616.1;629.5;677.4;1;820
1548081;AP;;;1;1;1;1;359.5;445.7;411.3;384.4;1;360
3172589;SP;;;1;1;1;1;611;554.4;594.2;696.1;1;600
2968694;MS;4;1;0;0;0;0;;;;;;
4223970;AP;;;1;1;1;1;564.3;605;576.2;632.8;1;620
2467580;BA;;;1;1;1;1;481.6;590.4;591.4;508.7;1;920
1818467;BA;;;1;1;1;1;470.7;528.4;554.5;456;1;540
1660600;MG;2;1;0;0;0;0;;;;;;
2902935;MG;;;1;1;1;1;475.7;473;438.4;396.2;3;0
2986715;CE;;;1;1;1;1;576.8;515.2;538.1;511.8;1;480
2648383;PI;;;0;1;1;0;;516.9;427.7;;1;540
1845773;PI;4;1;1;1;1;1;531.4;582.4;544.5;714.4;1;880
51683;MA;2;1;1;1;1;1;400.3;348.6;381.6;409.7;6;0
2860632;RJ;;;1;1;1;1;439.4;504.9;540.6;375.7;1;680
2723895;RJ;4;1;1;1;1;1;449;491.4;491;528.7;1;720
4163092;RJ;2;1;0;0;0;0;;;;;;
903030;BA;;;0;0;0;0;;;;;;
1829468;MG;;;1;1;1;1;483.6;558.9;531.2;444.4;1;580
335092;CE;;;1;1;1;1;529.9;517.4;472.2;473.2;7;0
1805914;PA;2;1;0;0;0;0;;;;;;
1291488;PE;;;1;1;1;1;520.3;448.8;467.9;386.9;1;640
2716600;MG;2;1;0;0;0;0;;;;;;
3553171;MA;;;1;1;1;1;523.7;604.9;553.7;521.5;1;360
3759744;RN;;;0;0;0;0;;;;;;
3811812;RJ;;;0;0;0;0;;;;;;
2671480;CE;;;0;0;0;0;;;;;;
3865593;RN;;;0;0;0;0;;;;;;
2406159;MS;;;0;0;0;0;;;;;;
2645458;SC;4;1;1;1;1;1;541.6;605.6;565.7;592.3;1;920
3546699;PE;2;1;0;0;0;0;;;;;;
4106631;SP;;;1;1;1;1;540.4;614.7;593.2;661.6;1;520
1459730;GO;2;1;0;0;0;0;;;;;;
38640;ES;2;1;1;1;1;1;478.2;475.1;476.3;427;1;480
1808214;AM;;;0;0;0;0;;;;;;
3149081;RJ;;;0;0;0;0;;;;;;
2493287;AM;2;1;0;0;0;0;;;;;;
2504718;PE;;;1;1;1;1;519.2;534.3;489.4;547.6;1;560
2403185;SP;;;1;1;1;1;492;499.4;538.7;438.3;1;560
2405920;SP;2;1;0;0;0;0;;;;;;
11110;PI;;;1;1;1;1;456.4;425.1;401.7;453.5;1;660
159888;SP;;;1;1;1;1;413.7;551.6;570.4;533.4;1;820
2565714;DF;;;1;1;1;1;468.6;513.4;499.1;415;1;600
2511058;CE;;;1;1;1;1;468.4;370;450;387.5;1;680
2370626;CE;;;1;1;1;1;558.1;582.2;525.3;674.8;1;900
766061;RN;;;1;1;1;1;394;608.5;596.9;442.7;1;720
1157354;PE;2;1;1;1;1;1;361.7;437.7;483.2;391.6;1;720
4225129;MG;;;1;1;1;1;523.1;544.2;459.8;556.4;1;620
2886120;SP;2;1;0;1;1;0;;369;364.8;;1;560
2825600;RN;;;1;1;1;1;511.7;496.1;480.1;380.9;1;880
727490;RS;;;1;1;1;1;386.6;535.5;517.9;465.4;1;640
4180064;BA;;;1;1;1;1;437.5;339.1;527.2;460.3;1;540
1132920;CE;2;1;1;1;1;1;433.1;405.8;487.2;396.7;1;640
2941991;MS;;;1;1;1;1;474.6;522.7;523.5;494;1;760
959768;SE;;;0;0;0;0;;;;;;
3937908;PE;;;1;1;1;1;456.3;531.4;557.3;424.5;1;500
616380;SP;;;1;1;1;1;431.1;532;544.7;515.5;1;540
2365999;AL;;;0;0;0;0;;;;;;
213814;MS;2;1;1;1;1;1;476.3;516.8;535.4;557.7;1;880
1822006;MG;;;0;0;0;0;;;;;;
588555;RN;;;0;0;0;0;;;;;;
1859795;RJ;;;1;1;1;1;573.6;646.7;635;528.7;1;860
1124128;CE;2;1;1;1;1;1;506.6;496;542.2;438.7;1;660
1749453;CE;;;1;1;1;1;589.6;606.7;597.5;496.6;1;840
2754250;CE;2;1;0;0;0;0;;;;;;
3550234;SP;;;1;1;1;1;515;610.9;619.2;605;1;840
4302237;SP;3;1;0;0;0;0;;;;;;
1112541;MA;;;1;1;1;1;427.1;557.7;523.7;665.4;1;920
4123261;SP;2;1;1;1;1;1;540.3;560.6;552.3;552.4;1;600
1204342;AL;;;0;0;0;0;;;;;;
3502469;RS;;;1;1;1;1;583.7;649;576.7;546.1;1;480
1924737;PR;2;1;1;1;1;1;519.6;486;514.2;452.6;1;720
37799;CE;;;1;1;1;1;638.9;678.2;666.3;655.5;1;900
1894532;TO;;;1;1;1;1;410.5;503.1;447.4;516.1;1;500
3841479;PA;;;0;0;0;0;;;;;;
4142126;MG;2;1;0;0;0;0;;;;;;
241481;PA;;;1;1;1;1;570.2;550.4;515.3;475.5;1;540
3247585;AL;2;1;1;1;1;1;447.4;470.2;501.3;443.6;1;780
2474493;CE;;;1;1;1;1;727.6;717.1;656.4;930.2;1;900
2836837;MG;;;1;1;1;1;539.2;614.5;537.7;695.3;1;840
3635767;CE;;;0;0;0;0;;;;;;
1284301;RJ;;;1;1;1;1;487.7;622.4;592.9;598.9;1;740
3361840;BA;;;0;0;0;0;;;;;;
326737;BA;;;1;1;1;1;574.5;683.9;654.8;598.1;1;820
2291478;SC;;;1;1;1;1;543.2;583.8;607.5;452.5;1;620
125400;GO;;;1;1;1;1;504.3;597.1;574.6;623.4;1;900
3793089;DF;2;1;1;1;1;1;506.7;543.3;537.3;492.4;1;480
2589143;CE;2;1;0;0;0;0;;;;;;
2471;PE;;;1;1;1;1;364.1;518.2;511.5;381.4;1;760
2482004;RR;;;1;1;1;1;620.2;666.1;621.5;738.3;1;880
2784702;PR;;;1;1;1;1;525.5;534.4;530.3;530.7;1;440
2541384;RJ;1;1;1;1;1;1;615.2;653.9;609.6;668.8;1;760
1394879;BA;;;1;1;1;1;493;451.6;479.3;547.2;1;720
1541627;GO;;;1;1;1;1;500;532.4;461.3;497;1;900
1598521;SP;;;1;1;1;1;506.3;541.2;547.2;641.1;1;620
56650;BA;;;1;1;1;1;448.6;0;0;506.6;1;660
488809;CE;2;2;1;1;1;1;563;303.2;493.9;633.7;1;820
561729;MT;;;1;1;1;1;585.9;513.4;547.3;574.2;1;600
3169086;PE;;;1;1;1;1;479.7;568.7;471.3;591.3;1;540
3418096;SP;4;1;1;1;1;1;588.2;624.4;584.7;705.8;1;840
987569;PE;;;1;1;1;1;537.3;537.3;550.1;631;1;820
2853599;RJ;;;1;1;1;1;501.7;421.4;509.5;396.4;1;640
692104;SP;2;1;1;1;1;1;550.6;574.2;521.1;523.1;1;700
4217414;GO;;;1;1;1;1;565.8;589.3;601;509.8;1;540
1552645;SP;;;0;0;0;0;;;;;;
707780;BA;2;1;1;1;1;1;527.4;581.6;557.1;496.8;1;880
883168;SP;;;1;1;1;1;366.5;436.8;421;417.2;1;320
22145;PA;;;1;1;1;1;457.8;519.6;538.1;401.2;1;520
681085;BA;;;1;1;1;1;548.8;568;560.9;531.8;1;620
1355419;PR;2;1;1;1;1;1;524.2;441;492.7;450.2;1;340
4029623;BA;;;1;1;1;1;545.5;555.9;557.3;550.6;1;680
4036252;RJ;;;0;0;0;0;;;;;;
8248;SP;4;1;1;1;1;1;517.2;585.9;569.8;693.3;1;760
274560;SP;;;1;1;1;1;477;489.9;519.9;513.3;1;540
1399352;PA;;;1;1;1;1;555.1;543.1;552.3;656.3;1;720
1630400;BA;;;1;1;1;1;451.1;477.8;509.8;435.6;1;460
31202;RN;;;1;1;1;1;448.2;537.7;513.7;432.9;1;620
316832;BA;;;1;1;1;1;520.1;466.9;562.2;431.9;1;760
1194111;SP;;;0;0;0;0;;;;;;
3136305;MG;;;1;1;1;1;618.6;563.3;572.8;679.4;1;400
1799966;BA;;;1;1;1;1;432.7;501.9;495.7;427.5;1;740
962151;SP;;;0;1;1;0;;447;510.9;;1;520
2051650;SP;2;1;1;1;1;1;511.9;533;564.2;496.4;1;760
1324432;PE;2;1;1;1;1;1;569.1;617.9;599.7;662.1;1;800
3584739;PI;;;1;1;1;1;371.9;474.4;529.6;388.3;1;620
2737628;RJ;;;1;1;1;1;516.5;553.8;505.5;613.1;1;940
1074618;PR;;;0;0;0;0;;;;;;
4253371;RS;;;0;0;0;0;;;;;;
1520815;RJ;;;0;0;0;0;;;;;;
1629293;MG;2;1;1;1;1;1;440.1;577.2;566;421.4;1;680
3200717;PI;4;1;1;1;1;1;580.6;559;500.8;502.1;1;700
696461;GO;2;1;1;1;1;1;523.3;504.3;581.5;528.8;1;720
2615092;MG;;;1;1;1;1;456.2;607.8;526.8;382.4;1;580
425545;AM;2;1;0;1;1;0;;520.3;538.9;;1;480
2559942;PI;2;1;1;1;1;1;431.8;346;412.9;388.6;1;500
2753123;SP;;;0;0;0;0;;;;;;
1346106;RN;;;0;0;0;0;;;;;;
3968512;BA;;;1;1;1;1;487.2;342.8;433.1;441.6;1;640
4060091;RS;3;1;1;1;1;1;397.9;306.3;488.5;499.1;1;340
3531915;PA;2;2;0;0;0;0;;;;;;
3611529;PA;;;1;1;1;1;472.9;551.6;532.6;460.2;1;520
1416558;PA;2;1;1;1;1;1;476.3;292.9;482.2;454.3;1;800
122672;RJ;;;1;1;1;1;449.5;547.4;542.3;516.5;1;700
2173936;GO;2;1;1;1;1;1;480.9;572.6;513.5;465.6;1;660
196002;GO;;;1;1;1;1;617.1;586;574.9;742.3;1;880
619098;AM;2;1;1;1;1;1;429.2;423.4;481.9;407.5;1;580
4101562;SP;;;1;1;1;1;547.3;544;561.3;567.3;1;640
951382;AL;;;1;1;1;1;450.3;490.5;465.8;417.5;1;400
3017668;SP;;;1;1;1;1;513.6;481.8;534.5;553.3;1;560
2200544;GO;2;1;1;1;1;1;480.9;402.4;313.8;374.3;1;320
445034;CE;;;1;1;1;1;513.3;328.2;459.6;436.5;1;340
440706;AL;;;0;0;0;0;;;;;;
831939;RJ;;;1;1;1;1;624.6;654.1;630.7;740.6;1;800
2403349;MA;;;0;1;1;0;;569.7;544.8;;1;460
3536811;PR;;;1;1;1;1;451.9;561;542.8;446;1;700
743866;PR;;;0;1;1;0;;338.2;524.3;;1;380
1077912;CE;2;1;0;0;0;0;;;;;;
3490732;PB;;;0;0;0;0;;;;;;
240540;MS;4;1;1;1;1;1;538;533.8;477.2;478.3;1;580
3114749;PE;;;0;0;0;0;;;;;;
3890110;GO;;;1;1;1;1;365.7;502.8;482.5;383.5;1;560
3153036;SP;;;1;1;1;1;574.5;556.8;643.3;478.4;1;580
3381856;SP;;;1;1;1;1;512.7;610.5;511.8;480.4;1;400
661616;MG;;;1;1;1;1;449.9;415.7;552.4;420.2;1;600
1109162;PI;;;0;0;0;0;;;;;;
2575155;PE;;;1;1;1;1;543.4;569.8;437.2;597.6;1;460
2230886;GO;;;1;1;1;1;688.6;673.7;676.3;778.6;1;980
302888;RS;;;0;0;0;0;;;;;;
580908;AP;;;0;0;0;0;;;;;;
803222;MA;;;1;1;1;1;488.7;395.2;315.6;473.7;1;460
2972972;PR;;;1;1;1;1;530.8;379.6;515.7;448.4;1;540
2978502;AC;;;1;0;0;1;449.5;;;431.2;;
3710190;PE;;;0;0;0;0;;;;;;
1325356;MG;;;1;1;1;1;379.9;568.4;525.6;462;1;600
718655;RJ;;;1;1;1;1;689.2;769.6;624.2;798.6;1;900
1131889;CE;2;1;1;1;1;1;415.4;496.2;527.6;398.4;1;680
91626;RN;2;1;1;1;1;1;426.7;548.7;555;564.5;1;740
583922;RS;;;1;1;1;1;404.1;414.9;477.5;474.6;1;320
316953;SP;2;1;1;1;1;1;423.8;479.5;492.3;577.6;1;760
4307571;AM;2;2;0;0;0;0;;;;;;
48614;RJ;;;1;1;1;1;540.7;631.5;598.1;658.5;1;780
1332728;PE;2;1;1;1;1;1;425.5;507.5;495.8;384.1;1;600
3605163;SP;;;1;1;1;1;608.7;617.3;474.7;638.8;1;900
2974569;PA;;;0;0;0;0;;;;;;
3340585;MG;4;1;1;1;1;1;471.3;566.3;546.9;723.9;1;820
132003;BA;;;1;1;1;1;441.7;439.8;497.6;388.8;1;620
3417862;MT;4;1;1;1;1;1;559.2;571.3;619;671.3;1;800
1459183;CE;;;1;1;1;1;508.3;542.6;538.5;440.5;1;760
522579;SC;;;1;1;1;1;585.5;669.2;584.6;646.6;1;700
2259912;PE;2;1;1;1;1;1;396.6;496.7;507.1;461.2;1;520
588656;BA;2;1;1;1;1;1;441.6;510.1;510.2;487.4;1;720
3995641;RS;2;1;0;0;0;0;;;;;;
363323;PA;;;0;0;0;0;;;;;;
3132800;PA;2;1;1;1;1;1;521.6;505.2;461.9;493.8;1;480
3731764;SP;4;1;0;0;0;0;;;;;;
3088592;SP;4;1;1;1;1;1;415.4;606.7;558.4;556.4;1;660
1263142;RN;;;1;1;1;1;440.2;542.9;552;508.9;1;740
2888842;MG;;;1;1;1;1;656.3;683.7;616.9;673.8;1;740
3512914;MS;;;0;0;0;0;;;;;;
3581859;SP;;;0;0;0;0;;;;;;
1485691;SP;;;1;1;1;1;536.7;547.5;538.3;571.7;1;820
1816585;BA;4;1;1;1;1;1;413.1;658.1;577.6;604.1;1;940
1409245;PA;;;0;0;0;0;;;;;;
268868;CE;2;1;1;1;1;1;447.3;443.3;474.3;502.1;1;320
48259;SP;2;1;1;1;1;1;480.7;434.1;498.3;385.3;1;420
3510992;CE;;;0;0;0;0;;;;;;
92440;SP;;;1;1;1;1;758.5;683;610.5;798;1;900
3408429;SP;;;1;1;1;1;496.2;480.4;449.8;505.8;1;540
3259371;PI;;;0;0;0;0;;;;;;
472729;CE;;;1;1;1;1;475.8;452.9;531.7;627.2;1;780
941863;BA;;;0;0;0;0;;;;;;
642632;MA;2;1;1;1;1;1;375.9;399.4;360;373.9;1;380
2590996;SP;;;1;1;1;1;564.6;513.2;528.3;559.6;1;800
414303;PI;2;2;1;1;1;1;363.2;343.4;491.2;502.5;6;0
1694708;CE;2;1;1;1;1;1;364.6;402.4;379.1;409.9;3;0
3528353;MS;;;1;1;1;1;590.2;588.2;560.3;577.8;1;540
1914364;MG;1;1;1;1;1;1;597.8;588.7;630.1;703.1;1;600
2662154;BA;;;0;0;0;0;;;;;;
2463801;PA;;;1;1;1;1;497.7;406.1;472.7;418;4;0
2287581;RS;;;1;1;1;1;415.3;454.6;544;390.7;1;520
631908;SE;;;1;1;1;1;357.2;486.8;504.6;399;1;580
126377;PB;2;1;1;1;1;1;460.4;534.6;566;555.8;1;680
2642069;RJ;;;1;1;1;1;486.7;446.7;475.2;507.9;1;540
2645971;RO;2;1;1;1;1;1;388.8;357.9;360.9;415.2;1;680
4312458;PR;;;1;1;1;1;598.2;560.2;402.1;656.6;1;500
1268722;CE;2;1;0;0;0;0;;;;;;
909069;PE;;;0;0;0;0;;;;;;
3997055;RS;;;1;1;1;1;452.8;533.4;508.5;441.7;1;560
3806587;RJ;;;1;1;1;1;427.9;323.8;539.7;391.8;1;740
3035906;MG;;;0;0;0;0;;;;;;
131680;SP;2;1;0;0;0;0;;;;;;
1406138;BA;;;1;1;1;1;618.6;626.1;642.5;667.1;1;800
1726219;GO;2;1;1;1;1;1;417.1;482.2;501.4;539.2;1;840
1505552;BA;;;0;0;0;0;;;;;;
2840666;MG;;;0;0;0;0;;;;;;
3796474;ES;;;1;1;1;1;612.7;562.2;547.8;720.5;1;480
2562626;PR;;;1;1;1;1;374.7;400.2;419.9;448.8;1;200
2861920;ES;4;1;1;1;1;1;607.2;622.5;618.4;736.3;1;900
1282120;PA;4;1;1;1;1;1;682.4;726.7;654.4;811;1;900
309902;PB;;;1;1;1;1;373.9;419.4;412.6;450.7;1;400
1583925;MG;;;1;1;1;1;504.4;581.8;534.9;585.9;1;700
3457956;PI;;;0;0;0;0;;;;;;
946575;SP;;;1;1;1;1;738.2;739.6;666.3;887.2;1;880
3155537;MG;;;1;1;1;1;510.5;497.6;479.4;496.2;1;680
2629746;SP;2;1;0;0;0;0;;;;;;
3187604;DF;;;0;1;1;0;;505.1;559.7;;1;660
573740;RO;2;1;1;1;1;1;479.6;367.9;454.4;400.8;1;480
3687157;PA;2;1;1;1;1;1;593.1;559.8;555.3;600.2;1;660
4073905;SC;;;0;0;0;0;;;;;;
868568;RR;;;1;1;1;1;451.4;300.5;412.8;596.5;3;0
721738;MA;;;1;1;1;1;468.3;532.2;553.1;392.6;1;760
2752489;PR;;;1;1;1;1;646.7;697.7;614.9;748.9;1;760
1976287;SC;2;1;1;1;1;1;583.9;580.8;468.1;613.7;1;540
1003571;PE;;;1;1;1;1;447.7;572.7;540.1;581;1;820
3124192;PE;;;0;0;0;0;;;;;;
3040096;SP;2;1;1;1;1;1;545;537.6;566.1;458.9;1;600
1948389;PE;;;1;1;1;1;527.9;555.3;559.1;451.1;1;520
218493;BA;2;1;1;1;1;1;393.6;459;457;397.9;1;520
151647;BA;;;1;1;1;1;500.7;574.1;539.5;621;1;760
3508338;MG;;;1;1;1;1;582.1;637.3;555.2;640.4;1;740
4292395;MG;;;1;1;1;1;507;555.8;565.6;534.2;1;540
330526;RS;;;1;1;1;1;603.3;592.3;620.5;679.2;1;920
410620;SC;;;1;1;1;1;428.6;554.5;550.9;520.7;1;820
4190181;RS;;;0;0;0;0;;;;;;
70602;PE;;;1;1;1;1;522.9;535.8;504.6;404.2;1;840
4075870;PR;2;1;1;1;1;1;569.1;527.1;553.1;589.3;4;0
2884113;CE;;;1;1;1;1;543.9;376.4;483.2;468;4;0
672136;BA;;;1;1;1;1;408.2;465;500.5;399.2;1;540
3853970;SP;;;1;1;1;1;616.8;611.2;533.7;590.7;1;620
2284533;CE;;;0;0;0;0;;;;;;
4034025;MG;2;1;1;1;1;1;536.5;541.9;500.1;558.7;1;640
2297540;SP;;;1;1;1;1;539.1;550.7;543.1;491.8;1;680
1084023;SP;2;1;1;1;1;1;514;474.4;614.8;688.5;1;620
1075065;RS;4;1;0;0;0;0;;;;;;
1079622;MA;2;1;1;1;1;1;515.6;568;544.7;464.6;1;680
3139610;RJ;;;1;1;1;1;570.1;558.8;440;674;1;720
3341931;AL;;;0;0;0;0;;;;;;
3068317;MG;;;0;0;0;0;;;;;;
886406;ES;;;1;1;1;1;448;502.6;544.9;572.2;1;840
3132025;BA;2;1;0;0;0;0;;;;;;
2903880;RJ;2;1;1;1;1;1;417.6;478.8;489.6;399.8;1;680
2044466;ES;2;1;1;1;1;1;430.9;538.9;485.3;537.7;1;480
3074731;RJ;2;1;0;0;0;0;;;;;;
612098;ES;;;0;0;0;0;;;;;;
3419274;MA;2;1;1;1;1;1;546.2;531.6;530.7;496.6;1;640
4150043;DF;;;1;1;1;1;603.2;620.5;635.2;678.2;1;580
899565;BA;;;1;1;1;1;565.7;570;596.9;592.7;1;840
751423;PA;2;1;1;1;1;1;363.5;289.1;412.8;418.4;4;0
4195458;MT;2;1;0;0;0;0;;;;;;
1482164;MA;4;1;1;1;1;1;427.8;462.1;479.8;416.3;1;640
2668022;PE;2;1;0;0;0;0;;;;;;
822528;TO;;;1;1;1;1;449.3;452.5;450.9;381.3;1;680
646767;BA;;;1;1;1;1;596.2;524.9;529.4;597.8;1;900
2303206;RS;;;0;0;0;0;;;;;;
798064;SP;2;1;1;1;1;1;473;568.1;568.7;600.7;1;660
846054;SP;2;1;1;1;1;1;427.7;576.7;594.4;427.9;1;740
1385483;AL;2;1;1;1;1;1;350.2;413.2;435;455.6;1;480
39427;MS;2;1;0;0;0;0;;;;;;
2843657;RJ;4;1;1;1;1;1;538.4;627.2;605.5;427.5;1;880
4111180;MG;;;1;1;1;1;476.6;514.4;547.6;505.9;1;640
3213522;PA;;;0;0;0;0;;;;;;
2592195;BA;;;1;1;1;1;364.1;498.6;544.6;413.4;1;520
4191650;AM;;;1;1;1;1;458.9;443.8;507.9;495;1;500
3594254;SP;;;0;1;1;0;;585.2;614.4;;1;620
1074314;BA;2;1;1;1;1;1;457.5;454;487.1;389.9;1;420
2610193;RJ;4;1;1;1;1;1;534.3;602.9;598.5;619.9;1;740
884483;PA;;;1;1;1;1;353.1;466.8;458.9;398.1;4;0
3112993;RN;;;1;1;1;1;586.1;643.1;572.2;633.1;1;820
3420894;RJ;;;1;1;1;1;573.5;518.1;460.9;671.2;1;640
3747895;PE;2;1;0;0;0;0;;;;;;
3891607;RN;;;0;0;0;0;;;;;;
1459755;GO;;;0;0;0;0;;;;;;
2897612;RS;4;1;1;1;1;1;575.9;527.8;553.9;449.7;1;740
1668;PR;2;1;0;0;0;0;;;;;;
1833351;MA;;;0;0;0;0;;;;;;
3620226;RJ;;;1;1;1;1;407.5;485.8;520.7;418.9;1;620
582594;PA;;;1;1;1;1;556.2;607.2;540.1;667.9;1;940
3432684;SP;2;1;0;0;0;0;;;;;;
1615137;GO;;;1;1;1;1;356.4;450.7;525.3;395.3;1;580
3742822;SP;;;0;1;1;0;;361.9;468.6;;1;480
3348192;GO;;;0;0;0;0;;;;;;
4191613;BA;;;0;0;0;0;;;;;;
1634473;PI;2;1;0;0;0;0;;;;;;
570884;AP;;;1;1;1;1;375.1;516;490.2;420.3;1;680
2238942;RO;;;1;1;1;1;504.7;435.1;434.4;399.9;1;560
1723025;ES;;;0;0;0;0;;;;;;
2439345;RJ;1;1;1;1;1;1;593;488.5;543.2;512;1;800
2086112;BA;2;1;1;1;1;1;402.7;508.3;521.4;418.8;1;600
4016785;BA;;;0;0;0;0;;;;;;
2165124;AM;;;1;1;1;1;461;460;536.3;581.9;1;860
1937344;SP;4;1;1;1;1;1;498.8;545.3;522.1;494.1;1;520
3332832;RR;;;0;0;0;0;;;;;;
2572138;BA;;;1;1;1;1;539.8;532.2;551.1;591.2;1;760
1418746;RJ;2;1;0;0;0;0;;;;;;
2140049;SP;;;1;1;1;1;588.6;562;590.2;396.3;1;720
3413650;SP;4;1;1;1;1;1;508.3;541.8;570.3;627.2;1;600
4006033;RS;;;1;1;1;1;456.2;375.8;438.6;403.3;1;500
4317321;RS;2;1;0;0;0;0;;;;;;
2577624;PE;2;1;1;1;1;1;353.8;296.2;538.4;458.6;1;460
1318728;SC;;;1;1;1;1;631.7;625.8;594.9;692.9;1;860
215891;PI;1;2;1;1;1;1;419.8;445.7;464.9;472;1;580
1713165;BA;2;1;1;1;1;1;414.8;444.9;445.8;395.3;3;0
822508;PA;4;1;1;1;1;1;384.2;470.1;531.1;496.6;1;760
3466665;MG;;;1;1;1;1;502.5;532.4;505.6;531.7;1;620
2658693;CE;;;1;1;1;1;655;630.7;652;469.2;1;660
140591;PE;;;1;1;1;1;479;593.1;595.1;656.8;1;920
915794;SE;4;1;1;1;1;1;606.2;665.7;612.1;748.5;1;900
571601;RJ;;;0;0;0;0;;;;;;
328504;BA;;;1;1;1;1;459.3;512.6;398.9;452.3;1;700
441536;RJ;;;1;1;1;1;496.1;556.9;528.5;528.5;1;860
365731;SP;2;1;0;1;1;0;;558.3;554.1;;1;640
571582;MG;;;1;1;1;1;448.4;312.9;523;461.5;1;820
3468956;SP;;;1;1;1;1;421.7;473.7;509.8;408.8;1;500
3801381;PA;2;1;1;1;1;1;509.3;531.5;449.6;391.7;1;640
3603506;SP;2;1;0;0;0;0;;;;;;
86275;CE;2;1;1;1;1;1;473.9;544.5;500;496.2;1;900
2102690;TO;;;1;1;1;1;419;562.1;522.9;514.1;1;680
393334;SP;1;1;1;1;1;1;597.2;576;563.2;565.2;1;560
1092452;BA;;;1;1;1;1;413.4;556.2;571.4;530.8;1;820
3569143;RJ;1;1;1;1;1;1;515.4;510.3;507.5;554.8;1;600
3313026;AL;;;1;1;1;1;402.1;586;585.7;569.7;1;860
1209229;CE;;;1;1;1;1;454.3;418.3;318.1;396.1;1;400
558068;PA;;;0;0;0;0;;;;;;
3833268;AP;;;1;1;1;1;417.5;487;513.9;371.3;1;520
3047619;BA;;;1;1;1;1;568.9;546.7;591.4;594.1;1;780
3216934;SP;;;0;0;0;0;;;;;;
968412;CE;;;0;0;0;0;;;;;;
2671290;PR;4;1;1;1;1;1;505.6;362.6;562.8;459;1;620
897249;MG;;;1;1;1;1;447.4;480.8;317.7;439.3;8;0
3274635;PR;;;0;0;0;0;;;;;;
3603878;DF;4;1;1;1;1;1;567.2;609;612.7;621.1;1;640
2223086;BA;;;1;1;1;1;472.5;520.6;471.8;431.3;1;520
4302496;SC;;;1;1;1;1;384.9;472.9;534.3;646.9;4;0
2074591;CE;;;1;1;1;1;516.2;436.8;447.6;449;1;520
2270682;PA;2;1;1;1;1;1;361.2;395.6;406.1;392.3;1;560
1083973;CE;2;1;1;1;1;1;512.8;505.4;531.6;392.5;1;600
3555970;RJ;;;1;1;1;1;507.6;553.7;562.2;532.5;1;580
2432990;CE;;;1;1;1;1;521.7;504.3;544.9;538.7;1;620
1546092;PR;2;2;1;1;1;1;480.3;486.9;475.9;430.3;1;240
3236420;RJ;2;1;0;0;0;0;;;;;;
2730846;BA;2;1;0;0;0;0;;;;;;
512741;PA;2;1;1;1;1;1;433.1;456.1;364.4;579;1;280
216613;PE;2;1;1;1;1;1;471.4;421.4;521.4;449.7;1;600
2819054;PA;;;1;1;1;1;520.3;530.1;509;398.9;1;500
315323;SP;;;0;0;0;0;;;;;;
462763;RS;;;1;1;1;1;554.4;543.8;573.1;642.4;1;600
2124713;BA;;;1;1;1;1;506.2;386.9;475.4;473.1;1;300
2571813;AC;;;1;1;1;1;556.6;608.4;545.6;581;1;900
2542636;RS;;;1;1;1;1;662.5;699;639;655;1;920
2609240;AL;;;1;1;1;1;359.4;0;300.2;410.5;4;0
3517445;GO;;;0;0;0;0;;;;;;
1933360;PE;;;1;1;1;1;525.2;412.7;492.6;473;1;680
931408;RJ;2;1;1;1;1;1;410.2;400.4;337.4;440.2;1;800
19287;BA;;;1;1;1;1;407.7;498.8;460.5;490.4;1;840
1034054;SP;2;1;1;1;1;1;542.9;551.9;621.5;623.6;1;640
925597;SP;2;1;0;0;0;0;;;;;;
3014115;BA;2;2;0;0;0;0;;;;;;
2953000;BA;2;1;1;1;1;1;411.9;392.4;395.5;451.5;4;0
3775189;GO;;;0;0;0;0;;;;;;
2665261;SP;2;1;0;0;0;0;;;;;;
755857;SP;;;1;1;1;1;417.9;453.7;475.1;463.9;1;440
2194922;SC;;;1;1;1;1;443;329.6;494.2;406.2;1;400
4332510;RS;2;1;0;0;0;0;;;;;;
37015;BA;2;1;1;1;1;1;475.7;600.4;577.2;528.9;1;900
2268829;PR;;;1;1;1;1;599.5;588.9;603.5;473.9;1;660
216209;SP;;;1;1;1;1;480.1;546.9;533.8;504.4;1;660
1544880;CE;;;0;1;1;0;;533.8;518.2;;1;680
388120;BA;;;0;0;0;0;;;;;;
873638;PI;2;1;1;1;1;1;480.4;562.7;537.7;592.4;1;800
1611844;PA;2;1;1;1;1;1;357.7;463.3;377.2;412.1;1;460
2046154;PA;;;1;1;1;1;413;565.6;566.6;451;1;520
323818;PA;2;1;1;1;1;1;387.8;377.4;410.1;387.2;1;280
1620041;SP;2;1;0;0;0;0;;;;;;
2403076;PR;;;0;0;0;0;;;;;;
3689650;SP;2;1;0;0;0;0;;;;;;
1201098;PB;1;1;1;1;1;1;414.3;580.4;632;448;1;800
3541424;SP;;;0;1;1;0;;475.9;532.6;;1;500
2923671;BA;;;1;1;1;1;374.9;509.6;512.3;400.4;1;680
1037596;SP;2;1;1;1;1;1;469.3;554.3;524;497.7;1;420
1284141;PA;;;1;1;1;1;430.6;427.6;513.6;448.9;1;660
1526015;RN;1;1;1;1;1;1;528.7;619.3;634;680.5;1;780
1000321;RJ;;;1;1;1;1;493.2;529.7;515.6;454.1;1;440
2465312;AM;;;0;0;0;0;;;;;;
737693;MG;4;1;1;1;1;1;579.5;548.8;533.9;592.4;1;900
2337493;BA;;;1;1;1;1;426.3;370.9;420;386.4;1;360
4224665;RS;;;1;1;1;1;589.4;637.9;636.6;680.5;1;580
729604;PI;;;1;1;1;1;342.3;486;494.7;487.8;1;840
1242561;CE;2;1;1;1;1;1;503.7;431.4;472.5;524.2;1;460
1228039;SP;;;0;2;2;0;;;;;;
1643115;AM;;;0;0;0;0;;;;;;
294395;MA;;;1;1;1;1;536.4;560.6;580.1;628.2;1;920
2492903;RJ;;;1;1;1;1;480.5;562;460;454.5;1;620
2553693;RJ;;;1;1;1;1;431;366.9;444.3;441.4;1;620
357926;RJ;;;0;0;0;0;;;;;;
1601870;PA;;;0;0;0;0;;;;;;
3766970;GO;2;1;0;1;1;0;;405.2;373.2;;1;360
3574428;RS;;;1;1;1;1;567.6;559.5;514.1;591.9;1;580
2919941;MG;1;1;1;1;1;1;507.9;554.3;574.7;590.3;1;920
189348;CE;2;1;1;1;1;1;381.8;460.4;529.4;392.2;1;580
96823;MA;2;1;1;1;1;1;494.6;511.9;487.9;412.5;1;540
2323010;BA;;;0;0;0;0;;;;;;
3462353;PA;;;0;1;1;0;;502.8;562.6;;1;640
2624838;RS;;;0;0;0;0;;;;;;
1667792;RS;2;1;1;1;1;1;531.7;471.4;609.5;499.1;1;560
2669381;PA;;;1;1;1;1;489.3;420.7;500.2;388.4;1;580
1251578;CE;2;1;1;1;1;1;385;353.4;446.4;378.9;4;0
3299564;PA;2;1;0;0;0;0;;;;;;
3238277;BA;2;1;1;1;1;1;492.2;544.5;548.8;511.3;1;680
299845;MA;4;1;1;1;1;1;629.3;668.4;675.4;739.7;1;920
952979;BA;;;1;1;1;1;560.6;585.3;571.9;626.4;1;920
1790758;RS;;;1;1;1;1;357.2;470.8;485;430.9;1;620
3881836;SE;;;0;0;0;0;;;;;;
3549816;SP;4;1;1;1;1;1;488.4;522.3;524;424.4;1;420
1064476;PE;2;1;1;1;1;1;451.3;320.9;420.9;387.2;1;600
2175667;ES;;;1;1;1;1;437.5;409.1;323.5;486;1;420
1530184;RS;;;1;1;1;1;617.6;586.5;578.7;603;1;660
3281480;SP;2;1;0;0;0;0;;;;;;
268839;PR;2;1;0;0;0;0;;;;;;
3544132;RJ;;;1;1;1;1;629.5;650.9;667.5;741.7;1;960
2098861;PR;;;0;0;0;0;;;;;;
1020688;BA;;;0;0;0;0;;;;;;
1144578;MG;2;1;1;1;1;1;390.1;405.1;412.1;427.3;1;300
865643;BA;;;1;1;1;1;409.5;394.8;423.3;379.7;1;680
3765435;SP;;;0;0;0;0;;;;;;
1339423;RR;;;1;1;1;1;416.1;417.8;530.1;611.2;1;660
2787262;PB;2;1;0;0;0;0;;;;;;
2465916;SP;2;1;1;1;1;1;568.9;608;608.5;471.3;1;480
3243946;GO;2;1;0;0;0;0;;;;;;
3929832;SP;;;0;1;1;0;;444.1;456.7;;1;700
3886490;RJ;;;1;1;1;1;554.1;595.3;584;584.8;4;0
1301109;SP;;;1;1;1;1;505;472.1;507.9;402.2;1;380
3454610;ES;2;1;1;1;1;1;547;522.6;555.1;594.2;1;600
2931333;GO;4;1;1;1;1;1;491.5;560.7;575.6;479.6;1;780
3321818;PA;;;1;1;1;1;416.5;453;386.2;418.7;8;0
154585;MG;1;1;1;1;1;1;655.2;672.2;617;764.7;1;820
4106593;SP;;;0;0;0;0;;;;;;
195704;PI;2;1;1;1;1;1;454.3;574.1;618.8;500.3;1;920
1922337;BA;;;1;1;1;1;527.8;540.7;514.5;597.2;1;660
2829131;RJ;4;1;1;1;1;1;692;680.2;696.5;719.3;1;760
1862279;AP;2;1;1;1;1;1;442.7;450.5;478.9;415.6;1;560
1868922;ES;2;1;1;1;1;1;472.8;533.6;557.3;486.7;1;600
204845;RO;;;0;0;0;0;;;;;;
569811;SP;;;1;1;1;1;529.3;598.9;597.4;581.1;1;600
3694424;GO;;;0;0;0;0;;;;;;
3825558;SC;;;1;1;1;1;380.6;483.7;460.9;383.8;1;560
1588557;BA;1;1;1;1;1;1;625.1;656.9;630.4;668.6;1;900
4072114;PR;;;1;1;1;1;459;610.5;607.7;498.9;1;720
1961035;SE;;;1;1;1;1;411.9;423.2;384.7;463.7;1;420
2765014;PR;;;1;1;1;1;595.2;605.8;491.4;683.4;1;920
3662402;SP;2;1;1;1;1;1;507.3;577.2;598.8;644.3;1;660
2855342;ES;;;1;1;1;1;602.9;535.2;520.6;449;1;660
926885;RN;2;1;1;1;1;1;563.9;597.7;581.8;678.9;1;860
601684;MS;;;0;0;0;0;;;;;;
1845496;RS;2;1;1;1;1;1;574.1;623.9;587.8;605.9;1;800
166523;PE;2;1;1;1;1;1;361.4;382.1;371.4;423.1;1;360
2248877;GO;1;2;1;1;1;1;533.3;545.7;564.5;474.4;1;820
850964;SP;2;1;1;1;1;1;546.6;519.4;556.3;551.2;1;840
550592;AM;2;1;1;1;1;1;453.4;523.5;537.4;397.7;1;600
3216026;PE;;;1;1;1;1;456.9;456.2;511;372.7;1;520
1525249;CE;;;0;0;0;0;;;;;;
696081;GO;;;1;1;1;1;540.3;505.5;573.5;681.5;1;620
237086;ES;4;1;1;1;1;1;663.2;699.8;599.6;767.6;1;900
1893754;RO;;;1;1;1;1;615.7;682.8;613.4;537.1;1;740
449578;PB;;;1;1;1;1;443.7;492;474.3;417.1;1;860
359321;MG;;;1;1;1;1;445.6;498.8;489.6;438.7;1;680
945174;CE;2;1;0;0;0;0;;;;;;
808829;RS;;;0;0;0;0;;;;;;
1948668;RR;2;1;1;1;1;1;384.3;430;413.4;579.7;1;700
1554380;CE;;;1;1;1;1;446.4;525.3;522.9;424;1;560
1802621;PA;;;1;1;1;1;522.8;430.1;492.6;431.5;1;480
1802921;PB;;;0;0;0;0;;;;;;
831316;PE;;;1;1;1;1;483.5;607.6;582.4;721.3;1;900
656705;SP;;;1;1;1;1;478.6;559.6;519.8;416.7;1;480
4315623;RS;;;0;1;1;0;;388.8;486;;4;0
39064;AL;;;0;0;0;0;;;;;;
3336351;PR;2;1;0;1;1;0;;562.9;571.5;;1;560
64465;MA;2;1;0;0;0;0;;;;;;
4182626;SP;;;1;1;1;1;534.6;488.7;583.4;398.7;1;560
3035189;RS;;;1;1;1;1;486.2;626.7;617;643.9;1;620
2007987;GO;;;1;1;1;1;405.7;410;469.1;416.1;1;320
3785077;SP;;;0;1;1;0;;508;518;;1;640
376788;GO;;;0;0;0;0;;;;;;
3987661;MG;;;1;1;1;1;458.6;559.4;531.1;519.7;1;540
1696652;BA;2;1;1;1;1;1;473.9;470.8;500.5;384.6;1;480
349353;SP;2;1;1;1;1;1;538.4;569.8;595.8;443.4;1;880
2407321;BA;2;1;1;1;1;1;526.2;584.9;568.6;644.2;1;840
972827;PI;2;1;1;1;1;1;382.5;407.3;533.3;389.1;1;480
547204;GO;;;0;0;0;0;;;;;;
1107297;GO;;;0;0;0;0;;;;;;
3235421;PA;2;1;0;0;0;0;;;;;;
3747508;BA;;;1;1;1;1;478;415.4;496.2;442.2;1;540
4086266;PA;;;1;1;1;1;399.1;496.7;494.8;483.9;1;640
217908;SP;4;1;1;1;1;1;696.4;714.8;648.4;726.2;1;920
1786343;RJ;;;0;1;1;0;;449;498.3;;1;460
2799721;PB;;;1;1;1;1;445.3;379.3;496.6;483.4;1;660
4234801;SP;;;0;0;0;0;;;;;;
3466530;BA;;;1;1;1;1;387.4;436.9;450.9;456;1;440
203135;DF;;;1;1;1;1;484;494.4;543.7;408.7;1;540
3003100;PE;2;1;1;1;1;1;452.8;402.4;418.9;377.2;8;0
2115723;MA;;;0;0;0;0;;;;;;
2597109;RS;;;1;1;1;1;367.4;389.7;381.3;408.9;9;0
3392210;ES;;;1;1;1;1;551.6;504.3;539.1;633.9;1;800
753548;RS;;;1;1;1;1;640.3;659.5;615.7;559.4;1;880
3801423;PA;2;1;1;1;1;1;457.7;486.3;541;465.9;1;680
4314796;RS;;;0;0;0;0;;;;;;
2754192;AM;2;2;0;0;0;0;;;;;;
2859650;PB;;;0;0;0;0;;;;;;
2869201;RS;4;1;1;1;1;1;510.6;589;515;669.1;1;780
866473;MG;;;1;1;1;1;421.3;486.2;491.2;425.6;1;560
3624075;AM;;;0;0;0;0;;;;;;
3304111;BA;;;1;1;1;1;604.4;661;637.3;754.7;1;840
863792;SP;2;1;1;1;1;1;475.3;560.8;572.7;611.3;1;740
725617;AC;;;1;1;1;1;390.3;387;426.4;407.9;1;160
199278;BA;2;1;1;1;1;1;397.5;518.7;522.1;534.6;1;760
2195281;SP;4;1;1;1;1;1;564.7;552.7;559.9;650.4;1;700
3878295;PR;;;0;1;1;0;;644.6;629.1;;1;880
2072772;GO;;;1;1;1;1;461.4;530.6;515.6;484.3;1;640
2205426;SC;2;1;0;0;0;0;;;;;;
1450563;PB;2;1;1;1;1;1;391;380.9;365.4;531.5;4;0
43144;PR;;;0;0;0;0;;;;;;
3419986;BA;2;1;0;0;0;0;;;;;;
126741;MG;;;1;1;1;1;606.6;565.1;583.1;594.7;1;920
219150;MG;;;1;1;1;1;558.8;606.1;584.7;537.4;1;900
3195234;MT;2;1;0;0;0;0;;;;;;
1121785;PB;2;1;1;1;1;1;417;473.5;564.1;456.7;1;700
2575645;RS;4;1;1;1;1;1;514.8;548.5;546;665.5;1;800
2351310;SP;;;0;0;0;0;;;;;;
1605868;MG;;;1;1;1;1;535.1;631.5;626.9;733.2;1;900
824637;PA;;;1;1;1;1;531.4;584.5;611.5;634.9;1;840
711100;BA;;;1;1;1;1;606.1;636.1;609.9;518.3;1;860
1727545;PA;2;1;0;0;0;0;;;;;;
1150292;RS;;;1;1;1;1;374.7;429.4;409.6;477.3;1;520
3733294;MS;;;0;0;0;0;;;;;;
85739;CE;2;1;1;1;1;1;576.8;581.4;592.6;640.8;1;900
1750500;BA;;;1;1;1;1;492.2;541.3;516.6;639.3;1;880
3964692;CE;;;1;1;1;1;524;566.8;513.9;438;1;680
3525959;MA;2;1;1;1;1;1;429.9;406;457.7;392.3;1;600
180157;BA;;;1;1;1;1;407.2;465.7;498.6;494.8;1;560
803573;RO;;;1;1;1;1;441.4;467.1;497.4;425.8;1;360
1607594;SP;2;1;0;0;0;0;;;;;;
127860;MG;4;1;1;1;1;1;649.4;705.8;663;736.2;1;960
1084284;PB;;;1;1;1;1;496.3;411.1;439.6;460;1;600
2076931;RO;2;1;1;1;1;1;499.8;306.6;544.8;452.9;1;580
1291054;RS;;;0;0;0;0;;;;;;
3444211;PE;;;1;1;1;1;420.4;443.6;480.6;380.2;1;640
1223201;MA;;;0;0;0;0;;;;;;
2444372;SP;2;1;1;1;1;1;565.5;570.2;554.1;680.8;1;680
3851218;PR;;;0;0;0;0;;;;;;
305210;PA;2;1;1;1;1;1;523;613.9;570.1;526.3;1;920
1895293;RN;;;1;1;1;1;482.9;527.5;533.4;518;1;620
596998;RS;2;1;1;1;1;1;447.4;572.5;578.8;642.6;1;580
372850;RN;;;1;1;1;1;441.1;492.9;500.1;637.4;1;940
1566161;BA;;;0;0;0;0;;;;;;
1869625;ES;;;0;0;0;0;;;;;;
1442611;SP;2;1;1;1;1;1;419.1;517.3;579.9;616.1;1;480
1832840;SP;;;1;1;1;1;503;426;543.8;573.5;1;560
2464046;MG;2;1;0;1;1;0;;422.2;475.5;;1;600
676730;AL;;;1;1;1;1;582.4;633.7;616.4;620;1;660
3573088;RJ;;;0;0;0;0;;;;;;
2511009;RS;;;0;0;0;0;;;;;;
3320673;PR;;;1;1;1;1;472.7;512.2;562.7;456.1;1;660
2730172;MT;2;1;1;1;1;1;486.6;477.7;522.5;494.3;1;580
2178429;SP;;;1;1;1;1;509.7;462.9;595.2;558.1;1;760
553769;TO;2;1;0;1;1;0;;421;443.2;;2;0
4123160;MT;2;1;0;0;0;0;;;;;;
3545205;SE;;;1;1;1;1;583.5;623.1;612.2;675.5;1;840
1344842;RJ;;;1;1;1;1;499.2;592.4;578.5;599;1;620
2583766;MG;;;0;0;0;0;;;;;;
1583803;CE;2;1;0;0;0;0;;;;;;
1607093;BA;;;1;1;1;1;461.2;525.5;526.4;394.8;1;580
161180;MA;1;1;1;1;1;1;550.7;559.5;572.7;631;1;880
2421350;MG;;;1;1;1;1;478.6;453.6;397.6;390.8;3;0
2911753;SP;2;1;0;0;0;0;;;;;;
4176527;RS;;;1;1;1;1;518.2;420.2;487.8;430.7;1;400
1572647;TO;;;1;1;1;1;403.9;465.2;496;451.5;1;520
3719818;BA;;;0;0;0;0;;;;;;
1252043;SC;;;1;1;1;1;544;538.5;546.3;419.6;1;920
2582294;PR;2;1;0;0;0;0;;;;;;
1906369;SP;4;1;1;1;1;1;640.2;690.6;642.6;764.4;1;860
18026;GO;2;1;1;1;1;1;380.3;426.7;517.7;395.5;2;0
3360834;PR;2;1;1;1;1;1;423.6;412.7;457.2;390.7;2;0
4301354;PB;;;0;0;0;0;;;;;;
1035380;GO;2;1;1;1;1;1;368.6;473.4;526.6;412.3;1;500
3432631;MG;;;1;1;1;1;475.4;482.3;535;493.8;1;480
2874350;SP;;;0;2;2;0;;;;;;
2024101;MG;;;0;0;0;0;;;;;;
2378169;BA;;;1;1;1;1;546.7;610.6;552.5;433;1;780
1616164;MG;;;0;0;0;0;;;;;;
2242977;PE;;;1;1;1;1;527.8;585.6;569.8;629.4;1;720
880596;RN;;;1;1;1;1;385.6;432.9;505.5;399.6;1;540
1889679;DF;2;1;1;1;1;1;559.7;508.3;542.3;626.2;1;700
3906661;RJ;;;0;0;0;0;;;;;;
303335;PI;;;1;1;1;1;454.1;451.2;505.2;577.6;1;800
1689931;CE;;;1;1;1;1;496.2;476.5;526.8;417;1;460
2833231;SP;4;1;1;1;1;1;567.7;611.9;562.6;676;1;940
3137488;BA;;;1;1;1;1;530.8;583.1;598.3;597;1;480
3818841;PA;;;0;0;0;0;;;;;;
61461;PI;2;1;1;1;1;1;455.3;479.8;534.6;458.6;1;700
4100945;BA;;;0;0;0;0;;;;;;
2556236;PE;2;1;1;1;1;1;422.3;324.9;538.6;450.4;1;580
722731;ES;2;1;1;1;1;1;510.2;438.4;465;403.3;1;760
247689;RN;;;1;1;1;1;413.3;659.2;583.5;482.5;1;860
2304761;RO;;;1;1;1;1;538;591.1;591.1;699;1;820
2809600;SC;;;1;1;1;1;564.2;407.2;528.7;627.1;1;820
2947711;RJ;;;1;1;1;1;460.1;437.4;531.1;428.3;1;600
955407;PB;1;1;1;1;1;1;509.8;491.9;535.4;408.1;1;660
3632494;SP;;;1;1;1;1;409.9;411.5;441.7;435.5;1;380
1238363;SP;4;1;1;1;1;1;556.1;572.3;599.6;560;1;900
2925855;SP;;;0;0;0;0;;;;;;
18559;RS;2;1;1;1;1;1;427.4;518.9;576;630.2;1;880
2907856;SP;2;1;1;1;1;1;398.8;559.1;554;420.8;1;660
2212825;PA;;;0;0;0;0;;;;;;
1359977;BA;2;1;0;0;0;0;;;;;;
1922100;PA;;;0;0;0;0;;;;;;
2158277;RN;;;0;0;0;0;;;;;;
4089870;RJ;;;0;1;1;0;;556;575.3;;1;700
1856754;RJ;;;1;1;1;1;460.1;583.6;570.1;459.2;1;880
310641;PA;;;1;1;1;1;395.7;518.9;532.2;395.3;1;620
222229;MA;;;0;0;0;0;;;;;;
2014572;MG;4;1;1;1;1;1;591.2;581.5;569;654.1;1;680
1579290;GO;2;2;1;1;1;1;403.4;342.2;419.6;412.5;6;0
2138357;PB;;;1;1;1;1;409.9;449.5;475.8;498.9;1;560
1843148;BA;;;0;0;0;0;;;;;;
1630976;RS;2;1;0;1;1;0;;440.3;524.3;;1;680
1366108;RJ;;;1;1;1;1;571.4;515.5;605.7;660.1;1;620
4191115;PE;;;1;1;1;1;461;466.3;483.4;582.3;1;580
9804;SP;;;1;1;1;1;620.6;597.7;581;656.6;1;900
3686230;PA;;;1;1;1;1;574.4;649;602.9;698.8;1;920
2361695;BA;;;1;1;1;1;388.6;545.4;526.2;441;1;460
2514347;TO;2;1;0;0;0;0;;;;;;
606123;RJ;;;0;0;0;0;;;;;;
2897551;PE;;;1;1;1;1;628.3;614.4;583.6;747.9;1;780
1968882;BA;2;2;0;1;1;0;;350.6;416.3;;6;0
831566;RJ;;;1;1;1;1;492.6;545.1;445.7;478.8;1;580
3358297;BA;;;1;1;1;1;524.2;565.4;568.1;468.6;1;780
2136033;MG;2;1;1;1;1;1;529.5;560.4;530.4;620.9;1;840
3144710;MS;;;1;1;1;1;499.8;434.4;500.3;527.7;1;560
1579568;SP;2;1;1;1;1;1;524.3;454.2;538.6;631.2;1;760
1441803;SP;;;1;1;1;1;601.2;645.2;596;655;1;600
3860398;MG;;;1;1;1;1;391.6;635.9;590.3;588.9;1;620
4183353;PA;2;2;1;1;1;1;446.2;337.3;424.9;387.1;1;400
2463775;GO;2;1;1;1;1;1;441.2;485.7;547.2;388.2;1;480
2022338;PE;;;1;1;1;1;403.1;498.5;523.8;494.6;1;640
2541220;SP;;;1;1;1;1;564.4;546.4;566.4;488.5;1;920
1555085;PI;2;1;1;1;1;1;545.6;624.1;656;655;1;840
3535101;SP;;;1;1;1;1;478.9;431;494.6;495.5;1;660
1929136;PE;2;1;1;1;1;1;468.8;531.4;497.2;410.7;1;420
336374;SP;;;1;1;1;1;570.7;610.3;601;548.5;1;680
1736510;TO;2;1;1;1;1;1;471.7;462;524.2;388;1;500
3369349;RS;;;1;1;1;1;505.5;616;585.2;421.1;1;460
3931196;ES;;;1;1;1;1;450.7;522.7;453.2;484.1;1;720
4093835;MA;;;0;0;0;0;;;;;;
2057363;MT;;;0;0;0;0;;;;;;
4189467;MG;2;1;1;1;1;1;561.8;565;555.9;526.1;1;540
3355566;MG;;;1;1;1;1;571;636.4;588.4;577.5;1;520
1296283;DF;2;1;1;1;1;1;486.3;566.8;581.6;605.5;1;740
2788213;PR;1;1;1;1;1;1;559.8;473.3;543.1;562.4;1;680
434089;PE;;;1;1;1;1;410.7;357.3;433.9;403.2;1;500
3783078;PE;;;1;1;1;1;452.1;517;497.9;541.9;1;560
1720085;AC;;;0;0;0;0;;;;;;
3938912;PR;2;1;0;0;0;0;;;;;;
3993697;AM;;;0;0;0;0;;;;;;
1818673;RS;;;0;0;0;0;;;;;;
1750923;PI;1;1;1;1;1;1;565;508.1;534.7;646.6;1;600
1534027;MA;2;1;0;0;0;0;;;;;;
2540050;BA;;;0;2;2;0;;;;;;
2271619;MG;2;1;1;1;1;1;516.9;476.3;459.3;412.4;1;740
3393868;SP;;;0;0;0;0;;;;;;
955866;RJ;2;2;0;0;0;0;;;;;;
1110088;RS;2;1;0;0;0;0;;;;;;
2414087;PI;;;1;1;1;1;512.3;302.5;420.9;538.1;1;320
1903738;RN;;;1;1;1;1;452;383.4;473.6;393.4;1;540
575493;MG;2;1;0;0;0;0;;;;;;
3310671;BA;4;1;1;1;1;1;610.5;661.3;613;647.2;1;820
1124046;SP;4;1;1;1;1;1;591.8;571.1;584.6;693.6;1;600
2986052;PE;;;1;1;1;1;432.6;578.3;546.9;445.2;1;540
1703960;CE;;;1;1;1;1;462.7;475.5;468.1;513.9;1;580
3570010;MS;;;1;1;1;1;515.6;435.4;579.4;584.8;1;900
3659065;RS;;;1;1;1;1;701.1;761.9;609.7;779;1;820
2058215;RO;;;1;1;1;1;454.7;521.9;568.5;612;1;640
4193301;CE;;;0;1;1;0;;414.2;487.6;;1;680
4303936;MG;;;1;1;1;1;558.3;634.4;643.5;626.2;1;720
3373683;PI;;;1;1;1;1;516.3;620.5;596.7;593.4;1;740
4286297;PA;;;1;1;1;1;366.7;548.9;500;387.1;1;560
3414740;SC;4;1;1;1;1;1;628.8;594.9;597.2;649.7;1;780
427745;RJ;;;1;1;1;1;423;493.9;484.2;393.2;1;420
2183069;MG;;;1;1;1;1;629.7;669.2;612.9;836.9;1;920
74879;CE;4;1;1;1;1;1;557.2;641.8;597.7;662.1;1;880
918463;PA;;;1;1;1;1;590;559.3;566.7;485.5;8;0
1025843;PA;;;0;1;1;0;;428.9;557.5;;1;520
601523;GO;;;0;0;0;0;;;;;;
1215298;MA;;;1;1;1;1;668.3;698.4;624.2;751.5;1;880
3389626;AC;;;0;0;0;0;;;;;;
2025648;BA;;;0;0;0;0;;;;;;
3878615;PE;;;1;1;1;1;601.4;667.2;535.8;505.6;1;520
3977835;AM;;;0;0;0;0;;;;;;
4064534;PR;;;1;1;1;1;536.5;560.1;569.9;387.3;1;480
1127976;PA;;;0;0;0;0;;;;;;
2326574;MS;2;1;1;1;1;1;437.3;486.2;518.2;477.4;1;760
4131302;PE;;;0;0;0;0;;;;;;
4301357;PR;;;0;0;0;0;;;;;;
3369386;PE;;;0;0;0;0;;;;;;
747672;GO;2;1;1;1;1;1;426.5;499.9;548;531.1;1;740
488855;PB;2;1;1;1;1;1;458.9;417;430.9;417.7;1;620
1370754;SC;2;1;1;1;1;1;501.3;504;556.1;559.9;1;600
2153070;PA;;;0;0;0;0;;;;;;
702428;RN;;;1;1;1;1;465.2;507.6;570.1;405.6;1;640
2744390;BA;;;0;0;0;0;;;;;;
1869733;PA;;;1;1;1;1;456.6;554;501.5;664.3;1;860
307389;BA;2;1;1;1;1;1;393.7;484.4;442.7;445.6;1;880
4329857;RS;;;1;1;1;1;395.8;473.1;460.1;402.7;1;340
1138110;PE;2;1;1;1;1;1;440.3;418.1;377.9;407.2;1;320
3672917;ES;;;0;0;0;0;;;;;;
41395;AM;2;1;0;0;0;0;;;;;;
276807;PB;;;1;1;1;1;602.5;568.2;509.6;692.2;1;940
2147693;GO;2;1;1;1;1;1;580.9;322.4;537.5;501.5;1;660
38932;AL;;;1;1;1;1;451.5;390;506.2;461.5;1;660
1976799;PA;;;1;1;1;1;400;530.9;545;424.4;1;660
2709861;GO;2;1;0;0;0;0;;;;;;
904620;SP;;;0;0;0;0;;;;;;
1800081;SP;;;0;0;0;0;;;;;;
2707089;RS;;;0;0;0;0;;;;;;
3062526;SP;;;0;0;0;0;;;;;;
1292929;AM;;;0;0;0;0;;;;;;
2625648;AM;;;0;0;0;0;;;;;;
2826188;PR;4;1;0;0;0;0;;;;;;
742285;RS;2;1;1;1;1;1;493.3;347.3;549.9;540.6;1;820
3761171;SE;;;1;1;1;1;438.4;566.5;576.9;560.7;1;840
3565715;RN;4;1;1;1;1;1;529.8;627.9;577.2;514.3;1;880
3379559;BA;2;1;1;0;0;1;406.2;;;552.1;;
1060489;SP;2;1;0;0;0;0;;;;;;
3173212;MA;;;1;1;1;1;514.1;378.9;492.8;497;1;480
1017135;RO;2;1;1;1;1;1;442.9;425.3;494.9;450.9;1;560
314620;RS;;;0;0;0;0;;;;;;
1277438;RJ;;;1;1;1;1;481.2;509.3;490;388.4;1;340
2107545;PE;;;1;1;1;1;522;478.6;508.7;458.3;1;720
503369;AP;;;1;1;1;1;359.8;479.4;441.9;533.1;1;520
1538030;PA;;;1;1;1;1;438.4;517.8;511.6;406.3;1;540
381221;MG;;;1;1;1;1;426;409.9;542.8;616;1;900
4142434;RS;;;0;0;0;0;;;;;;
1559777;MG;2;1;1;1;1;1;461;560.8;544.2;400.6;1;820
3164717;AM;;;1;1;1;1;352;344.6;400.4;461.1;9;0
2402934;SP;2;2;1;1;1;1;387.8;508.3;548.2;426.9;1;540
2719280;BA;;;0;0;0;0;;;;;;
139182;PI;;;1;1;1;1;496.5;483.2;484.2;438.8;1;360
1182271;GO;;;0;0;0;0;;;;;;
1324920;RS;;;0;0;0;0;;;;;;
1816896;RN;;;1;1;1;1;526.7;539.1;578.9;596.6;1;880
4304484;PB;;;1;1;1;1;476;522.8;508.8;452;1;700
2223753;CE;;;0;0;0;0;;;;;;
379795;RS;;;0;0;0;0;;;;;;
2936883;MA;2;1;1;1;1;1;435.3;444.4;511.8;426.7;1;280
2891770;CE;;;0;0;0;0;;;;;;
2676347;MG;2;1;1;1;1;1;366.3;460.2;311.5;381.8;4;0
3017154;CE;;;0;0;0;0;;;;;;
3458552;MG;;;0;0;0;0;;;;;;
2097530;RS;;;1;1;1;1;576.7;588.9;564.3;554.7;1;900
2463886;MG;;;1;1;1;1;616.2;665.5;603.3;701.3;1;920
3898867;AM;;;0;0;0;0;;;;;;
3578024;RS;;;0;0;0;0;;;;;;
1407783;BA;;;1;1;1;1;484.7;451.5;384.8;559.3;1;700
1177129;PE;;;1;1;1;1;550.9;582.2;532.9;616.4;1;640
187945;PA;;;1;1;1;1;442.2;502.7;507.5;481.5;1;500
4037717;GO;;;0;0;0;0;;;;;;
1678796;SP;;;1;1;1;1;587.2;673.6;579.1;594.7;1;660
42747;GO;2;1;1;1;1;1;421.1;478.2;519.2;574.3;1;680
1472299;SP;2;1;1;1;1;1;405.7;485.5;466.9;443.8;1;400
3237988;GO;2;1;0;0;0;0;;;;;;
2277650;PE;;;1;1;1;1;519;392.2;339;418.7;1;440
1475186;SC;2;1;1;1;1;1;524.8;524.1;541.3;435.8;1;560
1613967;PA;2;2;1;1;1;1;379.1;414;423.7;419.1;1;400
3576496;RN;;;1;1;1;1;405.2;414.2;416.4;409.6;1;380
139958;BA;4;1;1;1;1;1;524.5;623;600.2;713.2;1;880
4007986;ES;4;1;0;0;0;0;;;;;;
80574;SP;2;2;1;1;1;1;449.2;479.6;521.6;467.1;1;840
255548;SE;4;1;1;1;1;1;609.8;663.4;610;757.9;1;880
2259888;TO;2;1;0;0;0;0;;;;;;
31712;RJ;4;1;1;1;1;1;426.5;499.9;516.2;518.4;1;640
348644;AP;;;0;0;0;0;;;;;;
3562119;BA;;;1;1;1;1;458.3;508.5;528.6;461.4;1;800
1570650;GO;2;1;1;1;1;1;438.9;400.4;430.9;418.3;4;0
1819534;MA;2;1;1;1;1;1;395.3;381.1;477.5;416.9;1;700
2709456;PB;;;1;1;1;1;652.3;667.4;594.5;812.4;1;900
2118496;PI;;;1;1;1;1;555.8;601.2;596.9;608.5;1;800
1565142;PR;;;1;1;1;1;589.5;639.1;631.4;666.3;1;740
1431013;MG;;;1;1;1;1;440.6;547;547.7;481.9;1;800
574481;MT;2;2;1;1;1;1;486.1;368.8;490.1;436.7;1;480
2167583;AL;;;1;1;1;1;544.5;611.9;504.5;548.7;1;860
2016371;MA;2;1;1;1;1;1;498.6;442;491.2;415.7;1;480
93788;SE;;;1;1;1;1;533.2;649;630.9;662.7;1;880
4245965;RS;;;0;0;0;0;;;;;;
1498128;RJ;;;0;0;0;0;;;;;;
2430598;MG;;;1;1;1;1;565.4;512.2;575.8;663;1;860
242478;SE;2;1;1;1;1;1;457.8;410.7;417.2;452.9;1;480
1555417;PR;2;1;1;1;1;1;513.4;579.3;544.6;405.6;1;640
2498085;MS;2;1;0;1;1;0;;391.1;432.1;;6;0
868324;PI;;;0;1;1;0;;536.4;502.4;;4;0
3121888;PR;2;1;1;1;1;1;410.4;530.8;565.4;488.7;1;840
235345;PE;;;1;1;1;1;438.5;310.1;447.4;416.5;1;460
95143;BA;;;1;1;1;1;440;550;510.3;425.6;1;540
1821524;AL;2;1;1;1;1;1;518.5;484;493.3;449.2;1;600
510901;SE;;;1;1;1;1;478.5;468.5;508.4;431.1;1;580
26257;SP;2;1;1;1;1;1;463;558.9;570.4;572.7;1;720
2134244;AC;;;1;1;1;1;375.5;451;528.3;439.2;1;840
3064547;SP;;;1;0;0;1;439.9;;;452;;
960646;SP;2;1;1;1;1;1;540.7;580.1;603.6;532.1;1;640
2488723;BA;2;1;1;1;1;1;449.2;338.1;414.4;388.3;1;360
1427856;RJ;2;1;1;1;1;1;520.4;521.1;440.9;377.3;1;540
3001942;MS;;;1;1;1;1;561.4;556.1;564.8;643.4;1;640
3167116;MG;;;1;1;1;1;422;407.2;512.2;459.7;1;660
3208032;CE;2;1;1;0;0;1;402.5;;;411.1;;
2180144;ES;1;1;1;1;1;1;598.9;605.8;589.3;650.5;1;880
1023636;PE;2;1;1;1;1;1;384.1;405.3;457;430.1;1;680
1284945;AL;;;0;0;0;0;;;;;;
818688;BA;2;1;1;1;1;1;495.2;430.1;532.7;467.4;1;420
2765372;RJ;;;1;1;1;1;532;595.9;527.7;414.7;1;480
1705723;SP;;;1;1;1;1;429;552.5;466.5;690.5;1;760
1389410;PR;2;1;1;1;1;1;445.6;418.7;496;446;1;520
3976015;BA;;;1;1;1;1;443.8;566.9;507.8;385;1;600
688224;TO;;;1;1;1;1;546.6;489.1;534;456.6;1;600
775372;RN;;;1;1;1;1;393.9;466.4;472.7;380.9;1;680
4166592;PR;2;1;0;0;0;0;;;;;;
2435282;DF;;;0;0;0;0;;;;;;
498876;PA;;;0;0;0;0;;;;;;
481061;PA;;;1;1;1;1;519.2;651.7;660.8;562.5;1;840
3789918;MG;;;1;1;1;1;660.2;682.3;654.4;639.9;1;640
16710;AL;2;1;1;1;1;1;446.5;472.5;541.5;610.8;1;680
3048727;RS;2;1;0;0;0;0;;;;;;
4269748;MG;;;0;0;0;0;;;;;;
3931395;PA;;;1;1;1;1;450.6;528.6;491.3;481.5;1;620
371283;BA;;;0;0;0;0;;;;;;
1705540;PA;2;1;1;1;1;1;560.3;591;603;579.3;1;880
1811876;PE;2;1;0;1;1;0;;356.1;314.9;;1;280
4060110;DF;;;1;1;1;1;464.9;430.3;482.5;487.6;1;420
756576;PR;;;0;0;0;0;;;;;;
2398314;DF;2;1;1;1;1;1;457.1;578.4;534.3;457.2;1;880
2730747;RS;2;1;1;1;1;1;444.3;517.9;487.1;442.3;1;560
1752052;SP;2;1;1;1;1;1;547.3;630.2;596.5;649.3;1;640
2572410;CE;4;1;1;1;1;1;532.5;567.4;557.3;630.3;1;840
1590558;SP;;;1;1;1;1;536.1;592.5;581;609.1;1;640
1963339;SP;;;0;0;0;0;;;;;;
1605837;RJ;2;1;0;0;0;0;;;;;;
2793248;PE;;;1;1;1;1;488.9;598.5;604.3;570.2;1;600
399125;RO;;;1;1;1;1;470.5;509;531.8;524.6;1;920
830731;PA;2;1;1;1;1;1;352.8;489.7;490.4;425.5;1;560
1869225;SC;2;1;1;1;1;1;503.5;523.1;570.9;573.8;1;840
1046741;CE;2;1;1;1;1;1;595;595.1;593;631.7;1;900
582432;SP;2;1;1;1;1;1;409;481.4;514.2;481.5;1;700
1989585;SP;2;1;1;1;1;1;544.9;601.7;592.9;598.1;1;940
693673;PE;;;1;1;1;1;413.3;475.9;510.8;405.1;1;740
555880;PB;;;1;1;1;1;545.8;591.1;571.1;594.2;1;960
1447608;SP;4;1;1;1;1;1;535.3;513.9;551;458.7;1;820
1991866;PA;;;1;1;1;1;424.2;371;389.2;393.9;1;640
501450;SP;2;1;1;1;1;1;435.2;427.9;330.7;390.2;1;480
1445623;PI;2;1;1;1;1;1;498.5;514;553.3;410.3;1;440
2948179;SP;;;0;0;0;0;;;;;;
1589217;PA;;;0;0;0;0;;;;;;
3210367;MA;;;1;1;1;1;481.1;545.7;581.8;502.5;1;520
2561168;BA;;;0;0;0;0;;;;;;
1927807;MG;;;0;0;0;0;;;;;;
3465413;MG;;;0;1;1;0;;322.6;447;;1;460
3060619;BA;;;1;1;1;1;350.9;479.5;480.2;421.4;1;460
1860191;RS;1;1;1;1;1;1;528.5;502.4;559.5;386.3;1;840
1078916;SP;2;1;0;0;0;0;;;;;;
2977039;SP;;;0;0;0;0;;;;;;
3132377;TO;2;1;0;0;0;0;;;;;;
1611407;MA;;;0;0;0;0;;;;;;
4257107;BA;;;0;0;0;0;;;;;;
3195840;RS;;;0;0;0;0;;;;;;
643738;SP;2;1;1;1;1;1;593.7;624.6;578.4;658;1;800
1324930;MG;;;0;1;1;0;;350;367.8;;1;500
4214304;MG;;;1;1;1;1;462.1;421.6;541.7;379.6;1;500
3021338;RN;;;1;1;1;1;551.4;592.3;419.9;405.5;1;680
349931;PI;;;1;1;1;1;419.2;511;410.4;598.8;1;920
1382643;PB;;;1;1;1;1;412;390.8;517.4;395.7;1;780
3999724;SP;4;1;1;1;1;1;537.2;523.1;568.6;469.4;1;420
3532987;PE;4;1;1;1;1;1;619.4;469.3;525.4;490.1;1;680
2740980;ES;2;1;1;1;1;1;517;420.8;463.7;385.2;1;520
1885975;CE;2;1;1;1;1;1;560.7;612.9;561.6;588.2;1;840
3422247;AP;;;1;1;1;1;451.4;443.1;468.8;486.9;1;580
1080530;MA;;;1;1;1;1;372.4;445;440.3;381.4;1;560
2877627;SP;;;1;1;1;1;565.3;567;620.3;423.7;1;820
3221717;MA;;;0;0;0;0;;;;;;
4320761;RS;;;0;0;0;0;;;;;;
1755517;SP;;;1;1;1;1;519.8;579.9;556.7;445.9;1;400
2635191;RJ;;;1;1;1;1;371.5;335.3;455.5;430;1;460
3094316;SP;;;1;1;1;1;498.3;418.5;547.7;633.7;1;760
3526849;RS;;;0;0;0;0;;;;;;
265390;SC;2;1;1;1;1;1;555.6;633.3;598.9;663;1;880
1148709;RS;;;1;1;1;1;517.3;499.2;528.5;451.2;1;700
3373525;PE;2;1;0;0;0;0;;;;;;
1049342;SC;4;1;1;1;1;1;617.5;680.9;621.3;773.7;1;880
3859166;SP;;;1;1;1;1;514.6;538.1;620.4;490.9;1;620
3394365;SP;;;1;1;1;1;441;393.1;510.5;686.4;1;540
3736806;SP;;;1;1;1;1;510.7;477.6;539.3;617.3;1;600
3080728;CE;;;0;0;0;0;;;;;;
260716;RJ;2;1;1;1;1;1;460.3;509.4;563.1;528.9;1;740
3616290;RJ;;;1;1;1;1;464.5;530.8;553.4;442.5;1;780
563946;BA;;;0;0;0;0;;;;;;
375236;PA;;;0;0;0;0;;;;;;
2790474;PB;2;1;1;1;1;1;526.5;328.5;428.7;429.9;4;0
1240481;BA;;;1;1;1;1;438.9;401.8;553.9;513.7;1;720
1760767;PA;;;1;1;1;1;400.7;429;524.2;402.8;1;700
838639;PE;;;1;1;1;1;565.8;0;493.9;493.7;1;480
3999148;DF;;;0;0;0;0;;;;;;
2484974;AM;2;1;0;0;0;0;;;;;;
2709002;GO;;;0;0;0;0;;;;;;
330516;RJ;2;1;1;1;1;1;504.2;521.3;559.1;568.5;1;640
1531973;RJ;1;1;0;1;1;0;;513.9;536.2;;1;620
327051;MG;;;1;1;1;1;413;501.4;478.1;420.2;1;380
1390972;SE;;;1;1;1;1;463;467.7;416.8;421.8;1;660
1025334;RJ;2;1;1;1;1;1;531.3;560.4;535.7;511.1;1;620
4285544;AC;2;1;0;0;0;0;;;;;;
1208776;PA;2;1;1;1;1;1;385.1;492.7;380.1;399.6;1;480
4292576;RJ;2;1;1;1;1;1;385.2;404;501.5;496.1;1;520
2160053;RJ;2;1;1;1;1;1;585.1;561.1;543.3;500.2;1;620
2392640;SP;;;1;1;1;1;555.9;470.5;537.8;639.3;1;560
3623769;RR;;;1;1;1;1;427.2;553;492.1;585.4;1;560
1991908;MG;;;1;0;0;1;421.5;;;414.2;;
721036;MT;;;0;0;0;0;;;;;;
301716;SC;;;1;1;1;1;583.1;517.5;534.9;405.6;1;520
2668028;SP;;;0;0;0;0;;;;;;
1633067;RJ;;;1;1;1;1;528.9;633.4;602.6;752.7;1;580
2544532;SP;4;1;1;1;1;1;565.1;570.7;584.5;642.4;1;840
2518468;PA;4;1;1;1;1;1;483.7;593.9;503.3;615.5;1;840
3519945;AM;;;1;1;1;1;553.4;436.6;529.3;605.4;1;820
857059;TO;2;1;0;1;1;0;;456.9;366.8;;1;320
409234;SP;;;1;1;1;1;517.2;523.5;540;449.9;1;460
1825848;MG;2;1;1;1;1;1;505.9;605.3;612.8;607.9;1;780
4082227;SP;2;1;0;0;0;0;;;;;;
3729758;PA;;;1;1;1;1;495.2;537.1;519.2;602.1;1;660
127509;MA;;;0;0;0;0;;;;;;
4198227;SP;2;1;0;0;0;0;;;;;;
486144;BA;;;1;1;1;1;416.7;452.6;507.1;453.5;1;600
3698459;RR;;;0;0;0;0;;;;;;
2817229;PA;;;1;1;1;1;438.5;577;522.4;469.2;1;540
2829150;RJ;;;1;1;1;1;449.8;529.4;526.8;595.3;1;600
4293894;SP;;;0;0;0;0;;;;;;
1017424;MA;;;1;1;1;1;434.5;395.6;408.2;418.5;1;840
1262659;AL;2;1;1;1;1;1;378.8;412.4;365.8;397.1;4;0
2402774;SC;2;1;0;1;1;0;;341.3;419.4;;1;320
3016672;SP;4;1;1;1;1;1;452.9;345.2;355.4;576.7;1;540
1580215;MG;;;1;1;1;1;446.6;592.8;585.9;546.2;1;640
545127;PI;;;0;0;0;0;;;;;;
1479421;MA;;;1;1;1;1;594;616.6;603.7;625.1;1;940
1895303;BA;4;1;1;1;1;1;585.9;585.8;591.4;715.4;1;780
972503;SP;;;0;1;1;0;;358.2;368.1;;1;280
1278247;CE;;;1;1;1;1;517.6;570.9;524.5;539.9;1;680
1838196;BA;;;1;1;1;1;456.9;492;519.1;431.7;1;620
3885104;SP;;;1;1;1;1;605.9;632.7;615.4;615.6;1;720
2823287;SP;;;1;1;1;1;609.7;600.6;624.3;644.1;1;480
1769636;PE;4;1;1;1;1;1;459.3;409.2;374.6;453.3;1;640
1787409;RO;;;1;1;1;1;509.9;427;498;588;1;740
288320;PE;2;1;1;1;1;1;516.6;437.6;528.7;455.7;1;520
911639;PE;;;0;0;0;0;;;;;;
3283664;SE;;;1;1;1;1;569.1;541.7;538.6;465;1;820
2992770;BA;2;1;1;1;1;1;424.1;389.2;531.9;506.9;1;480
3935402;GO;;;0;0;0;0;;;;;;
1671085;MA;;;0;0;0;0;;;;;;
3400957;MA;;;0;0;0;0;;;;;;
4076391;MG;;;0;0;0;0;;;;;;
1465016;SP;;;0;0;0;0;;;;;;
2180260;RJ;4;1;0;1;1;0;;403.7;469.2;;1;680
429696;SP;;;0;0;0;0;;;;;;
1557949;MA;2;2;1;1;1;1;459.7;449.1;475.2;435.3;1;600
901637;PA;;;0;0;0;0;;;;;;
1664949;MA;2;1;1;1;1;1;399.6;352.5;496.1;419.5;1;680
4286690;RN;;;1;1;1;1;365.2;404.5;433.1;454.6;1;440
3913850;GO;2;1;0;1;1;0;;327.6;389.5;;1;440
4310938;MA;;;1;1;1;1;457.9;424.2;433.4;400.8;1;340
799513;PR;;;1;1;1;1;390.1;489.9;534.6;488.7;4;0
3919429;SC;4;1;1;1;1;1;650.2;613.9;630.1;604.3;1;680
3444909;SP;2;1;0;0;0;0;;;;;;
561026;PA;2;1;1;1;1;1;386.8;355.3;414.1;439;1;500
2441947;RS;;;1;1;1;1;579.9;624.5;590.1;771.3;1;860
1985795;PI;2;1;1;1;1;1;425.7;465.9;541.7;464.5;1;760
2508994;RS;;;0;0;0;0;;;;;;
1584131;MG;;;1;1;1;1;469.2;583.2;563.3;413.6;1;760
1128068;CE;;;0;0;0;0;;;;;;
1968003;AL;;;0;0;0;0;;;;;;
556245;BA;2;1;1;1;1;1;440.5;471.1;523.1;555.2;1;680
1484259;MT;;;1;1;1;1;536.7;570.6;578.8;645.6;1;740
4136347;MT;;;0;0;0;0;;;;;;
3505577;GO;;;0;0;0;0;;;;;;
1786453;BA;2;1;0;0;0;0;;;;;;
1265218;ES;;;0;0;0;0;;;;;;
1440385;PR;;;1;1;1;1;596.9;669.1;615.4;740;1;720
1691463;BA;;;1;1;1;1;407.6;418.4;449;411.3;1;560
1339154;CE;;;1;1;1;1;659.4;628;618.5;767.7;1;880
1648274;MA;;;0;0;0;0;;;;;;
828655;SP;2;1;1;1;1;1;436.6;543.4;462.3;429.8;1;720
3463951;RS;;;1;1;1;1;433.9;447.1;511.1;446.7;1;560
383152;RJ;;;1;1;1;1;503.9;541.7;529.8;558.8;1;920
2430190;GO;;;1;1;1;1;444.6;520.4;536.4;381;1;520
2923604;SP;2;1;0;0;0;0;;;;;;
3940315;RS;;;1;1;1;1;524.5;601.8;588.5;619;1;620
3067000;PE;1;1;0;0;0;0;;;;;;
4120801;RN;;;1;1;1;1;528.2;566.7;585.2;495.8;6;0
813824;RS;2;1;0;1;1;0;;451.3;500.2;;1;700
2089154;PR;;;1;1;1;1;729.4;666.2;670.5;923.8;1;820
3252240;PR;2;1;0;1;1;0;;435.5;502;;1;540
1170458;PR;;;1;1;1;1;647.8;607.6;618.2;739.1;1;840
3179354;PA;;;0;0;0;0;;;;;;
4319647;RS;2;1;0;0;0;0;;;;;;
3600422;BA;;;1;1;1;1;463.8;551.5;540.4;463;1;500
2378334;RJ;;;1;1;1;1;565.8;586.9;594.3;675.8;1;860
2403202;SC;;;0;0;0;0;;;;;;
2453951;PR;2;1;0;1;1;0;;387.9;468.7;;1;520
2787072;CE;;;1;1;1;1;525.5;430.2;473.9;402.4;1;420
4329509;RS;;;0;0;0;0;;;;;;
4191137;MA;;;0;0;0;0;;;;;;
1940905;PA;2;1;1;1;1;1;488.6;444.4;434.6;378.3;1;480
271446;CE;2;1;1;1;1;1;411.5;435.5;459.3;404.1;1;540
2934163;SP;2;1;1;1;1;1;504;508;547.5;474;1;520
2917625;PE;;;1;1;1;1;564.1;584.1;578.2;453.9;1;640
337783;MG;;;1;1;1;1;402.2;343.9;458.7;410.5;1;560
2211050;BA;;;1;1;1;1;521.3;530.4;504.3;396.7;1;680
3129709;SP;;;1;1;1;1;494.5;402.7;516;579.4;1;680
3809821;SP;;;1;1;1;1;623.7;659.4;630.2;566.7;1;680
713958;PR;;;0;1;1;0;;438.5;462.8;;4;0
363294;PA;2;1;1;1;1;1;443.5;405.6;499.1;390.6;1;660
2424751;MA;2;1;1;1;1;1;473;498;488.7;471.5;1;900
2881008;RS;4;1;1;1;1;1;572.5;600;570.7;697.3;1;900
281341;DF;;;0;0;0;0;;;;;;
1932946;SP;;;0;0;0;0;;;;;;
1942515;DF;;;1;1;1;1;618.8;589.3;618.2;740.6;1;600
2099023;DF;2;1;0;0;0;0;;;;;;
3150435;SC;4;1;1;1;1;1;586.6;583.2;575.1;537;1;920
3283355;MA;;;1;1;1;1;409.2;465.1;361.5;378.8;1;900
641651;RJ;;;1;1;1;1;660;633.8;604.6;718.5;1;880
2163715;ES;;;0;0;0;0;;;;;;
399748;MG;2;1;1;1;1;1;464.9;515;506.8;406.4;1;560
3887563;SP;;;1;1;1;1;569.2;595;589.1;631.7;1;480
2937686;MG;;;1;1;1;1;362.4;588.7;568.6;415.5;1;560
457680;AM;2;1;1;1;1;1;542;370.2;462.2;422.9;1;540
1082942;RJ;2;1;0;0;0;0;;;;;;
1257503;PI;;;1;1;1;1;551.9;481.6;569.6;511.1;1;880
3090137;MG;2;1;1;1;1;1;500.6;490.5;532;446.3;1;520
3370622;PI;;;0;0;0;0;;;;;;
2999139;RJ;;;0;0;0;0;;;;;;
2014269;MG;;;1;1;1;1;521.3;557.7;540.7;446.5;1;920
97048;RN;;;1;1;1;1;488.8;540.7;500.1;492.7;1;560
1308145;CE;2;1;1;1;1;1;471.7;529.5;551;466.4;1;700
3922883;SP;;;0;0;0;0;;;;;;
4218238;RJ;;;0;0;0;0;;;;;;
1662426;AL;;;1;1;1;1;477.3;448;383.4;490.7;1;500
2140464;RS;;;1;1;1;1;509.4;535.9;530.2;478.8;1;740
543845;RN;2;1;1;1;1;1;545.8;490.2;575.9;562.4;1;680
3726262;SP;2;1;1;1;1;1;525.7;434.4;489.3;423.5;1;560
3310412;BA;2;1;1;1;1;1;396.9;419.7;412.9;412.1;4;0
1424348;PB;;;1;1;1;1;523.9;641;615.5;647.5;1;920
1380717;PE;2;1;1;1;1;1;481.7;419.5;527.1;648.1;1;880
4242882;RS;;;1;1;1;1;570.3;591.4;578.2;485;1;680
2452030;PA;;;0;0;0;0;;;;;;
2434299;SP;2;1;1;1;1;1;459.2;407;490.1;497.5;1;500
2099005;RS;;;1;1;1;1;448.5;434.1;462.7;384.1;1;380
2266783;MG;;;0;0;0;0;;;;;;
1629687;RO;;;0;0;0;0;;;;;;
1163177;CE;2;1;1;1;1;1;428.1;307.3;415.3;543;1;640
3275323;PA;;;1;1;1;1;519.4;603;579.6;681.4;1;960
3740464;SP;;;1;1;1;1;485.5;462.4;395.4;409.5;1;560
2284108;PR;2;1;1;1;1;1;564;591.1;595.5;582.9;1;480
3551595;SP;;;1;1;1;1;592.3;627.8;598.1;685.3;1;780
2109160;MA;;;0;0;0;0;;;;;;
1245984;CE;;;1;1;1;1;423.8;489;532.3;484.5;1;660
3390402;MG;;;1;1;1;1;559.2;610.1;483.1;402;1;600
1322431;BA;2;1;1;1;1;1;477.3;331.6;413.9;495.3;1;640
423495;SP;;;1;1;1;1;544.6;537.4;558.9;450.4;9;0
260705;PE;;;0;0;0;0;;;;;;
1453436;GO;2;1;1;1;1;1;477.4;479.2;500.7;571.6;1;920
4009706;MG;;;1;1;1;1;590.6;623.4;579.4;757;1;840
3331329;MT;;;0;0;0;0;;;;;;
1302452;PE;2;1;0;0;0;0;;;;;;
3080031;SP;;;1;1;1;1;581.9;578.7;662.9;752;1;820
1130928;PR;;;1;1;1;1;489.8;493.5;488.4;378.9;1;500
2439175;PE;;;1;1;1;1;543.7;578;539;454.8;1;940
304494;AM;;;1;1;1;1;513.5;532.7;550.5;624.3;1;700
3373318;PA;;;0;0;0;0;;;;;;
1474889;MG;;;1;1;1;1;588.7;585;564.1;780;1;840
1663371;BA;2;1;1;1;1;1;484.3;450.4;465;434.3;1;500
3933658;DF;;;0;0;0;0;;;;;;
2087494;BA;;;0;0;0;0;;;;;;
2634393;PR;;;1;1;1;1;537.6;515.8;550.3;581.7;1;900
2527681;MG;;;1;1;1;1;515.9;549.7;534.6;546.7;1;700
4203603;PR;;;1;1;1;1;361.5;500.4;500.2;415;1;440
3014814;MG;2;1;0;1;1;0;;483.7;433.8;;1;740
1599709;MG;;;1;1;1;1;379.5;511.2;552.1;400.4;1;800
2546487;PA;;;0;0;0;0;;;;;;
4024062;PE;2;1;0;0;0;0;;;;;;
299586;SP;;;1;1;1;1;456.5;384;427.6;403.9;1;540
514136;PA;;;0;0;0;0;;;;;;
1410096;MA;;;1;1;1;1;534.8;529.5;423;615.4;1;920
1466783;MG;2;1;1;1;1;1;419.1;535.8;546.4;508;1;800
4292721;ES;;;0;0;0;0;;;;;;
4062864;SC;;;0;0;0;0;;;;;;
2533626;MG;4;1;1;1;1;1;524.7;589.6;571.1;730.1;1;880
1122611;MG;;;1;1;1;1;455.1;593.6;574.8;550.7;1;820
3459753;SP;;;1;1;1;1;579.1;556.7;540.4;490.4;1;740
3668600;AP;1;1;1;1;1;1;449;391.1;467.9;438.9;1;480
1868869;MA;;;1;1;1;1;545;585.5;526.1;417.3;1;760
3845250;SP;;;0;0;0;0;;;;;;
1744443;RJ;;;1;1;1;1;429.2;330;512.3;449.9;1;480
4234759;MT;;;1;1;1;1;397.6;441.1;511.8;462;1;420
3490701;PE;;;1;1;1;1;509;549.5;534.1;545.7;1;580
349417;RN;2;2;1;1;1;1;487.2;478;503;402.2;1;720
1571894;PE;2;1;1;1;1;1;362.7;609.4;572.2;646.6;1;920
784979;PI;;;1;1;1;1;412;513.2;557.8;475.4;1;600
3689679;RJ;;;1;1;1;1;477;673.4;654.4;639.7;1;700
3524113;SP;;;1;1;1;1;383;360.8;456.4;434.5;1;400
4243492;BA;;;1;1;1;1;391.4;347.1;513.5;428.9;1;580
955700;SP;4;1;1;1;1;1;472.4;429;431.8;536.6;1;800
2483127;RJ;;;0;1;1;0;;519.6;396.9;;4;0
2708613;SP;2;1;0;0;0;0;;;;;;
807669;PE;;;1;1;1;1;524.9;546.4;582.7;615.6;1;800
2610231;GO;;;1;1;1;1;417;514.8;527.4;531.3;1;880
3045987;RO;;;0;0;0;0;;;;;;
626136;MT;1;2;1;1;1;1;436.5;419.2;481.9;384;1;460
471762;RJ;;;1;1;1;1;479.5;560.9;548.3;524.6;1;660
4044470;MT;;;0;1;1;0;;520.8;520.9;;1;560
4208451;SP;;;0;0;0;0;;;;;;
3107690;MG;;;1;1;1;1;568.2;584.9;541.3;651.4;1;740
1332634;RJ;2;1;1;1;1;1;423;512.7;522.7;503.5;1;620
282266;RS;4;1;1;1;1;1;477.1;389;521.5;493;1;740
495546;PA;;;1;1;1;1;483.9;576.9;555.7;470.2;1;820
1669390;SP;;;1;1;1;1;428.7;556.7;562.2;521.5;1;840
4021180;RS;2;1;0;1;1;0;;510.7;499;;1;480
2415159;CE;;;0;1;1;0;;471.8;482.6;;1;440
1535349;RJ;;;1;1;1;1;426.1;395.6;442.2;390.9;1;500
1274233;PE;2;1;1;1;1;1;423.2;302.4;430.1;424.1;1;640
2637254;SP;;;1;1;1;1;446;618.6;584.8;422.1;1;600
3164075;PR;4;1;1;1;1;1;490;581.2;574;570.1;1;800
4201488;SC;2;1;1;1;1;1;476.4;455.6;477.2;519.2;4;0
1516269;MG;;;1;1;1;1;601.4;605.5;566.4;659.2;1;940
2946639;BA;;;1;1;1;1;495.1;526.3;492.3;470.8;1;820
1002806;SE;;;1;1;1;1;500.8;533.3;556.5;706.2;1;680
3835208;PE;;;1;1;1;1;472.3;521.7;462.3;446.3;1;340
4092632;PB;;;1;1;1;1;575.9;612.8;603.4;517.4;1;760
3590029;CE;;;0;0;0;0;;;;;;
2278315;PR;;;1;1;1;1;397.4;494.2;572.8;548.5;1;500
2954885;AP;4;1;1;1;1;1;443.9;533.4;525.5;451.1;1;640
1889517;SP;;;1;1;1;1;632.9;464;535.3;693.2;1;600
793667;BA;;;1;1;1;1;413.9;459.4;519.7;435.5;1;640
2053813;MG;;;0;0;0;0;;;;;;
3987542;PA;;;1;1;1;1;512;648.8;587.2;694.9;1;780
358472;RO;2;1;1;1;1;1;408.7;439.2;456.6;463.5;1;600
2930330;BA;2;1;1;1;1;1;485.5;539.5;537.4;584;1;740
2434335;AL;2;1;1;1;1;1;419.7;481.1;484.3;391.9;1;840
1361433;RJ;;;1;1;1;1;373.6;326.4;470.7;513.2;1;460
2622562;BA;;;1;1;1;1;397.7;487.7;466.1;474.1;1;600
2644203;RS;;;0;1;1;0;;660;574;;1;600
4276289;RS;2;1;0;0;0;0;;;;;;
1255300;PB;;;1;1;1;1;498.5;496.9;563.2;494.9;1;960
964821;PE;;;1;1;1;1;545.7;403.1;544.2;519.6;1;620
19847;CE;;;0;0;0;0;;;;;;
3985628;SC;2;1;1;1;1;1;522.6;488.2;463.1;496.9;1;400
3610438;MG;2;1;0;0;0;0;;;;;;
714854;PE;;;1;1;1;1;457.1;454.7;439.9;413.9;1;520
2946622;ES;2;1;1;1;1;1;413.6;470.9;517.9;495.1;1;480
1718559;PR;;;1;1;1;1;573;579.6;578.3;691;1;840
1757775;RS;;;0;0;0;0;;;;;;
1970269;AP;4;1;1;1;1;1;482.9;518.5;464.9;470.9;1;740
2502981;CE;2;2;1;1;1;1;416;544.2;501.2;399.4;1;920
1339466;PA;;;1;1;1;1;404.6;531.1;541.9;442.2;1;680
2886115;SP;;;1;1;1;1;639.2;644.2;643.4;746;1;780
328688;AM;;;0;0;0;0;;;;;;
1361831;PI;;;1;1;1;1;420.6;439.5;485.9;418.2;1;360
2318427;PB;;;1;1;1;1;384.8;468.1;457.5;377.8;1;480
1717815;SP;;;1;1;1;1;555.2;559.3;578;682.1;1;860
2487852;SP;;;1;1;1;1;520;561.6;576.4;525.7;1;660
3722493;MS;2;1;1;1;1;1;405.4;425.9;477.2;427.2;4;0
130833;MG;;;0;0;0;0;;;;;;
1241713;RN;;;1;1;1;1;466.7;433.9;416.9;391.2;1;480
4006491;PE;2;1;0;0;0;0;;;;;;
4314442;RS;;;0;0;0;0;;;;;;
62723;MG;4;1;1;1;1;1;690;749.6;725.7;781.1;1;880
735751;SE;2;1;1;1;1;1;493.8;525.2;519.2;572.1;1;880
3196004;MA;;;1;1;1;1;357.8;476.9;418.2;426.1;1;560
2551925;PE;2;1;0;0;0;0;;;;;;
2530965;MG;;;0;1;1;0;;338.5;450.5;;4;0
894516;PE;2;1;1;1;1;1;351.7;440.6;455.5;416.3;4;0
2597891;RS;;;0;0;0;0;;;;;;
886433;MA;2;1;1;1;1;1;585.3;704.2;508.6;558;1;960
1751568;AM;;;1;1;1;1;351.8;478.2;515;462.6;1;560
2470870;MT;;;1;1;1;1;407.9;381.8;348.1;445;1;520
3377376;SP;;;1;1;1;1;553.8;553.1;576.8;616.5;1;900
2585579;PE;;;1;1;1;1;363;464.1;511.8;489.8;1;680
4030770;MS;2;1;1;1;1;1;522.9;445.1;506.7;476.2;1;580
2657597;AL;;;0;0;0;0;;;;;;
4248515;RJ;;;1;1;1;1;441.1;354.1;566.7;443.8;1;600
3060340;SP;;;1;1;1;1;527.7;478.2;529.6;430;1;660
394277;SP;2;1;1;1;1;1;374.4;538.6;532.7;477.9;1;600
1912701;RS;;;0;0;0;0;;;;;;
3148117;BA;;;1;1;1;1;420.4;387.6;491.2;385.6;1;460
2327831;BA;;;1;1;1;1;657.4;606.2;589.9;676.7;1;760
896275;SP;4;1;1;1;1;1;697.2;743.7;672.1;785.4;1;840
3280551;SP;2;1;1;1;1;1;451.1;501.9;378.6;397.9;1;480
529127;SP;2;1;1;1;1;1;370.1;325.3;457.8;384.8;1;380
3856959;RJ;;;1;1;1;1;475;551.2;554.3;528.7;1;680
4030415;AM;;;1;1;1;1;393.9;525;552.5;576.5;1;640
1373919;GO;;;0;1;1;0;;404.8;485;;1;420
996249;SC;;;0;0;0;0;;;;;;
3578823;MG;;;0;0;0;0;;;;;;
404262;MA;;;0;0;0;0;;;;;;
3737745;PE;;;1;1;1;1;488.5;459.6;511.5;589;1;520
2726031;SP;;;0;0;0;0;;;;;;
2073210;ES;;;0;0;0;0;;;;;;
2007060;SP;4;1;1;1;1;1;599.6;659.5;629.6;714.4;1;700
763246;PE;;;1;1;1;1;431.4;533.1;475.7;375.6;1;640
3418483;MG;;;1;1;1;1;683.9;663.6;651.9;767.5;1;780
1202815;SP;2;1;1;1;1;1;407.9;468.5;451.3;393;1;640
3001369;RS;2;1;1;1;1;1;532.9;496.1;533.1;486.7;1;680
2058060;RN;2;1;1;1;1;1;488.9;512.4;493.1;383.8;1;360
1144791;PB;;;0;0;0;0;;;;;;
473116;MG;2;1;1;1;1;1;520.9;607.9;547.1;558.9;1;740
3489093;GO;;;0;1;1;0;;414.4;464.6;;8;0
698319;MG;;;0;0;0;0;;;;;;
1350151;RS;1;1;1;1;1;1;678.6;668.2;596.2;721.6;1;960
2715465;PB;;;1;1;1;1;563;616.2;585.8;722;1;960
1485793;MG;;;1;1;1;1;411.5;422.3;408.5;397.9;1;520
584851;PR;;;1;1;1;1;692.2;726.1;705;751.7;1;940
3108996;ES;;;1;1;1;1;450.4;592.2;547.7;561;1;500
3661614;MG;2;1;0;0;0;0;;;;;;
3498324;SP;;;1;1;1;1;514.2;491.7;444.8;576.4;1;820
483117;CE;2;1;1;1;1;1;427.9;432.9;514.2;479.1;1;680
2947114;PB;;;0;0;0;0;;;;;;
2160889;MA;;;0;0;0;0;;;;;;
618352;RN;;;0;0;0;0;;;;;;
4206509;RO;;;0;0;0;0;;;;;;
3500751;BA;;;1;1;1;1;506.3;427.8;423;634.1;1;680
146089;MG;;;0;0;0;0;;;;;;
474903;CE;;;1;1;1;1;379.9;439.1;391.5;385;1;620
1824660;AL;;;1;1;1;1;477.7;582.1;546.7;495.5;1;440
1198939;MG;;;1;1;1;1;394.7;522;548.8;474;1;760
1333681;PA;;;1;1;1;1;556.5;611.7;514.1;639.9;1;940
2366075;SP;;;0;0;0;0;;;;;;
2386505;SP;;;1;1;1;1;740.5;789.8;677.4;846.3;1;900
457412;PE;;;0;0;0;0;;;;;;
2530671;PB;;;1;1;1;1;537.5;342.9;508.1;396.1;1;440
4180646;GO;;;1;1;1;1;501.6;482.4;570.7;651.7;1;900
206668;PA;;;1;1;1;1;522.2;582;596;602.5;1;600
3606547;MG;2;1;1;1;1;1;478.9;322.3;481.7;477.3;1;500
2078433;PA;2;1;1;1;1;1;372.4;445.6;528;558.4;1;500
2548996;PI;;;1;1;1;1;640.4;623.2;614.7;764;1;880
367421;ES;;;0;0;0;0;;;;;;
230101;CE;2;1;1;1;1;1;529.5;562.9;575.1;597.1;1;880
2377207;BA;;;1;1;1;1;369.3;482.9;517.5;435.3;1;480
3202167;PA;;;1;1;1;1;507.3;408.2;439;379.3;1;460
2910390;AM;;;0;0;0;0;;;;;;
2550766;PR;4;1;1;1;1;1;580.4;509.4;541.1;636.4;1;560
3702292;SP;;;1;1;1;1;416.3;512.6;450.9;449;1;640
1390845;SP;4;1;1;1;1;1;580.5;614.1;573.5;722.9;1;940
418388;BA;;;1;1;1;1;520.2;537.8;549.9;524.1;1;680
2037893;DF;4;1;1;1;1;1;487.7;520.5;522.4;459.3;1;520
230164;PA;2;1;1;1;1;1;497.7;460.4;501.2;481.5;1;700
549624;GO;;;1;1;1;1;542;591.3;575.9;600.4;1;540
1558934;RJ;2;1;1;1;1;1;416.2;432.6;394;411.7;1;920
2310529;BA;;;1;1;1;1;527.4;550;541.5;671.7;1;920
1383737;SP;;;1;1;1;1;580;588.5;600.5;617.2;1;740
2841947;SP;2;1;0;0;0;0;;;;;;
1039901;CE;2;1;0;1;1;0;;380.9;403.6;;1;360
1658261;BA;;;1;1;1;1;402.6;451.6;464.6;493.7;1;380
3293224;MG;;;1;1;1;1;526.3;524.9;594.4;624.4;1;680
3641253;RN;;;1;1;1;1;484.6;528.4;522.2;387.4;1;480
2737841;SC;;;0;0;0;0;;;;;;
1010546;AC;;;1;1;1;1;465.5;476.4;466.5;412.5;1;540
2346258;MG;2;1;1;1;1;1;595.3;576.1;504;668.4;1;620
807344;SE;;;1;1;1;1;568.1;514.3;581.1;456.2;1;560
1663793;RS;;;1;1;1;1;408.3;338.3;459.5;394.2;1;560
2403009;BA;;;1;1;1;1;514.9;564.7;551.1;519.3;1;400
3494732;SP;;;0;0;0;0;;;;;;
3223633;ES;;;1;1;1;1;497.5;461.9;519.5;387.6;1;560
1359346;PE;4;1;1;1;1;1;476.3;656;599;610.6;1;800
3010627;MG;;;1;1;1;1;374.3;399.7;434.2;427.2;6;0
3379292;SP;4;1;1;1;1;1;591.5;603.3;547.6;611.1;1;880
669503;PR;;;1;1;1;1;349.5;523.6;543.6;455.9;1;460
3110946;SP;4;1;1;1;1;1;517.4;615.5;589.3;517.6;1;740
1700163;MS;;;1;1;1;1;534.1;611.7;552.4;586.8;1;740
2362525;SP;2;1;1;1;1;1;498.6;333.6;505.8;421.8;1;440
3925294;PR;;;1;1;1;1;587.8;536.4;623.6;700.7;1;560
1450155;PB;2;1;0;0;0;0;;;;;;
1916232;RN;;;0;0;0;0;;;;;;
3229020;MG;2;1;1;1;1;1;540.7;557.5;553.5;572.7;1;500
4101486;AM;;;0;0;0;0;;;;;;
3988752;RO;;;0;0;0;0;;;;;;
435969;MG;1;1;1;1;1;1;553.8;572.7;586.6;571.4;1;920
3845668;SP;;;1;1;1;1;487.2;626.4;576.2;596.2;1;600
2353568;ES;;;1;1;1;1;444.6;456.8;498.5;383;1;520
3766073;SE;2;1;0;0;0;0;;;;;;
2181047;SP;4;1;1;1;1;1;573.7;581.2;408.8;605.2;1;780
2025730;CE;;;1;1;1;1;527.6;486.5;504.5;488.1;1;600
178603;SP;;;1;1;1;1;382;449.5;476.6;548.7;1;600
1584913;SP;2;1;1;1;1;1;395.7;442.1;432.8;413.8;1;280
1192910;PR;;;0;0;0;0;;;;;;
2467313;GO;;;0;0;0;0;;;;;;
755649;PR;;;1;1;1;1;464.3;547.6;561.1;441.4;1;660
1420289;SP;2;1;0;0;0;0;;;;;;
3189284;RO;;;0;0;0;0;;;;;;
495611;SP;2;1;0;0;0;0;;;;;;
4115987;PB;;;1;1;1;1;439.4;516.3;544.9;451.4;1;400
3611112;RJ;2;1;0;0;0;0;;;;;;
1935085;MS;2;1;1;1;1;1;536.5;573.1;523.6;659.6;1;740
2347746;SP;4;1;1;1;1;1;640.2;634.3;597.3;788.8;1;900
2094891;DF;;;1;1;1;1;422.5;480.2;487;416.1;1;400
2399222;MT;;;0;0;0;0;;;;;;
2626753;RJ;;;1;1;1;1;493;514.2;541.7;481.6;1;660
2723813;SE;;;1;1;1;1;462.4;506;515.1;583.5;1;900
1635250;PA;;;1;1;1;1;382.9;386.8;391.9;392.6;1;600
1624837;PR;;;1;1;1;1;567.7;562.9;600;640.2;1;880
1172793;RJ;2;1;0;0;0;0;;;;;;
2049645;CE;;;0;0;0;0;;;;;;
689691;SP;;;1;1;1;1;576.1;643.6;592;714.2;1;880
210082;PE;;;1;1;1;1;583.6;494.5;548.2;539.9;1;880
3833295;RS;2;1;1;1;1;1;379.5;346.2;489.3;427.5;1;520
187430;RJ;;;0;0;0;0;;;;;;
1293170;CE;2;1;1;1;1;1;472.4;490.7;502.1;378;1;640
1389992;PA;;;1;1;1;1;464.7;381.1;388.2;473.2;1;500
2505587;MA;2;1;1;1;1;1;513.6;332;494.8;408.6;1;720
2437668;MA;;;1;1;1;1;445.2;409.9;448.1;537.8;1;600
1597610;DF;2;1;1;1;1;1;550;608.7;582.3;637.8;1;760
1037824;PR;2;1;0;0;0;0;;;;;;
2660977;MG;;;0;0;0;0;;;;;;
992172;BA;;;1;1;1;1;529.9;614.2;632.4;703.7;1;900
3725276;RS;;;1;1;1;1;536.4;504.5;532.5;439.8;1;640
2051227;PR;;;0;0;0;0;;;;;;
2562595;PR;2;1;1;1;1;1;382.7;551.8;544.6;403.4;1;700
1428980;SP;3;1;1;1;1;1;503.7;492;547.9;488;1;600
2176899;MA;;;0;0;0;0;;;;;;
2389383;ES;2;1;1;1;1;1;471.2;473.9;522.1;499.8;1;500
2635701;MT;;;0;0;0;0;;;;;;
3168306;MS;;;1;1;1;1;578.2;580.1;570.3;639.2;1;480
204665;BA;;;1;1;1;1;551.2;551;577.7;547.3;1;880
3776318;MG;;;0;0;0;0;;;;;;
3845059;SP;2;1;0;0;0;0;;;;;;
4163216;PE;;;1;1;1;1;574.4;548.3;556.9;407.5;1;600
2175257;CE;;;0;0;0;0;;;;;;
1241331;RS;;;0;0;0;0;;;;;;
3957958;RN;;;0;0;0;0;;;;;;
2462831;PR;;;0;0;0;0;;;;;;
100299;PE;2;1;1;1;1;1;599.1;536.8;530.1;573.5;1;700
2466496;CE;;;1;1;1;1;510.1;420.6;442.7;532.9;1;400
2336568;RS;4;1;1;1;1;1;625.6;609.1;575.6;723.7;1;680
3607240;RJ;2;1;0;0;0;0;;;;;;
1489812;CE;2;1;0;0;0;0;;;;;;
3839437;SC;;;0;0;0;0;;;;;;
255679;DF;;;1;1;1;1;607.3;718.9;662.4;688.2;1;880
1975381;PE;;;1;1;1;1;372.5;480.8;484.5;425.3;4;0
411561;ES;;;1;1;1;1;470.2;551.7;555.7;613.7;1;960
1343825;GO;2;1;1;1;1;1;435.2;375.2;444.8;383.2;1;620
2681932;GO;2;1;0;0;0;0;;;;;;
2203542;CE;;;1;1;1;1;521.7;493.9;537.4;379.1;1;480
1007683;RJ;;;0;0;0;0;;;;;;
820909;SP;;;1;1;1;1;407;588.7;549.9;615.9;1;520
4097640;PR;;;1;1;1;1;396.8;376.1;517;479.6;1;560
323437;MA;2;1;1;1;1;1;476.9;429.5;491.9;479.7;1;560
1168959;BA;2;1;1;1;1;1;384.8;401.1;363.3;389;1;440
3193248;PE;;;1;1;1;1;546.7;675.3;614.4;704.9;1;880
496003;SP;4;1;1;1;1;1;665;733.1;638.1;830.7;1;820
3151380;SP;4;1;1;1;1;1;636.4;610.1;616.3;701.4;1;880
1809641;MS;;;1;1;1;1;577.9;525.6;486;638;1;660
1474230;PA;;;1;1;1;1;454.5;404.6;478.3;466.4;1;680
3258631;MS;;;1;1;1;1;469.1;492.1;548.3;427.7;1;360
2672137;PB;2;1;1;1;1;1;533.2;389.4;423.7;453.8;6;0
3324515;PE;2;2;1;1;1;1;404.3;513.5;531.6;477.1;1;920
3285117;PI;;;1;1;1;1;393.2;358.2;463.4;410.2;1;560
3383246;BA;4;1;1;1;1;1;434.4;617.1;566;418;1;760
4133010;DF;;;0;0;0;0;;;;;;
3979846;CE;;;1;1;1;1;490.6;508.7;554.5;418.2;1;800
244452;BA;2;1;1;1;1;1;492.1;558.4;576.8;545;1;640
2223248;PE;2;1;1;1;1;1;390.8;400.7;455.9;470.7;4;0
808892;RS;2;1;1;1;1;1;488.4;576.7;558;475.1;1;640
2418291;MG;;;1;1;1;1;536.3;538.3;546.1;490.8;1;660
2756502;RN;;;0;0;0;0;;;;;;
3621554;MG;;;1;1;1;1;506.7;479.5;520.4;391.7;1;580
2782616;MG;;;1;1;1;1;378.7;506.8;477.8;455.5;1;800
2072328;RJ;;;0;0;0;0;;;;;;
1271220;PA;;;1;1;1;1;474.2;511.9;486.8;547.9;1;460
3755137;RS;;;0;0;0;0;;;;;;
2700019;PE;;;0;0;0;0;;;;;;
426761;MT;;;1;1;1;1;502.3;573.2;603.1;406.1;1;740
989444;PE;;;1;1;1;1;430.2;510.7;527.1;595.5;1;860
3692318;MT;2;1;1;1;1;1;599.8;541.9;593.1;589.6;1;860
3694569;RS;;;1;1;1;1;429.6;521.4;490.7;488.4;1;700
1997316;SP;;;0;1;1;0;;482.3;571.9;;1;540
3209680;MG;4;1;1;1;1;1;642.9;642;623.2;724.3;1;960
1789857;RS;;;1;1;1;1;450.4;459.3;494.3;435.2;1;620
251561;SP;2;1;1;1;1;1;478.9;563.4;589.8;550.2;1;820
2957713;RJ;;;1;1;1;1;526.9;628;587.6;625.8;1;620
577043;SC;1;1;1;1;1;1;586.7;557.3;550.4;536.2;1;640
3477905;MG;;;1;1;1;1;577.7;614.8;586.9;619.6;1;940
4256;BA;;;1;1;1;1;452.9;440.4;438.4;536.7;1;860
151347;RS;;;1;1;1;1;509.3;605.3;601.9;579.1;1;600
3823832;PA;;;0;0;0;0;;;;;;
1188484;SP;;;1;1;1;1;584.5;505.2;520.8;460.5;1;480
2000325;RJ;;;1;1;1;1;429.2;404.8;488.2;482.5;1;560
831674;MS;;;0;0;0;0;;;;;;
1183748;PA;2;1;1;1;1;1;381.1;353.3;445;442.1;8;0
3529878;MG;;;1;1;1;1;368.1;499.2;559.4;503.4;1;640
4257600;SC;;;1;1;1;1;476.4;502.9;504.2;422.7;1;500
330624;SP;;;0;0;0;0;;;;;;
2892829;BA;;;1;1;1;1;558.8;593.6;638.4;394.6;1;900
1780756;BA;;;0;0;0;0;;;;;;
1777483;CE;2;1;1;1;1;1;403.7;530.1;497;403.7;1;660
721527;RJ;2;1;1;1;1;1;409.1;426.5;505.3;502.2;1;580
2030429;AL;;;1;1;1;1;556.8;618.7;616.5;603.4;1;600
4181479;PA;;;1;1;1;1;391.8;440.2;392.3;379.2;1;200
138643;PA;;;1;1;1;1;538.2;541.1;508.1;497;1;820
1010361;MT;;;0;0;0;0;;;;;;
1829283;GO;;;1;1;1;1;646.7;672.3;600.3;749.5;1;860
3831671;SP;3;1;0;1;1;0;;390.3;434.5;;4;0
3549846;MT;2;1;1;1;1;1;487.6;363.6;372;443;4;0
2683662;GO;4;1;1;1;1;1;663.9;650.7;625;724.8;1;940
2949138;RO;;;1;1;1;1;505.5;509.7;543.7;625.7;1;680
2819649;RJ;;;0;0;0;0;;;;;;
272311;PB;;;1;1;1;1;394.4;420.5;446.6;411.9;1;740
2640435;BA;2;2;1;1;1;1;468.9;519.3;501.3;597.4;1;540
3569986;PR;2;1;0;0;0;0;;;;;;
1301611;SP;4;1;1;1;1;1;642.2;593.8;615.7;664.7;1;680
1727505;RN;;;1;1;1;1;512.9;565.8;590.7;575.6;1;900
2510000;SP;;;1;1;1;1;578.8;574.2;590.3;489.5;1;680
2199852;PE;2;1;1;1;1;1;529.7;507.5;540.3;429.1;1;580
2373333;BA;;;1;1;1;1;465.7;511.9;488;460.9;1;700
1133167;CE;2;1;1;1;1;1;415.8;405.5;493.4;432.9;1;660
1738515;AP;2;1;1;1;1;1;371.3;453.8;469.4;387.4;1;600
3795468;RJ;;;0;0;0;0;;;;;;
1729050;SP;;;1;1;1;1;492.4;502.8;547.8;484.4;1;540
2745729;PI;2;1;0;1;1;0;;476.2;434;;1;500
2788668;SP;;;1;1;1;1;618.2;617.7;657.2;774.7;1;900
3539831;RS;;;0;0;0;0;;;;;;
1221550;BA;;;1;1;1;1;458.1;560.8;527.3;449.5;1;600
1010748;GO;;;1;1;1;1;502.1;475.9;421;396.4;1;400
2733014;SE;;;0;0;0;0;;;;;;
3495381;SP;;;1;1;1;1;622.2;571.2;559.3;616.1;1;520
2376241;PB;;;1;1;1;1;390;581.8;514.1;408.6;1;720
3837698;BA;;;1;1;1;1;559.9;612;622.3;693.7;1;600
2788418;PE;;;0;0;0;0;;;;;;
1208140;SP;;;1;1;1;1;634.5;620.7;632.1;501;1;560
1704090;PI;2;1;1;1;1;1;424.1;411.7;486.6;374.2;1;840
1840200;MA;2;1;1;1;1;1;453.4;347.2;488.9;524.3;1;780
4315076;RS;;;1;1;1;1;435.9;476.4;480.1;400.8;1;440
873342;RS;;;0;0;0;0;;;;;;
691891;SP;;;1;1;1;1;536.2;476.8;536.2;516.4;1;680
2410609;PE;;;0;1;1;0;;483.1;512.1;;1;560
486817;CE;2;1;1;1;1;1;548;524.7;599.3;653.6;1;840
3216619;PE;;;1;1;1;1;405.4;399.3;380.3;422.1;1;640
3915723;PE;;;0;0;0;0;;;;;;
4308884;SP;;;1;1;1;1;616.5;597.1;620.8;730.2;1;640
3798592;SP;2;1;0;0;0;0;;;;;;
4069208;RJ;;;1;1;1;1;462.7;454.2;516.2;561;1;760
3519447;GO;;;1;1;1;1;486.9;584.8;556.8;459.3;1;800
87649;BA;;;1;1;1;1;430.1;414.9;446;391.2;1;580
340248;PI;;;1;1;1;1;501.8;290.4;382.5;414;1;540
202230;ES;2;1;1;1;1;1;471.4;469.5;469;661.8;1;560
1712434;RS;;;1;1;1;1;450.7;389.4;425.4;442.7;1;320
1051450;SP;;;1;1;1;1;600.6;629.1;615.4;634.9;1;760
3312417;RN;;;1;1;1;1;525.1;598.5;592.8;626.1;1;780
474143;PI;;;1;1;1;1;383.7;459.7;437.6;487.2;1;860
1198606;AL;;;1;1;1;1;376.2;418.9;501.4;376.8;1;580
3928094;SP;4;1;1;1;1;1;540.6;487.2;528.6;540;1;480
775300;MG;;;1;1;1;1;503.7;569.1;565.9;634.9;1;780
1745529;RJ;2;1;0;0;0;0;;;;;;
2100952;PI;2;1;1;1;1;1;419.9;317.2;340.7;450.4;1;560
2114873;PE;2;1;1;1;1;1;541;523;563.9;612.8;1;860
76879;SP;;;1;1;1;1;585.9;601.8;556;670.7;1;580
3752103;PE;2;1;1;1;1;1;405.8;415.1;373;389.4;1;480
370290;ES;4;1;0;0;0;0;;;;;;
1298705;BA;4;1;1;1;1;1;457.5;494.2;537.3;437.3;1;680
4201229;DF;;;1;1;1;1;565.8;593.1;585.2;547.7;1;560
1643704;PR;;;1;1;1;1;376.2;496.9;404.7;373.3;1;480
1840854;SE;4;1;1;1;1;1;430.2;363.4;420.7;520.9;1;740
2701902;MG;;;1;1;1;1;534.6;590.7;590.5;585;1;640
3642221;BA;;;1;1;1;1;481.4;320.4;395.2;419.6;1;440
3370562;DF;;;1;1;1;1;524;380.9;503.6;490.4;1;540
3798193;MT;2;1;0;0;0;0;;;;;;
1145434;PR;2;1;1;1;1;1;583.5;562.9;578.7;699.7;1;820
464794;PE;2;1;1;1;1;1;436.5;579.2;595;616.8;1;900
2081582;BA;;;1;1;1;1;439;402.1;413.5;410.7;1;720
3490622;GO;;;0;0;0;0;;;;;;
2735497;BA;2;1;1;1;1;1;458;518.8;457.5;552;1;900
2926190;PR;2;1;0;0;0;0;;;;;;
3426535;SP;;;1;1;1;1;463.8;526.5;567.1;462.7;1;420
3543940;ES;;;1;1;1;1;446.8;565.5;557.9;510.4;1;720
211212;CE;;;1;1;1;1;468.5;537.6;558.4;447.5;1;840
1220939;MG;;;1;0;0;1;462.3;;;431.8;;
3134141;PE;;;0;0;0;0;;;;;;
1513081;PB;;;1;1;1;1;679.6;681.1;650.1;815;1;880
59420;SP;2;1;1;1;1;1;536.9;471.1;558.4;418.7;1;620
1909164;SP;;;1;1;1;1;590.1;644.6;635.8;682.5;1;880
4142489;MG;2;1;1;1;1;1;416.3;347;435.3;397.3;8;0
624928;BA;1;1;0;0;0;0;;;;;;
2140628;AL;;;1;1;1;1;559;590.6;606.1;690.3;1;880
1032382;SP;;;1;1;1;1;507.3;386;516.6;379.2;1;640
945559;BA;2;1;1;1;1;1;411.3;400.7;340.8;374.9;4;0
141646;MA;;;1;1;1;1;390.9;366.4;499.3;568.5;1;420
940870;PE;;;0;0;0;0;;;;;;
359552;PE;2;1;0;1;1;0;;347.3;496.9;;1;400
1835079;GO;;;1;1;1;1;463.4;440.2;444.9;471.4;1;360
316445;RS;;;1;1;1;1;501.8;492.5;535.6;550.6;4;0
3237966;CE;;;1;1;1;1;666.9;673.6;593.3;757.6;1;960
680176;PA;;;1;1;1;1;562.2;523.2;553.3;585.4;1;840
3587577;PR;;;1;1;1;1;566.3;633.1;647.4;639.9;1;640
91254;SP;;;0;0;0;0;;;;;;
1279845;PA;;;1;1;1;1;586.6;479.3;495.4;561.3;1;880
2213200;MG;;;1;1;1;1;524;649;609.2;521.8;1;800
1491336;MG;4;1;1;1;1;1;538;568.5;594;671.7;1;920
48076;AL;2;2;1;1;1;1;360.8;543.3;569.6;595.9;1;760
4232987;MG;3;1;1;1;1;1;489.6;492.8;440.6;539.1;1;580
1639889;MA;;;1;1;1;1;530.7;542.1;559.3;509.1;1;840
3826427;SP;4;1;0;0;0;0;;;;;;
2472355;BA;2;1;1;1;1;1;654;631.7;633.1;498.3;1;680
2286720;CE;;;1;1;1;1;592.2;639.8;573.1;664.5;1;660
3133578;CE;;;0;0;0;0;;;;;;
2206297;PA;;;1;1;1;1;438;470.7;491;403.1;1;940
3961347;SP;;;1;1;1;1;537.6;412.2;496.8;489;1;660
4063273;AM;;;1;1;1;1;461.6;542.8;546.3;520.5;1;800
3087406;MA;2;1;1;1;1;1;459.5;381.8;438.7;472.1;1;440
1167706;PR;;;1;1;1;1;664.7;704.1;660.8;794;1;880
1678485;SP;2;1;1;1;1;1;446.3;377.1;421.5;415.3;1;480
4023919;SP;;;0;0;0;0;;;;;;
3588804;SP;;;0;0;0;0;;;;;;
2947290;MG;2;1;1;1;1;1;452.5;537.9;536.7;436;1;820
1460677;SE;;;1;1;1;1;515.7;469.1;515.9;434.9;1;660
2364843;PA;;;1;1;1;1;541.2;375.3;445;419.1;1;360
350313;PE;;;1;1;1;1;425;526.2;525.8;474.2;1;760
1517641;MG;;;1;1;1;1;521.7;615.1;580.4;672.6;1;780
3484792;PA;;;1;1;1;1;534.5;528;542;533;1;780
410140;PE;1;2;1;1;1;1;514.5;567.1;553;649;1;600
2753627;CE;2;1;0;0;0;0;;;;;;
2630142;RN;2;1;1;1;1;1;465.5;436.5;487.8;394.6;1;520
1614033;BA;;;1;1;1;1;492.6;519;540.1;525;1;760
228016;SP;2;1;1;1;1;1;405.5;403.4;355.3;376.3;1;520
42651;RJ;;;1;1;1;1;450.5;347.3;364.5;412.2;6;0
911722;RJ;;;0;0;0;0;;;;;;
2379181;RJ;;;1;1;1;1;538.5;569.1;519.3;625.1;1;680
3414444;SC;2;1;0;0;0;0;;;;;;
1618450;RJ;;;1;1;1;1;642.9;642.9;608.6;740.6;1;840
3065672;RJ;2;1;1;1;1;1;465.7;345.5;359.5;458.3;1;480
4019797;PA;;;0;0;0;0;;;;;;
1599166;PB;2;1;1;1;1;1;413.9;442.3;516.5;432.3;1;720
1291676;SP;;;1;1;1;1;590.4;590.5;545.7;541.9;1;700
187159;RS;;;1;1;1;1;560.7;607.6;640.1;775.4;1;800
4191077;SP;;;0;0;0;0;;;;;;
4223759;RS;;;1;1;1;1;570.1;582.2;525.9;617.7;1;500
3245488;MG;2;1;0;1;1;0;;408;499.2;;1;480
3994466;PB;;;0;0;0;0;;;;;;
3406453;PE;;;1;1;1;1;560.1;433.4;425.6;568.6;1;920
3117531;RJ;;;0;1;1;0;;526;488.8;;1;420
1893870;AL;;;0;0;0;0;;;;;;
3673293;MA;;;0;0;0;0;;;;;;
1182619;CE;2;1;1;1;1;1;525.8;539.2;548.7;645;1;820
3915533;SP;;;0;0;0;0;;;;;;
953496;GO;2;1;1;1;1;1;443.8;409.1;528.8;484.1;1;720
1298777;SP;;;1;1;1;1;642.9;600.8;630.7;700.2;1;840
1011497;BA;;;1;1;1;1;503.6;561.3;548.9;561.8;1;700
2336351;SP;4;1;1;1;1;1;619.8;637.4;610.5;788.5;1;860
4005753;PA;;;0;0;0;0;;;;;;
408457;AP;2;1;1;1;1;1;464.1;541.6;530.1;555.2;1;680
1564668;PE;;;1;1;1;1;463.7;447.2;424.9;512.3;1;560
1379835;CE;;;1;1;1;1;543.3;529.6;562.1;555.4;1;660
4256168;SE;;;1;1;1;1;505;626.5;598.9;481.2;1;340
492006;SP;;;1;1;1;1;585;579.7;570.1;672.6;1;860
702147;PE;2;1;1;1;1;1;562.6;576.7;550.3;543.4;1;740
1169067;MG;2;1;1;1;1;1;454.2;537.3;522.2;513.1;1;580
2009537;RJ;;;1;1;1;1;458.9;338.7;453.6;409.9;1;440
1113445;AL;;;1;1;1;1;598.2;615.1;592.6;651;1;880
949462;PE;;;0;0;0;0;;;;;;
3670886;ES;;;1;1;1;1;517.7;556.4;567.1;550.6;1;560
2184256;SP;;;0;1;1;0;;522.3;592.7;;1;720
635043;RJ;2;1;1;1;1;1;432.6;556.2;586.3;524.9;1;900
1215031;DF;;;0;0;0;0;;;;;;
352663;PA;;;1;1;1;1;408.8;332.1;463.8;416.9;1;660
1793277;PE;;;1;1;1;1;396.6;551.6;572.3;566.7;1;800
1349088;PA;2;1;1;1;1;1;407;444;473.9;403.6;1;500
1743394;PE;;;1;1;1;1;514.3;422.1;437.2;624.5;1;840
1448206;PE;2;1;1;1;1;1;489.4;498.4;534.1;510.3;1;680
719899;SC;;;1;1;1;1;646.3;698.9;607.8;820.7;1;820
2608313;PE;;;1;1;1;1;622.3;676.5;640;831.3;1;880
1458962;PE;;;1;1;1;1;519.3;542.5;595.6;438.7;1;880
2316042;SP;;;1;1;1;1;558.5;672.1;622;647.3;1;760
958039;BA;2;1;1;1;1;1;482.3;483.5;540.8;399.1;1;560
99029;RJ;;;1;1;1;1;445.8;366.8;486.2;568;1;680
2990862;PR;;;1;1;1;1;542.8;585.6;547.3;629.7;1;840
1236185;AM;2;1;1;1;1;1;453.6;551;542.3;555.7;1;480
2311509;PA;;;1;1;1;1;532.6;559.8;575.3;477.9;1;600
2651657;SC;2;1;0;0;0;0;;;;;;
2729785;CE;;;1;1;1;1;517.6;541.5;575.5;516;1;600
1955549;RJ;4;1;1;1;1;1;514.4;573.8;550.4;619.9;1;720
3014905;SP;;;1;1;1;1;550.7;583;560.1;566.8;1;600
2657688;SE;;;0;0;0;0;;;;;;
4233270;PA;;;1;1;1;1;375.7;384.6;427.5;406.3;1;400
1078516;SE;;;0;0;0;0;;;;;;
1468864;SP;;;1;1;1;1;482.7;480.7;492.8;423.2;1;700
1882188;DF;;;1;1;1;1;531.5;557.8;519.1;441.6;1;640
865106;SP;;;0;0;0;0;;;;;;
2908904;SP;3;1;1;1;1;1;364.9;474.1;490.3;424.2;1;560
443451;RS;;;0;0;0;0;;;;;;
592071;MT;;;1;1;1;1;577.8;568.3;612.8;542;1;820
4005133;PE;;;1;1;1;1;358.5;527.5;533.8;499;1;480
1451794;MG;4;1;1;1;1;1;652.3;609.1;590.1;766.8;1;840
2522867;CE;;;1;1;1;1;471.1;489.7;524.2;621.4;1;800
2966247;SP;3;1;0;0;0;0;;;;;;
3767015;AM;;;1;1;1;1;599.3;645.8;540.7;503.3;1;840
3416406;AL;;;1;1;1;1;462.5;560.8;536.4;407.9;1;500
630538;BA;;;1;1;1;1;431.8;414.8;403.5;539.7;1;580
3874256;BA;;;0;0;0;0;;;;;;
133327;RS;;;1;1;1;1;571.6;629;608.1;687.3;1;920
3549891;PR;;;0;0;0;0;;;;;;
1609260;SP;;;1;1;1;1;602.3;580.8;580.4;659.2;1;640
329974;BA;;;0;0;0;0;;;;;;
1768066;PA;;;1;1;1;1;509.3;411.8;404.9;422.3;1;680
2440046;RJ;;;1;1;1;1;629.4;593.1;569.6;774.9;1;880
502727;MS;2;1;0;1;1;0;;539.1;525.3;;1;520
1760004;MG;;;1;1;1;1;442.3;477.7;485.3;473.8;1;760
224532;BA;2;1;1;1;1;1;539.7;0;345;381.8;4;0
3370015;PA;2;1;1;1;1;1;520.1;436;506.2;375.3;1;400
265474;PB;;;1;1;1;1;488.2;628;555.6;483.4;1;640
1332175;PA;;;1;1;1;1;509.4;588.9;535.9;458.2;1;800
1965571;RJ;;;0;1;1;0;;614.2;615.8;;1;740
4248727;MG;;;1;1;1;1;646.2;715.4;626.1;643;1;940
3927869;SC;;;0;0;0;0;;;;;;
4140686;SP;2;1;1;1;1;1;563.2;595.6;547.3;549.3;1;680
1026945;GO;2;1;1;1;1;1;520.8;549.9;606.1;541.7;1;640
2042542;SC;2;1;1;1;1;1;411.8;485.6;429.7;377.8;1;600
4019991;RJ;;;1;1;1;1;496.8;546.6;499.2;622.3;1;500
3697423;SP;;;1;1;1;1;467.9;518.5;575.9;555;1;740
2292464;RS;;;1;1;1;1;714.4;762;692.5;865.3;1;960
288064;MG;2;1;1;1;1;1;412.5;447.9;540.2;388.1;1;580
2208223;PI;2;1;1;1;1;1;499.1;496.8;483.4;616.3;1;920
2396154;SP;2;1;1;1;1;1;594.5;549.4;570.7;631.6;1;560
2663280;RN;;;1;1;1;1;482;587.3;519;408.2;1;420
815940;MG;;;0;0;0;0;;;;;;
1508639;PI;;;0;0;0;0;;;;;;
588875;MA;;;1;1;1;1;381.6;450.7;523.6;481.4;1;500
2373603;BA;1;1;1;1;1;1;489.5;519.5;538.9;660.8;1;880
14929;CE;2;1;0;0;0;0;;;;;;
3870413;PB;2;1;0;0;0;0;;;;;;
3904330;BA;2;1;0;0;0;0;;;;;;
2890206;RS;;;0;0;0;0;;;;;;
2770875;SP;4;1;1;1;1;1;596.5;566.9;562.4;655.2;1;660
2151283;PA;;;0;0;0;0;;;;;;
2088080;PR;;;0;0;0;0;;;;;;
3092525;SP;;;1;1;1;1;469;548.7;526.8;383.3;1;400
2333912;ES;;;1;1;1;1;634.4;593;555.8;725.8;1;900
677323;PA;2;1;1;1;1;1;388.4;362.9;439.1;448.9;8;0
3736570;CE;;;0;0;0;0;;;;;;
3124851;RJ;;;1;1;1;1;547.2;556.3;572;493.8;1;560
1200226;RJ;4;1;0;0;0;0;;;;;;
496801;PB;;;1;1;1;1;455.8;467.2;495.8;375;1;600
1546938;SP;4;1;1;1;1;1;387.3;494.4;566.1;480.9;1;900
3481121;SP;;;1;1;1;1;429.6;536.6;439.8;491.5;1;680
643078;BA;;;0;0;0;0;;;;;;
19377;SP;2;1;1;1;1;1;557.4;580.4;588;644.9;1;600
4167360;PR;2;2;0;0;0;0;;;;;;
331335;RS;;;0;0;0;0;;;;;;
2224571;PE;;;1;1;1;1;388.8;488;497.7;451.9;1;540
2939105;BA;4;1;0;1;1;0;;400.1;445.9;;1;640
2002038;PR;;;1;1;1;1;499.9;667.9;640.9;647.8;1;720
3524033;AM;2;2;0;0;0;0;;;;;;
849144;MA;;;1;1;1;1;445.5;475.5;472;486.7;4;0
576170;MG;1;2;1;1;1;1;649.7;600.2;597;679.8;1;920
134464;BA;2;1;1;1;1;1;529.4;286.9;560.6;581.3;1;600
3223156;SP;;;0;0;0;0;;;;;;
973422;PA;;;1;1;1;1;413.7;503.2;546.6;466.6;1;640
2946270;PA;;;1;1;1;1;462.5;460.9;379;395.9;4;0
4052992;SP;;;1;1;1;1;539.8;631.8;549.7;553.9;1;580
4119600;AP;;;0;0;0;0;;;;;;
633897;RJ;;;1;1;1;1;377.2;412;462.5;402.6;1;580
2598032;PI;;;0;0;0;0;;;;;;
3911562;SP;;;0;0;0;0;;;;;;
26745;AM;;;0;0;0;0;;;;;;
581746;MG;;;1;1;1;1;707;715.2;607;805.1;1;920
3838928;SP;;;1;1;1;1;535.2;491.4;525;529.7;1;500
1461096;SP;2;1;1;1;1;1;476.1;476.6;466.2;462.2;1;740
576059;GO;;;1;1;1;1;457.1;587.8;505.4;650.8;1;900
1567650;MA;;;0;0;0;0;;;;;;
1862779;GO;2;1;1;1;1;1;381.4;485.5;561.6;411.2;1;560
1774243;SC;;;1;1;1;1;551.4;504.7;578.1;515.1;1;900
1222177;MA;;;1;1;1;1;485.7;477.5;437.5;454.4;1;400
3831297;BA;;;0;0;0;0;;;;;;
1389852;AC;2;1;1;1;1;1;467.7;342.8;447.3;517;1;600
176256;RJ;;;1;1;1;1;459.2;556.7;548.7;585.9;1;760
303028;GO;;;1;1;1;1;600;538.2;578.4;653.3;1;880
3645485;SC;;;0;0;0;0;;;;;;
3200855;PR;;;1;1;1;1;358.5;490;500;504;1;700
1154782;SP;;;1;1;1;1;504.5;514.4;490.9;434.9;1;620
17328;BA;2;2;1;1;1;1;466.5;510;490.5;390.5;1;440
1757846;SP;4;1;0;0;0;0;;;;;;
4241587;SP;2;1;1;1;1;1;497.2;457;540;457.8;1;440
1555702;RS;2;1;1;1;1;1;487;556.2;539.7;602.2;1;900
2561892;MG;;;1;1;1;1;695.4;690;630.8;779.4;1;840
2691235;PR;2;1;1;1;1;1;494.4;532.1;503.9;630.9;1;580
1747877;PE;;;1;1;1;1;407.5;368.2;439.4;468.8;1;320
2751077;MT;4;1;1;1;1;1;562.7;612.3;582.1;589.3;1;600
593309;MG;2;1;1;1;1;1;489.1;511.2;495.5;571.7;1;660
3928220;RJ;;;1;1;1;1;517.5;587.3;590.2;475.7;1;760
3025805;PR;2;1;1;1;1;1;469.6;421.5;525.4;434.5;1;740
2114855;PE;;;1;1;1;1;440.6;490.6;478.1;433.4;6;0
610260;AL;;;0;1;1;0;;561.5;535;;1;380
938465;SC;2;1;0;0;0;0;;;;;;
2031259;BA;;;1;1;1;1;519.9;552.2;535.6;415.6;1;680
3206883;SP;2;1;0;0;0;0;;;;;;
1604585;GO;;;1;1;1;1;500.4;319.1;390.7;552.7;6;0
3011927;MA;;;0;0;0;0;;;;;;
3755547;CE;;;0;0;0;0;;;;;;
4129003;PI;;;0;0;0;0;;;;;;
1083287;PA;;;1;1;1;1;482;530.7;474.3;471.5;1;500
846484;MG;;;1;1;1;1;444.7;517.5;520.7;503.3;1;760
2996003;MG;;;1;1;1;1;603.9;624.8;619;756.1;1;880
3472554;AC;;;1;1;1;1;500.5;382.7;507.5;518.1;1;480
911165;RJ;2;1;0;0;0;0;;;;;;
877998;PE;;;1;1;1;1;425.2;359.4;511.7;409;1;660
4082054;MT;;;1;1;1;1;364.9;420.4;436;441.1;1;640
3529069;MA;;;0;0;0;0;;;;;;
3507615;RS;;;0;0;0;0;;;;;;
1938359;MG;;;1;1;1;1;398.9;537.9;563.3;410.1;1;680
2160866;RN;;;1;1;1;1;432.1;399.1;516.6;623.5;1;560
1859092;RJ;;;0;0;0;0;;;;;;
2372095;SP;4;1;1;1;1;1;734.6;741.2;674.8;917.6;1;920
4295093;SP;;;1;1;1;1;506;514.3;570.9;602;1;620
3291112;GO;;;0;1;1;0;;339.5;558.5;;1;700
2585646;SP;4;1;1;1;1;1;623.1;702.7;633.8;829.4;1;920
1932709;PE;2;1;1;1;1;1;587;606.2;627.1;709.1;1;860
196733;SP;2;1;1;1;1;1;356.1;343.3;400.9;543.3;1;520
2317852;CE;;;0;0;0;0;;;;;;
3034743;CE;;;1;1;1;1;555.9;597.8;561.3;703.5;1;700
223197;SP;;;0;1;1;0;;380.7;483.1;;1;420
3053221;MG;;;1;1;1;1;476.8;493.7;508.9;609.1;1;600
1760998;SP;4;1;1;1;1;1;494.9;441.5;534.3;516.6;1;520
2745330;BA;2;1;0;0;0;0;;;;;;
3590784;RJ;;;1;1;1;1;477.8;638.3;576.4;654.9;1;680
290429;PB;;;1;1;1;1;559;506.5;622.1;598.1;1;780
1654293;AM;;;1;1;1;1;554.7;486.8;473.5;379.7;1;560
1903195;SP;;;1;1;1;1;537.2;625.9;555.3;569;1;800
2839111;PA;;;1;1;1;1;377.5;383.7;404.6;505.7;1;360
4256478;RS;;;0;0;0;0;;;;;;
2855256;RJ;;;0;1;1;0;;506.2;519.9;;1;840
1118313;PR;;;0;0;0;0;;;;;;
97975;MA;;;0;0;0;0;;;;;;
954336;RS;;;0;0;0;0;;;;;;
2355099;MA;;;1;1;1;1;424.4;598.8;540.3;693.4;1;960
2935539;SP;2;1;0;0;0;0;;;;;;
872672;BA;;;0;0;0;0;;;;;;
3473122;SP;;;1;1;1;1;480.3;504.3;544;552;1;600
4011907;MG;;;0;0;0;0;;;;;;
1452701;CE;2;1;1;1;1;1;546.2;581.3;560.2;451.5;1;820
3917310;PA;;;1;1;1;1;441.4;422.6;509;379.9;1;600
1322121;RJ;;;1;1;1;1;541.8;556.7;571.4;484.1;1;480
2238834;PR;;;0;0;0;0;;;;;;
1465503;PI;;;0;0;0;0;;;;;;
1985908;SP;4;1;1;1;1;1;510.8;493.2;520.6;627.2;1;640
4329845;RS;;;0;0;0;0;;;;;;
1269380;MG;;;1;1;1;1;473.3;431.3;504.2;634.5;1;520
1023040;PB;4;1;1;1;1;1;510.7;556.3;519.9;386.1;1;920
3666071;PB;;;1;1;1;1;520.9;606;568.5;597.2;1;780
2008261;GO;2;1;1;1;1;1;593.3;603.2;600;783.1;1;780
3072680;PA;2;2;1;1;1;1;417.9;471.6;545.5;420.8;4;0
1844360;CE;;;0;0;0;0;;;;;;
4108810;BA;;;1;1;1;1;472.3;499.1;548.6;498.6;1;600
407958;RJ;;;0;0;0;0;;;;;;
3684417;CE;;;1;1;1;1;494.7;528.2;524.9;543.3;1;800
1383407;GO;;;1;1;1;1;534.4;547;554.6;490.2;1;880
2125875;MG;;;0;0;0;0;;;;;;
2831323;PA;;;1;1;1;1;575.2;620.9;597.8;721.4;4;0
1960275;SE;;;1;1;1;1;420.4;596.7;411.3;574.3;1;860
394544;RJ;;;1;1;1;1;493.1;564.3;588.3;497.6;1;480
1731080;PR;2;1;1;1;1;1;490;531.3;551.1;558.8;1;780
1889684;GO;;;1;1;1;1;451.1;421.2;517.1;395.4;1;660
4007274;RS;;;0;0;0;0;;;;;;
2716726;ES;;;0;0;0;0;;;;;;
2565199;TO;;;0;0;0;0;;;;;;
3178456;MS;2;1;0;0;0;0;;;;;;
1546274;TO;2;1;1;1;1;1;430.8;366.5;395.5;401;1;460
4290637;SP;2;1;1;1;1;1;474.8;516.2;414.9;402.9;1;200
4166879;SP;;;1;1;1;1;565.6;574.5;605.3;597.3;1;580
884094;BA;;;1;1;1;1;599.1;551.6;550.9;552.4;1;840
321259;ES;;;1;1;1;1;564.3;584.4;580.1;533.3;1;840
2609254;RS;;;0;1;1;0;;441.6;420.3;;1;500
2947394;PB;;;1;1;1;1;570.5;571.8;548.8;679;1;940
4035600;PI;;;0;0;0;0;;;;;;
2879071;RJ;4;1;1;1;1;1;507.7;537.6;510.2;476;1;780
2583135;RS;2;1;1;1;1;1;588;542.4;560;739;1;580
1416907;RO;2;1;1;1;1;1;484.4;425;443.9;392.9;1;460
1504848;PA;;;1;1;1;1;519.6;526.8;556.8;470.2;1;680
1078692;MG;2;1;1;1;1;1;519.1;545.3;558.3;515.8;1;820
4019287;AM;;;1;1;1;1;386.2;438.3;401.7;405;1;460
2981478;AL;;;0;0;0;0;;;;;;
3760237;MT;;;1;1;1;1;433.1;518.5;535.2;467.9;1;480
2831164;BA;;;1;1;1;1;502.1;518.8;467.8;564.2;1;640
1524210;MT;;;1;1;1;1;523.2;559.5;541.9;435.5;1;580
416843;CE;2;1;1;1;1;1;460.3;454.4;450.6;470.2;1;600
1750142;RS;2;1;1;1;1;1;624.3;613.6;588.1;671.9;1;860
1899593;RO;2;1;1;1;1;1;515.1;485.3;539.4;421.6;1;580
3606877;SP;2;1;0;0;0;0;;;;;;
605540;RJ;;;0;0;0;0;;;;;;
731018;SC;4;1;1;1;1;1;515.3;510.5;573.7;433.6;1;840
3456129;SE;;;1;1;1;1;576;620.5;569.3;575.2;1;920
2112875;SP;2;1;1;1;1;1;458.7;464.4;498;509.4;1;620
865391;RS;;;0;0;0;0;;;;;;
3723426;SC;2;1;1;1;1;1;443.9;462.6;379.4;438.2;1;660
1962148;RS;;;1;1;1;1;470;515.7;485.6;386.4;1;600
1647724;CE;;;1;1;1;1;486;597.9;577.1;620;1;960
499902;BA;;;0;0;0;0;;;;;;
2400115;MG;2;1;1;1;1;1;368.3;482.7;508.1;380.3;1;640
1967985;SP;;;1;1;1;1;417;419.1;434;398.8;3;0
3771808;RJ;;;0;1;1;0;;614.1;603;;1;640
1065581;AM;2;1;0;0;0;0;;;;;;
1064283;SP;2;1;0;0;0;0;;;;;;
3937511;RO;;;0;0;0;0;;;;;;
2947501;BA;2;1;1;1;1;1;523.1;364.5;532.9;435.7;1;700
3173851;RJ;;;1;1;1;1;599.4;524.9;562.9;654.5;1;780
362396;AM;2;1;1;1;1;1;527;289.5;487.1;426.1;1;580
1112442;AP;;;0;0;0;0;;;;;;
3177464;SP;;;1;1;1;1;418.9;539.2;565;615.3;1;800
657355;SP;2;1;1;1;1;1;414;548.3;570.5;503.3;1;760
2591469;SC;;;1;1;1;1;598.4;575;620.2;656.4;1;860
3889173;SP;2;1;0;0;0;0;;;;;;
171090;GO;2;1;1;1;1;1;503.3;583.1;566.8;605.5;1;920
2223757;RO;2;1;0;0;0;0;;;;;;
4254115;MA;;;1;1;1;1;470.4;517.2;523.4;403.4;1;560
3264249;MG;;;1;1;1;1;391.4;461.9;549.8;442.6;1;560
1407346;SP;4;1;1;1;1;1;572.6;600.9;606.4;607.2;1;660
2968005;SP;;;1;1;1;1;455.7;574.5;579.2;372.3;1;740
158896;RS;;;1;1;1;1;557.4;574.2;601.9;677.6;1;940
1876020;CE;;;1;1;1;1;452.1;362;459.2;420.5;1;760
3526831;BA;2;1;0;0;0;0;;;;;;
3585283;SP;;;1;1;1;1;509.9;508.9;577.3;400.8;1;640
3347417;SP;2;1;0;0;0;0;;;;;;
1232867;SP;2;1;1;1;1;1;526.4;574;533.7;376;1;500
1545952;PR;2;2;1;1;1;1;427.8;580.1;558;624.6;1;660
1025069;RJ;2;1;0;0;0;0;;;;;;
3066474;MA;;;0;0;0;0;;;;;;
3192683;RS;;;1;1;1;1;457.4;489.1;516.6;380.2;1;600
2966901;BA;2;1;1;1;1;1;456.1;535.7;502.7;466.3;1;720
4134730;RJ;;;0;0;0;0;;;;;;
1746027;PR;2;1;1;1;1;1;461.7;579.6;525.4;666.3;1;680
1079913;PE;2;1;1;1;1;1;457.1;506.1;537.8;513.8;1;760
4243842;CE;;;1;1;1;1;488.4;542.7;528.7;496.4;1;620
2799150;AM;2;2;0;1;1;0;;380.6;353.4;;3;0
734159;BA;;;0;0;0;0;;;;;;
311324;BA;;;0;0;0;0;;;;;;
497140;PA;4;1;1;1;1;1;505.5;591.3;551;674;1;880
4122820;RN;2;1;0;0;0;0;;;;;;
636401;SP;;;1;1;1;1;622.8;642.2;625;694.9;1;960
1498861;RJ;4;1;1;1;1;1;383.9;406.8;422.4;425.9;1;280
4284104;SP;;;1;1;1;1;467.9;304.8;396;496.9;1;360
1546526;PE;2;1;0;0;0;0;;;;;;
1575257;MA;2;1;1;1;1;1;363.3;517.4;491.3;396.1;1;420
1819879;PA;2;1;1;1;1;1;375;506.9;538.5;476.3;1;480
3879158;AM;;;1;1;1;1;442.3;337;486.5;437.2;1;680
3068428;BA;;;0;0;0;0;;;;;;
1045818;MG;;;0;0;0;0;;;;;;
3654060;RJ;;;0;0;0;0;;;;;;
2901438;MG;;;1;1;1;1;524.3;550.8;571.1;627.3;1;740
2619687;BA;;;1;1;1;1;447.4;523.8;557.2;542.9;1;720
1917331;CE;;;1;1;1;1;480.4;554.9;587.8;603;1;780
2044542;PA;;;1;1;1;1;512.3;548.1;591.2;511.6;1;680
2465548;SP;2;1;1;1;1;1;492.1;578.2;578.6;473.1;1;580
664350;MG;;;1;1;1;1;607.6;636.3;551.4;747.4;1;920
1645243;MG;;;1;1;1;1;528.8;530.9;579.6;673.7;1;640
893891;SP;;;1;1;1;1;538.5;488.4;553.2;547.2;1;680
2344753;CE;;;1;1;1;1;543.7;628.5;542.1;649.8;1;820
1590159;BA;4;2;0;0;0;0;;;;;;
2634383;MA;2;2;0;0;0;0;;;;;;
1687508;MG;2;1;1;1;1;1;443.9;584.5;562.8;539.5;1;880
3870367;TO;;;1;1;1;1;584.1;639.3;574.6;764.2;1;680
2705755;BA;;;0;1;1;0;;520;567.9;;1;860
3712239;DF;;;1;1;1;1;489.6;298.3;361.4;509.6;1;420
2309343;MG;2;1;1;1;1;1;521.7;534.7;520.1;560;1;800
2067917;RJ;;;1;1;1;1;618.6;608.6;531.1;773.9;1;800
2771505;BA;;;1;1;1;1;407.9;434.8;447.8;457;1;600
2311770;BA;;;1;1;1;1;449;513.3;523.2;525.4;1;820
2567478;SP;2;1;1;1;1;1;486.9;300.6;341.1;464.3;1;480
980096;SP;;;0;0;0;0;;;;;;
1749222;SP;2;1;0;0;0;0;;;;;;
3318520;PR;;;0;0;0;0;;;;;;
2560584;RJ;;;1;1;1;1;387.6;414.3;535.5;443.4;1;820
3351716;BA;;;0;1;1;0;;499;530.6;;1;560
359286;PA;2;2;1;1;1;1;560.9;634.9;610.1;621.5;1;960
3857169;RN;;;1;1;1;1;422;418.4;451.2;440.8;1;420
3259949;GO;2;1;0;0;0;0;;;;;;
859795;RS;2;1;1;1;1;1;494.9;420.6;488.5;447.3;1;540
2204066;MA;2;1;1;1;1;1;477.9;482.5;507.1;504.4;1;880
2899303;MG;2;2;1;1;1;1;495;650.3;600.1;651.3;1;780
932875;MG;;;1;1;1;1;564.2;546.1;515.1;391.5;9;0
1627935;MT;;;0;0;0;0;;;;;;
452899;RS;2;1;1;1;1;1;418.4;631.4;586.3;564.2;1;620
2985175;CE;2;2;1;1;1;1;444.5;449;496.6;473.8;1;600
246047;SP;;;1;1;1;1;594.6;607;611.1;586.5;1;780
211705;RJ;2;1;1;1;1;1;496.2;605.5;589.3;564.7;1;940
2883977;MG;;;1;1;1;1;448.5;455;467.9;407.4;1;680
1195566;AC;;;1;1;1;1;492.3;533.4;527.8;579.9;1;560
1992897;SP;2;1;1;1;1;1;410.3;527.7;540.8;584.9;1;760
2170211;MG;;;1;1;1;1;533.7;625.5;595.9;650.6;1;860
2731055;MG;;;0;0;0;0;;;;;;
3505241;MG;2;1;1;1;1;1;525.6;600.5;581.1;627.6;1;580
2453070;GO;2;1;0;0;0;0;;;;;;
2280562;MG;;;1;1;1;1;631.6;707.9;663.9;757.3;1;920
1361670;PR;;;1;1;1;1;574.4;554.5;558.1;475.6;1;660
2333031;SP;4;1;1;1;1;1;416.8;379.1;397.7;372.6;1;480
293948;SP;;;1;1;1;1;568.7;689.4;641.3;682.7;1;920
923540;RJ;2;1;1;1;1;1;442.6;556;545.5;568.1;1;620
4241447;SP;2;1;0;0;0;0;;;;;;
1948538;PR;;;0;0;0;0;;;;;;
1325720;RJ;4;1;1;1;1;1;436.8;545.3;506.6;588.1;1;740
1548436;SP;2;1;0;0;0;0;;;;;;
1624586;PE;;;1;1;1;1;526.1;550.6;587.9;587.8;1;860
4157833;MG;;;1;1;1;1;472.9;430.8;528.6;429.1;1;540
770094;SP;2;1;1;1;1;1;532.4;554.5;578.2;502.1;1;560
2941309;PB;2;2;1;1;1;1;547.7;594.6;582.3;640.9;1;860
2082343;PE;;;0;0;0;0;;;;;;
2217413;SP;;;1;1;1;1;451.1;508.2;564.6;396.6;1;620
3398678;MG;1;1;1;1;1;1;581.8;605.3;578.3;613.7;1;880
3955062;SC;;;0;0;0;0;;;;;;
3939993;PR;;;0;2;2;0;;;;;;
3866190;SP;;;1;1;1;1;529.4;530.3;582.5;623.9;1;720
3900331;BA;;;1;1;1;1;486.9;541.4;551.4;461.6;1;440
3302649;SP;;;1;1;1;1;406.8;567.1;538.4;520.4;1;580
2861185;SP;4;1;0;0;0;0;;;;;;
2452736;CE;;;1;1;1;1;465.1;433.1;549.8;476.6;1;620
3013656;PB;;;1;1;1;1;537.8;567.8;596;549.1;1;720
3179009;PE;4;1;1;1;1;1;539.9;578.3;525.2;652.7;1;680
2364488;RS;;;0;0;0;0;;;;;;
3802316;BA;2;2;0;0;0;0;;;;;;
3199281;PB;;;0;0;0;0;;;;;;
2528580;PA;;;1;1;1;1;396.6;501.5;510.6;467.9;1;640
1783552;PA;;;1;1;1;1;530.5;486.9;505.8;466.5;1;420
1219266;MA;;;1;1;1;1;548.4;482.1;517.6;439.7;1;440
79738;SC;;;1;1;1;1;634;622.9;629.8;697.9;1;940
1201839;PE;;;0;1;1;0;;400.8;457.3;;1;440
1911779;AL;;;0;0;0;0;;;;;;
502494;RS;2;1;0;0;0;0;;;;;;
163528;MG;;;1;1;1;1;385.2;493.5;470.2;392.2;1;520
2770863;MS;2;1;0;0;0;0;;;;;;
2249708;MT;;;0;0;0;0;;;;;;
383163;PR;2;1;0;0;0;0;;;;;;
3578607;RJ;;;0;0;0;0;;;;;;
4310122;SP;;;1;1;1;1;457.8;568.5;582.2;531.6;1;720
2019382;MG;2;1;1;1;1;1;603.5;633.8;589;657.1;1;940
589012;CE;;;1;1;1;1;457.7;331.9;495.6;460.2;1;580
2501067;MT;;;1;1;1;1;651.1;648.7;625.7;733.1;1;840
310812;BA;;;0;0;0;0;;;;;;
1954231;RS;;;0;1;1;0;;552.4;504.6;;1;440
2260214;PA;;;1;1;1;1;435.9;441.9;480.1;413.3;1;640
3239498;RJ;;;1;1;1;1;522.1;541.7;571.3;513.4;1;520
2696087;RJ;;;1;1;1;1;437.9;493.3;543.6;460.3;1;500
3954514;PE;;;1;1;1;1;461.8;429;529.4;500.3;1;680
3778603;RJ;;;1;1;1;1;606;650.8;637;660.8;1;900
4108038;PB;;;1;1;1;1;403.6;419.6;484;442.2;1;740
2602992;SP;2;1;1;1;1;1;543.8;526.9;480.3;540.5;1;920
4046072;RS;;;0;0;0;0;;;;;;
3386431;SP;4;1;1;1;1;1;558.5;476.5;470.5;422.6;1;620
1853372;PA;;;1;1;1;1;422.4;575.7;576.4;612.4;1;720
1251335;PB;;;1;1;1;1;605.5;607.9;623;516.9;1;560
1545155;GO;2;1;1;1;1;1;417.9;458.3;535.7;444.8;1;480
2124018;RJ;2;1;0;0;0;0;;;;;;
2317442;SC;2;1;1;1;1;1;396.9;531.2;510.5;493.5;1;920
965437;RJ;;;0;0;0;0;;;;;;
2953499;MA;;;0;0;0;0;;;;;;
441634;SP;2;1;1;1;1;1;543.6;610.7;582.2;631.7;1;740
273590;AL;;;0;1;1;0;;411.5;500.4;;1;640
230947;RO;2;1;1;1;1;1;393.2;466.9;505.3;476.7;1;680
3651136;RJ;;;1;1;1;1;447.7;529.4;498.9;451.6;1;480
1166795;SP;;;1;1;1;1;575.3;577.8;611.2;636.7;1;840
112098;ES;2;1;1;1;1;1;429.4;509.4;480.3;491.6;1;720
1934802;AP;;;1;1;1;1;370.4;549.7;430.2;414.5;1;480
44595;SC;;;1;1;1;1;477.7;437.9;527.2;417;1;840
1191998;SP;2;1;0;0;0;0;;;;;;
4250531;RS;;;0;0;0;0;;;;;;
2325702;MG;4;1;1;1;1;1;655.2;714.3;619.7;804.7;1;900
4040735;MS;;;1;1;1;1;393.9;494.8;454.2;413.8;1;380
414555;PI;;;1;1;1;1;426.2;472.6;417.8;456.4;1;700
2110479;PA;;;1;1;1;1;428.1;429.3;437.5;413.2;1;480
2455457;RJ;;;1;1;1;1;534.3;598.6;583.2;706.3;1;940
478810;MG;;;1;1;1;1;588.2;434.4;579.8;569.2;1;680
2375473;MT;;;0;0;0;0;;;;;;
3055653;TO;;;1;1;1;1;412.6;439.7;557.8;399.4;1;560
3277551;GO;;;1;1;1;1;515.3;558.3;566.1;668.4;1;780
2446820;PR;;;1;1;1;1;364;476.1;530.5;451.4;1;640
1586192;MG;;;0;0;0;0;;;;;;
2057263;RJ;;;1;1;1;1;571.5;626;601;468.6;1;580
2212573;BA;;;0;0;0;0;;;;;;
1677388;PA;;;0;0;0;0;;;;;;
179654;MA;2;1;1;1;1;1;506.7;408.6;453.5;403.7;1;560
2485415;SC;;;0;0;0;0;;;;;;
4186563;AL;;;0;0;0;0;;;;;;
3810691;ES;;;1;1;1;1;430.1;446;485.5;549.1;1;460
718819;BA;2;1;1;1;1;1;479.6;540.1;446.2;390.8;1;460
755316;BA;;;1;1;1;1;494.8;492;544.8;497;1;720
2299456;RJ;;;1;1;1;1;391.9;309;413.1;431;1;600
3791017;BA;;;1;1;1;1;473.5;555;595.7;427.1;1;760
4309251;SP;2;1;1;1;1;1;354.5;375.5;418.7;456.9;1;600
1342095;MT;;;1;1;1;1;571.9;530.7;550.5;642.8;1;780
3180628;RJ;4;1;1;1;1;1;609.9;627.9;615.7;773.8;1;840
8849;PR;2;1;1;1;1;1;618.4;570.7;589.2;657.7;1;800
666979;RN;2;1;1;1;1;1;501.1;512.9;529.5;545.8;1;900
1340905;PE;;;1;1;1;1;518.3;532.6;542;394.7;1;720
1064454;BA;;;1;1;1;1;480.7;369.9;425.4;501.5;1;360
2071010;MG;;;0;0;0;0;;;;;;
1349033;RN;;;1;1;1;1;404.7;459;471.2;395.6;1;580
2819569;MG;;;1;1;1;1;570.9;523.9;508.9;410.3;1;740
1451484;SE;2;1;1;1;1;1;449.3;536.7;523.9;467.1;1;860
3369735;MG;;;0;0;0;0;;;;;;
1988867;MA;;;1;1;1;1;489.8;447.6;576.9;440.1;1;660
2173090;SP;1;1;1;1;1;1;431;526.9;494.5;516.7;1;700
1000115;RJ;2;1;0;0;0;0;;;;;;
4229112;AM;2;1;0;0;0;0;;;;;;
2936763;SP;2;1;1;1;1;1;524.3;322.8;461.5;635.8;1;540
1258856;AP;;;1;1;1;1;474.5;425;350.9;454.7;4;0
4172388;RS;;;0;0;0;0;;;;;;
2096913;RS;;;1;1;1;1;446.8;567.6;580.8;444.5;1;640
863979;TO;;;1;1;1;1;443.8;519.6;478.4;403.2;1;440
3213787;MG;;;1;1;1;1;503.2;417.3;583.6;527.7;1;800
1805731;SP;2;1;1;1;1;1;570.8;583.6;626.5;568.3;1;700
4026708;RJ;;;1;1;1;1;581;511.4;487.5;582.6;1;760
4068122;MG;;;1;1;1;1;559.9;577;550.3;396.5;1;620
1971599;MG;;;1;1;1;1;662.2;654.2;628;775.5;1;920
1960754;PE;;;1;1;1;1;545;493.1;493.3;401.9;1;560
3282794;MA;;;1;1;1;1;522.8;563.3;502.4;456.5;1;640
3901684;PR;;;1;1;1;1;482.1;471.6;535.6;428.9;1;620
3766739;SP;;;0;1;1;0;;548.6;577.6;;1;480
436097;GO;4;1;0;0;0;0;;;;;;
397128;PR;;;1;1;1;1;456.3;407.4;488.4;490.4;1;600
3946853;PI;;;1;1;1;1;492.6;572.7;529.1;562.4;1;900
3179775;MG;;;1;1;1;1;529.8;508;557.5;474.6;1;560
175893;SP;;;1;1;1;1;478.8;458.1;336;467.2;1;540
1656905;AL;2;1;0;0;0;0;;;;;;
3548985;RO;;;1;1;1;1;532.1;379.7;502.8;431.8;1;900
2038889;AL;;;0;0;0;0;;;;;;
2978596;PE;;;1;1;1;1;572.4;466.9;326.6;468.1;1;580
1641219;GO;;;0;0;0;0;;;;;;
3113340;PA;;;1;1;1;1;421.5;513.8;514.5;423.4;1;760
3912717;CE;;;0;0;0;0;;;;;;
457973;PB;2;2;0;0;0;0;;;;;;
4077573;SC;;;0;0;0;0;;;;;;
627840;BA;;;0;0;0;0;;;;;;
3784976;RJ;;;0;0;0;0;;;;;;
1544414;GO;;;1;1;1;1;420.7;467;459;461;1;680
2397081;GO;2;1;0;0;0;0;;;;;;
323604;SP;;;1;1;1;1;435;464.1;434;467.4;1;820
4119082;RS;;;0;0;0;0;;;;;;
3900647;MG;;;0;0;0;0;;;;;;
2156411;BA;2;1;0;1;1;0;;351.3;361.5;;1;420
2249895;SP;;;1;1;1;1;451;573.8;615.5;381.4;1;580
4109397;PR;2;1;0;0;0;0;;;;;;
1010407;RJ;2;1;1;1;1;1;452.5;364.3;482.9;433.3;1;480
3048527;SP;4;1;1;1;1;1;386.3;428.4;416.1;406.5;1;500
2131765;SC;;;1;1;1;1;423.2;441.9;491.8;414.8;1;620
969962;RJ;;;1;1;1;1;717.7;695.1;618.8;822.1;1;860
1972802;SP;2;1;1;1;1;1;464.2;441.3;503.7;413.3;1;560
4326009;RS;;;1;1;1;1;547.5;607.8;583.7;572.9;1;600
953964;SP;;;0;0;0;0;;;;;;
196613;GO;2;1;1;1;1;1;415.7;444.1;452;463.2;1;400
2876960;PB;;;1;1;1;1;380.9;357.5;529.8;732.7;1;580
223274;MA;2;1;1;1;1;1;421.5;472.7;476.5;414.7;1;900
1010428;RS;;;1;1;1;1;457.5;564;573.6;466.4;4;0
2269065;PI;;;0;0;0;0;;;;;;
4021359;MT;;;0;0;0;0;;;;;;
562191;RJ;2;1;0;0;0;0;;;;;;
978083;SP;;;1;1;1;1;592.1;553.1;577.5;550.3;1;580
1582885;MG;;;1;1;1;1;563.6;661.9;653.6;705.9;1;920
1601505;BA;;;1;1;1;1;600.5;647.8;592;725.5;1;880
944209;MG;;;0;0;0;0;;;;;;
2589043;MG;;;1;1;1;1;624.1;603.7;546.2;787.9;1;940
37683;MG;1;1;1;1;1;1;545.6;553.7;558.7;635.1;1;920
3091207;PR;;;1;1;1;1;618.1;598.2;639;642.5;1;940
3393365;SP;;;0;1;1;0;;567.9;573;;1;620
2617260;MT;;;1;1;1;1;551.6;626.8;639.9;612.4;1;800
3840586;SP;;;0;0;0;0;;;;;;
1928377;PA;;;1;1;1;1;439.5;386;538.4;460.5;1;920
298313;RS;2;1;1;1;1;1;472.6;556.1;566.4;485.9;1;900
2811722;RJ;;;1;1;1;1;516.1;385;459.7;471.3;1;640
3856693;BA;;;0;0;0;0;;;;;;
3014538;PE;;;1;1;1;1;571.7;638.4;613.8;589.6;1;520
3576400;AC;2;2;0;0;0;0;;;;;;
3627313;SE;;;0;0;0;0;;;;;;
818023;MA;2;1;1;1;1;1;450.3;387.2;354.7;406.5;1;320
1949016;PA;;;1;1;1;1;448.7;430.5;468.4;460;1;420
2783452;PE;;;1;1;1;1;544.6;545.2;487;457;1;540
1915141;BA;2;1;1;1;1;1;375.2;471.6;541.2;440.7;1;640
706712;MG;2;1;1;1;1;1;532.1;497.8;519.5;573.6;1;900
264397;SP;3;1;1;1;1;1;454.3;578;578.7;616.1;1;600
3467983;MG;;;1;1;1;1;421.8;394.9;516.9;409.9;1;420
1846651;MG;4;1;1;1;1;1;658.3;638.3;608;752.9;1;940
3679341;MT;;;0;0;0;0;;;;;;
3082935;SP;4;1;1;1;1;1;487.5;538.9;520.1;621.4;1;700
2890900;AM;2;1;1;1;1;1;423.9;533.6;570.9;431.9;1;520
3867536;RS;;;1;1;1;1;517.6;400.5;499.1;513.7;1;740
4241631;RJ;2;1;0;0;0;0;;;;;;
548602;PB;;;1;1;1;1;396.7;508.2;539;375.5;1;600
3966671;MS;4;1;1;1;1;1;509.2;536.3;578.1;526;1;680
284799;BA;;;1;1;1;1;475.9;397.3;510.4;578.4;1;540
2856197;CE;;;1;1;1;1;641.7;642.4;612.8;705.4;1;940
2999446;MA;;;1;1;1;1;459.1;361;509.9;397.9;1;700
2155174;PA;;;1;1;1;1;503.7;613.3;555.9;434;1;640
3948489;MA;;;1;1;1;1;576;557.8;558.7;438.1;1;480
27366;SP;2;1;1;1;1;1;504.9;525.2;551.7;501.8;1;600
3408751;SP;2;1;0;0;0;0;;;;;;
4295386;RS;;;0;0;0;0;;;;;;
2260349;RJ;;;1;1;1;1;464.3;548.3;551.2;501.8;1;880
1656226;SP;4;1;1;1;1;1;676.6;626.4;603;906.7;1;880
2772888;PR;4;1;1;1;1;1;556.3;610.2;576.2;652.7;1;560
2514279;SP;;;0;0;0;0;;;;;;
4050790;MG;;;0;0;0;0;;;;;;
1175892;AM;;;0;0;0;0;;;;;;
3630041;MG;2;1;0;0;0;0;;;;;;
4110396;RJ;2;1;0;0;0;0;;;;;;
4079406;MT;2;1;1;1;1;1;422.2;505.8;502.5;410;1;640
2176471;MT;;;0;0;0;0;;;;;;
1932138;AM;;;1;1;1;1;548.4;590.2;579.5;422.5;1;640
2254080;PA;;;1;1;1;1;546.2;584.4;490.1;405.1;1;680
3295864;MG;;;1;1;1;1;552;583.6;567.4;588.9;1;680
776127;BA;2;1;1;1;1;1;556.9;546.4;490.5;592.5;1;740
1433583;AP;;;1;1;1;1;448.3;544.1;568.3;422.5;1;760
3566125;DF;;;1;1;1;1;512.7;467.7;486.8;435;1;500
915891;RJ;4;1;1;1;1;1;553.8;604.4;579.4;610;1;900
3656369;AL;1;1;1;1;1;1;484.5;417.7;467.3;451.7;1;600
3521673;SP;;;0;1;1;0;;549.7;539;;1;540
3688204;PE;;;1;1;1;1;362.9;512.4;519.1;640.4;1;680
3120757;PA;;;0;0;0;0;;;;;;
560474;SP;;;1;1;1;1;581.6;640.1;596.6;578.5;1;880
3958331;RJ;;;1;1;1;1;613.3;607.7;580.7;619.4;1;800
1014327;RN;;;1;1;1;1;405;355;431.7;564.5;1;380
2637507;RN;;;1;1;1;1;617.3;590.8;602;449.9;1;540
2648994;SP;;;1;1;1;1;358.9;497.1;533.6;539.6;1;680
343728;MT;;;0;0;0;0;;;;;;
4289708;MT;;;1;1;1;1;625.7;626.2;634;726.1;1;380
3196473;PA;;;0;0;0;0;;;;;;
3864146;RS;;;1;1;1;1;566.6;570.9;537.8;597.8;1;620
714432;MA;;;1;1;1;1;440.4;476.1;544.1;396.2;1;720
488635;SP;;;1;1;1;1;559.5;617.1;619.4;688.8;1;780
310613;RJ;4;1;1;1;1;1;558.2;439;501;378.6;1;600
3633818;MG;;;0;0;0;0;;;;;;
2475268;RN;;;1;1;1;1;539.4;520.9;501.6;430.9;1;520
1477994;RJ;2;1;1;1;1;1;450.2;354.9;423.7;451.4;1;460
335208;MA;;;0;0;0;0;;;;;;
2621686;SP;4;1;1;1;1;1;648.5;642.6;619.4;727;1;880
1034498;CE;2;1;1;1;1;1;582.9;583.9;564.7;565.1;1;620
1427834;PE;;;1;1;1;1;453.7;458.2;475;417.2;1;600
1518580;RJ;;;1;1;1;1;554.8;551.4;584.1;627.9;1;620
3168134;AM;;;0;0;0;0;;;;;;
1688031;RJ;;;0;0;0;0;;;;;;
1258744;SP;;;1;1;1;1;496.2;502.8;563.6;559.9;1;900
2290214;SE;2;1;1;1;1;1;416.7;307.7;447.6;423;1;420
1303135;AM;;;0;0;0;0;;;;;;
545856;SP;4;1;1;1;1;1;621.1;613.6;578;680.8;1;720
1430829;PB;2;1;0;0;0;0;;;;;;
2552131;DF;;;1;1;1;1;640.4;522.8;595.4;572.7;1;720
86289;RJ;;;1;1;1;1;497.6;349.5;589.4;468.4;1;640
1934728;MG;4;1;1;1;1;1;588.9;672.4;602.1;720;1;920
1106417;TO;2;1;0;0;0;0;;;;;;
950760;SP;2;1;1;1;1;1;559.5;491.7;549.8;605.5;1;360
588088;SP;4;1;1;1;1;1;535.4;441.4;416.5;550.7;1;700
3810437;MG;;;1;1;1;1;467.5;495.1;475.3;538.6;1;640
2308373;PA;4;1;1;1;1;1;360;417.9;435.1;394.4;1;820
3351703;RJ;;;1;1;1;1;475;547.2;564.6;393.6;1;740
2597377;RJ;4;1;1;1;1;1;623.4;640.9;608;671.9;1;840
3441424;SP;2;1;0;0;0;0;;;;;;
3948318;AL;;;0;0;0;0;;;;;;
3978308;PE;;;0;1;1;0;;479.5;537.7;;1;520
3032925;MG;;;1;1;1;1;482.8;494.3;532.8;439.6;1;860
503789;MG;1;2;1;1;1;1;467.4;369.7;472.2;453.8;1;820
4098055;SP;2;1;0;0;0;0;;;;;;
821156;PA;2;1;0;0;0;0;;;;;;
3772346;MT;;;1;1;1;1;517.3;566.1;513.7;416.5;1;660
284058;MS;;;1;1;1;1;463.5;581.5;570.1;459.3;1;700
727178;SP;4;1;1;1;1;1;653.5;628;599.6;714;1;700
2876145;MG;1;1;1;1;1;1;510.9;366.6;488.6;582.6;1;640
3211591;PA;;;0;0;0;0;;;;;;
2038410;MA;;;1;1;1;1;371.8;471.1;477.9;446.1;1;640
2254843;PR;2;1;0;1;1;0;;455.4;424.5;;1;460
3689772;AL;2;1;0;0;0;0;;;;;;
160486;MG;;;1;1;1;1;566.6;627.8;632.4;688.7;4;0
1778491;SP;4;1;1;1;1;1;626.2;628.8;629.6;727.1;1;700
1994975;PI;;;1;1;1;1;432.7;443.5;471.6;461.1;1;460
2979531;PI;4;1;1;1;1;1;439.7;468.9;499.7;402.1;1;600
2769945;RS;;;0;0;0;0;;;;;;
888721;RJ;;;1;1;1;1;528.9;587;589.2;511.9;1;840
1594382;PE;;;0;0;0;0;;;;;;
3645068;PR;;;1;1;1;1;521.2;528.8;544.1;508.2;1;480
1478169;GO;2;1;0;0;0;0;;;;;;
321734;BA;2;1;1;1;1;1;492;481.8;502.7;393.7;1;580
2085410;AL;2;1;1;1;1;1;372.9;353;354.3;393.6;1;300
3791535;CE;;;0;0;0;0;;;;;;
1118376;CE;2;1;1;1;1;1;457.6;542.6;516.3;705.5;1;860
1630865;RN;;;1;1;1;1;482.5;443.5;558.8;552.3;1;520
1073247;BA;;;1;1;1;1;566.8;649.3;600.5;553.4;1;580
3985748;RJ;1;1;0;0;0;0;;;;;;
3594700;BA;;;1;1;1;1;443.3;544.1;525;419.6;1;580
101393;PA;2;1;1;1;1;1;436.1;400.7;464.7;511.6;1;620
3738315;RJ;2;1;0;0;0;0;;;;;;
179089;MA;;;1;1;1;1;422;511.3;531;394.1;1;440
1942302;PE;;;1;1;1;1;549;501.2;503.4;641;1;760
1060136;BA;;;1;1;1;1;459.7;561.2;528.8;477.5;1;680
725535;MT;;;1;1;1;1;598.7;619.7;596.9;592.3;1;840
530441;DF;2;1;1;1;1;1;568.3;548.9;535.1;490.8;1;840
3268910;MG;;;1;1;1;1;700.6;659.8;606.8;882.5;1;900
2315465;MT;;;1;1;1;1;633.3;634.5;655.2;664.5;1;720
1776565;CE;;;1;1;1;1;364.3;538.4;568.5;392.2;1;720
1885765;PR;;;1;1;1;1;476.9;474.5;497.2;447.9;1;600
1062052;SC;2;1;1;1;1;1;492;507.5;539.2;388.7;1;620
2291820;MG;;;1;1;1;1;558.9;603.7;495.7;693.6;1;880
1513128;CE;;;1;1;1;1;550;573;569.9;618.2;1;600
338884;RJ;2;1;1;1;1;1;456.5;444.5;495.6;540.1;1;620
2339577;PE;;;1;1;1;1;492.9;533.8;567.7;635.7;1;760
3835797;PE;;;0;0;0;0;;;;;;
4256249;MG;;;0;0;0;0;;;;;;
3711560;SP;;;1;1;1;1;561.2;606.5;622.8;652.1;1;740
4198059;AM;;;0;0;0;0;;;;;;
1707992;SP;;;1;1;1;1;543.9;629.6;620.2;619.4;1;880
1771832;BA;;;0;0;0;0;;;;;;
3019506;SE;;;1;1;1;1;546.7;647.5;572.6;520.8;1;540
1466795;PE;2;1;1;1;1;1;609.4;592.7;607.7;585.2;1;680
1652550;MA;;;1;1;1;1;470.3;454.9;488.3;458;1;440
1256253;RS;;;1;1;1;1;408.3;381.2;461.6;476.7;1;680
4064094;RS;;;0;0;0;0;;;;;;
4274154;MG;;;1;1;1;1;545.7;601.2;603;388.5;1;540
381699;PI;;;1;1;1;1;538.5;475.8;379.9;410.3;1;480
1084813;PB;2;1;1;1;1;1;527.6;472;572.5;438.5;1;620
746689;MT;;;1;1;1;1;514;422.9;509.6;400.9;1;580
1799071;PE;;;1;1;1;1;401.8;496.9;465.7;643;1;580
740339;SC;2;1;1;1;1;1;405;518.3;473;411.5;1;640
4287645;ES;2;1;0;0;0;0;;;;;;
1575249;RJ;;;1;1;1;1;508.5;720.3;610.5;505.1;1;600
3280447;PA;;;1;1;1;1;450.1;490.2;498.5;479.3;1;440
2007090;AM;2;1;1;1;1;1;399.3;389.4;474;476.6;1;540
1150734;SP;;;0;0;0;0;;;;;;
4218103;ES;2;1;0;0;0;0;;;;;;
292112;MG;;;1;1;1;1;581.7;642.1;642.1;644.5;1;760
2939318;DF;;;1;1;1;1;641.4;649.2;566.1;635.4;1;760
1628818;GO;;;0;0;0;0;;;;;;
2425643;TO;;;1;0;0;1;471.6;;;516.1;;
889204;BA;;;0;0;0;0;;;;;;
4024266;CE;;;0;0;0;0;;;;;;
3602897;RS;2;1;1;1;1;1;415.9;416.1;511.6;417;1;640
2546386;MG;;;0;0;0;0;;;;;;
1904685;PE;2;1;1;1;1;1;377.4;457.9;508.7;425.3;1;420
1861404;SC;;;1;1;1;1;572;567.6;558.9;529.6;1;580
3426010;PI;;;1;1;1;1;424.9;450.4;513.5;508.7;1;860
3856195;MS;4;1;1;1;1;1;543.6;589.5;545.3;551.8;1;740
2956287;PI;;;0;0;0;0;;;;;;
3266815;TO;2;1;1;1;1;1;461.6;434.6;394.9;393.4;4;0
3508457;CE;;;1;1;1;1;510.8;484.7;524.9;536.1;1;740
3049686;PR;;;0;0;0;0;;;;;;
801283;PE;2;1;1;1;1;1;556.4;519;529;383.2;1;760
3336626;RN;;;1;1;1;1;482.4;552.8;541.3;388.7;1;520
2549709;MG;;;1;1;1;1;568.1;537.3;544;693.2;1;800
340817;SP;;;0;0;0;0;;;;;;
1153955;MG;2;1;1;1;1;1;421.5;512.1;503.9;604.9;1;660
2626414;BA;4;1;1;1;1;1;495.3;414.9;451.4;384;1;620
1064263;PR;2;1;1;1;1;1;480.2;494.4;532.7;582.3;1;600
1556387;RS;;;1;1;1;1;589.6;589.5;582.1;659.2;1;740
3931293;RJ;2;1;1;1;1;1;459.3;348.4;502.9;422.4;1;820
4191690;MG;;;0;0;0;0;;;;;;
728394;SE;2;2;1;1;1;1;494.9;383;438.3;423.8;1;560
1245387;MA;1;1;1;1;1;1;369.1;516.2;571.6;554.9;1;720
152453;BA;;;1;1;1;1;453.3;665.6;536.2;404.4;1;880
2769372;PB;;;1;1;1;1;529.8;573.8;570.5;598.1;4;0
654114;RN;2;1;1;1;1;1;454.3;515.3;528.2;470.4;1;680
1328447;RO;2;1;1;1;1;1;387.5;436.1;440.2;461;1;520
3106441;MG;;;1;1;1;1;508.3;560.9;511.6;589.6;1;640
423121;RO;;;1;1;1;1;483;433.7;501.2;468.5;1;700
3860782;PB;;;1;1;1;1;512.3;594.1;594.6;385.3;1;620
973984;AL;;;0;0;0;0;;;;;;
4171926;PR;2;1;0;0;0;0;;;;;;
3880154;SC;;;1;1;1;1;565.6;567.5;568.1;586.1;1;860
502185;PA;2;1;1;1;1;1;508;410.2;499.3;418.2;1;520
2516576;RS;;;1;1;1;1;474;532;592.1;407.2;1;440
374001;BA;;;1;1;1;1;488.2;540.4;578.2;388.5;1;880
1683727;PR;2;1;1;1;1;1;519.7;656.1;597.7;453.7;1;840
2249949;SP;;;1;1;1;1;560.2;606.3;611;670.2;1;660
921511;RS;;;1;1;1;1;468.1;378.7;464;475.8;1;560
897253;BA;1;1;1;1;1;1;508.2;596.5;551.9;577.7;1;980
2472991;RS;;;1;1;1;1;516.2;561.4;569.9;520.7;1;900
4152561;RS;;;1;1;1;1;543.4;521.3;556.9;445.9;1;700
2478254;GO;2;1;0;0;0;0;;;;;;
4284944;RS;;;0;0;0;0;;;;;;
3778004;ES;;;1;1;1;1;514;530.8;536.8;625.6;1;620
2193456;MG;4;1;0;1;1;0;;550.9;492.1;;1;900
3232276;SP;;;0;0;0;0;;;;;;
182418;CE;;;1;1;1;1;527.1;558.8;583.6;527.3;1;500
633659;BA;4;1;1;1;1;1;478.8;491.6;405.4;421.4;1;440
3919654;MG;;;0;0;0;0;;;;;;
3417573;SP;;;0;0;0;0;;;;;;
3329625;PE;;;1;1;1;1;511.2;500.6;593.5;444.6;1;720
2389318;DF;;;1;1;1;1;613.9;607.7;624.4;671.3;1;820
2911333;AC;;;1;1;1;1;455.9;502.1;505.9;391.1;1;780
3081531;PE;;;1;1;1;1;428.7;590.8;584.6;487.3;1;660
9845;ES;;;1;1;1;1;561.5;664.9;572.4;502;1;740
469795;MA;;;1;1;1;1;404.3;429;523;465.3;1;380
3065797;SP;2;1;0;0;0;0;;;;;;
4291374;SP;;;0;0;0;0;;;;;;
2131856;SP;;;1;1;1;1;580.4;576.4;589.7;661.4;1;860
313772;PR;2;1;1;1;1;1;432.8;400.5;378.8;537.4;1;440
309627;BA;;;1;1;1;1;555.9;405.2;415.7;406.4;1;540
754565;RJ;4;1;1;1;1;1;507.9;485.7;529.5;505.6;1;620
843478;MA;2;1;1;1;1;1;350.7;324;402.1;441.7;1;240
4058903;RN;;;0;0;0;0;;;;;;
1765643;BA;;;1;1;1;1;400.1;419.8;495.9;400.6;1;520
442949;SP;2;1;1;1;1;1;484.1;475.7;478.6;641.6;1;920
3376110;SC;2;1;1;1;1;1;469.1;446.5;502.2;466.2;1;700
3790457;PB;;;1;1;1;1;421.7;350.4;480.3;475.7;1;560
3893709;RS;;;1;1;1;1;435.8;455.8;457.5;434.9;1;500
2139123;MG;;;1;1;1;1;538.5;534.6;581.4;510.6;1;760
1623052;MA;2;1;1;1;1;1;428.2;414.9;352.7;418.1;1;700
53990;SC;2;1;0;0;0;0;;;;;;
3148387;SC;2;1;1;1;1;1;461.5;599.7;582.2;598.8;4;0
1415099;MG;;;0;0;0;0;;;;;;
881120;MA;;;1;1;1;1;376.1;515.7;468.3;491;1;340
832197;MA;;;1;1;1;1;403.4;414.4;491.6;463.1;1;500
3755599;PA;2;1;0;0;0;0;;;;;;
998436;SP;;;1;1;1;1;543.9;611.9;569.4;650;1;860
3826245;MA;;;1;1;1;1;384.7;494.8;463.2;535.2;1;480
3521581;MG;2;1;0;0;0;0;;;;;;
2361942;MG;;;1;1;1;1;522.9;567.2;518.8;558.4;1;820
3213730;MG;2;1;0;0;0;0;;;;;;
3143137;SP;;;1;1;1;1;619.8;689;630.9;738;1;860
103469;MA;;;1;1;1;1;414.3;477.4;421.6;533.6;1;580
2696090;RN;;;0;0;0;0;;;;;;
2087037;TO;2;1;0;0;0;0;;;;;;
2773353;BA;;;1;1;1;1;423.8;425.8;433.9;378.5;1;920
3757214;AM;;;1;1;1;1;663.8;709.3;669.3;663.7;1;820
1469232;CE;;;1;1;1;1;423.3;544.9;538.5;581.8;1;500
2445669;SP;2;1;0;0;0;0;;;;;;
25448;SP;2;1;1;1;1;1;483.6;536.6;493.9;560.9;1;480
163780;MT;2;1;1;1;1;1;396.1;514.9;506.2;450.3;1;400
2005726;CE;;;1;1;1;1;625.5;656.5;546.2;666.4;1;880
1886495;RS;;;0;0;0;0;;;;;;
4007847;RS;;;1;1;1;1;505.6;520.7;538.8;582.9;1;600
1587284;MG;;;1;1;1;1;471;461.9;522.7;554.1;1;680
2274595;AL;;;1;1;1;1;641.3;642.1;620.8;792;1;820
72690;PA;;;1;1;1;1;596.3;671.2;697.3;695;1;900
2608170;SP;4;1;1;1;1;1;403.7;480.4;501;453.3;1;680
952768;ES;;;1;1;1;1;429.9;501.2;485.3;389;4;0
1121940;RJ;2;1;1;1;1;1;426.1;499.9;539.4;410.1;1;540
1756963;BA;;;1;1;1;1;598.7;607.2;614.2;698.7;1;760
984247;RN;;;0;0;0;0;;;;;;
1203757;PE;;;1;1;1;1;440.4;395.6;494.5;416.5;1;460
3102132;SP;;;0;0;0;0;;;;;;
3630551;MS;;;0;0;0;0;;;;;;
1053372;RS;;;1;1;1;1;560.7;518.3;564.5;401.7;1;600
1581317;RJ;;;1;1;1;1;657.4;686.4;633.3;782.1;1;940
2053326;RJ;;;0;0;0;0;;;;;;
2567370;CE;4;1;1;1;1;1;679.6;645.1;616.9;701.3;1;880
2911791;BA;;;0;1;1;0;;516.9;530.3;;1;460
891973;AM;2;1;1;1;1;1;507.4;502.9;557.3;462.9;1;600
3054050;SP;;;0;1;1;0;;482.5;572.5;;1;740
1329202;BA;;;0;0;0;0;;;;;;
367413;MA;2;2;1;1;1;1;351.7;481.4;420.2;391.2;1;680
835043;SP;2;1;1;1;1;1;567.7;593.5;599.5;736;1;860
3209070;GO;2;1;0;0;0;0;;;;;;
467299;CE;;;0;0;0;0;;;;;;
3880049;RS;;;1;1;1;1;527.1;478.5;473.2;540.6;1;640
3312452;AL;;;1;1;1;1;409.9;313.5;334.1;437.4;1;380
710243;AC;2;1;1;1;1;1;535.1;618.1;560.2;599.2;1;760
4190125;AC;;;1;1;1;1;389.9;354.5;306.4;450.7;1;360
673721;RJ;;;1;1;1;1;476.6;459.5;511.4;395.8;1;860
2488508;ES;;;0;0;0;0;;;;;;
3783163;RJ;;;1;1;1;1;593.9;572.5;574.2;634.4;1;840
3611686;TO;;;1;1;1;1;619.1;592.1;620.5;672.7;1;840
1629050;MG;;;1;1;1;1;387.7;392.6;399.9;376.8;1;800
631268;RN;;;1;1;1;1;477;442.3;580;419.3;1;780
694841;RJ;4;1;1;1;1;1;449.2;548.1;605.6;523.3;1;840
804196;PI;;;1;1;1;1;437.9;467.6;346.2;374.8;1;680
2314977;MT;2;1;1;1;1;1;368.8;330.9;401.5;403.2;1;420
2888244;MG;4;1;1;1;1;1;649.3;712.7;670.6;647.1;1;680
4067499;SP;2;1;0;0;0;0;;;;;;
3489519;MG;;;1;1;1;1;625.1;605.9;604.6;684.1;1;680
4184247;SP;;;1;1;1;1;524.6;572.9;564;435.8;1;620
529169;PB;;;1;1;1;1;618.1;687.8;604.9;675.1;1;880
462537;RJ;;;1;1;1;1;398;499.6;449.2;431.1;1;560
1615221;RJ;2;1;1;1;1;1;485.3;415.5;544.3;456.5;1;640
1326106;SP;2;1;1;1;1;1;423.3;459.5;447.4;423.2;1;480
1182492;CE;2;1;1;1;1;1;518.7;531.9;512.8;594;1;840
554754;SP;;;1;1;1;1;505.9;665.1;555.2;677;1;800
3604407;RS;;;1;1;1;1;395;481.5;507.8;384;1;360
1183141;PI;2;2;1;1;1;1;351.4;395.7;444.9;422.9;1;540
3205202;MA;;;1;1;1;1;473.4;538.8;487;487.3;1;820
2920506;SP;;;0;0;0;0;;;;;;
3348496;SP;;;0;0;0;0;;;;;;
749789;MA;;;0;0;0;0;;;;;;
955051;BA;2;1;1;1;1;1;478.3;593.9;558.4;409.7;1;780
2031825;PE;2;1;1;1;1;1;477.4;542.9;548.6;577.7;1;720
2976550;GO;;;1;1;1;1;405.8;549.9;528.3;412.2;1;640
4189658;SE;;;0;0;0;0;;;;;;
1541559;ES;2;1;1;1;1;1;532.9;578.2;552.1;552.6;1;800
1481562;PB;2;1;1;1;1;1;393.6;368.4;331.4;477.8;4;0
472338;RN;;;0;0;0;0;;;;;;
2087759;BA;;;0;0;0;0;;;;;;
3540470;SP;;;0;0;0;0;;;;;;
2116260;RS;2;1;1;1;1;1;508.8;398.9;585.9;576;1;700
2571888;SC;2;1;1;1;1;1;485.7;552.1;527.1;544.3;1;680
1880068;MA;2;1;0;0;0;0;;;;;;
618978;PA;1;1;1;1;1;1;488.5;611;583.1;509.3;1;840
3248740;SP;;;1;1;1;1;613;682.4;634.3;722.8;1;740
330632;MG;;;1;1;1;1;670.3;634.4;590.9;746.9;1;940
3386676;SP;;;1;1;1;1;504.7;536.7;510.6;553;1;840
3318896;SP;4;1;1;1;1;1;439.1;379;406.5;402.1;1;600
966868;MA;;;1;1;1;1;456.4;347.3;433.1;433.2;1;560
1945463;SP;4;1;1;1;1;1;561.7;634.6;599.1;689;1;880
1583221;MA;4;1;1;1;1;1;440.3;482.2;502.4;484.5;1;600
3138347;SP;;;0;0;0;0;;;;;;
2529420;DF;;;0;0;0;0;;;;;;
558894;RS;;;0;0;0;0;;;;;;
4084051;SP;;;1;1;1;1;494.5;553.8;557.4;437.6;1;520
1480801;AP;;;1;1;1;1;514.7;525.3;580.1;395.7;1;840
3790718;SP;2;1;0;0;0;0;;;;;;
2962616;CE;;;1;1;1;1;511.1;563.8;538.2;392.7;1;820
3443891;MG;;;0;0;0;0;;;;;;
3775912;MG;;;1;1;1;1;506.7;375.5;481.1;481.5;1;580
585496;CE;2;2;1;1;1;1;440.8;494.6;486;385.7;1;560
2363057;AL;;;1;1;1;1;400;520.4;524.1;392;1;600
4104698;PE;;;1;1;1;1;515;571.6;616.5;453.5;1;620
4293368;MG;;;1;1;1;1;571.1;619.2;549.4;496.2;1;780
3837053;RS;;;1;1;1;1;532;545.9;551.4;450.4;1;400
3623839;SP;2;1;1;1;1;1;417.8;490.9;486.7;397.4;1;520
2704693;CE;2;1;1;1;1;1;367.7;482.9;325.6;504.6;1;40
1075342;SC;;;0;0;0;0;;;;;;
2578103;BA;2;1;1;1;1;1;470.3;419.4;419.7;435.5;1;300
3808832;GO;2;1;0;0;0;0;;;;;;
2578908;SP;2;1;1;1;1;1;530.4;552.7;573.8;613.7;1;720
3910588;PR;2;1;1;1;1;1;387.7;530;500.6;512.9;1;520
2328590;SP;4;1;1;1;1;1;625.9;651.9;633.9;673.6;1;860
2782898;CE;;;1;1;1;1;560;536;558.7;489.8;1;640
2989629;MG;2;1;1;1;1;1;417.8;591.2;500.6;561.5;1;800
1827764;SP;;;1;1;1;1;508.1;365.5;553.4;560.3;1;860
1997556;SE;;;1;1;1;1;502.2;440.8;498.4;573.4;1;340
1101309;RS;;;0;0;0;0;;;;;;
3122096;SP;2;1;1;1;1;1;494.7;446.4;469.9;509.9;1;500
1575209;PA;;;1;1;1;1;518.5;347.5;409.9;439.5;1;520
186947;RS;2;1;1;1;1;1;445.4;550.2;553.1;751.8;1;880
317279;BA;2;1;1;1;1;1;406.1;410;477.6;394.7;1;340
3853687;MG;;;1;1;1;1;625.1;615.1;610.3;735.2;1;720
2070585;SP;;;1;1;1;1;518.9;543.7;542.7;431.3;1;600
193073;BA;;;1;1;1;1;537.6;566.5;553.4;422.1;1;820
2063773;SP;2;1;1;1;1;1;437.9;346.6;495.8;565.1;1;580
3999053;MA;;;1;1;1;1;450.7;405.7;369.3;390.1;1;540
2489241;PR;2;1;0;0;0;0;;;;;;
2792057;SP;4;1;1;1;1;1;608.2;594.2;550.7;638;1;680
493002;RJ;;;0;0;0;0;;;;;;
2227608;SC;;;1;1;1;1;417.4;423.2;454;436.7;1;680
2052915;MG;;;1;1;1;1;565.7;541;551.4;750.2;1;760
2707736;MA;;;1;1;1;1;468.4;369.8;549.1;612.9;1;820
2202417;RO;2;1;1;1;1;1;559.7;601.5;596.6;675.7;1;920
494638;SP;;;1;1;1;1;551.2;547.5;559;576.3;1;620
3958279;PA;2;1;1;1;1;1;485.1;484.8;517.5;394;1;620
3476635;SP;;;0;1;1;0;;551.1;536.6;;1;560
866645;SP;;;1;1;1;1;410.2;520.9;531.6;477.3;1;640
3046538;RJ;;;1;1;1;1;522;608.4;607;650.4;1;720
4077333;MG;2;2;0;0;0;0;;;;;;
3007896;SC;;;1;1;1;1;507.4;595.6;589.8;631;1;680
3782304;SP;;;1;1;1;1;565.1;598.6;590.9;659.1;1;660
1637233;MG;;;1;1;1;1;546.6;582;538.2;575.7;1;700
3195847;SP;;;1;1;1;1;495.5;598.4;594.1;539;1;880
3772809;SP;2;1;0;0;0;0;;;;;;
3791866;AL;;;0;1;1;0;;359.7;537.8;;1;640
4157290;RS;;;0;0;0;0;;;;;;
119473;MA;2;1;1;1;1;1;431.9;493.2;488.2;604.5;1;800
196926;SE;;;1;1;1;1;463.2;601.5;616.5;449.1;1;860
3136780;SP;;;1;1;1;1;504.3;510.5;546.6;535.5;1;580
1708117;AL;;;1;1;1;1;469.6;454.1;484.8;439.6;4;0
1576186;SE;;;0;0;0;0;;;;;;
1114246;PE;4;1;1;1;1;1;492.4;545.4;552.4;473.1;1;660
2506342;RJ;;;0;0;0;0;;;;;;
4077429;MG;;;0;0;0;0;;;;;;
167254;RN;;;0;0;0;0;;;;;;
2541364;SC;;;1;1;1;1;493.1;489.9;511.6;505.1;1;920
2316216;PE;;;0;0;0;0;;;;;;
1006656;BA;1;1;1;1;1;1;524.2;343;509.8;550.9;1;280
950393;GO;;;0;0;0;0;;;;;;
3147143;PA;;;1;1;1;1;401;456.5;457.2;441.2;1;720
3379303;PR;2;1;1;1;1;1;362.9;383.6;504;394.7;1;560
1661880;SP;;;1;1;1;1;602.9;622.1;642.4;506.2;1;880
80577;CE;2;1;1;1;1;1;365.9;456.6;389.2;401.3;1;500
2645163;PE;;;1;1;1;1;531;656.7;547.7;482.2;1;660
1773848;PA;2;1;1;1;1;1;444.5;483.1;513.3;495.8;1;400
2532699;DF;;;1;1;1;1;614.1;683.1;657.1;763.4;1;960
2329632;PB;;;0;0;0;0;;;;;;
3033802;MG;2;1;1;1;1;1;421.6;477;419;535.3;1;540
1787905;SP;2;1;1;1;1;1;506.2;389.6;539;438.2;1;600
887922;RS;;;0;1;1;0;;538.4;458.8;;1;440
1626761;SP;;;1;1;1;1;531;602.9;596.2;586.1;1;640
2075011;RJ;;;1;1;1;1;465.1;448.9;489.9;544.2;1;720
1373637;PR;2;1;1;1;1;1;594.6;597.9;564.7;678;1;700
1143406;GO;;;1;1;1;1;490.1;584.3;580.2;612.1;1;660
2854379;PR;;;1;1;1;1;568.6;639.7;596.6;667.5;1;900
1105325;BA;;;1;1;1;1;386.6;493.7;525.8;433.4;1;720
2772006;SE;;;1;1;1;1;524.4;498.6;518.4;386.1;1;680
108030;PI;;;1;1;1;1;379.3;503.5;492.6;392.7;6;0
3674988;RS;2;1;0;0;0;0;;;;;;
2846292;MG;;;1;1;1;1;374.7;478.6;493.6;423.5;6;0
1705978;MG;;;1;1;1;1;637.9;707.8;646.8;778.7;1;920
595986;PE;;;1;1;1;1;425.6;504.3;529.8;500.9;4;0
2152006;MG;2;1;1;1;1;1;555.6;487.5;506.6;499.1;1;680
777694;AL;;;1;1;1;1;383.1;424.9;375.3;399;1;500
3715971;MG;;;1;1;1;1;386.7;463.3;467.7;459.6;1;560
2426900;PE;;;0;0;0;0;;;;;;
3644775;MA;;;1;1;1;1;383.9;375.9;477.5;483.5;1;440
1856683;ES;2;1;1;1;1;1;356.5;311.5;377.1;423.8;1;420
3562055;PR;;;1;1;1;1;522.7;576.4;585.2;478.8;1;600
3086114;SP;2;1;1;1;1;1;539.9;524.3;565.8;522.5;1;540
1246205;CE;2;1;1;1;1;1;413.1;486.3;508.9;554.5;1;480
2533683;SP;4;1;1;1;1;1;571.9;572.8;537.6;581.6;1;700
124427;CE;;;1;1;1;1;485.7;433.2;452.1;428.7;1;620
2206869;PA;;;1;1;1;1;407.4;591.6;548.9;525.2;1;520
2307421;MG;1;1;1;1;1;1;665.5;670;552.8;667.5;1;640
3854475;MA;2;1;0;0;0;0;;;;;;
87026;AM;1;1;1;1;1;1;353.9;427.4;501;405.3;1;400
2680517;ES;;;1;1;1;1;567.8;604;573.3;654.2;1;780
3150991;MA;;;1;1;1;1;592.1;630.5;677;764.8;1;840
3689627;RJ;;;0;0;0;0;;;;;;
1682287;RS;;;0;0;0;0;;;;;;
4256085;SP;;;1;1;1;1;455;447.6;510.3;527.6;1;540
735112;RS;2;1;1;1;1;1;454.9;583;508.8;540.3;1;720
1286652;SC;2;1;1;1;1;1;558.6;573.1;588.1;473.6;1;800
78367;MG;;;1;1;1;1;573.6;612.9;565;715.8;1;900
696698;ES;;;1;1;1;1;529.7;600.2;627.6;552;1;720
2578940;GO;;;1;1;1;1;594.5;702.2;665.6;722.8;1;920
3113628;PE;;;1;1;1;1;483.7;589.5;565.9;717.3;1;820
1039217;CE;2;1;0;0;0;0;;;;;;
506519;RN;;;1;1;1;1;520.9;389;548.6;441.1;1;740
1792396;RS;2;1;1;1;1;1;524.3;543.1;492.8;444;1;660
480890;AC;;;1;1;1;1;488;483.8;510.7;454.9;1;500
346499;BA;4;1;1;1;1;1;558.9;518.2;602.4;573.3;1;880
2546584;DF;4;1;1;1;1;1;560.7;560.8;587.6;557.7;1;720
871426;GO;2;1;1;1;1;1;620.6;666.5;646.4;739;1;960
1642351;PR;;;1;1;1;1;397.3;503.5;512.5;519.1;1;540
2822089;SE;;;0;0;0;0;;;;;;
1277857;PE;;;1;1;1;1;550.9;404.9;513.5;658.6;1;600
3550921;PE;;;0;0;0;0;;;;;;
4263766;RS;;;0;0;0;0;;;;;;
1177778;ES;2;1;1;1;1;1;449.4;439.6;467.4;413.7;1;560
3817297;AP;;;1;1;1;1;559.8;519.9;550.3;704.9;4;0
1967172;TO;;;0;0;0;0;;;;;;
252604;RS;;;0;0;0;0;;;;;;
4251313;RS;;;0;0;0;0;;;;;;
1140910;RS;2;1;0;1;1;0;;375.5;483;;4;0
2908137;PI;;;1;1;1;1;379.5;325;402.9;396.5;1;340
3183539;CE;;;1;1;1;1;681;745.1;652.7;837;1;880
1085590;CE;2;1;1;1;1;1;393.3;402;381.9;411.6;1;340
3771284;MA;;;1;1;1;1;442.5;593.6;521.2;575.1;1;840
2104862;PA;2;1;1;1;1;1;457.4;515.2;506.2;417.4;1;820
503951;PA;;;0;0;0;0;;;;;;
424935;SP;2;1;1;1;1;1;455.3;473.9;580;456.8;1;840
3965681;RJ;;;0;0;0;0;;;;;;
3463252;BA;;;0;1;1;0;;294.4;418.1;;1;900
2890866;SP;;;0;0;0;0;;;;;;
1912662;MG;;;0;0;0;0;;;;;;
29018;SC;;;1;1;1;1;461.7;491.6;503.1;423.3;1;680
2225108;MT;;;0;0;0;0;;;;;;
531497;MA;2;1;1;1;1;1;423.9;492.9;539.1;474.9;1;780
4219114;RS;;;0;1;1;0;;478.4;520.9;;4;0
3740601;GO;;;1;1;1;1;429.3;483.1;475;450.4;1;800
1599463;BA;;;1;1;1;1;399.8;503.2;491.7;410.3;1;740
156585;RJ;;;1;1;1;1;589.3;553.1;558.5;589.2;1;620
2147576;MG;;;0;0;0;0;;;;;;
19556;MG;;;1;1;1;1;556.9;576.4;593.1;605.8;1;900
4223494;PB;;;1;1;1;1;475.7;445.7;504.3;491.3;1;660
1507736;SP;;;0;0;0;0;;;;;;
3458446;BA;2;1;0;0;0;0;;;;;;
1495402;MA;2;1;1;1;1;1;382.9;508;451.3;395.5;1;900
4243349;RJ;2;1;1;1;1;1;592.8;574.8;550.6;536.4;1;580
490952;SP;4;1;1;1;1;1;678.8;645.2;642.9;725.1;1;900
3635481;PR;;;1;1;1;1;674.8;639.1;578.1;687.5;1;820
2548103;RJ;;;0;0;0;0;;;;;;
1086117;TO;;;0;1;1;0;;525.8;521;;1;520
2658135;PE;;;1;1;1;1;457.2;423.1;374.3;503.7;1;440
2867177;PR;2;1;1;1;1;1;356.8;459.3;551.9;519.1;1;720
1411495;AL;;;1;1;1;1;375.4;462.7;381.9;396.3;1;760
1496824;MS;;;1;1;1;1;540.4;468.6;555.9;462.2;1;680
4292746;RS;;;1;1;1;1;378.6;468.9;466;419.9;1;480
277592;PE;;;0;0;0;0;;;;;;
1889447;ES;;;0;0;0;0;;;;;;
3929261;CE;;;0;1;1;0;;434.5;464.7;;4;0
1956002;PR;2;1;1;1;1;1;427.7;458.6;502.9;492.6;1;600
2308153;BA;2;1;1;1;1;1;502.2;588.5;570.9;411.6;1;680
200721;PB;2;1;1;1;1;1;437.8;560.4;570.1;583.8;1;700
713476;CE;;;1;1;1;1;464.2;480.3;519.1;699;1;740
623714;GO;;;1;1;1;1;494.6;506.8;494.8;429.8;1;880
115578;GO;;;1;1;1;1;508.6;463.9;528.5;497;1;420
683049;AM;2;1;1;1;1;1;497.7;456.4;526.6;520.8;1;360
3081358;MG;2;1;1;1;1;1;472.3;471.4;430.6;398.3;3;0
3142696;CE;;;1;1;1;1;448;430.5;541.2;416.2;1;480
1407073;PB;4;1;1;1;1;1;520.7;579.7;593.1;466.9;1;760
3961903;SP;;;1;1;1;1;588.4;682.1;629.9;666.1;1;620
2855848;BA;2;1;0;1;1;0;;357.6;419;;4;0
3474697;RJ;;;1;1;1;1;460.7;515.1;529.2;567.5;1;640
115764;RO;;;0;0;0;0;;;;;;
3442809;MA;2;1;0;0;0;0;;;;;;
1904866;RJ;;;0;0;0;0;;;;;;
1771872;AM;2;1;1;1;1;1;435.7;502.1;504.9;430.4;1;680
2941380;MG;2;1;1;1;1;1;557;554.7;479;638.5;1;640
1904457;PA;;;1;1;1;1;514.5;529.4;569.9;523.1;1;900
3184513;MT;;;0;0;0;0;;;;;;
337318;PI;2;1;1;1;1;1;419.3;364.6;437.2;451.2;1;520
3238053;CE;;;1;1;1;1;584.7;537.5;385.8;675.9;1;580
1026374;SP;;;0;0;0;0;;;;;;
402193;CE;;;1;1;1;1;654.7;636;587.3;793.9;1;940
2484328;MG;2;1;1;1;1;1;466;502.1;543;458.3;1;600
1319603;SE;;;1;1;1;1;423.8;513.6;535.9;490.5;1;540
659874;MG;;;1;1;1;1;391.7;539.1;536.7;474.5;1;800
1200343;RJ;;;0;0;0;0;;;;;;
3524881;RJ;2;1;0;0;0;0;;;;;;
2864325;PE;;;0;0;0;0;;;;;;
4308500;RS;;;0;0;0;0;;;;;;
3526790;PE;;;1;1;1;1;541.1;474.4;541.5;644.8;1;860
2802030;MA;;;1;1;1;1;407.1;460.7;525.8;461.7;1;300
2825215;PE;;;0;1;1;0;;424;425.8;;1;400
605204;BA;;;0;0;0;0;;;;;;
2760847;SP;4;1;1;1;1;1;550.5;590.3;538.2;651.9;1;900
2146702;SP;;;1;1;1;1;544.6;602.9;580;480.1;1;940
258579;TO;2;1;1;1;1;1;468.5;493.3;479.2;378.9;1;600
3932305;SP;;;1;1;1;1;579.2;583.4;611.4;825;1;640
3317633;BA;2;1;0;0;0;0;;;;;;
1899107;PB;1;1;1;1;1;1;404.2;448.7;493.3;416.8;1;700
1275467;CE;2;1;1;1;1;1;505.5;556;518.4;420;1;880
460605;BA;;;0;2;2;0;;;;;;
2478410;SP;2;1;1;1;1;1;539.3;368.4;520.1;400.3;1;460
2924517;BA;2;1;1;1;1;1;400.6;450.2;515.5;513.8;1;560
3231075;PE;2;2;1;1;1;1;497.9;520.1;552.1;579.6;1;680
299662;PA;2;2;1;1;1;1;429.3;533.1;512.7;411.4;1;700
1925942;AL;;;1;1;1;1;516.6;485.9;451.3;524.7;1;400
4165044;SE;;;0;0;0;0;;;;;;
3708995;MA;1;1;1;1;1;1;510.1;437;498.3;477;1;620
1657850;BA;;;1;1;1;1;405.3;488.5;529.2;459.3;1;540
3503725;PI;;;1;1;1;1;539;625.3;594.3;640.4;1;840
908491;MA;2;1;1;1;1;1;439.8;383;380.3;529.9;1;380
2880503;MG;;;0;0;0;0;;;;;;
531999;MG;;;0;0;0;0;;;;;;
606473;RJ;;;1;1;1;1;671.8;704.2;666.5;836.5;1;880
3234658;SC;;;1;1;1;1;497.3;528.7;549.9;544.1;1;640
509620;GO;;;1;1;1;1;585.1;564;529.2;425.7;1;860
2400918;SP;2;1;1;1;1;1;589.9;584;590.1;733.1;1;720
3712101;BA;2;1;0;0;0;0;;;;;;
1427888;SC;2;1;0;0;0;0;;;;;;
758400;RS;;;0;0;0;0;;;;;;
2417237;RS;;;1;1;1;1;637.7;568.8;626.2;654.3;1;700
3569295;BA;;;1;1;1;1;382.9;318.2;445.7;428.4;1;460
242437;SP;4;1;1;1;1;1;504.2;470.2;525.7;436.4;1;680
2945800;TO;2;1;0;0;0;0;;;;;;
616271;ES;2;1;1;1;1;1;530.4;549.6;581.3;444.2;1;720
2798079;RO;2;1;1;1;1;1;371.2;422.2;326.9;553.5;1;700
2032577;AM;;;0;0;0;0;;;;;;
2734800;PR;;;1;1;1;1;510.8;474.2;495.6;491.5;1;460
2407742;RS;;;0;0;0;0;;;;;;
2769969;GO;2;1;1;1;1;1;404.2;489.3;537.9;408.4;1;500
872863;PE;;;1;1;1;1;661.6;726.9;688.2;777.4;1;940
1259663;MG;;;0;0;0;0;;;;;;
1345086;RS;;;0;1;1;0;;648.3;605.2;;8;0
2776289;SP;;;0;0;0;0;;;;;;
323820;MA;;;1;1;1;1;488.7;468.8;536.4;622.6;1;600
736028;MA;;;0;0;0;0;;;;;;
1147114;MG;2;1;0;0;0;0;;;;;;
3618516;TO;2;1;1;1;1;1;422;454.7;468.4;494.6;1;420
2156346;MG;;;0;0;0;0;;;;;;
2189311;PA;;;1;1;1;1;411.3;357.8;382.8;542.5;1;600
3958853;RJ;4;1;1;1;1;1;443.2;592;568.7;491.4;1;660
738847;SP;;;0;0;0;0;;;;;;
3223183;CE;;;1;1;1;1;406.5;509.1;517;396.5;1;560
2463926;GO;;;1;1;1;1;509.6;533.9;566.4;570.6;1;620
257080;PB;;;1;1;1;1;391.6;570.4;559.4;421.9;1;540
2689905;BA;2;1;0;0;0;0;;;;;;
111284;CE;2;1;1;1;1;1;454.7;506.8;545.9;388;1;480
1038923;RS;2;1;1;1;1;1;484.3;546.4;532.4;517.7;1;900
3256714;SE;;;1;1;1;1;602.6;480.5;494.3;403.4;1;720
4218242;RS;2;1;0;0;0;0;;;;;;
367303;BA;;;0;2;2;0;;;;;;
246138;MG;;;1;1;1;1;642.1;657.7;615.4;792.5;1;940
1981797;PA;;;1;1;1;1;485.7;594.1;539.2;385.6;1;660
3858119;SP;;;1;1;1;1;549.4;682.3;526.2;593.4;1;680
4236292;RJ;;;0;0;0;0;;;;;;
3819918;RS;;;0;1;1;0;;532.9;517;;1;900
3798940;SP;1;1;1;1;1;1;424.5;403.1;506;451.4;1;500
3386934;RN;;;1;1;1;1;382.8;373.6;517.3;423.1;1;640
2929678;BA;;;1;1;1;1;551.3;524;551.7;405.9;1;920
1244328;PA;;;1;1;1;1;525.7;539.8;624;592.8;1;860
3924414;SC;;;1;1;1;1;388;395.8;444.6;478.1;1;460
1447819;MA;2;1;0;1;1;0;;427.8;498.5;;1;540
3718925;MT;;;1;1;1;1;518.8;487.3;517.5;468.8;1;620
3735245;BA;;;0;0;0;0;;;;;;
3910397;GO;2;1;0;0;0;0;;;;;;
3822637;SP;3;1;1;1;1;1;482.9;590.5;570.7;394.6;1;620
1877335;MG;2;1;1;1;1;1;392.3;616.3;524;652.2;1;940
1223199;SP;;;0;1;1;0;;471.5;559.7;;1;560
2914831;MG;;;1;1;1;1;505.6;475.7;463.1;394.5;7;0
3899757;MG;;;1;1;1;1;580.7;627;544.4;561.6;1;780
379439;SP;2;1;0;0;0;0;;;;;;
3311549;CE;2;1;0;0;0;0;;;;;;
2182479;MG;2;1;1;1;1;1;556.9;526.9;543.2;676.6;1;620
580428;BA;;;0;0;0;0;;;;;;
3329769;SP;2;1;0;0;0;0;;;;;;
762324;PI;;;1;1;1;1;561.1;595.3;537;570.3;1;640
1130498;RJ;;;1;1;1;1;497.8;582.5;491.5;408.2;1;760
2252212;BA;;;0;1;1;0;;501.9;441.3;;6;0
1171551;BA;;;1;1;1;1;454.9;436.8;508.6;382.5;1;400
4059063;RN;;;1;1;1;1;427.9;528.1;545.5;473.3;1;780
2403153;GO;;;1;1;1;1;531.8;540.6;524.1;482.1;1;860
2061168;PR;;;1;1;1;1;350.3;530.8;470;437.1;1;600
3242907;ES;;;1;1;1;1;564.7;562.7;563.4;728.3;1;800
1002757;RS;;;1;1;1;1;540.2;527.9;568.2;592.1;1;760
4191403;SP;;;1;1;1;1;538.7;419.4;486.2;644.1;1;640
4188042;PA;;;0;0;0;0;;;;;;
2453429;RJ;;;0;0;0;0;;;;;;
2786941;AL;;;1;1;1;1;525.1;524.5;566.3;606.5;4;0
1448932;SE;;;1;1;1;1;393.8;441.5;458;447.5;1;460
2436143;AP;2;1;0;0;0;0;;;;;;
3677772;PR;2;1;0;0;0;0;;;;;;
546745;MG;;;1;1;1;1;708.6;686.7;626.1;752.1;1;900
1247723;AC;;;1;1;1;1;412.4;480.5;428.3;427.2;1;620
3664119;PR;2;1;0;0;0;0;;;;;;
4045916;SP;;;0;1;1;0;;401.2;489.7;;1;640
2801651;MA;;;0;0;0;0;;;;;;
2160680;SP;;;0;0;0;0;;;;;;
434430;RO;2;1;1;1;1;1;549.8;498.5;557.2;638.8;1;840
1763382;SP;2;1;1;1;1;1;448.8;493.9;514.8;377.6;1;540
4296620;SC;;;0;0;0;0;;;;;;
3204178;SP;2;1;1;1;1;1;424.3;346.1;428.4;400.6;1;400
4299751;PE;;;0;0;0;0;;;;;;
2854503;PR;;;1;1;1;1;473.7;497.5;515;460.4;1;660
1994987;PI;;;0;0;0;0;;;;;;
4029704;RS;;;0;0;0;0;;;;;;
1142798;PA;2;1;1;1;1;1;421.2;397.3;328.5;444.8;1;420
1279879;MG;;;1;1;1;1;383;353.7;438.7;471.6;1;480
1605594;CE;2;1;1;1;1;1;377.2;507.9;522.5;464.9;1;760
2730789;BA;;;1;1;1;1;456.4;539.7;534.8;433.4;1;440
1583573;RO;2;1;1;1;1;1;536.4;424;522.9;417;1;840
3650823;BA;;;1;1;1;1;475.4;520.5;567.3;573.6;1;740
2134210;PE;;;0;0;0;0;;;;;;
2174296;GO;2;1;1;1;1;1;551.8;627.7;587.8;784.8;1;900
2268478;SP;;;1;1;1;1;501.3;501.2;581.8;498;1;880
1979503;MG;;;1;1;1;1;400.9;376.5;437.8;414.5;1;500
1768336;MG;2;1;1;1;1;1;515.1;317.9;432.1;427.2;1;480
2066108;PR;4;1;1;1;1;1;569.6;498.8;455.1;649.1;1;760
1588371;ES;;;1;1;1;1;650.9;654.4;626.6;774.4;1;940
763984;TO;;;0;1;1;0;;383.7;675.6;;1;800
1985793;RS;2;1;1;1;1;1;441.5;514;506.3;535.8;1;400
3524551;SC;4;1;1;1;1;1;678.8;616.9;574.7;781.7;1;860
3912790;SE;;;0;0;0;0;;;;;;
68148;PR;;;0;1;1;0;;551.1;554.6;;1;460
3269356;DF;2;1;1;1;1;1;395.5;475.2;496.5;391.1;4;0
814949;RJ;;;0;0;0;0;;;;;;
3126317;MG;;;0;0;0;0;;;;;;
2724483;MG;;;1;1;1;1;523.8;647.3;581.7;649.6;1;920
580715;SP;;;0;0;0;0;;;;;;
2265633;RJ;;;1;1;1;1;467.4;622.4;584.8;490.1;1;580
4059412;MG;;;1;1;1;1;406.8;557.7;485.2;530.4;1;400
2263814;SP;2;1;1;1;1;1;518.1;563.7;566.4;678.3;1;800
1672879;SC;2;1;1;1;1;1;568.6;404.9;591;512.2;1;760
1910679;PE;;;1;1;1;1;690;698;667.1;759.2;1;820
4129168;CE;1;1;0;0;0;0;;;;;;
1620690;SP;2;1;1;1;1;1;496.4;501.6;571.7;501.4;1;660
2264813;SP;;;1;1;1;1;605.9;694.3;636;755.9;1;920
1982427;DF;2;1;1;1;1;1;473;382.3;529.5;452.8;1;540
2476696;SP;;;0;0;0;0;;;;;;
658273;RJ;2;1;1;1;1;1;447.4;516.8;531;513.4;1;640
3312176;RO;;;0;0;0;0;;;;;;
2008518;PB;;;0;0;0;0;;;;;;
954403;CE;;;1;1;1;1;472.9;421.5;378.2;408.1;1;620
2595164;RS;;;1;1;1;1;583.5;598.4;559.5;724.8;1;740
2708481;TO;;;1;1;1;1;468.3;451.1;471.3;439.8;1;500
1883411;SP;4;1;1;1;1;1;616.4;669.3;662.3;738.1;1;880
34756;CE;;;1;1;1;1;443.3;566;568.8;652.6;1;880
97379;AL;;;0;0;0;0;;;;;;
718718;AL;;;1;1;1;1;455.3;352.5;472.5;421.2;1;440
2345182;RS;2;1;1;1;1;1;442.6;474.8;508.8;381.7;1;560
3592136;RJ;;;0;0;0;0;;;;;;
4209632;PE;;;1;1;1;1;556.9;564.7;555.5;426.5;1;680
749032;RJ;2;1;1;1;1;1;435.5;511.1;516.9;476.4;1;880
2406830;PI;;;1;1;1;1;496.5;563.6;506.8;382.7;1;520
382357;RS;4;1;1;1;1;1;463;589.2;576.6;683.8;1;760
1283144;PR;2;1;1;1;1;1;574.2;578.6;595.6;634.6;1;640
2255816;PB;;;1;1;1;1;506.3;558.9;573.2;533.5;1;860
4012272;SP;;;0;0;0;0;;;;;;
2395407;SP;2;1;0;0;0;0;;;;;;
2398761;SC;;;0;0;0;0;;;;;;
4018527;RS;4;1;0;0;0;0;;;;;;
3397355;AM;2;1;1;1;1;1;373.2;387;503.4;540.9;1;340
2229434;MG;;;0;0;0;0;;;;;;
2959126;BA;;;1;1;1;1;446.3;454.1;482.4;385.6;1;780
474652;RJ;;;1;1;1;1;419.3;460.3;488.3;463.1;1;600
3967727;MS;2;1;1;1;1;1;410.3;430.5;395.7;431.3;4;0
1030530;PE;;;0;0;0;0;;;;;;
3607511;RS;;;1;1;1;1;539.1;531.8;527.4;395.8;7;0
91224;DF;2;1;1;1;1;1;418.9;392.9;444.9;494.4;1;440
1783068;CE;4;1;1;1;1;1;605;631.1;573.1;729.7;1;920
2202827;RJ;;;1;1;1;1;543.1;580.5;509.8;630.1;1;780
707896;CE;;;0;1;1;0;;534.7;565.6;;1;600
3067840;RJ;2;1;1;1;1;1;434;390.4;486.8;382.9;1;420
2900401;MG;4;1;1;1;1;1;501.3;546.3;528.9;486.9;1;800
686883;SP;;;0;1;1;0;;628.7;587.6;;1;460
237966;PE;2;1;1;1;1;1;461.2;450.3;505.1;426.6;1;640
2712120;SP;;;0;0;0;0;;;;;;
1713015;BA;;;1;1;1;1;437.3;536.4;502.6;553.9;1;720
2976122;SP;4;1;1;1;1;1;503.8;575.3;532.8;591.9;1;760
1320367;PE;;;1;1;1;1;462;549.6;577.7;505.6;1;840
1319457;MG;;;1;1;1;1;638.2;651.4;529.1;716;1;840
4023863;SP;;;1;1;1;1;578.7;530.1;566.8;698.7;1;880
2814045;GO;;;1;1;1;1;564.9;562.5;539.8;435.9;1;820
2471496;MG;2;1;0;0;0;0;;;;;;
2959755;RJ;;;1;1;1;1;475.8;528.7;595.6;582.3;1;800
2365946;SP;2;1;1;1;1;1;483.8;526.7;514.2;505.9;1;480
3973627;BA;;;0;0;0;0;;;;;;
99519;RS;;;1;1;1;1;487.2;524.9;575.7;681.4;1;840
1177162;CE;;;1;1;1;1;420.3;430.3;410.3;469.8;1;680
639607;RS;;;0;0;0;0;;;;;;
1507767;PR;;;1;1;1;1;572.9;558;498.2;705.7;1;800
1230883;PA;;;1;1;1;1;591.5;575.8;583.1;450.6;1;720
3052738;PE;2;1;0;1;1;0;;358.7;330.2;;4;0
438526;RJ;2;1;1;1;1;1;459.1;431;418.3;441.2;1;640
665479;RS;;;0;0;0;0;;;;;;
2156559;SP;;;1;1;1;1;669.8;641.9;648;793.4;1;920
1342172;MG;4;1;1;1;1;1;703.7;705.1;647.9;797.5;1;940
3122448;PR;2;1;0;0;0;0;;;;;;
3356085;SP;;;1;1;1;1;488.9;490.1;529.5;547.9;1;780
125257;CE;2;1;1;1;1;1;408.6;446.2;516.5;404.3;1;820
2505833;SP;4;1;1;1;1;1;473.3;352.4;467;516.6;1;560
4223112;TO;2;1;0;0;0;0;;;;;;
1330468;BA;2;1;1;1;1;1;485;619.6;593.3;485.4;1;840
4233685;MG;;;1;1;1;1;619.3;688.6;667.1;763.8;1;520
3442479;PR;2;1;1;1;1;1;534.5;481.3;510.4;442.8;1;580
3634666;RJ;4;1;1;1;1;1;567.7;466.3;527.1;629.4;1;740
251802;SC;2;1;1;1;1;1;600.3;673.2;531.5;744.7;1;960
1956976;SP;;;0;2;2;0;;;;;;
1803761;RS;;;0;0;0;0;;;;;;
2842415;SP;;;1;1;1;1;638;666.1;656;727.1;1;740
2305068;MG;;;0;0;0;0;;;;;;
2801398;SP;;;1;1;1;1;567.2;588.8;603.4;698.3;1;940
3414403;BA;;;0;0;0;0;;;;;;
2506749;ES;2;1;1;1;1;1;398.3;479.5;493.7;402.6;4;0
692511;RO;2;1;1;1;1;1;470.8;435.8;514.6;381.3;1;520
1744939;CE;;;1;1;1;1;419;548.3;506.6;439.1;1;520
2164143;RJ;;;1;1;1;1;566.2;545.9;570;632.5;1;560
83115;MT;;;1;1;1;1;492.5;536;515.2;480.3;1;520
1595314;BA;;;0;0;0;0;;;;;;
1943050;PE;;;0;0;0;0;;;;;;
1364957;PB;2;1;1;1;1;1;418.8;529.3;513.6;497.7;1;760
2137981;PE;;;1;1;1;1;434;439.2;469.3;411.6;1;560
3973696;AM;;;0;1;1;0;;0;560.6;;4;0
662960;DF;4;1;1;1;1;1;536.3;576.6;580.8;629.7;1;880
2003371;RS;;;0;0;0;0;;;;;;
459815;CE;2;1;0;0;0;0;;;;;;
1751100;PE;;;1;1;1;1;440.1;528.8;525.7;551.8;1;640
2785798;PR;4;1;1;1;1;1;522.6;558.6;563.4;602.6;1;680
4291258;RS;;;0;0;0;0;;;;;;
3649666;MT;;;0;0;0;0;;;;;;
2096289;SP;;;1;1;1;1;496.9;464.4;529.1;460.9;1;620
1462414;RJ;2;1;1;1;1;1;503.5;582.7;547.3;505.7;1;860
98412;MG;;;1;1;1;1;377.4;444.9;448.5;429.9;1;500
654238;RJ;;;1;1;1;1;617.7;509.6;565;449.1;1;560
2624423;BA;4;1;1;1;1;1;507.4;682.2;600.1;659;1;800
4313374;RS;2;1;1;1;1;1;495.3;466.3;484.5;417.5;1;600
2326273;SP;;;1;1;1;1;506.6;570.2;587.4;716.7;1;580
2580289;BA;2;1;0;0;0;0;;;;;;
3385504;RJ;4;1;1;1;1;1;449.3;532.2;540.4;478.3;1;620
2147453;MG;;;1;1;1;1;545;608.5;606.3;592.2;1;760
3924462;SP;;;0;0;0;0;;;;;;
962215;RN;2;1;0;0;0;0;;;;;;
357401;CE;;;1;1;1;1;404;495.6;498.5;550.7;1;820
3707707;PA;;;1;1;1;1;597.7;612.8;580.5;610.7;1;960
861429;PE;;;0;0;0;0;;;;;;
1044345;ES;2;1;1;1;1;1;520.3;453.7;477;614.7;1;520
1136791;CE;;;1;1;1;1;422.9;405.1;531;479.8;4;0
470961;PR;;;1;1;1;1;470.6;416.1;495.8;405.7;1;680
1974414;RJ;;;1;1;1;1;404.3;508.7;509.6;413.9;1;520
1267376;BA;2;1;1;1;1;1;396.8;396.6;387.9;379.1;1;520
2418983;DF;2;1;1;1;1;1;531.6;570.8;566.4;641.1;1;580
1211145;SP;;;0;0;0;0;;;;;;
2060341;MG;2;1;1;1;1;1;469.6;492.6;526.2;378.2;1;680
938077;SE;2;1;1;1;1;1;481.9;510.2;571.5;416.6;1;500
4331754;RS;;;1;1;1;1;433.6;508.9;544.8;527.4;1;760
1856569;MG;;;0;1;1;0;;632.5;633.3;;1;680
1790175;MA;1;2;1;1;1;1;432.9;476;499.4;387.6;1;780
3399562;MA;;;1;1;1;1;574.4;614.7;539.4;613.1;1;680
1963780;BA;;;1;1;1;1;460.6;478.7;496.4;387.3;1;680
4296303;PR;2;1;1;1;1;1;519.9;555.4;553.2;495.9;1;520
4045469;RN;1;1;1;0;0;1;651.4;;;687.4;;
2754163;SP;;;1;1;1;1;580.7;515.5;571.8;554.4;1;660
1331059;BA;;;1;1;1;1;477.9;530.1;540;440.1;1;580
2727383;PI;4;1;0;0;0;0;;;;;;
3796597;SP;;;1;1;1;1;572.3;504.4;508.6;663.4;1;660
147578;MG;2;1;1;1;1;1;486;537.4;544.3;601.1;1;720
1387237;RS;2;1;1;1;1;1;507.3;477.1;532.8;441.6;1;560
4183551;SP;2;1;0;0;0;0;;;;;;
1962554;RS;;;1;1;1;1;480.9;491.9;555;441.6;1;480
1839622;SP;4;1;1;1;1;1;607.4;672.4;614.3;672.7;1;940
3850904;BA;;;0;0;0;0;;;;;;
2285398;PI;;;0;0;0;0;;;;;;
630569;CE;2;1;1;1;1;1;561;615;592.5;593.7;1;620
822192;MG;;;0;2;2;0;;;;;;
301348;SC;;;0;0;0;0;;;;;;
620231;PA;;;0;1;1;0;;410.4;424.6;;1;540
1863075;SC;1;1;1;1;1;1;602.3;627.8;560.1;730.6;1;660
1801369;RN;2;1;1;1;1;1;600.2;545.5;546.6;515.6;1;880
2320437;SP;2;1;1;1;1;1;506.1;474.6;528.6;431.9;1;540
1234220;SE;;;1;1;1;1;408.6;444.2;418.4;452.2;1;640
2491670;PE;2;1;1;1;1;1;527.1;585.7;565.7;633.5;1;680
1953407;BA;;;1;1;1;1;480.7;448.3;409.7;416.6;1;580
2062343;BA;;;1;1;1;1;584.3;629.5;593.1;459.6;1;840
3003408;SP;2;1;1;1;1;1;367;392.8;518.6;439.9;1;600
3251557;SP;;;0;1;1;0;;447.3;508.5;;1;440
583361;AL;;;0;0;0;0;;;;;;
1560213;RS;;;0;0;0;0;;;;;;
4156907;GO;;;0;0;0;0;;;;;;
389207;RJ;;;1;1;1;1;543.2;610.3;618.8;668.6;1;880
702662;BA;;;1;1;1;1;414.9;357.5;434.6;391.2;1;360
2807448;PI;;;1;1;1;1;456.2;442.6;518.8;402.6;1;780
2850189;SE;;;1;1;1;1;557.8;610.1;632.2;720.8;1;860
562832;PA;;;1;1;1;1;615.7;663;626.6;682.4;1;940
1824990;AM;;;1;1;1;1;467;551;615.8;681.9;1;740
1462284;CE;;;1;1;1;1;384.3;480.7;463.6;397.3;1;500
3519610;RJ;;;1;1;1;1;678.6;716.5;633.4;578;1;760
826182;RN;;;1;1;1;1;430.4;516.4;459.7;462.9;1;600
84019;PI;;;0;1;1;0;;359;477.6;;1;380
1415051;PA;2;1;0;0;0;0;;;;;;
798240;PE;;;0;0;0;0;;;;;;
1338354;SP;4;1;1;1;1;1;679.5;712.8;612.4;770.7;1;920
3624921;MG;;;1;1;1;1;607.1;589.9;611.8;624.7;1;580
4015464;PB;2;1;0;0;0;0;;;;;;
3587391;PR;1;1;1;1;1;1;528.9;569.4;540.2;485;1;600
427443;GO;2;1;1;1;1;1;436.5;402.1;423.7;427;1;540
3315458;RJ;;;1;1;1;1;406.8;443.6;601.4;451.5;4;0
3913713;RJ;4;1;1;1;1;1;464.2;467;520.2;502.6;1;560
518802;DF;1;1;1;1;1;1;457.3;520.7;545.5;583.3;1;680
1273157;CE;2;2;1;1;1;1;541.8;454.8;513.3;419;1;660
1038334;CE;2;1;1;1;1;1;565.2;603.7;621.7;588.8;1;900
3785849;GO;2;1;0;0;0;0;;;;;;
3030945;DF;;;0;0;0;0;;;;;;
1925952;CE;;;0;1;1;0;;607.2;610.6;;1;640
2529599;PB;;;1;1;1;1;432.6;469;473.9;425.7;1;380
3532238;CE;;;1;1;1;1;482.8;582;591;581.3;1;880
333290;BA;;;1;1;1;1;384.5;368.1;516.9;391.6;1;600
1745715;PE;2;1;1;1;1;1;583.6;558.1;600.8;724;1;720
2574933;PR;2;1;1;1;1;1;556.1;625.6;627.5;603;1;560
3344726;PE;2;1;1;1;1;1;383.7;441.9;358.5;426.3;4;0
829422;MS;2;1;1;1;1;1;487.2;400.3;422.9;385.9;1;420
4042196;GO;;;0;0;0;0;;;;;;
2908768;AP;;;0;0;0;0;;;;;;
724801;PE;2;1;1;1;1;1;505.8;536.7;535.4;513.9;1;660
1563239;PE;2;1;1;1;1;1;365.2;317.1;357;431.3;1;480
3250621;ES;;;1;1;1;1;545.7;605.3;634.2;641.7;1;660
3467557;BA;;;1;1;1;1;619.2;580.6;585.1;549.7;1;800
247794;RJ;;;1;1;1;1;439.5;473.1;374.9;472.5;1;440
455841;SP;;;1;1;1;1;587;616.9;637.1;638.5;1;900
2485348;PR;2;1;1;1;1;1;444.8;483.4;547.3;508;1;520
4131612;RS;2;1;1;1;1;1;426.2;512.1;448.3;455.3;1;480
3981814;PE;;;1;1;1;1;539.2;506.1;558.6;548.4;1;560
3143578;MS;;;1;1;1;1;550.4;574.1;567;602.7;1;600
1943552;AP;;;0;0;0;0;;;;;;
990399;AP;2;1;1;1;1;1;463.3;438.4;556.7;462.1;1;860
3829934;SC;;;1;1;1;1;570.5;534.1;514.2;437.8;1;520
3077526;BA;;;1;1;1;1;427.7;419.6;512.4;399;1;660
2505460;RJ;;;0;0;0;0;;;;;;
2292543;SP;4;1;1;1;1;1;570.3;550;524;527.1;1;840
1404372;BA;4;1;1;1;1;1;498.2;592.9;483.1;632.1;1;820
2521994;RS;;;0;0;0;0;;;;;;
1605769;MG;2;1;1;1;1;1;477.1;569.4;532.9;571.9;1;560
2218570;CE;;;1;1;1;1;409.5;531.3;544;578.6;1;900
499330;BA;2;1;1;1;1;1;474.1;533.3;515.5;461.9;1;360
189663;CE;;;1;1;1;1;511.3;545.1;541.6;567.4;1;880
3439812;GO;;;0;1;1;0;;575.9;379.1;;1;780
166132;SP;2;1;1;1;1;1;431.2;503.6;355.1;441.9;1;560
4303587;SP;;;0;0;0;0;;;;;;
3403846;RJ;;;0;1;1;0;;576.3;593.6;;1;720
3116423;SP;2;1;0;0;0;0;;;;;;
2700036;PI;;;1;1;1;1;449.5;510.1;499.5;516.3;1;920
597721;CE;;;1;1;1;1;603.2;646.9;638.8;712.8;1;880
1228411;PE;2;1;1;1;1;1;494.3;421.1;453.2;395.5;1;500
4215903;PR;;;0;0;0;0;;;;;;
2064196;SE;2;1;1;1;1;1;566.4;524.2;536.7;649.5;1;880
558681;SE;;;1;1;1;1;451.8;465.2;489.1;541.1;1;600
2541593;BA;;;1;1;1;1;457.9;518.3;520.6;409.5;1;580
177934;SP;2;1;1;1;1;1;464.1;511.7;501;490.5;1;640
464762;PA;;;1;1;1;1;372.8;492.3;504.3;414.8;1;540
2976933;SP;;;1;1;1;1;485.9;431.8;382;497.8;1;520
1215397;PR;;;1;1;1;1;459.6;492.8;507.4;407;1;580
1429014;SC;;;1;1;1;1;590.2;612.2;586.9;759;1;900
3024961;SP;2;1;0;0;0;0;;;;;;
1248732;MG;2;1;1;1;1;1;453;566.8;554.6;458.3;1;620
2469228;PA;2;1;1;1;1;1;478.3;397.9;486;516.2;1;440
497966;RN;;;0;0;0;0;;;;;;
856954;SP;2;1;1;1;1;1;459.7;511.4;534.6;408.4;1;640
3473081;PI;;;1;1;1;1;542.8;576.3;593.8;480.9;1;580
1167917;PB;;;1;1;1;1;407.4;514.5;530.6;515.8;1;720
2647139;SP;4;1;1;1;1;1;525.5;564.6;602.4;604.6;1;740
1510204;MG;2;1;1;1;1;1;466.5;536.1;575.2;401.9;1;760
503023;PA;;;1;1;1;1;435.7;535;525.6;444.5;1;580
1032911;MG;;;0;0;0;0;;;;;;
423965;AL;;;1;1;1;1;360.2;540.7;487.5;599.6;1;680
3222537;MS;4;1;1;1;1;1;560.5;599;545;728.9;1;920
1046207;BA;;;0;0;0;0;;;;;;
1597326;TO;2;1;0;1;1;0;;451.9;520.2;;4;0
2594292;CE;2;1;1;1;1;1;444.8;438.8;491.2;416.6;1;580
1210142;PB;;;0;0;0;0;;;;;;
1888836;SP;;;1;1;1;1;403.6;580;557.3;391.5;1;540
222692;GO;2;1;1;1;1;1;396.3;371.6;560.3;511.3;1;700
302581;BA;2;1;1;1;1;1;501.4;356.8;409.9;377.1;1;440
1714001;RS;;;1;1;1;1;561.5;640;613.9;658.9;1;940
3919625;MG;;;1;1;1;1;561.2;641.6;608.2;443.4;1;600
1230346;PA;;;0;1;1;0;;378.1;478.7;;1;440
3744191;BA;2;1;1;1;1;1;521.2;483.1;530.6;407.4;1;460
2819724;ES;1;1;1;1;1;1;641.3;670.5;625.8;521.2;1;700
1802106;PA;2;1;0;0;0;0;;;;;;
3275476;SP;;;1;1;1;1;577.7;588;577.6;580.4;1;720
2371701;RS;;;1;1;1;1;457;308.9;535;478.5;1;560
2607290;RS;;;0;0;0;0;;;;;;
1538136;BA;;;1;1;1;1;424.9;501.8;567.2;415.4;1;600
1321452;AM;2;1;0;0;0;0;;;;;;
3547916;PE;;;0;0;0;0;;;;;;
2038595;CE;;;0;0;0;0;;;;;;
3975497;SP;2;1;1;1;1;1;437.6;556.9;566.1;598.4;1;580
2600300;PR;;;1;1;1;1;576.4;543.4;551.9;719.4;1;740
2867683;MS;;;0;0;0;0;;;;;;
1354605;RJ;;;1;1;1;1;626.1;650.1;625.4;737.5;1;920
515863;BA;;;0;0;0;0;;;;;;
2225042;AL;;;0;0;0;0;;;;;;
1037486;GO;2;1;0;0;0;0;;;;;;
3713078;MG;;;1;1;1;1;434.6;526.5;531.5;559.1;1;800
3705036;DF;;;0;0;0;0;;;;;;
2525551;SP;4;1;1;1;1;1;517.3;549.6;565.6;592.8;1;640
492713;MA;2;1;1;1;1;1;369.3;409.6;425.6;379.5;1;440
1505714;PA;4;1;1;1;1;1;448.1;552.6;502.4;526.4;1;580
2748875;BA;;;0;0;0;0;;;;;;
3149502;PE;;;0;0;0;0;;;;;;
3802072;PI;;;0;0;0;0;;;;;;
3102478;SP;2;1;1;1;1;1;466.8;504.3;539.8;490;1;600
2365802;SP;;;1;1;1;1;518.4;578.8;563.7;631;1;720
1897897;PA;2;1;1;0;0;1;413.8;;;427.3;;
482528;CE;2;2;1;1;1;1;363.2;457.8;386;416.4;1;360
1547940;BA;;;1;1;1;1;425;374.6;519.9;432.9;1;540
3078285;RJ;4;1;1;1;1;1;575.2;508;503.5;634.9;1;520
3071931;SE;2;1;1;1;1;1;540.5;436.1;499.9;444.5;1;440
4069106;AL;;;1;1;1;1;418.5;509.8;445.2;381.3;1;480
3553802;RJ;;;0;0;0;0;;;;;;
3575497;MG;;;1;1;1;1;535.7;449.6;532.8;501.9;1;740
3335083;PI;2;1;1;1;1;1;458.5;390.8;443.1;438.5;1;360
3008749;PR;2;1;0;0;0;0;;;;;;
2693019;PA;;;1;1;1;1;533.6;374.4;562.5;395.3;1;660
1321501;MS;;;1;1;1;1;385.4;454.2;542.3;390.5;1;560
2705318;PE;;;0;0;0;0;;;;;;
2414403;PI;;;1;1;1;1;510.4;545.8;535.2;546;1;920
297930;PA;;;1;1;1;1;354.6;481.5;446.9;387.4;1;540
2115054;RJ;;;0;0;0;0;;;;;;
1065035;DF;;;1;1;1;1;598.5;545.2;516.8;403.1;1;780
1994128;PB;;;1;1;1;1;464.3;532.6;497.5;497.6;1;580
3978871;AP;;;0;0;0;0;;;;;;
2491283;PA;;;0;0;0;0;;;;;;
1471996;PA;;;1;1;1;1;413.3;498.2;512.4;403.2;1;620
2278496;PI;;;1;1;1;1;375.6;474.4;438.5;410.5;1;780
3455895;RR;;;1;1;1;1;534.8;608.9;574.3;440.6;1;800
2461993;PE;;;1;1;1;1;392.5;511.8;510.1;388.4;1;800
3046320;MA;;;0;1;1;0;;433.6;452.3;;1;480
4289420;PB;;;0;0;0;0;;;;;;
2268465;PE;;;1;1;1;1;420.6;482.7;521.1;549.7;1;600
1652922;RJ;;;1;1;1;1;408.6;424;526;634.8;1;640
2291475;MG;2;1;1;1;1;1;501.4;550.2;541.1;559.9;1;720
2368725;AL;;;1;1;1;1;597.8;639.7;617.8;735.5;1;620
294130;MG;;;1;1;1;1;525.2;573.8;581.1;507.9;1;720
674310;PB;2;1;1;1;1;1;622.9;596.1;573.8;668.9;1;860
1499858;MG;;;0;1;1;0;;320.1;404.8;;1;480
4313252;SP;;;1;1;1;1;581.3;603.5;508.3;420.4;1;420
3273621;BA;;;1;1;1;1;443.6;528.1;480.2;471.9;1;680
4240517;MS;;;0;0;0;0;;;;;;
1454494;MG;2;2;1;1;1;1;479.6;368.9;412;406.4;1;580
183878;AM;2;1;0;0;0;0;;;;;;
4180743;PA;;;0;0;0;0;;;;;;
1768253;AM;2;1;1;1;1;1;508.9;547.9;549.7;490.1;1;660
3904546;PA;;;1;1;1;1;582.6;561.6;543.2;631.1;1;720
2541992;BA;2;1;0;0;0;0;;;;;;
2470801;RS;;;1;1;1;1;400.4;515.6;555.6;410.4;1;800
1664854;CE;;;0;1;1;0;;391.9;456.9;;1;740
4006808;RS;;;0;0;0;0;;;;;;
2867293;GO;;;0;0;0;0;;;;;;
3186207;SC;2;1;0;1;1;0;;481.2;522.8;;1;480
1651211;PA;;;0;0;0;0;;;;;;
1124250;RS;;;0;0;0;0;;;;;;
3419790;SP;;;1;1;1;1;529.2;441.7;500.9;406.2;1;600
3628721;MG;2;1;0;0;0;0;;;;;;
116508;AL;2;1;0;0;0;0;;;;;;
2506808;RS;2;1;1;1;1;1;641.9;626.3;559.7;724.4;1;680
1454198;MS;;;1;1;1;1;431.4;509.4;444.2;423.1;1;560
1754139;MA;;;1;1;1;1;489.6;379.8;526.6;469.4;1;860
1656240;RJ;;;1;1;1;1;414.3;382;368.6;414.8;6;0
3775883;BA;2;1;1;1;1;1;471.5;454.4;471.3;439.1;1;580
2192030;SP;;;1;1;1;1;431;475.7;556.1;463.7;1;560
1605697;PB;;;1;1;1;1;431.7;409.2;410;401.9;1;400
3058800;MT;;;1;1;1;1;435.8;546.1;560.6;605.5;1;820
1144656;RS;;;0;0;0;0;;;;;;
797143;CE;;;1;1;1;1;498.7;571.7;588;680.7;1;940
2898388;MG;2;1;1;1;1;1;500.7;537.8;524.6;510.4;1;420
297510;PA;2;1;1;1;1;1;479.3;466.8;366.6;473.8;1;360
2369013;RN;;;1;1;1;1;554.6;551.4;520.5;443.8;1;360
1496112;AP;;;1;1;1;1;500.4;532.3;419;414;1;540
879575;TO;;;1;1;1;1;495.3;512.4;561.9;415.1;1;560
1022762;SE;2;1;1;1;1;1;381.1;376.9;367.9;448;1;700
2001195;DF;;;0;0;0;0;;;;;;
4186223;AM;;;0;0;0;0;;;;;;
2793664;PR;2;1;1;1;1;1;446.3;510;509.7;392.1;1;400
1832281;CE;;;1;1;1;1;769.8;810.4;651.4;872.6;1;960
2484022;SP;2;1;1;1;1;1;463;526.8;541.6;464.4;1;480
4009034;SP;;;1;1;1;1;564.8;524.9;430;643.9;1;800
3422671;MS;;;1;1;1;1;543.5;582.8;561;547.6;1;860
2912475;SP;;;1;1;1;1;595.6;596.3;579.7;630.8;4;0
4128925;RS;2;1;0;0;0;0;;;;;;
2299294;SC;4;1;1;1;1;1;485.1;579.5;541.5;598.6;1;740
2624143;GO;;;1;1;1;1;536.6;500.4;534.7;482.2;1;480
3495494;GO;;;0;0;0;0;;;;;;
3172571;RJ;;;1;1;1;1;509.3;480;466.3;491.6;1;520
3294513;RS;;;0;0;0;0;;;;;;
2759326;SP;2;1;1;1;1;1;487.9;375.2;582.5;437.6;1;520
2072554;PR;4;1;1;1;1;1;591.6;620.7;579.9;729.5;1;900
3459093;PA;;;1;1;1;1;463.8;433.4;467.2;386.6;1;520
446665;MG;;;0;0;0;0;;;;;;
2299074;MS;2;1;1;1;1;1;525.6;498.4;553.1;403.3;1;700
2425154;PI;;;1;1;1;1;514.8;520.7;575.8;553.1;1;920
3234965;RS;;;1;1;1;1;609.4;629.4;592.3;644.9;1;440
1189131;SP;;;0;1;1;0;;522.8;530.1;;1;540
1463353;RJ;;;1;1;1;1;438.8;546;564.7;458.4;1;760
903497;MA;;;0;0;0;0;;;;;;
4073041;SP;2;1;1;1;1;1;426.2;501;545.4;479.6;1;740
2135020;PE;;;1;1;1;1;490;455.2;521.1;526.8;1;500
234035;PE;;;1;1;1;1;503.6;531.5;593.7;521.4;1;720
1153942;PA;;;0;0;0;0;;;;;;
1564134;SE;4;1;1;1;1;1;590.2;608.7;574.8;591.3;1;840
488766;RJ;2;1;1;1;1;1;435.6;556.3;584;492.7;1;660
3546971;SP;4;1;1;1;1;1;385;360.6;545;450.7;1;680
3205333;PR;2;1;1;1;1;1;521.6;506.8;543.6;392.1;1;540
2649279;BA;;;0;0;0;0;;;;;;
3924071;PA;2;2;0;0;0;0;;;;;;
1784913;RS;;;0;0;0;0;;;;;;
1979060;PR;;;1;1;1;1;565.9;591.1;590.7;726.4;1;900
115929;SP;2;1;0;0;0;0;;;;;;
3310709;PB;;;1;1;1;1;488.2;328.6;501.7;379.8;1;520
2652510;RJ;1;1;1;1;1;1;636.5;571.4;563.6;611;1;620
1320245;RS;;;0;0;0;0;;;;;;
2548276;SP;;;1;1;1;1;518.2;415.4;515.3;548.8;1;540
1418470;PA;;;1;1;1;1;438;583;488.2;429.1;1;540
2675245;SP;2;1;1;1;1;1;450.4;574.6;544.7;526.3;1;480
1551960;CE;2;1;1;1;1;1;438;530.6;558.7;574.6;1;820
3490680;RN;1;1;1;1;1;1;486.7;524.9;587;612.1;1;560
3752086;TO;2;1;1;1;1;1;489.6;556.7;538.1;405.8;1;620
3577506;PR;2;1;1;1;1;1;446.7;438.9;488.7;449.3;1;520
1797205;MG;2;1;1;1;1;1;562.7;621.9;610.6;614.5;1;840
142466;SP;2;1;1;1;1;1;539.9;526.2;534.8;591.1;1;520
2515724;AP;;;0;0;0;0;;;;;;
1319648;CE;;;1;1;1;1;403.3;402.9;530.9;543.9;1;500
3227142;BA;2;1;0;1;1;0;;360.4;401.1;;4;0
3942623;RJ;;;0;0;0;0;;;;;;
1523769;PE;2;1;1;1;1;1;503;502.2;543.9;530;1;460
1845048;SP;;;0;0;0;0;;;;;;
4184200;BA;2;1;0;0;0;0;;;;;;
541655;MG;;;1;1;1;1;500.6;463.9;567.6;551.8;1;800
4176414;PA;;;0;0;0;0;;;;;;
249603;MA;;;1;1;1;1;430.3;402.4;552.7;388.9;1;840
3766908;RS;;;1;1;1;1;409.5;479;511.6;471;1;460
2699922;BA;;;0;0;0;0;;;;;;
3205607;ES;2;1;1;1;1;1;483.8;517.3;524.3;434.1;1;480
1260196;SC;;;0;0;0;0;;;;;;
2898038;PR;;;1;1;1;1;503.4;591.8;565.1;583.5;1;880
3373558;PA;;;0;0;0;0;;;;;;
189968;PA;;;1;1;1;1;469.8;621.1;596.1;522.5;1;960
228752;MG;;;0;1;1;0;;371.7;445.8;;4;0
3210688;RJ;2;1;0;0;0;0;;;;;;
2026421;BA;;;0;0;0;0;;;;;;
2572725;PI;;;1;1;1;1;571.2;624.4;615.5;649.6;1;940
3810812;MA;;;0;1;1;0;;402.7;559.3;;1;360
2057925;TO;;;1;1;1;1;382.3;546.4;506.1;464.1;1;460
1189432;MA;2;2;0;0;0;0;;;;;;
1643106;AM;2;1;0;1;1;0;;376.8;386.6;;8;0
455668;BA;;;1;1;1;1;519.9;431.4;522.6;524;1;580
112890;PA;;;1;1;1;1;422.8;465.1;399.4;555;1;540
2662962;ES;2;1;1;1;1;1;532.4;388.7;496.8;494.4;1;720
1148203;RJ;;;0;1;1;0;;588.7;566.4;;1;620
1538457;MG;;;0;0;0;0;;;;;;
2879589;CE;;;0;0;0;0;;;;;;
442163;SP;2;1;1;1;1;1;500.7;498;550.1;633.6;1;820
2805797;BA;;;1;1;1;1;439;416.4;540.1;422.8;1;540
1899505;RJ;;;1;1;1;1;585.1;349.3;374;611.2;1;820
265910;PI;;;0;0;0;0;;;;;;
1431221;GO;2;1;0;1;1;0;;476;395.8;;6;0
3583173;AM;;;0;0;0;0;;;;;;
3317925;BA;2;1;0;0;0;0;;;;;;
4308779;RN;;;0;0;0;0;;;;;;
1694356;CE;2;1;1;1;1;1;399.3;429.1;507.7;591.5;1;520
4153587;PB;2;1;1;1;1;1;390.7;325.9;364.3;416.8;1;600
105262;MA;;;1;1;1;1;535.3;537.2;395.8;595.9;1;840
3904854;SP;;;0;0;0;0;;;;;;
2013855;SP;;;1;1;1;1;382.7;522.3;483.2;436.6;1;400
2992248;MA;2;1;1;1;1;1;435.7;338.6;442.5;405.8;8;0
4259269;PB;2;1;0;0;0;0;;;;;;
871720;SP;2;1;1;1;1;1;435.6;390.5;556.3;409.5;1;560
3477374;MA;;;0;0;0;0;;;;;;
2227773;MS;;;1;1;1;1;497.7;433.4;532.3;425.6;1;660
4161395;SP;4;1;0;0;0;0;;;;;;
335926;RS;1;2;1;1;1;1;614.3;650.1;707.3;738.5;1;940
227018;PE;;;0;1;1;0;;416.3;453.9;;1;300
1401001;RS;2;1;1;1;1;1;515.4;531.4;558.4;496.1;1;800
3632261;SP;;;1;1;1;1;432.1;417.6;566.1;432.8;1;640
4110269;SP;;;0;1;1;0;;522.6;551.4;;1;560
4051116;SP;;;0;0;0;0;;;;;;
3573833;SP;;;1;1;1;1;594.7;581.5;571.4;651;1;700
1007428;AM;;;0;0;0;0;;;;;;
433278;BA;;;1;1;1;1;407.5;383.5;359.5;405.7;1;480
400289;PB;;;0;0;0;0;;;;;;
970232;AP;2;1;1;1;1;1;495.6;415.7;502.1;392.2;1;700
1821961;PE;2;1;0;0;0;0;;;;;;
4011396;SP;;;0;0;0;0;;;;;;
1616848;AM;2;1;0;0;0;0;;;;;;
1577666;PE;2;1;0;0;0;0;;;;;;
2949477;SP;2;1;1;1;1;1;428;441.3;510.7;603.9;1;600
1305924;SE;2;1;0;0;0;0;;;;;;
2220620;RR;2;1;1;1;1;1;539.5;549;598.9;538.6;1;400
2407296;CE;;;1;1;1;1;561.2;609.6;554.4;432.1;1;560
2467888;PR;2;1;1;1;1;1;454.7;467.5;528.1;526.9;1;600
458272;GO;;;1;1;1;1;594.7;670.4;596.7;571;1;800
612674;PB;4;1;1;1;1;1;412.1;399.9;563.5;435.8;1;720
3817239;MG;;;0;0;0;0;;;;;;
2963971;BA;2;1;0;0;0;0;;;;;;
1191519;PR;;;1;1;1;1;616.7;600.5;569.5;580.8;1;680
999706;PE;;;1;1;1;1;403.9;598.8;514.9;564.2;1;680
2735562;SP;;;1;1;1;1;568.6;614.2;563.8;661;1;780
888609;SP;;;1;1;1;1;376.5;495.7;524.5;405;1;620
1978872;RJ;4;1;1;1;1;1;657.7;730.4;637.6;817.2;1;960
2134335;MT;;;0;0;0;0;;;;;;
1977122;SP;;;0;0;0;0;;;;;;
551927;SP;2;1;1;1;1;1;380.9;513.6;494.5;459.7;1;840
527573;RS;;;1;1;1;1;440.9;419.7;363.8;415.7;7;0
3133046;RJ;;;1;1;1;1;574;507.3;513.3;616.6;1;860
886042;PA;;;1;1;1;1;421.9;416.1;475.5;414.4;1;580
279318;PI;2;1;1;1;1;1;410.3;533;584;627;1;860
3443601;SP;2;1;0;0;0;0;;;;;;
3745404;RS;;;1;1;1;1;538.9;493;514;480.9;1;520
1124345;SP;2;1;0;0;0;0;;;;;;
1107418;MS;2;1;0;0;0;0;;;;;;
4185794;GO;;;0;0;0;0;;;;;;
103389;RS;;;1;1;1;1;551.4;561.4;575.3;538.7;1;500
1406610;BA;2;1;0;1;1;0;;377.1;409.1;;1;460
928840;MA;;;1;1;1;1;543.4;555.4;561.8;624.2;1;880
2458180;MG;2;1;0;0;0;0;;;;;;
3152680;GO;;;1;1;1;1;600;590.2;577.3;662.8;1;820
2057798;RN;1;1;1;1;1;1;633.5;610.5;497;613.6;1;720
4279309;MG;;;1;1;1;1;528.3;603.1;579.5;462.6;1;500
537015;PA;;;1;1;1;1;369.8;437.2;415.6;423.9;1;500
255328;MA;;;1;1;1;1;474.8;365;456.1;569.5;1;660
638502;RS;;;0;0;0;0;;;;;;
3810724;AL;2;1;1;1;1;1;458.8;465.2;541;453.8;1;640
3437368;RS;;;1;1;1;1;588.5;631.7;608.5;383.3;1;480
1809382;AC;2;1;1;1;1;1;428.3;449.4;516.4;433.4;1;360
595068;SC;;;1;1;1;1;380.9;502.9;574.6;484.5;1;660
1656574;MA;;;1;1;1;1;519.9;370;447.6;522.1;1;800
3228503;SP;;;1;1;1;1;605.3;590.2;572.3;655.6;1;540
2414837;MG;;;1;1;1;1;453.5;579.7;559.1;694.7;1;940
3006483;BA;2;1;1;1;1;1;461.6;525.6;540;432.8;1;760
3060590;RJ;4;1;1;1;1;1;421.5;611;579.9;655.2;1;560
3282018;MG;;;0;0;0;0;;;;;;
126998;MG;;;1;1;1;1;479.9;519.1;504.4;427.3;1;560
921401;SP;;;1;1;1;1;516.7;539.6;516.8;520.4;1;840
4256990;ES;;;0;0;0;0;;;;;;
4165181;SP;;;1;1;1;1;464.3;542.4;592.2;402.4;1;500
402989;MG;2;1;1;1;1;1;625.1;671;595.1;703.5;1;900
3713737;AC;;;1;1;1;1;446.1;414.4;376;416.8;8;0
761394;SP;;;1;1;1;1;605.5;590.7;548;672.4;1;840
999505;RN;;;0;0;0;0;;;;;;
627212;PA;;;1;1;1;1;548.3;541.2;575.3;387.3;1;520
3309423;BA;;;0;0;0;0;;;;;;
6805;MG;4;1;1;1;1;1;441.3;445.4;426.2;582.7;1;620
1363313;RJ;;;1;1;1;1;569.5;613.2;558.7;517.9;1;620
1796866;SP;;;1;1;1;1;642;679.2;581.3;712.3;1;880
3011909;RJ;1;1;1;1;1;1;508.1;555.5;544;549.1;1;760
2048411;RO;;;1;1;1;1;537.8;370.8;537.8;404.2;1;640
646886;PE;2;1;1;1;1;1;410.2;456.3;385;524.7;1;240
949785;MA;;;1;1;1;1;495.6;432.8;552.9;448.5;1;360
1943582;SP;4;1;1;1;1;1;513;575.8;636.6;648.5;1;820
2153152;RJ;4;1;1;1;1;1;395.4;552.1;541.4;442.3;1;840
3103909;BA;2;2;0;0;0;0;;;;;;
1958919;DF;;;0;0;0;0;;;;;;
2975480;PR;2;1;1;1;1;1;438.9;396.3;358.7;547;1;460
2048902;PR;;;0;0;0;0;;;;;;
1570004;CE;2;1;1;1;1;1;399.4;471.7;449.3;406;1;520
2311794;PA;;;1;1;1;1;472;606.4;596;505;1;840
3957880;SP;;;1;1;1;1;531.7;555.3;595;619.1;1;620
3146924;PE;2;1;1;1;1;1;356.2;390.6;439.3;409.8;1;620
500715;SE;;;1;1;1;1;572.3;515.7;561.4;510.5;1;680
1135827;SC;;;1;1;1;1;428.4;410.1;465.4;416.5;1;460
1264665;RJ;2;1;1;1;1;1;465.2;310.2;451.9;419.9;1;660
494939;BA;2;1;1;1;1;1;511.2;358.5;427;416.3;1;560
2024583;AP;;;1;1;1;1;599;532.2;539.5;618.7;1;800
1741985;BA;;;1;1;1;1;570.2;605.3;718.1;744.4;1;600
1892620;AM;;;1;1;1;1;530.3;547.1;536.5;583.2;1;640
3567122;MG;;;1;1;1;1;522.8;629.8;601.4;653.4;1;920
644088;SP;2;1;1;1;1;1;422;558.1;562;510.4;1;720
3668176;MG;;;1;1;1;1;487.9;539.4;549.1;608.9;1;660
3397474;GO;;;1;1;1;1;556.1;561.7;576.4;652.7;1;700
272005;MG;;;1;1;1;1;420.5;573.9;556.2;564.9;1;660
2953112;PA;;;1;1;1;1;579.1;569.8;556;469.6;1;600
578662;MG;;;0;0;0;0;;;;;;
18671;MG;;;1;1;1;1;560.5;626.9;574.6;464.8;1;580
2005736;DF;2;1;1;1;1;1;589.6;604.1;601.7;662.3;1;900
4022848;MG;;;1;1;1;1;584.8;662.3;568.6;671.7;1;500
859172;RN;;;1;1;1;1;442.6;499.1;529.2;389.6;1;540
1557391;PR;2;1;0;0;0;0;;;;;;
981590;SP;;;1;1;1;1;467.6;463.9;539.8;503.7;1;620
636569;PA;;;1;1;1;1;729.1;655.9;626.3;772.7;1;800
3184642;SP;2;1;1;1;1;1;368.8;508.3;567.3;601.7;1;540
3402755;BA;2;1;0;0;0;0;;;;;;
3866600;RS;;;1;1;1;1;583.4;587.8;563.7;574.8;1;680
2469917;SP;4;1;1;1;1;1;562.7;579.7;526.2;703.3;1;920
2275175;MA;2;1;1;1;1;1;401.3;387.1;434.6;411.6;1;380
501224;MG;;;1;1;1;1;608.8;567.9;631.5;640;1;940
2015011;SP;;;1;1;1;1;452.3;517.5;555.5;559.2;1;760
3735084;RJ;;;1;1;1;1;614;507.7;606.3;645.5;1;640
4190556;AM;;;1;1;1;1;440.9;420.9;346.3;413.9;1;480
291120;MG;;;0;0;0;0;;;;;;
1599623;MA;;;1;1;1;1;649.5;671.3;661.3;789.7;1;920
1073301;PE;;;0;0;0;0;;;;;;
1474270;SP;4;1;1;1;1;1;689;672.3;586.4;800.3;1;780
2122275;PE;;;0;0;0;0;;;;;;
1735102;CE;;;1;1;1;1;426.8;542.8;496.7;424.4;1;420
1390370;PA;;;1;1;1;1;520.3;440.3;503.6;411;1;580
1383703;GO;;;1;1;1;1;515.1;529.7;528.8;478.2;1;500
3139850;SC;;;1;1;1;1;657.3;723.5;660.1;790.6;1;940
4117183;SP;;;1;1;1;1;583.8;654.2;586.5;649.6;1;780
1327111;BA;;;1;1;1;1;512.5;349.1;502.1;476.3;1;420
1892845;PR;;;1;1;1;1;451.4;585.4;590.4;496.5;1;720
3659436;RJ;2;1;0;0;0;0;;;;;;
2572779;RS;;;1;1;1;1;429.6;468.5;471.7;396.7;1;400
4158410;MG;;;1;1;1;1;417.4;519;545.6;503.8;1;840
2600289;GO;2;1;0;0;0;0;;;;;;
560338;AM;;;1;1;1;1;392.5;512.1;473.6;486.1;1;500
3225913;MG;;;0;0;0;0;;;;;;
1929705;PE;2;1;1;1;1;1;573.3;540.7;567.8;628.1;1;680
545833;PB;;;1;1;1;1;414.8;411.8;520.7;433.6;1;740
2975017;SP;;;0;0;0;0;;;;;;
877469;BA;;;1;1;1;1;461.1;395.7;426.9;379.8;1;600
3679937;SE;;;1;1;1;1;472;463.8;485.4;392.2;1;420
969886;AM;2;1;0;0;0;0;;;;;;
4109327;SP;;;0;0;0;0;;;;;;
908060;SP;2;1;0;0;0;0;;;;;;
3821373;PR;;;1;1;1;1;550.2;636.2;621.6;476.3;1;760
674470;PE;;;0;0;0;0;;;;;;
2299185;RS;2;1;1;1;1;1;571.3;600.8;575.2;583;1;720
4246583;BA;2;1;1;1;1;1;349.8;324.7;414.7;506.7;1;460
1738249;SE;2;1;1;1;1;1;438.1;522.8;568.2;611.8;1;860
3841397;BA;;;0;0;0;0;;;;;;
354957;PE;2;1;1;1;1;1;402.5;440.7;362.6;390.5;4;0
4160396;PR;2;1;1;1;1;1;532.6;451.3;513.8;507.6;1;380
3800488;PR;;;1;1;1;1;416.4;492.3;507.3;585.9;1;400
3830932;SP;4;1;1;1;1;1;589.7;599.5;608.2;627.5;1;660
418651;SC;2;1;0;1;1;0;;460.3;535.1;;1;560
3936109;PI;;;1;1;1;1;345.6;403;486;459.7;1;720
2795746;MG;;;1;1;1;1;550.1;568.7;563.4;596;1;440
3467257;BA;2;1;1;1;1;1;448.5;411.9;379.3;438.6;1;380
2071985;PE;2;1;1;1;1;1;433.3;302.2;397.2;482.1;6;0
2500363;PR;;;1;1;1;1;663.1;733.3;634.9;797.1;1;940
2022491;PA;;;1;1;1;1;374.9;327.7;435.2;461.3;1;520
4285888;SP;2;1;0;0;0;0;;;;;;
1873199;SP;4;1;1;1;1;1;571.2;550;599.8;711;1;720
2155928;SP;;;1;1;1;1;565.6;440.6;633;753.9;1;820
4115839;MG;;;0;1;1;0;;511.1;490.4;;1;520
1187689;BA;2;1;1;1;1;1;599.9;532;589.7;618.8;1;520
1644865;PB;2;1;1;1;1;1;608.7;657;618.1;729.6;1;920
1286864;MG;;;1;1;1;1;451.3;552.9;597.2;656.5;1;960
752511;SP;2;1;0;0;0;0;;;;;;
3244509;MT;2;1;1;1;1;1;361.7;416.4;453.5;466.9;1;620
2148492;MA;;;0;1;1;0;;409.6;561.7;;1;680
2494183;MG;2;1;1;1;1;1;368.3;509.2;558.8;472.5;1;800
2995176;MS;2;1;1;1;1;1;416.4;484.4;479.9;426.9;1;460
2155571;SC;4;1;0;0;0;0;;;;;;
1903385;PA;;;1;1;1;1;549.4;522.6;535.9;580.6;1;840
2713822;DF;;;0;0;0;0;;;;;;
3589619;DF;;;1;1;1;1;577.4;633.8;606;707.1;1;480
2698773;BA;;;1;1;1;1;476.3;581.7;482.3;412.7;1;720
682182;RJ;;;1;1;1;1;406.6;532.7;514.3;531.5;1;620
1826972;PE;4;1;1;1;1;1;490.3;648.1;589.2;698.4;1;860
1069583;BA;;;0;0;0;0;;;;;;
1509848;SC;2;1;0;0;0;0;;;;;;
1280163;AM;;;0;0;0;0;;;;;;
4300055;RS;;;0;0;0;0;;;;;;
2338137;BA;;;0;0;0;0;;;;;;
1156658;PB;;;1;1;1;1;409.4;436.7;450.7;388.8;1;540
2048245;PR;2;1;1;1;1;1;605.5;577.5;604.3;691.4;1;540
1332797;BA;;;1;1;1;1;447;616.2;562;515;1;820
1891484;PI;2;1;0;0;0;0;;;;;;
1056367;BA;4;1;1;1;1;1;352.5;444.3;495;529.1;1;840
1584430;TO;;;1;1;1;1;467.7;440.6;538.1;532.3;1;600
2634518;BA;;;0;0;0;0;;;;;;
719685;AC;;;1;1;1;1;467.9;451.8;535.3;464.1;1;440
2657251;SE;;;1;1;1;1;559.9;655.3;633.8;714.1;1;880
2905830;MG;;;1;1;1;1;455.9;334.7;552.1;496.7;1;800
3072804;RS;;;0;0;0;0;;;;;;
1469538;TO;;;1;1;1;1;567.2;561.7;585;566;1;580
1431437;CE;2;1;0;0;0;0;;;;;;
1331033;DF;2;1;0;0;0;0;;;;;;
3023543;PR;4;1;1;1;1;1;579.5;555;557.3;532.4;1;640
1473849;MA;;;1;1;1;1;509.9;561.8;558.2;573.1;1;700
1638230;RO;;;1;1;1;1;550.6;576.5;559.2;436.4;1;780
3082921;RJ;4;1;1;1;1;1;660.7;656.6;638;774.1;1;940
1202400;PA;;;1;1;1;1;519.5;548.7;608.8;446.2;1;600
980893;PR;2;1;1;1;1;1;617.4;601.4;597.4;674.9;1;680
467270;SP;;;0;0;0;0;;;;;;
593282;PA;;;1;1;1;1;550.7;642.8;606.1;721.5;1;660
633848;SP;;;0;0;0;0;;;;;;
2472926;PA;;;1;1;1;1;426.1;289.6;453;447.4;1;420
2898285;MG;;;1;1;1;1;512.1;570.6;547.3;507.7;1;820
2616189;MG;;;0;0;0;0;;;;;;
527462;SP;;;1;1;1;1;531.9;549.7;555.2;634.2;1;580
4064487;SP;;;0;0;0;0;;;;;;
352995;PB;2;1;1;1;1;1;427.8;512;533.2;531.2;1;340
1793751;RJ;;;1;1;1;1;480.8;560.8;577.4;544.9;1;820
3473159;PE;;;1;1;1;1;510.7;612.9;662.9;578.7;1;780
2055889;RJ;;;0;0;0;0;;;;;;
2955108;PI;;;1;1;1;1;373.6;464.9;457.2;421;1;460
2950300;PA;;;0;1;1;0;;603.1;593.8;;1;660
2505728;SE;;;1;1;1;1;443.8;364.9;438.6;388.5;6;0
2207999;ES;;;1;1;1;1;415.6;483.2;495.2;440.3;1;580
3770367;ES;;;1;1;1;1;608.1;601.5;582.5;675.4;1;880
1105654;RJ;2;1;1;1;1;1;453.9;486.6;500.4;388.3;1;460
2275015;PE;;;0;0;0;0;;;;;;
1146438;PA;;;1;1;1;1;390.8;417.5;413.4;408.6;1;460
2413108;PR;2;1;1;1;1;1;450.2;449.5;457.3;583.3;1;540
3179683;MA;;;0;0;0;0;;;;;;
368912;RN;;;0;1;1;0;;387.1;328.6;;1;520
2013119;MA;;;0;0;0;0;;;;;;
3214075;RN;;;1;1;1;1;409.9;463.9;504.4;466.4;1;420
237671;PA;;;1;1;1;1;471;479.4;430;459.5;1;620
2237614;RN;;;1;1;1;1;400.5;448.3;493.5;461.9;1;700
1854939;MS;2;1;0;0;0;0;;;;;;
3627782;GO;;;0;0;0;0;;;;;;
2149038;MG;;;1;1;1;1;470.4;473.7;493.5;410.6;1;400
3102445;BA;2;1;0;0;0;0;;;;;;
2250108;SP;;;1;1;1;1;541.8;565.6;565.3;688.8;1;820
3402904;SP;2;1;1;1;1;1;509.3;538.4;556.9;606;1;520
2968558;PI;2;1;1;1;1;1;481.9;454.1;519.2;523.3;1;740
3997834;GO;;;1;1;1;1;474.7;425.1;390.4;377.4;1;700
829095;PE;;;1;1;1;1;555.2;603.3;587.3;611.8;1;880
360818;PE;;;1;1;1;1;471.1;374.8;444.3;389.9;1;400
1022415;SP;;;0;0;0;0;;;;;;
3195426;BA;;;0;1;1;0;;659.5;650;;1;660
2708708;SP;2;1;0;2;2;0;;;;;;
262927;GO;;;0;0;0;0;;;;;;
3056078;DF;4;1;1;1;1;1;528;554.8;554.8;470.5;1;560
2722486;RS;;;0;0;0;0;;;;;;
1009260;SP;;;1;1;1;1;484.2;476.7;540.3;394.5;1;540
754405;RS;4;1;1;1;1;1;572.6;545.5;586.1;575.8;1;680
3351331;PB;;;0;0;0;0;;;;;;
1480361;SP;4;1;1;1;1;1;690.1;750.9;636;782.1;1;900
3866964;SE;;;0;1;1;0;;588.9;547.6;;1;560
3968443;SP;;;1;1;1;1;515.1;626.7;588.6;548.1;1;720
3916101;BA;2;1;1;1;1;1;522.6;297.2;373.2;441;6;0
2786642;BA;;;1;1;1;1;452.2;424.1;446.9;592.2;1;440
2769244;RJ;;;1;1;1;1;409;466.5;447.6;524;1;400
2602245;MG;;;1;1;1;1;543.7;475.4;524;384.6;1;500
1339066;SE;;;1;1;1;1;422.8;544.2;582.3;618.4;1;920
1225416;PA;;;1;1;1;1;522.7;496.5;469.8;408.5;1;580
4108083;AC;;;0;1;1;0;;594.4;525.2;;1;660
2843238;BA;4;1;1;1;1;1;555.4;616.8;609.7;680.2;1;920
2902177;GO;;;0;0;0;0;;;;;;
377364;PI;2;1;1;1;1;1;437;473.6;439.4;458.3;1;620
891638;MS;;;0;0;0;0;;;;;;
2161340;MG;;;0;0;0;0;;;;;;
1321995;BA;;;1;1;1;1;411.2;486.5;517.9;421.3;6;0
856349;BA;;;0;2;2;0;;;;;;
3354172;GO;;;1;1;1;1;614.8;602.3;606.7;711.7;1;960
1890507;PR;2;1;1;1;1;1;584.3;636.5;592.7;675.7;1;940
2681723;RJ;;;1;2;2;1;385.3;;;754.7;;
3941003;MG;;;1;1;1;1;476.6;528.6;577.8;587.9;1;560
1692923;MG;2;1;0;0;0;0;;;;;;
1329852;PB;2;2;1;1;1;1;495.6;582.7;585.8;550.7;1;640
1286838;PA;;;0;0;0;0;;;;;;
843452;TO;;;1;1;1;1;531.9;562.7;591.8;421;1;900
4006804;RS;;;0;0;0;0;;;;;;
724038;MA;2;1;1;1;1;1;379.3;546.2;472.4;407.6;1;480
3193417;SP;;;1;1;1;1;452.9;493.1;560.1;518.8;1;620
3809514;RS;4;1;0;0;0;0;;;;;;
3295450;RJ;;;1;1;1;1;487.2;365.3;430.8;540.5;1;460
1752245;MT;2;2;0;0;0;0;;;;;;
3039198;PA;2;1;1;1;1;1;438.7;484.8;520.1;399.6;1;720
3321570;RO;;;0;0;0;0;;;;;;
2853182;BA;;;1;1;1;1;479.8;459.6;489.1;427.5;1;500
3224868;MG;;;1;1;1;1;460.4;538;476.8;470.1;6;0
1005906;BA;;;0;0;0;0;;;;;;
275144;RS;;;1;1;1;1;508.8;628.5;592;560.2;1;760
1010619;RS;;;0;0;0;0;;;;;;
3795737;RS;;;0;0;0;0;;;;;;
2701147;PA;;;0;1;1;0;;329.2;430.9;;7;0
1783722;MG;2;1;1;1;1;1;444.2;545.1;499.8;384.3;1;460
4254816;PI;;;0;0;0;0;;;;;;
1266084;RJ;2;1;1;1;1;1;572.8;549.3;532.7;612.7;1;600
1639653;MS;;;1;1;1;1;613.3;623.7;579.7;645.7;1;740
813690;MG;;;0;0;0;0;;;;;;
931243;RS;;;0;0;0;0;;;;;;
1335758;SP;;;1;1;1;1;710.2;702.1;633.5;904.3;1;860
3934501;ES;;;1;1;1;1;542.3;626.8;604.7;629.2;1;620
379635;PA;;;1;1;1;1;486.1;471.5;518.8;394.1;1;480
2322503;GO;4;1;1;1;1;1;486;530.9;587.9;712.5;1;840
197362;RJ;2;1;1;1;1;1;395.9;589.7;571;730.7;1;880
4106043;SP;2;1;0;0;0;0;;;;;;
1136789;GO;2;1;1;1;1;1;487;594;519.4;515.9;1;520
4310375;DF;;;0;0;0;0;;;;;;
836220;BA;;;0;0;0;0;;;;;;
3945818;RJ;;;1;1;1;1;606.3;653.5;595.5;653.2;1;880
68614;AL;2;1;1;1;1;1;394.8;450.6;530.4;517.4;1;880
3953126;RJ;;;0;0;0;0;;;;;;
2318143;PE;2;1;1;1;1;1;473.9;419.1;512.2;571.4;1;560
3159608;RJ;1;1;1;1;1;1;544.8;347.4;425.9;509.8;1;420
98437;BA;2;1;1;1;1;1;388.9;541.9;479.1;387.3;1;600
1994948;MG;;;0;0;0;0;;;;;;
2196704;ES;;;1;1;1;1;557;334.1;508.5;541.7;1;840
2224125;PB;2;1;0;0;0;0;;;;;;
2735927;PA;4;1;0;1;1;0;;316.6;428.5;;9;0
2868435;SP;;;1;1;1;1;453.5;436.2;470.3;553.4;1;560
1544562;BA;2;1;1;1;1;1;477.1;408.9;502.7;424.9;1;700
4323673;RS;2;1;0;0;0;0;;;;;;
3283409;SE;;;1;1;1;1;375.7;436.6;491.9;555.5;1;640
2146398;BA;;;0;1;1;0;;341.6;531.5;;1;460
2225956;SP;2;1;1;1;1;1;557.3;553.4;563.8;407.6;1;940
3861190;MG;;;1;1;1;1;563.9;610.1;514.6;690.8;1;700
1020179;RS;;;1;1;1;1;409.3;443;417.9;409;1;520
1804835;MA;;;0;0;0;0;;;;;;
2246226;PA;2;1;1;1;1;1;439.4;467.3;484.1;412.4;1;520
2632193;RS;1;1;1;1;1;1;726.5;720.9;729.1;887.5;1;880
3628267;PA;;;0;0;0;0;;;;;;
2311939;GO;;;1;1;1;1;415.5;503;574.2;477.8;1;560
3993699;PE;;;1;1;1;1;572.1;574.6;504.9;649.8;1;920
1201604;ES;2;1;1;1;1;1;465.4;531.6;542.9;494.2;1;660
1483093;SP;;;1;1;1;1;535.9;518.1;533.2;434.6;1;500
1512361;AP;;;1;1;1;1;446.3;502;368.4;408.1;1;320
2605191;GO;;;1;1;1;1;532.4;472.1;410.9;387.1;1;480
2539665;MG;;;1;1;1;1;541.4;539.3;562.9;572;1;760
912978;PE;;;1;1;1;1;437.7;408.8;511.5;552.9;1;820
2437772;MG;1;1;1;1;1;1;459.2;442.9;520.1;622.5;1;800
1115077;BA;;;1;1;1;1;397.7;505.8;565.6;373.1;1;520
2814604;CE;;;1;1;1;1;615.2;588.3;581.3;714.8;1;680
245726;RN;;;1;1;1;1;407.6;294.1;407.3;397.8;1;400
255200;BA;;;1;1;1;1;652.2;702.2;619.6;764.6;1;940
329087;SP;2;1;1;1;1;1;489.5;538;572.2;612.3;1;680
653091;RN;2;1;1;1;1;1;489.5;566.2;554.4;627.5;1;920
1883587;MG;2;1;1;1;1;1;457.9;557.9;527.1;479.8;1;640
4045657;SE;;;1;1;1;1;459.5;515.6;535.6;469.6;1;500
4049149;SP;;;0;0;0;0;;;;;;
3413418;GO;;;0;0;0;0;;;;;;
1704349;MT;2;1;1;1;1;1;429.2;397.5;431.6;403.2;1;680
1749790;PE;;;1;1;1;1;709.8;754.9;673.6;828.1;1;960
2180384;CE;;;1;1;1;1;433.9;527.5;515.6;523.1;1;580
1846964;GO;;;1;1;1;1;539.4;552;557.1;498.1;1;840
123085;CE;2;2;1;1;1;1;453;547.1;561;544.1;1;460
1279409;AM;;;1;1;1;1;360.4;435.3;421.6;440.4;1;400
2312295;BA;;;1;1;1;1;453.5;505.9;510;436.1;1;620
1926429;RJ;;;0;0;0;0;;;;;;
2380329;PA;2;1;1;1;1;1;476.9;453.3;365.4;413.6;1;300
852550;MA;;;1;1;1;1;478.8;588.8;538.5;605.1;1;900
1971410;MG;1;1;1;1;1;1;540.7;439.4;572.5;642.7;1;800
229654;SC;;;1;1;1;1;588.4;522.9;573.7;629;1;680
1472187;MS;2;1;0;0;0;0;;;;;;
3885943;RJ;;;1;1;1;1;514.7;490.3;485.9;423;4;0
676249;RJ;2;1;1;1;1;1;448.2;399.3;492.9;382.7;1;500
1677219;MG;2;1;0;0;0;0;;;;;;
3135963;PR;2;1;0;0;0;0;;;;;;
2338792;SP;;;1;1;1;1;539.5;452.1;563.3;586.6;1;560
4251643;RN;;;0;0;0;0;;;;;;
468225;RJ;2;1;1;1;1;1;502;540.2;504.8;424.5;1;560
2331435;MA;;;0;0;0;0;;;;;;
3540691;PE;;;0;0;0;0;;;;;;
2289368;DF;2;1;0;0;0;0;;;;;;
1519104;SP;;;1;1;1;1;565.9;569.3;605.9;534;1;680
1109394;SP;;;0;0;0;0;;;;;;
1764453;PA;;;1;1;1;1;578.9;646.9;621.4;417.2;1;740
2712049;GO;;;1;1;1;1;454.7;511;440.9;379.8;1;400
2614496;MA;;;1;1;1;1;602;585.3;575.4;619;1;900
3040058;RJ;;;1;1;1;1;542;585.2;623.9;561.1;1;800
1107636;PA;;;0;1;1;0;;491.6;464.3;;1;480
2944766;PI;;;1;1;1;1;387.6;454;473.3;428.6;4;0
2933024;SP;;;1;1;1;1;429.5;412.7;452.8;401.9;1;480
2581660;RS;2;1;1;1;1;1;518.8;514.4;538.8;604;1;760
4077555;PA;;;0;0;0;0;;;;;;
1608859;MA;2;1;1;1;1;1;420.4;552.3;546.3;390.2;1;620
3622430;AM;;;0;1;1;0;;451.5;506.9;;1;600
4234164;SC;;;1;1;1;1;376.4;519.1;492.2;562.9;1;560
3407393;MA;;;1;1;1;1;525.6;428.5;525.3;567.7;1;760
2254816;PA;2;2;0;0;0;0;;;;;;
3389098;MA;;;0;0;0;0;;;;;;
2538912;SP;2;1;1;1;1;1;515.4;564.8;491.7;496.2;1;360
1279212;SC;4;1;1;1;1;1;655.8;661.5;660.7;751.1;1;720
3030603;PE;;;1;1;1;1;497.8;371.2;520.4;534.9;1;680
279295;CE;;;0;1;1;0;;589.7;473.3;;1;920
4150639;BA;2;1;0;0;0;0;;;;;;
3766850;PB;;;1;1;1;1;597.1;625.9;614.4;666.4;1;840
1474245;PA;2;1;1;1;1;1;454.2;491;494.5;401.3;1;720
1344107;BA;;;0;0;0;0;;;;;;
1445559;PI;1;1;1;1;1;1;387;417.6;455.2;471.7;1;640
2478546;RJ;;;1;1;1;1;548.2;535.9;549.1;693.3;1;560
3804352;MA;;;0;1;1;0;;494.1;523.2;;1;520
1647894;PA;;;1;1;1;1;508;403.5;483;500.7;1;620
2017913;BA;;;1;1;1;1;453.2;437.1;481.8;591.6;1;500
559817;MA;;;1;1;1;1;373.6;439;396.2;401.5;1;360
2671682;GO;2;1;1;1;1;1;439.5;464.5;478.7;445;1;420
3386745;GO;;;1;1;1;1;594.5;634;570.5;676.4;1;860
2522683;BA;2;1;1;1;1;1;403.7;362.1;328.9;383.9;1;380
1220979;PI;;;0;0;0;0;;;;;;
1582535;RJ;2;1;0;0;0;0;;;;;;
1572944;RS;;;1;1;1;1;480.4;421.7;522.3;601.8;1;660
2669930;AL;4;1;1;1;1;1;449.1;524;515.1;499.2;1;560
1945683;SP;;;1;1;1;1;579;662;640.4;619.9;1;920
2540886;CE;2;1;1;1;1;1;410.8;410.4;430.1;423.9;1;580
2183453;RJ;;;1;1;1;1;370.1;543;562;407.2;1;780
2572968;PA;2;1;1;1;1;1;437.2;523.9;473.1;485.7;1;580
528186;SP;2;1;1;1;1;1;496.4;572.2;556.2;445.1;1;620
2368882;RS;4;1;1;1;1;1;520;521.2;480.2;414.2;1;600
541142;CE;2;1;1;1;1;1;550.4;543.1;363;509.7;1;560
970611;CE;;;1;1;1;1;469.9;459;471.8;612.7;1;540
736648;MG;4;1;1;1;1;1;636.2;657.1;639.1;783;1;920
1081858;CE;2;1;1;1;1;1;534.6;544.9;578;701.3;1;820
3219769;RJ;4;1;1;1;1;1;386.8;297.3;560.1;465.7;1;500
1612524;PA;;;0;0;0;0;;;;;;
4092054;PE;;;0;0;0;0;;;;;;
2864148;RS;;;1;1;1;1;512.4;559.2;511.6;484.4;1;620
2451578;SP;;;1;1;1;1;506.6;633.8;583.4;392.8;1;660
1304324;PR;2;1;1;1;1;1;616.5;510.9;523.3;690.9;1;780
3379025;PE;2;1;1;1;1;1;528.3;388;531.3;540.1;1;480
2221274;MA;;;1;1;1;1;455.9;523.7;540.4;456.1;1;720
3802580;SP;;;1;1;1;1;560.9;572.7;599.4;651.2;1;880
1044536;CE;2;2;1;1;1;1;506.6;523.5;543.3;481.2;1;620
2013127;PB;;;0;0;0;0;;;;;;
2916467;SP;;;0;0;0;0;;;;;;
322234;SP;;;0;0;0;0;;;;;;
523732;AC;;;1;1;1;1;464.6;446.1;450.8;430.9;1;700
1735619;CE;;;1;1;1;1;535;545.2;514.1;403.5;1;780
1199307;PA;;;1;1;1;1;482.8;522.1;530;503.7;1;800
3026723;MG;;;1;1;1;1;452.2;545.2;594.9;479.5;1;700
2122267;PB;;;0;0;0;0;;;;;;
1095671;SC;;;1;1;1;1;534.2;503.8;459.2;391.6;1;580
348415;GO;2;1;1;1;1;1;460.7;521.4;542.2;492.7;1;680
2791890;RJ;2;1;0;0;0;0;;;;;;
1813475;BA;4;1;1;1;1;1;599.1;628.8;598.7;649.5;1;920
2318447;RS;2;1;1;1;1;1;582.9;572.6;554.6;614.3;1;580
1252313;RO;;;0;0;0;0;;;;;;
2564539;GO;;;1;1;1;1;574;629.6;605.5;627.2;1;720
3545254;PI;;;0;1;1;0;;0;0;;4;0
2469372;PA;2;1;0;1;1;0;;479.1;542.5;;4;0
1961878;MA;2;1;1;1;1;1;486.4;506.1;500.2;571.9;1;800
4076692;SP;2;1;1;1;1;1;477;485.5;533.8;436.4;1;580
1643608;PA;4;1;0;0;0;0;;;;;;
3130715;SP;4;1;1;1;1;1;556.6;591.3;574.7;626.3;1;800
2169054;AL;;;0;0;0;0;;;;;;
2991445;PB;;;1;1;1;1;474.8;540.3;532.8;528.7;1;880
2577077;MG;2;1;0;0;0;0;;;;;;
1587934;MA;2;1;1;1;1;1;414.5;351;425.6;386;1;500
761407;PR;;;1;1;1;1;490.4;572;599.2;674.8;1;740
4262535;AM;;;0;0;0;0;;;;;;
1022312;BA;;;0;0;0;0;;;;;;
4164069;RS;;;0;0;0;0;;;;;;
3403639;RS;2;1;1;1;1;1;523.3;376;550;496.3;1;600
705237;RJ;;;0;1;1;0;;540.6;556.6;;4;0
1323108;PE;;;1;1;1;1;565.7;421.3;517;420.1;1;620
3054936;RJ;;;0;0;0;0;;;;;;
1978184;CE;;;0;1;1;0;;450.6;542.3;;1;640
3350641;AM;2;1;0;0;0;0;;;;;;
2617887;BA;4;1;1;1;1;1;474.5;591;570.4;521.6;1;720
3783542;SP;;;1;1;1;1;548.8;575.8;595;557.8;1;740
1669548;SP;;;1;1;1;1;462.8;494.2;525.5;382.3;1;540
1481802;RS;;;1;1;1;1;551.1;573;580.3;507.5;1;640
1098588;CE;;;1;1;1;1;642.8;643.6;608.5;671.3;1;900
3993040;MG;2;1;1;1;1;1;555.8;584.9;517.9;609.1;1;800
2685523;RS;2;1;1;1;1;1;601.6;565.6;580.1;634.9;1;700
982432;BA;;;1;1;1;1;596.6;588.5;572.6;720;1;920
3458089;GO;;;1;1;1;1;552.2;542.3;559;571.8;1;620
3862677;MA;;;1;1;1;1;467.4;546.6;533.9;567.6;1;780
3612057;MG;;;0;0;0;0;;;;;;
371834;CE;;;1;1;1;1;484.1;463.7;384.8;422.3;4;0
184609;SP;4;1;1;1;1;1;415;373.8;425.1;556.9;1;560
3279265;RS;2;1;1;1;1;1;380.6;365.8;495.2;420.7;1;420
3868805;PA;;;0;0;0;0;;;;;;
2757702;SE;;;1;1;1;1;668.8;665.1;608.1;813.3;1;900
2716127;SP;2;1;1;1;1;1;446.3;598.5;590;538.1;1;880
4226838;AP;;;0;0;0;0;;;;;;
1219586;SP;2;1;1;1;1;1;476.1;450.5;488.4;407.9;1;320
152480;TO;1;1;1;1;1;1;461.2;460.2;517.2;449.7;1;800
4226315;SP;;;1;1;1;1;514.4;478.3;565.1;521.8;1;500
3970131;BA;;;1;1;1;1;472.4;553;459;407;1;640
1715113;PE;;;0;0;0;0;;;;;;
2991281;PI;;;0;0;0;0;;;;;;
3518028;BA;;;1;1;1;1;464.6;493.1;502.9;473.5;1;560
1896499;SP;4;1;1;1;1;1;536.1;566.9;518.6;670.1;1;640
4098300;MG;2;1;0;1;1;0;;486.4;521.3;;1;460
4325403;RS;;;0;0;0;0;;;;;;
2723470;MG;;;1;1;1;1;623.1;643.3;617.1;726.8;1;840
3614597;BA;;;1;1;1;1;547.5;655.7;643.9;682;1;680
2246812;SP;;;0;0;0;0;;;;;;
738979;BA;2;1;1;1;1;1;434.5;513;460.8;406.8;1;680
627959;GO;;;0;0;0;0;;;;;;
2306265;PR;;;1;1;1;1;531.8;493.2;528.6;424.3;1;660
2754439;TO;;;1;1;1;1;380.8;397.2;373;390;1;400
3337144;PE;;;0;0;0;0;;;;;;
2125211;RJ;;;1;1;1;1;418;440.7;510;388;1;300
3569071;SC;4;1;1;1;1;1;637;536.7;572.7;551;1;800
2078309;BA;;;1;1;1;1;454.2;570.8;542;539.3;1;820
3001589;RJ;;;1;1;1;1;530.6;580;560.8;541.1;1;680
2950537;RO;;;1;1;1;1;500.2;613.1;561.6;527.2;1;620
4208094;SP;;;0;0;0;0;;;;;;
827972;BA;;;0;0;0;0;;;;;;
144885;MT;;;1;1;1;1;480.5;565.8;556.6;426;1;680
3931627;BA;;;0;0;0;0;;;;;;
1967093;SP;4;1;1;1;1;1;627.1;660.4;635.7;716.3;1;780
3205233;MG;4;1;1;1;1;1;540.5;607.7;600.8;626.7;1;900
403659;PE;2;1;1;1;1;1;425.1;352.6;541.3;400.4;1;520
3677052;MA;;;1;1;1;1;413.6;445;490.6;521.3;1;320
3715133;PB;;;1;1;1;1;432.6;417.7;350.5;492.7;1;360
699364;MG;;;0;0;0;0;;;;;;
2745479;MA;;;1;1;1;1;529.6;571.8;603.6;606.5;1;540
3196210;PE;2;1;1;1;1;1;565.6;589.6;528.6;515.8;1;600
4059698;CE;;;0;0;0;0;;;;;;
3035514;PA;;;1;1;1;1;406.9;506.3;545;450.6;1;540
4054721;PR;;;1;1;1;1;577;511.6;535.5;618.4;1;480
2045159;CE;;;1;1;1;1;498.9;531.7;449.9;540.5;1;820
1894205;PA;;;0;0;0;0;;;;;;
3782343;BA;2;1;0;0;0;0;;;;;;
430813;MT;;;1;1;1;1;486.2;526.3;534.9;452.6;1;700
3439495;MG;;;1;1;1;1;562.1;607.3;601.4;618.2;1;900
3843069;PR;;;1;1;1;1;521.1;416.3;608.4;565.1;1;660
1113079;CE;;;1;1;1;1;392.6;546.4;520.5;561;1;720
3608394;RJ;;;0;0;0;0;;;;;;
1659486;PB;;;0;0;0;0;;;;;;
1730019;DF;2;1;1;1;1;1;419.3;443;507;422.6;1;560
395203;PA;2;1;1;1;1;1;394.6;354.3;399.4;458;1;440
3179545;SP;;;1;1;1;1;434.6;544.7;545;462.1;1;580
3495629;PR;2;1;1;1;1;1;504.8;542.6;564.7;548.8;1;520
201364;SP;2;1;1;1;1;1;443.7;521.4;533;534.8;1;880
1889610;PE;2;1;0;1;1;0;;342;460.2;;1;440
3937898;SC;;;0;0;0;0;;;;;;
1515959;DF;;;0;0;0;0;;;;;;
1156127;SP;2;1;1;1;1;1;480.9;512.6;567.8;625.6;1;820
1740155;AM;2;1;0;0;0;0;;;;;;
2078496;MG;;;1;1;1;1;449.5;533.4;487.8;413.8;1;540
1542654;GO;2;1;0;0;0;0;;;;;;
1455032;MS;;;1;1;1;1;491.8;529.4;464.8;509.4;1;400
1039883;RS;2;1;0;0;0;0;;;;;;
912724;SP;2;1;1;1;1;1;536.7;511.9;533.2;695.8;1;640
2860896;CE;;;1;1;1;1;565.2;545.8;577.7;612.7;1;920
4023637;AL;;;0;0;0;0;;;;;;
2488743;AP;2;1;1;1;1;1;386.1;374.4;355.5;395.3;1;240
3248293;ES;1;1;1;1;1;1;592.4;565.2;520.4;689.7;1;900
2451717;SP;2;1;0;0;0;0;;;;;;
3892669;MA;;;1;1;1;1;412.3;384.7;341;407.4;3;0
3905677;SP;;;1;1;1;1;588.7;631.4;596.8;625.5;1;640
603053;GO;;;1;1;1;1;431.8;498.5;515.6;449.3;1;640
3124306;GO;2;1;0;0;0;0;;;;;;
628491;BA;;;1;1;1;1;442.8;439.8;518;443.7;1;700
4274472;MS;;;0;0;0;0;;;;;;
1314472;RN;2;1;1;1;1;1;447;432.6;381.3;541.2;1;500
369081;PR;;;0;0;0;0;;;;;;
3520101;RS;;;1;1;1;1;413.5;512.6;566.9;617.1;1;700
3730416;SC;;;1;1;1;1;491.2;478.5;496.5;654.2;1;620
2939178;RJ;;;0;0;0;0;;;;;;
4328114;RS;;;0;0;0;0;;;;;;
1445912;SP;;;1;1;1;1;461.4;573.3;588.2;483.7;1;820
525581;RJ;;;0;0;0;0;;;;;;
892672;MG;;;1;1;1;1;528.4;480.3;484.7;533.5;1;920
2429116;PR;;;1;1;1;1;570.1;411;464.9;561.1;1;420
3716833;RS;;;0;0;0;0;;;;;;
2848434;BA;;;1;1;1;1;554;566.1;547.9;425.7;1;560
351724;AM;;;0;0;0;0;;;;;;
3007300;AL;;;1;1;1;1;479.9;400.7;440.9;389.9;1;400
1599071;BA;2;1;1;1;1;1;416.8;545.3;466.7;466.2;1;540
2008066;MA;;;1;1;1;1;441;556.6;535.4;389.3;1;460
3294706;MG;;;1;1;1;1;491.9;542.8;543.6;504.7;1;560
1697203;CE;2;1;0;1;1;0;;358.3;418.6;;1;560
392406;CE;;;0;1;1;0;;488.4;525.7;;1;500
2591585;MG;;;1;1;1;1;470.7;539.8;562.9;438.1;1;560
2382816;MG;;;0;0;0;0;;;;;;
125188;SE;2;1;1;1;1;1;354.3;501.1;500.1;596.7;1;800
2943700;PE;2;1;0;0;0;0;;;;;;
1904123;PE;2;1;1;1;1;1;444;497;533.2;539.3;1;700
2030961;PA;;;0;1;1;0;;382.3;390.6;;4;0
3673332;MA;;;1;1;1;1;406;348.8;386;458.8;3;0
2803815;PI;;;1;1;1;1;468;534.1;564.7;445.5;1;620
1326309;PI;;;1;1;1;1;444.3;430.7;500.1;497.5;1;540
3380712;AM;2;2;0;0;0;0;;;;;;
754914;SP;4;1;1;1;1;1;593.4;631.6;625.5;747.9;1;740
479288;MG;;;1;1;1;1;559.3;615.1;622.7;730.9;1;900
1285695;DF;;;1;1;1;1;674;709.7;619.4;787.5;1;940
1626552;GO;2;1;1;1;1;1;482.5;515;513.2;458.6;1;600
2681245;SC;;;1;1;1;1;585.5;568.2;550.6;656.5;1;800
1056999;SP;;;1;1;1;1;576.3;621.1;608.3;689.8;1;760
2519775;PR;;;1;1;1;1;437.6;532.9;511.7;488.8;1;560
2790310;PI;;;1;1;1;1;406.4;385.1;510.3;386.6;1;360
112016;BA;;;1;1;1;1;384.8;425.6;389.2;491.9;1;460
2924948;SP;2;1;0;0;0;0;;;;;;
1983710;TO;;;1;1;1;1;564.5;538.1;541;474.6;1;800
603379;ES;;;1;1;1;1;388.1;476.8;520.9;413.4;1;700
4098282;SP;2;1;1;1;1;1;520.8;449.5;449.9;444.1;1;560
2907280;CE;;;1;1;1;1;435.4;369.5;411.5;460.4;1;380
661495;MG;2;1;1;1;1;1;414.7;568.5;547.1;577.2;1;800
1427621;CE;2;1;1;1;1;1;531.7;544.6;541.9;523.5;1;780
1599850;BA;;;0;2;2;0;;;;;;
3488273;SE;;;1;1;1;1;494.8;420.1;499.5;400.1;1;640
1617782;MG;2;1;1;1;1;1;447.3;533.1;516.2;401.1;1;600
2417749;GO;;;1;1;1;1;453.8;542.2;522.5;549.6;1;520
2496216;BA;;;0;0;0;0;;;;;;
1952816;RS;2;1;1;1;1;1;420.8;491.3;526.3;463.3;1;480
68870;PE;2;1;1;1;1;1;467.8;494;445.3;504.4;1;840
3793737;MT;;;0;0;0;0;;;;;;
1680533;SP;2;1;0;0;0;0;;;;;;
138812;AC;;;1;1;1;1;439.9;534;552.5;400.9;1;620
3178030;RJ;2;1;1;1;1;1;566.6;553.5;570.5;534.2;1;660
1043122;PB;2;1;1;1;1;1;479.2;408.6;488.8;433.5;6;0
760050;SP;;;1;1;1;1;566.8;589.1;598.7;606.6;1;660
3678847;RS;2;1;1;1;1;1;417.6;503.5;498.4;432.8;1;580
1632946;PE;2;1;1;1;1;1;500.9;544.8;513.1;614.2;1;760
3896591;PA;;;1;1;1;1;379.5;441.7;460.5;442.2;1;620
2909530;SP;2;1;1;1;1;1;474.9;531.6;518;533.3;1;660
329048;RN;2;1;1;1;1;1;418.1;439.1;539.3;427.8;1;540
3019809;PB;2;1;1;1;1;1;420;499.9;550.1;447.6;1;780
4166066;BA;2;1;1;1;1;1;388.6;357.6;484.1;443.1;1;240
2527181;RN;;;1;1;1;1;618.3;369.4;506;574.5;1;620
1031407;GO;4;1;1;1;1;1;576.8;566.8;522.7;721.7;1;640
3615191;MA;;;0;0;0;0;;;;;;
2258030;MG;;;0;0;0;0;;;;;;
25400;TO;2;1;1;1;1;1;421.9;347.7;488.1;386.8;1;480
1974602;PE;;;1;1;1;1;378.1;460.8;481;566.6;1;700
613820;CE;2;1;1;1;1;1;440.1;455.5;342.4;503.7;1;720
2438583;MG;2;1;0;0;0;0;;;;;;
3121207;SP;;;0;0;0;0;;;;;;
970293;GO;;;1;1;1;1;589.9;576.9;578;671.2;1;900
1643914;CE;;;0;0;0;0;;;;;;
3782664;MA;2;1;1;1;1;1;399.9;459.8;477.9;430.6;1;320
1616558;PR;;;0;0;0;0;;;;;;
288352;PI;1;1;1;1;1;1;444.8;530.9;539.2;493.3;1;640
1334822;PE;1;1;1;1;1;1;443.4;412.5;499;417.2;1;520
3857821;PR;;;0;0;0;0;;;;;;
3765928;AM;;;1;1;1;1;451.7;445.4;455.3;420;1;540
4238304;AP;;;0;0;0;0;;;;;;
3064990;SP;;;0;0;0;0;;;;;;
1414279;BA;;;1;1;1;1;588.6;445.4;518.4;563;1;840
1538213;PR;2;1;1;1;1;1;534.7;437.2;500.5;438.9;1;580
77656;BA;;;1;1;1;1;407.3;441;526.3;467.8;1;660
919954;MG;;;1;1;1;1;450.9;590.8;539.8;631.7;1;600
3952027;PA;;;0;0;0;0;;;;;;
4058825;DF;;;1;1;1;1;463.2;590.1;595.8;741.4;1;780
1209859;PA;;;0;0;0;0;;;;;;
1337745;SE;;;0;0;0;0;;;;;;
104595;PI;;;0;0;0;0;;;;;;
2097413;PA;;;0;1;1;0;;412.9;498.1;;1;440
647683;PB;2;1;1;1;1;1;364.2;458.9;488.4;403.4;1;440
359010;SP;2;1;1;1;1;1;459.3;552.7;538.6;521.8;1;660
2855822;SC;2;1;1;1;1;1;498.2;521.7;544.3;473.5;1;420
620760;RN;;;0;0;0;0;;;;;;
1845705;MG;4;1;1;1;1;1;597.9;606.4;540.8;724.5;1;820
4003390;PB;;;1;1;1;1;399.2;477.5;468.9;415;1;660
1742205;MA;2;1;1;1;1;1;433.3;405.7;474.7;421.4;1;460
3777754;CE;;;1;1;1;1;488.9;477.7;470.1;452.5;1;520
1623167;RJ;;;1;1;1;1;539.7;554.9;566.3;499.3;1;600
3649575;TO;2;1;1;1;1;1;401.2;355.9;437.5;533.5;1;320
162296;AL;;;0;0;0;0;;;;;;
593383;CE;2;1;1;1;1;1;441.9;469.3;544.6;461.9;1;580
4331462;RS;;;0;0;0;0;;;;;;
3370739;RJ;4;1;1;1;1;1;604.6;597;559;709.7;1;660
1409973;RJ;2;1;1;1;1;1;530;535.5;554.4;453.5;1;620
3236142;RJ;;;1;1;1;1;572.6;658.4;651.5;633.7;1;640
485511;AM;2;1;1;1;1;1;477.2;507.5;401.4;411.1;6;0
3390084;MG;;;1;1;1;1;594;582;566.6;694.3;1;880
943998;PR;;;0;1;1;0;;475.7;494.7;;1;620
2982562;MG;;;0;1;1;0;;356.9;360.4;;4;0
2065041;SP;;;1;1;1;1;638.1;698;629.1;785.2;1;860
3015670;BA;2;1;0;0;0;0;;;;;;
2219351;PB;;;0;1;1;0;;565.5;568.2;;1;780
930669;AP;;;1;1;1;1;463.5;331.5;506.1;471.1;1;340
3373922;MG;;;0;0;0;0;;;;;;
3050315;PR;2;1;0;0;0;0;;;;;;
1819817;MG;1;1;1;1;1;1;590.1;641.2;597.1;604.2;1;920
1575990;RS;;;1;1;1;1;447.4;499.6;528.2;617.4;1;580
2748143;SP;;;0;0;0;0;;;;;;
251478;SP;4;1;1;1;1;1;616.8;685.8;606.8;705.5;1;720
1504287;SP;;;0;0;0;0;;;;;;
468698;MG;1;1;1;1;1;1;555.5;542;474.6;655.4;1;760
2885516;ES;;;1;1;1;1;491.2;580.6;583.4;638.6;1;800
754043;BA;;;0;1;1;0;;577.6;563.6;;1;920
1331461;GO;;;0;0;0;0;;;;;;
2858804;RS;2;1;1;1;1;1;580;528.4;533.1;608.3;1;700
22509;RJ;2;1;1;1;1;1;510.7;439;516.7;544.4;1;660
2987425;SP;;;1;1;1;1;455.3;509.9;530.8;508.5;1;440
473618;DF;2;2;1;1;1;1;405.2;475.4;550.8;548.9;1;800
4182600;RJ;;;1;1;1;1;560.2;478.7;396.7;520.6;1;460
938519;SP;;;1;1;1;1;411.9;417.2;448.5;389.1;1;540
1104807;SP;2;1;1;1;1;1;566.5;580.8;590.7;561.7;1;800
346171;RJ;;;0;0;0;0;;;;;;
4032249;PE;2;1;0;0;0;0;;;;;;
2401468;SC;2;1;1;1;1;1;589.4;678.7;647;654;1;780
207639;MG;2;1;1;1;1;1;485.2;415;553.9;463.1;1;560
1778493;PB;;;0;0;0;0;;;;;;
1238021;GO;;;1;1;1;1;590.9;578.1;555.7;591.7;1;540
2444236;RJ;2;1;1;1;1;1;408.4;374.3;443.7;388.1;4;0
2154428;AP;;;1;1;1;1;382.2;412.8;363.5;404.3;1;240
3164342;PI;;;1;1;1;1;500.7;569.5;572.5;680.7;1;960
3238966;CE;;;0;1;1;0;;459.9;420.3;;1;520
4234712;SP;;;0;0;0;0;;;;;;
1385461;RN;;;1;1;1;1;424.9;512.4;500.2;514.3;1;400
2906382;AL;;;1;1;1;1;443.4;425.3;511.9;417.4;1;540
2979209;MG;;;1;1;1;1;495;410.8;446.7;444.7;1;420
768178;PA;;;1;1;1;1;583.3;608.6;640;620.6;1;480
2706551;PA;;;1;1;1;1;464;402.2;439.5;409.7;1;360
3205411;AM;2;2;1;1;1;1;490.9;463;489.6;379.9;1;460
3595259;RN;;;1;1;1;1;460.8;510.2;510.7;461.4;1;440
2001733;MG;;;1;1;1;1;559.9;620.9;616.4;664.7;1;920
2721160;PR;;;1;1;1;1;493.5;509.2;551.2;497.2;1;580
2367014;MG;4;1;1;1;1;1;476;592.9;555.8;678;1;800
3132058;MA;;;0;0;0;0;;;;;;
808016;SP;;;1;1;1;1;524.3;588.8;559.5;573.2;1;800
2568111;TO;;;1;1;1;1;506.6;553;539.1;505.4;1;620
363863;PA;2;1;1;1;1;1;400.4;501.2;473.1;519.9;1;740
242738;MG;;;1;1;1;1;685.3;716.4;608.4;783.6;1;820
790262;SC;;;1;1;1;1;523.6;493.2;499.2;407.3;1;700
1298573;DF;;;1;1;1;1;625.7;486.5;595.9;601.1;1;760
1597827;AL;;;1;1;1;1;674.2;700.1;589;814.4;1;960
1341636;RS;2;1;1;1;1;1;518.9;501.5;493.6;466.8;1;400
1300249;SP;2;1;1;1;1;1;569.3;610.2;565.5;680.6;1;740
1306061;RO;2;1;1;1;1;1;545;595.6;597.8;665.5;1;860
205839;PI;;;1;1;1;1;467;449.4;531.9;432.9;1;680
344969;MA;;;1;1;1;1;400;438.9;487.1;431.3;1;620
3703504;SC;;;1;1;1;1;391.6;509;538.4;441.7;1;480
4023367;BA;;;0;0;0;0;;;;;;
579529;SP;;;1;1;1;1;491;365.9;366.4;474.8;1;240
1059636;PI;2;1;1;1;1;1;374.2;398.4;388.1;393.7;3;0
2024896;RS;;;0;0;0;0;;;;;;
2170224;MG;;;0;0;0;0;;;;;;
356176;PA;2;2;1;1;1;1;358.7;461.4;442.4;398.5;1;380
1317998;SE;;;1;1;1;1;480.9;574.9;543.1;424.4;1;880
3171612;PE;2;1;0;0;0;0;;;;;;
1571345;CE;2;2;1;1;1;1;455.1;560.1;493.4;600.2;1;480
3555788;DF;;;0;0;0;0;;;;;;
1560948;CE;2;1;1;1;1;1;476.9;302.9;431.1;437.4;3;0
3944001;SP;2;1;1;1;1;1;480.7;507.2;519.3;472.6;1;620
4264002;PR;2;1;1;1;1;1;453.6;486.9;522.2;387.4;1;520
2368145;DF;4;1;1;1;1;1;677.2;725.9;626.3;780.7;1;840
3417955;MG;1;2;1;1;1;1;437.4;495.8;528.4;456.3;1;660
617009;PI;;;1;1;1;1;492;533.5;364.6;385.8;1;740
3268837;RJ;;;0;0;0;0;;;;;;
2472419;CE;;;1;1;1;1;618;630.1;599.2;667.6;1;540
3202756;RN;;;1;1;1;1;607.9;645.5;681.6;703.6;1;900
1734691;CE;2;1;1;1;1;1;574.4;574.3;577.4;599;1;760
994890;GO;2;1;0;0;0;0;;;;;;
78788;RS;;;0;0;0;0;;;;;;
851841;PE;;;1;1;1;1;495.7;542;554.8;372.9;1;880
3660384;AP;;;0;0;0;0;;;;;;
4116132;RS;;;0;0;0;0;;;;;;
1126673;RN;;;0;0;0;0;;;;;;
3550837;MS;;;1;1;1;1;488.7;494;538.7;413.1;1;660
2781769;RO;;;1;1;1;1;571.6;605.5;582.3;669.5;1;760
2648422;SP;;;0;0;0;0;;;;;;
1055909;PB;2;1;1;1;1;1;471;508;465.1;440;1;600
1810286;PA;;;1;1;1;1;485;552.3;590.7;446.8;1;580
1749439;SP;4;1;1;1;1;1;564.1;597.1;586.2;593.8;1;920
384647;RJ;2;1;0;0;0;0;;;;;;
3307681;RN;;;0;0;0;0;;;;;;
648528;RS;;;1;1;1;1;455;308.7;515.2;379.7;6;0
150130;RJ;;;1;1;1;1;672.7;696.5;623.9;843.9;1;920
1692435;CE;2;1;1;1;1;1;382.6;448.2;374.6;426.5;1;440
3209345;SP;;;0;0;0;0;;;;;;
2828330;SP;;;1;1;1;1;484.1;387.1;500.6;431.2;1;540
1086173;TO;2;1;1;1;1;1;391.8;402.7;432.9;494.6;1;480
858632;SP;2;1;1;1;1;1;486.3;565.7;606;692.3;1;880
4041969;AL;1;1;0;0;0;0;;;;;;
382479;PA;;;1;1;1;1;532.2;470.1;589.2;424.4;1;620
2483625;AL;;;0;0;0;0;;;;;;
2804338;MG;;;1;1;1;1;531.4;380.7;510.9;612.2;1;740
2743117;BA;;;1;1;1;1;589.9;607.3;600.6;642.7;1;840
1362372;GO;;;1;1;1;1;526.8;478;540.6;619.1;1;640
3017364;MG;;;1;1;1;1;619.5;486.7;546;552.3;1;620
3916274;BA;2;1;0;0;0;0;;;;;;
1134276;PA;;;1;1;1;1;422.5;467.4;512.1;418;1;600
3643698;BA;2;1;1;1;1;1;454;465.9;544.7;394.1;1;520
503887;AC;;;1;1;1;1;616;650;577.5;617.9;1;920
2933372;RJ;4;1;1;1;1;1;595.4;535.3;597.4;673.5;1;620
3640934;PE;;;0;0;0;0;;;;;;
3127961;PA;;;0;1;1;0;;670.5;578.7;;4;0
121763;SP;2;1;1;1;1;1;427.9;548.6;564.2;551;1;820
3316156;MG;1;2;1;1;1;1;437.7;528.5;559.5;384.6;1;580
1291853;CE;2;1;1;1;1;1;388.3;311;406.1;488.1;4;0
596084;PE;2;1;0;1;1;0;;460.8;463.8;;1;520
753359;MG;;;0;0;0;0;;;;;;
641206;BA;;;0;0;0;0;;;;;;
1446091;SP;2;1;1;1;1;1;366;0;478.3;388.4;1;620
2610574;PE;;;0;0;0;0;;;;;;
771665;RN;2;1;1;1;1;1;509.5;393.2;393.2;496.5;1;760
3511116;PE;;;1;1;1;1;486.4;337.4;479.6;596.7;1;360
2144691;SP;;;0;1;1;0;;349;440;;1;440
3081933;AL;2;2;1;1;1;1;435.3;383.4;319.8;404.2;1;640
3123237;SP;;;1;1;1;1;411.7;441;488.2;470.3;1;520
1946486;DF;2;1;1;1;1;1;480;540.4;559.5;643.8;1;800
913799;RS;;;1;1;1;1;442.7;495.6;521.1;471.3;1;760
3909849;SP;;;0;0;0;0;;;;;;
746881;MS;4;1;1;1;1;1;576.1;671.2;617.6;689;1;900
2734137;SP;;;0;0;0;0;;;;;;
404296;PI;;;1;1;1;1;415.5;420.1;440.3;423.4;1;160
3105947;SP;2;1;1;1;1;1;604.7;598.3;593.4;631.8;1;680
3072619;MG;;;1;1;1;1;366.4;422.8;484.4;394.4;1;440
4181874;AC;;;0;0;0;0;;;;;;
4317181;RS;2;1;0;0;0;0;;;;;;
1354538;MG;2;1;1;1;1;1;577.2;637.1;552.5;706.2;1;800
1564445;MA;;;0;0;0;0;;;;;;
3444096;PI;2;1;1;1;1;1;527.6;594.1;607.9;534.9;1;660
471866;MT;;;1;1;1;1;473.7;566.9;540.4;404.8;1;620
2042454;TO;;;1;1;1;1;560.4;539.2;489.7;519.8;1;760
2228379;PE;2;1;1;1;1;1;479.6;543.8;557.3;605.9;1;640
3577942;PR;2;1;1;1;1;1;417.5;412.9;546.4;376.2;4;0
2004728;BA;1;2;1;1;1;1;610.2;482.3;445.1;664.1;1;700
2314231;PA;;;1;1;1;1;470.9;415.5;485.7;494.1;1;540
1905913;RO;;;0;0;0;0;;;;;;
1591571;SP;;;1;1;1;1;588.3;598.4;581.9;593.6;1;760
2292848;ES;;;0;0;0;0;;;;;;
3332922;RS;;;1;1;1;1;446.7;326.3;523.7;547.8;1;500
4131609;ES;;;1;1;1;1;645.8;670.6;575.3;745.7;1;820
3541865;RJ;4;1;1;1;1;1;503.3;523.9;562.8;632.7;1;560
2561088;SP;4;1;1;1;1;1;546.3;543.9;529.9;549.1;1;520
410856;PE;;;1;1;1;1;425.3;379;456.3;420.2;1;600
2870696;PI;;;0;0;0;0;;;;;;
2349168;MA;;;0;0;0;0;;;;;;
3577770;RS;;;0;0;0;0;;;;;;
1786922;BA;4;1;1;1;1;1;610.1;582.6;612.3;788.4;1;940
3669254;SP;;;1;1;1;1;602.2;482;538.5;547.7;1;600
1618863;MG;2;1;1;1;1;1;476.2;590.8;567.2;593.6;1;920
3591717;PB;4;1;1;1;1;1;398.2;431.3;490.6;615.8;1;620
3767234;MG;;;1;1;1;1;580.2;572.2;505.7;568.6;1;620
3751333;SP;;;0;0;0;0;;;;;;
1751226;SP;;;1;1;1;1;569.4;641.2;573.8;610.3;1;820
2741916;PE;2;1;0;0;0;0;;;;;;
3656884;AM;;;1;1;1;1;506.4;499.8;526.1;557.3;1;540
708372;PE;;;1;1;1;1;344.5;473.8;495.4;396.2;1;260
3914586;PB;;;1;1;1;1;584.5;611.6;567;438.2;1;640
838178;PE;;;1;1;1;1;394.7;524.1;513.5;421.3;1;840
4049502;SP;;;0;0;0;0;;;;;;
405769;BA;;;1;1;1;1;364.1;498.3;493.8;426.5;1;540
3753025;SP;;;1;1;1;1;470.5;537.4;508.4;537.1;1;500
621322;GO;;;1;1;1;1;380.6;531;543;520.6;1;600
2681388;PE;2;1;0;0;0;0;;;;;;
363715;CE;2;1;0;0;0;0;;;;;;
2367651;SP;;;1;1;1;1;549.8;621.8;594.8;653.4;1;760
3422401;MG;4;1;1;1;1;1;612.3;378.7;480.8;568.4;1;540
4172925;RS;;;0;0;0;0;;;;;;
2880858;GO;;;0;1;1;0;;498.3;439.9;;1;580
724665;RJ;;;1;1;1;1;445.5;476;493.5;485.9;1;660
1437183;MA;2;1;1;1;1;1;472.1;467.1;499;447.4;1;640
167203;PA;2;1;1;1;1;1;450.3;414.4;440.8;404.4;1;560
2707485;MG;;;0;0;0;0;;;;;;
2661026;MG;;;0;0;0;0;;;;;;
1302050;SP;2;1;1;1;1;1;529.6;487.7;513.8;580;1;480
3279352;PE;;;1;1;1;1;524.9;499.4;549.1;455.4;1;600
132744;PA;;;0;0;0;0;;;;;;
3920581;RS;2;1;0;1;1;0;;521.8;416;;1;580
2194723;SP;;;1;1;1;1;454.3;426.6;559.9;493.7;1;560
599347;RJ;;;1;1;1;1;437.8;531;378.2;470.7;1;640
3931175;SP;4;1;0;0;0;0;;;;;;
3910566;SP;2;1;0;0;0;0;;;;;;
4213382;PB;;;0;0;0;0;;;;;;
2194411;SP;;;0;0;0;0;;;;;;
2772657;PA;;;0;0;0;0;;;;;;
4006200;TO;;;1;1;1;1;393.6;481.3;540.3;607.8;1;860
1011808;RS;;;0;0;0;0;;;;;;
972400;PA;;;1;1;1;1;479.1;468.8;472.8;535.2;1;800
2764694;MG;;;0;0;0;0;;;;;;
1526311;RS;;;1;1;1;1;417.2;454.9;552.3;473.9;1;760
1862551;BA;;;0;0;0;0;;;;;;
161036;CE;2;1;1;1;1;1;480.2;482.8;391.1;591;1;620
2534267;SE;;;0;1;1;0;;302.1;490.6;;8;0
1130966;SP;2;1;0;0;0;0;;;;;;
1885429;PA;;;1;1;1;1;479.3;407.7;390.8;427.6;1;700
658438;DF;;;0;0;0;0;;;;;;
3589687;AL;;;0;0;0;0;;;;;;
1222678;SP;2;1;1;1;1;1;436.3;455.6;534.8;397.2;1;580
3193347;AC;2;2;0;1;1;0;;542.7;546.2;;1;780
3619284;GO;2;1;0;0;0;0;;;;;;
4061198;MA;;;0;0;0;0;;;;;;
1431733;SP;4;1;1;1;1;1;556.9;567.2;549.3;709.2;1;700
4320132;RS;;;0;0;0;0;;;;;;
3972543;RS;;;1;1;1;1;467;397.2;577.9;479.4;1;800
3303908;BA;;;1;1;1;1;390.6;443.8;486.6;376.3;1;540
1779113;MA;;;0;0;0;0;;;;;;
3814125;PE;;;0;0;0;0;;;;;;
608952;PR;;;0;0;0;0;;;;;;
2098074;SP;;;1;1;1;1;642.9;621.1;635;880.4;1;800
25256;PB;;;1;1;1;1;369.7;453.1;518.3;467.3;1;660
4148346;MA;2;1;1;1;1;1;552.4;522.5;529.8;505.1;4;0
1608586;AM;;;0;0;0;0;;;;;;
3573237;RJ;;;1;1;1;1;509.9;559.8;534.7;532.4;1;800
3807725;BA;;;1;0;0;1;505.3;;;528.3;;
2801982;SP;2;1;1;1;1;1;463.8;462.5;463.1;430.7;1;500
3994004;PB;;;1;1;1;1;624.3;589.6;511.6;606.5;1;680
4071949;RJ;;;1;1;1;1;368.5;463.1;446.8;429.8;1;480
2941434;RS;;;1;1;1;1;494;507.9;568.7;528.3;1;640
1326371;AL;1;1;1;1;1;1;575.6;607.1;595.7;678.8;1;680
189748;AC;;;0;1;1;0;;372.5;312.8;;1;460
2944917;RJ;4;1;1;1;1;1;583.3;431.9;547;543.9;1;620
1261554;CE;2;1;1;1;1;1;396.2;461;474.5;397.2;1;420
1814852;SP;2;1;1;1;1;1;458.9;490.3;556.2;553.9;1;740
4146106;MG;;;1;1;1;1;532.3;605.2;609;521.4;1;780
476033;BA;;;1;1;1;1;407.1;450;481.5;510.2;1;720
2281474;PE;2;1;1;1;1;1;461.1;405.8;503.4;399;1;580
2794970;MG;2;1;1;1;1;1;397.1;401.1;439.7;465.7;1;640
3112805;DF;;;1;1;1;1;372.6;313.4;426.6;523.1;1;560
1820564;MG;;;1;1;1;1;564;601;603.6;549.7;1;880
610228;SC;4;1;1;1;1;1;583.9;636;570.6;596.1;1;880
4180721;AM;;;0;0;0;0;;;;;;
927335;SP;;;1;1;1;1;593;606.7;547.2;686.5;1;580
2560025;DF;;;1;1;1;1;462.6;477.7;559.6;390.4;4;0
1535802;RJ;;;1;1;1;1;398.5;297.2;396.2;406.5;1;260
2626494;SP;2;1;1;1;1;1;366.3;387.1;397.3;398.1;6;0
2236349;PR;;;1;1;1;1;553.8;626.8;621.3;522.2;1;700
2115464;MG;2;1;1;1;1;1;441.5;432.3;429.4;530.4;1;660
1222515;MA;;;1;1;1;1;499.7;560.8;577.5;476.9;1;700
1490980;AL;;;0;0;0;0;;;;;;
695588;CE;;;0;0;0;0;;;;;;
2890676;AM;;;1;1;1;1;492.8;451;503;477.9;1;700
1414677;TO;2;1;1;1;1;1;553.9;0;560.8;613.7;1;720
4123651;SE;2;1;1;1;1;1;352.2;526;465;414.7;1;520
489626;GO;2;1;1;1;1;1;489.3;548.2;541.9;622.7;4;0
3074710;CE;;;1;1;1;1;593.3;568.5;572;545.5;1;840
588700;SE;;;1;1;1;1;608.8;564.6;561.6;757.5;1;920
1077529;MG;;;0;0;0;0;;;;;;
696799;PA;2;1;1;1;1;1;430.2;515.3;475.1;498;1;560
1318084;RN;;;1;0;0;1;351.2;;;593.2;;
61202;PA;;;1;1;1;1;442;379.3;439.7;409.3;1;480
3626120;SP;4;1;1;1;1;1;547.7;584.1;391.6;610.2;1;840
1021349;CE;;;1;1;1;1;424.7;397.1;536;554.6;1;680
1239181;AL;;;1;1;1;1;493.5;509.1;470.4;620.6;1;920
3114939;MG;;;1;1;1;1;568.4;485.2;544.1;565.7;1;700
4063156;MT;;;0;0;0;0;;;;;;
2543690;BA;4;2;0;0;0;0;;;;;;
4320886;RS;;;0;0;0;0;;;;;;
1917377;AL;;;1;1;1;1;474.7;497.8;585.1;533.6;1;740
1868072;PA;2;1;1;1;1;1;372.6;318.9;514;379.2;1;620
1124696;AL;;;0;1;1;0;;387.8;500;;1;560
745892;RN;1;1;1;1;1;1;526.4;483.3;481.2;526.2;1;600
3795354;TO;;;1;1;1;1;392.9;318.6;453.3;417.6;1;480
61236;BA;2;1;1;1;1;1;448;417;400.7;503.3;1;280
277500;BA;;;0;0;0;0;;;;;;
1562708;SE;;;0;0;0;0;;;;;;
923158;RS;;;1;1;1;1;469.9;579.1;513.9;391.2;1;400
3610518;PR;2;1;0;0;0;0;;;;;;
1481410;SP;;;1;1;1;1;435.8;445.1;507;420.8;1;620
3447532;SC;;;1;1;1;1;536.2;574.6;583.1;690.3;1;740
3857785;SP;;;1;1;1;1;567.7;589.2;604.7;538.9;1;780
868244;BA;;;1;1;1;1;507.3;672.3;618.3;728.4;1;900
1770359;PE;4;1;1;1;1;1;433.8;453;391.6;408.4;1;460
581977;PR;2;1;0;1;1;0;;523.9;482.4;;1;700
2161731;RJ;;;1;1;1;1;640.8;687;619.9;768;1;920
2287852;MA;;;0;0;0;0;;;;;;
595751;CE;;;1;1;1;1;410.2;575.4;558.6;550.8;1;660
1466243;SC;;;1;1;1;1;519.2;561.6;570.8;482.5;1;680
4004350;CE;;;1;1;1;1;554.2;583.3;539.8;707.2;1;580
1066870;SP;2;1;1;1;1;1;535.1;412.2;558.5;544.6;1;680
1731865;BA;;;1;1;1;1;401.3;456.8;424.7;389.1;1;360
21540;PA;;;1;1;1;1;488.4;487.6;489.2;383.4;1;760
1955408;PI;;;1;1;1;1;555.1;573.8;555.3;394.9;1;620
4093811;PB;;;1;2;2;1;396.1;;;399.6;;
2677553;MA;;;1;1;1;1;564.5;655.5;578.3;628.1;1;920
1089982;CE;;;0;0;0;0;;;;;;
587384;AM;;;1;1;1;1;369.3;345.1;433.3;475.5;1;520
1140187;CE;2;1;1;1;1;1;454.7;387.5;334;378;4;0
968048;PA;2;2;1;1;1;1;423;399.5;424;393.6;1;320
4194819;MA;;;1;1;1;1;524;554.6;531.8;424.1;1;380
606935;PR;4;1;1;1;1;1;457.7;534.7;505.7;472.2;1;760
3100884;DF;1;1;1;1;1;1;555.5;591;564.9;658.7;1;940
110537;PI;;;2;1;1;2;;374.7;506.4;;1;480
69690;RO;;;0;1;1;0;;472.8;509.6;;1;460
1917838;PE;;;1;1;1;1;506.3;317;506.5;612;1;560
3068511;RJ;;;1;1;1;1;597.9;612;607.7;739.5;1;820
1168799;MG;2;1;1;1;1;1;449.8;335.1;424.3;414.2;1;620
4205188;RS;;;0;0;0;0;;;;;;
3606025;SP;2;1;0;0;0;0;;;;;;
4037508;BA;;;1;1;1;1;498.5;471.5;522;389.3;1;680
756370;PE;2;1;0;0;0;0;;;;;;
4310045;MA;;;1;1;1;1;362.5;371.1;450.9;417;1;360
4327182;RS;;;0;0;0;0;;;;;;
2976480;MS;2;1;0;0;0;0;;;;;;
2106638;AM;;;0;0;0;0;;;;;;
1209016;PA;2;1;0;1;1;0;;503.5;530.2;;1;640
791981;MA;;;1;1;1;1;392.6;426.6;448.3;425.5;1;620
517342;GO;;;1;1;1;1;436.2;405.3;441.9;439;1;660
72448;CE;2;1;1;1;1;1;550;567;546.9;631.5;1;800
2244217;ES;2;1;1;1;1;1;460.1;627.7;558.9;705.3;1;920
2202847;MG;;;1;1;1;1;547.6;530.6;565.7;626.9;1;560
1945921;CE;;;0;0;0;0;;;;;;
2689135;BA;;;0;0;0;0;;;;;;
4144551;RS;;;0;0;0;0;;;;;;
3746445;RS;;;1;1;1;1;367;397.3;514.4;409.3;1;560
3331635;PB;;;0;0;0;0;;;;;;
2556026;RS;;;1;1;1;1;595.7;607.2;629.3;550;1;620
4158763;CE;;;1;1;1;1;522.4;557.8;585.8;631;1;680
477223;RJ;;;1;1;1;1;408.7;563.3;608.5;523.7;1;920
2165372;MG;;;1;1;1;1;463.3;417.9;498.2;532.6;1;460
177006;RS;;;1;1;1;1;480.5;542.8;533.8;456;1;480
3228949;CE;2;2;1;1;1;1;494.1;571.7;559.6;558.9;1;880
2874273;MA;;;1;1;1;1;497;458;481.5;389.5;1;420
3198781;RJ;;;1;1;1;1;500.5;336.9;501.5;456.8;1;620
2837360;RJ;;;0;1;1;0;;473.8;629.4;;1;580
3150916;SP;2;1;0;0;0;0;;;;;;
3461398;SP;;;0;0;0;0;;;;;;
3709993;RJ;2;1;1;1;1;1;583.9;560.1;608.8;705.2;1;840
2307355;MG;;;0;0;0;0;;;;;;
3652391;AP;;;1;1;1;1;476.3;499.9;514.8;445.7;1;380
3140702;SP;4;1;0;1;1;0;;614;611.6;;1;660
3276823;PA;;;1;1;1;1;419.3;478.5;497.2;385.1;1;500
744534;SE;2;1;1;1;1;1;352;497.4;511.8;416.2;1;940
4288428;SP;;;1;1;1;1;478.4;520.5;510.4;454.4;1;380
30109;RJ;2;1;1;1;1;1;504.3;423;467.3;433.6;1;620
1406150;SP;;;0;0;0;0;;;;;;
86113;RR;2;1;1;1;1;1;648.5;648.1;587.5;694.4;1;840
2085793;PA;;;1;1;1;1;529.8;570.3;542;575.7;1;580
2777409;SP;;;1;1;1;1;461.9;492.9;507;497.5;1;560
1207792;BA;2;1;1;1;1;1;389.3;386.5;382;414.2;1;480
658626;RJ;;;1;1;1;1;460.5;524.8;522.9;400.9;1;660
813693;RS;;;0;0;0;0;;;;;;
754380;BA;2;1;1;1;1;1;401;509.7;509.9;463.6;1;700
2912445;RS;;;0;0;0;0;;;;;;
4079950;SP;;;1;1;1;1;458.3;471.7;510.5;556.3;1;720
2718313;SP;;;1;1;1;1;501.1;573.9;583.5;646;1;620
26109;RO;2;1;1;1;1;1;483.8;471.2;542.4;408.9;1;680
2548353;MG;;;1;1;1;1;442.4;458.6;498.9;559.1;1;520
676108;AL;2;1;1;1;1;1;429.3;431.4;425.8;386.2;1;600
1106403;PR;2;1;1;1;1;1;417.8;458.3;509.6;473.1;1;880
592866;MG;4;1;1;1;1;1;512.2;470.2;498.5;492.7;1;680
3668632;MG;;;1;1;1;1;411.9;546.6;589.2;410.7;1;580
2771804;PI;1;1;1;1;1;1;624.1;680.1;641.1;637.7;1;860
1754782;BA;;;0;1;1;0;;564.4;569.5;;1;620
922845;RJ;;;1;1;1;1;475.7;365.7;520.2;543.1;1;880
1211748;ES;;;1;1;1;1;489.1;432.1;538.7;394.4;1;620
2682527;CE;2;1;1;1;1;1;370.5;352.1;435.5;441.2;1;480
3650696;PI;;;1;1;1;1;620.8;668.7;602.8;634.3;1;760
1762072;MA;;;1;1;1;1;395.5;427.2;458.1;390.4;1;640
3827768;PR;;;0;1;1;0;;339.9;560.6;;1;520
3499201;PE;4;1;1;1;1;1;549.4;493;482.8;565.3;1;720
4158162;RJ;;;0;0;0;0;;;;;;
2890945;RJ;;;0;0;0;0;;;;;;
2402792;PI;4;1;1;1;1;1;569.8;515.5;570.7;647.9;1;740
3198697;MG;;;1;1;1;1;474.5;483.2;459.1;475.3;1;340
2894629;MG;;;1;1;1;1;486;473.2;477.6;432;1;360
2244114;MG;2;1;1;1;1;1;526.6;560;593.6;609.5;1;820
2211006;ES;2;1;1;1;1;1;377.6;508.1;432.2;392.5;1;640
59696;PA;;;0;0;0;0;;;;;;
510034;PA;;;1;1;1;1;353.8;329.5;340.2;431.3;1;520
4129024;AL;;;1;1;1;1;564;622.1;605.5;444.6;1;800
1179040;MA;;;1;1;1;1;605.3;610.5;585.6;568.1;1;920
3193570;BA;;;1;1;1;1;425.6;357.8;359;525.2;1;600
4181928;RS;;;0;0;0;0;;;;;;
3985776;BA;;;0;0;0;0;;;;;;
3504669;BA;;;0;0;0;0;;;;;;
2569932;SE;;;1;1;1;1;524.8;546.5;548;597.4;1;680
2125678;PI;;;1;1;1;1;402;551.8;538.9;583.8;1;480
1286521;MG;;;0;0;0;0;;;;;;
2346172;SP;;;1;1;1;1;722.7;638.4;675;767.8;1;900
3662265;AP;;;0;1;1;0;;322.2;395.1;;1;360
384984;SP;;;1;1;1;1;570.9;600.2;586.7;634.5;1;540
775528;AL;;;1;1;1;1;457.9;562;538.2;464;1;680
2948714;SP;2;1;0;1;1;0;;464.8;479.6;;1;640
4224929;RS;;;1;1;1;1;404.9;512.1;511.6;655;1;680
3787569;MG;2;1;0;0;0;0;;;;;;
1263462;PI;;;1;1;1;1;463.4;390.9;417.1;469.9;1;560
2810163;SP;2;1;1;1;1;1;472.3;555.2;557.3;577.1;1;460
3790908;MG;;;1;1;1;1;580.5;497.5;540;639.4;1;880
1116692;AM;;;1;1;1;1;438.4;505.4;519.3;464.9;1;680
3150246;GO;;;1;1;1;1;513.1;577.1;562.5;479.5;1;540
3551912;PA;;;1;1;1;1;484.9;502.2;528;375.8;1;540
156792;PA;;;1;1;1;1;485.1;405.1;495;383;1;900
4108118;SP;2;1;1;1;1;1;444.8;492.1;447;450.6;1;600
3454005;BA;;;1;1;1;1;379;445.9;525.6;524.6;1;580
2811542;BA;;;1;1;1;1;428.4;525.7;518.8;389.8;1;860
194845;RJ;;;1;1;1;1;492.5;499.1;487.9;478.2;1;620
2493924;GO;2;1;1;1;1;1;434.5;515.2;514.3;430.2;1;640
4107189;MT;2;1;1;1;1;1;462;348.7;458.6;383.5;1;360
1758273;PR;;;1;1;1;1;541.2;515.2;511.3;416;1;660
762697;MT;2;1;0;0;0;0;;;;;;
4087748;GO;;;0;0;0;0;;;;;;
3128212;DF;4;1;1;1;1;1;609;563.2;578.5;693.6;1;760
294564;MS;2;1;1;1;1;1;460.4;412.1;406.5;391.6;1;580
1338502;SC;;;0;1;1;0;;536.4;481;;1;600
1036783;PB;2;1;1;1;1;1;453.6;478.6;446.8;395.6;1;620
1116062;RJ;2;2;0;1;1;0;;306.5;456.9;;1;580
2803808;MG;;;1;1;1;1;590.5;595.2;554.9;668.1;1;780
1635859;PR;;;0;1;1;0;;465.5;498.8;;1;820
380178;RS;;;0;1;1;0;;448.3;534.4;;1;500
2935200;SP;;;1;1;1;1;537.2;554.4;573.7;714.9;1;880
2504866;MA;;;0;0;0;0;;;;;;
3008648;BA;;;1;1;1;1;444.2;407.9;386.7;505.9;1;400
2283199;SP;4;1;1;1;1;1;514;466.5;516.1;589.5;1;560
77513;SE;;;0;0;0;0;;;;;;
2629171;RJ;4;1;1;1;1;1;574.3;629.5;568.8;482.2;1;920
313468;MG;2;1;1;1;1;1;437.6;659.4;643.3;588.5;1;840
1552828;CE;2;1;0;0;0;0;;;;;;
1841868;PE;;;1;1;1;1;622.6;677.4;634.7;737.3;1;800
2069875;PA;2;2;1;1;1;1;406.2;461.3;492.4;512.3;1;520
3283154;SP;2;1;1;1;1;1;559.1;613.2;551.5;666.1;1;660
4165594;RN;;;0;0;0;0;;;;;;
2153355;ES;;;1;1;1;1;456.4;556.3;521.5;454.1;1;680
3738346;BA;2;1;0;0;0;0;;;;;;
3400805;AM;2;1;0;0;0;0;;;;;;
3337215;SP;;;1;1;1;1;621.7;584.2;621.7;754.6;1;680
1715564;SP;;;1;1;1;1;441.6;518.4;530.7;423.6;1;220
1594225;SP;2;1;0;0;0;0;;;;;;
2231087;GO;;;1;1;1;1;487.8;284.6;363.9;467.9;1;520
3434576;BA;;;1;1;1;1;410.9;543.1;531.8;459.4;1;480
3634156;RS;;;1;1;1;1;437.5;476.1;505.8;465.2;1;580
1252994;CE;2;1;0;1;1;0;;327.4;369.7;;1;300
1601659;PE;;;1;1;1;1;516.5;623.5;585.1;659.1;1;480
715259;ES;;;1;1;1;1;609.9;529.6;544.4;648.7;1;860
3115890;SP;;;1;1;1;1;732.5;738.6;672.3;923.4;1;840
1755273;CE;;;0;0;0;0;;;;;;
1872339;RN;;;1;1;1;1;505.1;505.6;485.7;461.4;1;540
2615022;MG;;;1;1;1;1;476.7;531.2;469.1;538.5;1;580
1749464;PE;2;1;1;1;1;1;468.5;556.7;533.4;493.2;1;820
1960069;RS;;;0;0;0;0;;;;;;
1309148;SE;;;0;0;0;0;;;;;;
3852995;MT;4;1;1;1;1;1;549.2;510.1;549.3;608.6;1;920
185486;PA;;;0;0;0;0;;;;;;
589906;RR;2;1;1;1;1;1;487.8;399.6;455.3;444.9;1;640
2292912;MG;;;0;1;1;0;;492.5;540.9;;1;600
2606545;SC;4;2;1;1;1;1;613.1;576.8;606.8;664.8;1;920
2303966;RJ;;;1;1;1;1;515.1;581.1;567.1;686.3;1;760
2157963;MA;;;1;1;1;1;437.2;405;459.3;372.5;1;640
2597651;MG;;;0;1;1;0;;346.3;527.9;;1;600
3158067;BA;4;1;1;1;1;1;540.6;501.6;519.3;714.4;1;900
715142;RN;;;1;1;1;1;462.9;433.2;522.4;442.3;1;520
971965;RO;2;1;1;1;1;1;527.9;547.8;593.1;587.2;1;800
759068;MG;;;1;1;1;1;611.7;643.2;638.8;691.7;1;920
1515107;SP;4;1;1;1;1;1;511.5;525.2;575.5;672.7;1;720
1509289;SC;;;0;0;0;0;;;;;;
567542;MG;4;1;1;1;1;1;480.3;545.3;527;575.6;1;640
3504001;AM;2;1;0;0;0;0;;;;;;
4073320;SP;;;1;1;1;1;405.7;453.8;427.4;472.5;1;640
2120827;PE;;;1;1;1;1;504.7;477.3;498.2;448.5;1;560
1202269;GO;;;0;0;0;0;;;;;;
2863880;PI;;;0;0;0;0;;;;;;
2742158;MA;2;1;1;1;1;1;517.8;300.1;338.9;383.2;6;0
3746416;PA;;;1;1;1;1;487.2;502;561.8;457.3;1;740
3222772;PE;2;1;0;0;0;0;;;;;;
1181826;MA;2;1;1;1;1;1;486.9;472.8;499.5;490.9;1;520
2226866;RJ;;;0;0;0;0;;;;;;
1994011;MS;;;0;0;0;0;;;;;;
3887198;AL;;;0;0;0;0;;;;;;
1720916;RJ;4;1;1;1;1;1;515.7;557.6;535.7;577.8;1;780
1700047;PB;;;0;0;0;0;;;;;;
2027715;PE;2;1;1;1;1;1;440.2;555.2;568;414;1;720
2394715;RJ;2;2;1;1;1;1;476.1;371.5;421.3;388.3;1;440
1390928;PA;;;1;1;1;1;415.4;513.5;479.6;478.5;1;500
1083780;CE;;;1;1;1;1;515.2;608.6;616.8;598;1;940
3921780;SP;;;0;1;1;0;;440.8;528.5;;1;580
3037147;PB;2;1;1;1;1;1;405.2;430.7;444.1;387;4;0
739289;MG;;;0;0;0;0;;;;;;
2962737;CE;;;1;1;1;1;608.6;603.6;602;684.5;1;820
3630955;SP;;;1;1;1;1;592.5;632.1;598.8;496.3;1;880
4030431;RR;;;1;0;0;1;490.4;;;480.8;;
3985888;RS;;;1;1;1;1;406.2;411.5;513.2;431.6;1;640
4311881;DF;;;0;0;0;0;;;;;;
216788;RO;2;1;1;1;1;1;446;430.6;509.4;392.9;1;660
3958143;RN;;;1;1;1;1;367.1;474.2;501.6;436.6;1;600
4101014;SP;2;1;1;1;1;1;476.1;440.2;501.3;605;1;640
2386526;MG;2;1;1;1;1;1;439.8;545.6;545.8;649.6;1;840
3014663;MG;1;1;1;1;1;1;490.1;586.1;547.7;566.3;1;580
3014854;PR;2;1;0;1;1;0;;457.1;472.4;;4;0
2931144;RJ;4;1;1;1;1;1;544.2;586.1;607.9;482;1;820
839563;PB;;;1;1;1;1;578.3;652.8;616.2;678.1;1;780
4030248;MG;;;0;0;0;0;;;;;;
2944634;DF;4;1;1;1;1;1;459.6;522.2;416.1;463.1;1;600
3584713;PI;;;1;1;1;1;449;452.8;473.7;522.3;1;840
2057988;GO;2;1;1;1;1;1;538.2;628.3;516.6;662.2;1;920
3160323;GO;;;1;1;1;1;609.7;645;591.2;716.9;1;820
3710522;PI;;;1;1;1;1;405.5;374.8;482.6;424.6;1;520
2651678;BA;2;1;1;1;1;1;570.3;545.7;558.6;608.2;1;700
870324;PA;;;1;1;1;1;489.7;386.7;467.1;409.5;8;0
2849833;BA;;;1;1;1;1;463.3;348.7;413.8;454.2;1;560
1146232;AM;;;1;1;1;1;464.6;338.8;428.4;472.4;1;620
3142947;SP;4;1;0;0;0;0;;;;;;
3997230;MG;;;0;0;0;0;;;;;;
4298123;RS;;;0;0;0;0;;;;;;
775756;PE;;;0;0;0;0;;;;;;
4194504;SP;4;1;0;0;0;0;;;;;;
3019094;MG;2;1;1;1;1;1;557.3;578.7;549;531.9;1;720
4111276;RS;2;2;0;0;0;0;;;;;;
1903494;PE;2;1;1;1;1;1;460.8;552.2;535.4;538.8;1;500
4195242;SP;;;1;1;1;1;587.3;568.7;573.4;605.1;1;700
531248;PA;2;1;1;1;1;1;431.8;417.8;318.4;459.6;1;560
3738576;SC;;;1;1;1;1;549.6;548.8;570.8;617.7;1;760
3374459;PB;;;0;0;0;0;;;;;;
1599660;AP;;;0;0;0;0;;;;;;
2543983;BA;;;1;1;1;1;551.2;518.4;531.9;483.7;1;700
2149405;RJ;2;1;1;1;1;1;417.4;492;474.2;478.5;1;600
101492;MT;4;1;1;1;1;1;525.3;557.6;532.1;522.5;1;880
577881;BA;2;1;1;1;1;1;446.3;502.6;446.1;374;1;660
2953567;SP;;;1;1;1;1;515.5;546.5;567.5;487;1;640
902618;PE;;;1;1;1;1;425.8;465;471.3;437;1;560
2618466;MG;;;0;1;1;0;;558.5;563.8;;1;520
2771030;RJ;;;1;1;1;1;618.3;670;616.1;623.7;1;760
839625;DF;4;1;1;1;1;1;651.2;653.9;609.4;752.8;1;760
2653269;AL;;;0;0;0;0;;;;;;
657660;SP;;;0;0;0;0;;;;;;
3146541;AC;2;1;0;1;1;0;;328.4;427.4;;4;0
126747;MG;;;1;1;1;1;605.6;632.2;642.8;709;1;840
271624;RJ;;;1;1;1;1;519.1;653.8;546.4;718;1;800
3713095;MG;;;1;1;1;1;456.4;562.3;549.1;406.3;1;560
590539;RJ;;;1;1;1;1;489.1;351.6;405.2;430;1;340
2731102;CE;2;1;1;1;1;1;370.2;390.6;355;482.5;1;320
1959215;PA;;;0;0;0;0;;;;;;
611809;PE;;;1;1;1;1;387.3;513.2;462.7;390.3;1;660
934111;PA;2;1;1;1;1;1;413.7;484.1;535.3;406.3;1;900
88736;SP;2;1;1;1;1;1;493.8;559.8;592.6;403.3;1;720
1968522;SP;;;0;1;1;0;;350.1;514.7;;1;440
3499943;RO;2;1;1;1;1;1;381.7;406;466.6;414.1;3;0
4190610;RJ;;;1;1;1;1;386.3;438.1;450.4;450.4;1;720
3889227;AP;;;0;0;0;0;;;;;;
706968;SP;;;1;1;1;1;498.4;464.5;512.7;569.7;1;680
2790910;PA;2;2;1;1;1;1;357.3;424.7;334;433.3;1;500
2979373;RS;;;0;0;0;0;;;;;;
887496;AP;;;1;1;1;1;430.6;509.3;488.6;388.7;1;600
1091162;RJ;;;1;1;1;1;586.7;696.4;618.9;695.3;1;800
1926669;CE;;;1;1;1;1;475.3;447.2;543.1;416.1;1;600
3302881;ES;;;0;1;1;0;;501.9;512.2;;1;400
1408218;BA;;;1;1;1;1;538.8;619.6;632.1;651.9;1;920
3882645;MG;;;1;1;1;1;418.6;582.2;566.8;434.8;1;540
3978598;SP;;;1;1;1;1;513.7;433.1;440.2;531.9;1;700
474691;ES;;;1;1;1;1;558.7;556.7;583.5;395.1;1;640
3003314;SP;;;0;0;0;0;;;;;;
1768952;PR;;;1;1;1;1;532;455;553.2;580.7;1;840
2542258;SC;1;1;1;1;1;1;385;432.9;435.8;429.5;1;800
186362;PA;2;1;1;1;1;1;504.7;514.9;410.9;498.4;1;440
3431638;MG;;;0;0;0;0;;;;;;
2288039;SP;2;1;1;1;1;1;601.4;711.9;611;523.4;1;700
2886467;AP;;;0;0;0;0;;;;;;
2773290;SE;;;1;1;1;1;479.2;538.4;502.5;430.6;1;400
3390983;BA;;;1;1;1;1;506.1;524.3;537.9;428.4;1;680
2428933;PA;;;1;0;0;1;365.1;;;455.9;;
3300013;CE;;;0;0;0;0;;;;;;
2483080;AL;;;0;1;1;0;;415.4;496;;3;0
1499946;SP;2;1;0;0;0;0;;;;;;
1236825;SP;3;1;1;1;1;1;522.5;574.1;591.1;423.2;1;580
4105631;RJ;;;0;0;0;0;;;;;;
3093270;RJ;;;0;0;0;0;;;;;;
3368852;RS;2;1;1;1;1;1;449.9;537.4;532.7;505.6;1;700
3176613;SP;;;1;1;1;1;462.5;525.7;561.1;550.4;1;480
2803802;BA;2;1;1;1;1;1;411.9;498.7;373.9;481.5;1;840
4166647;MG;;;0;0;0;0;;;;;;
3737176;AP;;;0;0;0;0;;;;;;
3286472;SP;;;1;1;1;1;490.8;559.8;558.8;650.5;1;800
3787355;RJ;;;1;1;1;1;581.5;472;548.2;619.8;1;800
2851068;GO;2;1;1;1;1;1;608.1;597.6;603.7;702.3;1;640
893421;MG;;;1;1;1;1;598;655;599.5;638.4;1;560
149824;RS;;;0;0;0;0;;;;;;
3305128;AL;;;0;0;0;0;;;;;;
3448142;MG;;;1;1;1;1;426.2;393.3;505.6;517.3;1;400
4012652;MA;;;1;1;1;1;483.3;575.5;567.3;423.6;1;660
822137;PI;2;1;1;1;1;1;451.6;363.2;500.5;522.4;1;640
1562034;SE;;;1;1;1;1;699.2;707.2;673.6;804.6;1;900
1662403;MG;3;1;1;1;1;1;511.7;532.4;495;650.3;1;940
2743491;PB;;;1;1;1;1;450.9;559.9;533.7;386.6;1;620
4135035;SC;;;1;1;1;1;499.3;310.5;527.3;405.4;1;600
2227907;SP;2;1;1;1;1;1;432.6;495.3;452.5;472.8;1;640
4189227;RN;;;0;0;0;0;;;;;;
974200;PR;;;1;1;1;1;495.3;598.9;593.9;534.4;1;780
4309000;RJ;;;0;0;0;0;;;;;;
1155433;CE;;;1;1;1;1;490.8;487.6;512.7;421.1;1;540
912318;PB;2;1;1;1;1;1;607.1;610.1;619.2;749.6;1;920
3735896;MT;;;1;1;1;1;388.7;460;541.1;582.1;1;520
3735486;RJ;4;1;1;1;1;1;466;461.4;476;677.6;1;720
3484282;SP;2;1;1;1;1;1;446.4;524.6;526.4;463.6;1;380
2589666;SC;4;1;1;1;1;1;649;714.2;619.6;691.5;1;640
3053683;PE;2;1;1;1;1;1;434.5;414.9;457.6;388.4;1;640
1092092;MG;2;1;1;1;1;1;557.4;537.8;538.1;569.5;1;620
2173883;PA;;;1;1;1;1;472.7;485.9;513.4;497.7;1;620
2184822;PA;2;2;1;1;1;1;428.7;475.5;492.9;526.3;1;800
984629;PE;2;1;1;1;1;1;467.5;497.1;513;460.8;1;600
2895503;SP;;;0;0;0;0;;;;;;
2815464;BA;;;0;0;0;0;;;;;;
4053254;RJ;4;1;0;0;0;0;;;;;;
2500848;SP;2;1;1;1;1;1;379.7;451.9;442.8;392.5;1;460
1941451;BA;;;1;1;1;1;380.9;489.4;476.3;563.2;1;320
2054670;PA;;;1;1;1;1;478;477.1;527.7;375.3;1;740
921911;RJ;4;1;1;1;1;1;605.5;695.2;624.9;770.3;1;920
3783130;PE;;;0;0;0;0;;;;;;
1958210;RS;;;1;1;1;1;393.3;459.8;482.7;452.1;1;380
1549310;CE;2;1;1;1;1;1;450.5;340.2;351.7;394.2;1;360
793391;AL;4;1;1;1;1;1;594;622.9;547.1;681.5;1;720
3310380;RJ;;;0;0;0;0;;;;;;
2833320;RN;;;0;0;0;0;;;;;;
3950850;PI;;;0;0;0;0;;;;;;
4207256;RN;;;1;1;1;1;572.3;716.7;645.8;686.1;1;900
1164358;RJ;;;1;1;1;1;537.6;603.1;611.7;535.4;1;660
2946997;CE;;;1;1;1;1;493.3;377.8;532;400.7;1;440
114950;RN;;;0;0;0;0;;;;;;
634816;AP;4;1;1;1;1;1;578;598;592.3;630.3;1;860
1354802;PA;;;1;1;1;1;562.1;375.6;484.5;435.8;1;380
2292971;BA;;;1;1;1;1;494.7;512.3;526.3;465.4;1;640
2222276;MA;;;1;1;1;1;456.4;456.7;497.2;406.9;1;880
978423;AC;;;0;0;0;0;;;;;;
2326295;RR;;;1;1;1;1;394.7;507.4;430.8;401.5;1;520
2775179;RS;2;1;1;1;1;1;499.4;567.1;589;384.4;1;720
2959975;ES;;;1;1;1;1;390;384.8;370.8;425.7;1;460
398029;BA;;;1;1;1;1;681.2;761.7;649.8;822.3;1;940
3935980;BA;;;0;0;0;0;;;;;;
1245861;SP;;;0;0;0;0;;;;;;
528360;AC;2;1;1;1;1;1;507.5;528.5;544.1;533.2;1;840
4280564;BA;;;0;0;0;0;;;;;;
3593829;MS;;;0;0;0;0;;;;;;
383313;SP;;;1;1;1;1;493.8;528.1;567.3;521.4;1;720
2830605;SP;2;1;0;0;0;0;;;;;;
787630;RS;2;1;1;1;1;1;476.8;572.8;578.8;585.4;1;500
954518;PA;2;1;1;1;1;1;477.9;373.5;438.7;423.4;1;600
4149473;MA;;;1;1;1;1;444;484.9;565.7;397;1;540
4178310;SC;;;1;1;1;1;569.2;529.2;507.5;528.2;1;480
2980646;PA;;;0;0;0;0;;;;;;
2700279;PI;;;0;0;0;0;;;;;;
2717546;PA;;;1;1;1;1;519.5;603.7;512.5;441.2;1;860
3967247;SP;2;1;0;1;1;0;;543.2;539.3;;1;620
3061200;SE;4;1;1;1;1;1;521.7;586.8;596.2;463.2;1;680
313915;SP;;;1;1;1;1;638.8;637.9;599.6;746.2;1;840
1453614;PA;;;0;1;1;0;;468.4;534.7;;1;560
2095950;MG;;;1;1;1;1;661.9;766.9;667.1;767.6;1;520
3183140;RS;;;0;0;0;0;;;;;;
1674291;RS;;;1;1;1;1;467.7;344.8;452;436.2;1;580
2288717;RJ;2;1;0;0;0;0;;;;;;
2232178;SP;2;1;1;1;1;1;500;327.3;462.8;485.8;1;480
2612046;SP;;;1;1;1;1;650.4;647.2;578.3;763.2;1;760
953386;RJ;;;1;1;1;1;508.3;536.7;569.1;427.8;1;680
313550;RJ;2;1;1;1;1;1;486.9;555.9;570.1;546.3;1;740
3861010;MG;4;1;1;1;1;1;627;645.1;618.3;591.5;1;860
4192927;CE;;;0;0;0;0;;;;;;
4215813;RJ;2;1;1;1;1;1;440.8;471;491.7;489.9;1;560
1986989;BA;2;1;1;1;1;1;395.2;440;516.9;408.8;1;520
2271499;SC;;;1;1;1;1;535.3;534.3;510.4;456.7;1;840
1758203;RS;4;1;1;1;1;1;451.8;573.9;524;431.9;1;660
2614944;RS;;;0;0;0;0;;;;;;
3168213;SP;2;2;1;1;1;1;443.4;528;553.3;495.8;1;540
3469719;RS;;;1;1;1;1;458.8;423.7;444.2;684.4;1;600
112340;RN;2;1;0;0;0;0;;;;;;
380753;SP;;;1;1;1;1;496.6;595.9;595.1;680.7;1;940
1891725;DF;;;1;1;1;1;642.1;635.7;617.6;788.8;1;940
249935;PR;;;1;1;1;1;714.6;665.9;759.8;833.9;1;900
1298963;CE;2;1;0;0;0;0;;;;;;
4268151;PE;;;0;1;1;0;;552.6;571.2;;1;540
3960031;PR;4;1;1;1;1;1;600.3;606.3;587.1;687.5;1;860
2692858;DF;;;0;0;0;0;;;;;;
2477544;SP;2;1;0;0;0;0;;;;;;
433554;ES;;;1;1;1;1;551.8;324.1;393.9;483.7;1;520
1316264;AC;;;1;1;1;1;586.9;584.1;540.8;670.4;1;900
432383;PI;2;1;1;1;1;1;456;444.6;543.8;464.5;1;640
3115638;CE;;;1;1;1;1;364.2;374.1;404.9;406.8;1;320
3523298;SP;;;1;0;0;1;600.2;;;692.2;;
1723759;PI;;;1;1;1;1;645.4;647;585.1;782.5;1;940
243168;AC;2;1;0;1;1;0;;473.3;482.5;;1;600
797889;MA;2;1;1;1;1;1;454.9;479.8;512.2;416.3;1;740
1423046;PR;;;0;1;1;0;;497.2;512;;1;620
4172666;BA;;;1;1;1;1;504.7;566.9;512;443;1;500
1069739;SP;4;1;1;1;1;1;618.3;615.9;605.8;726.3;1;700
2274714;SP;;;0;0;0;0;;;;;;
2910245;PR;2;1;0;1;1;0;;542.2;569.6;;1;840
4003085;SP;;;0;1;1;0;;441.8;468.1;;1;500
3109352;MG;1;2;1;1;1;1;617.2;564.9;556;712.7;1;840
277783;BA;2;1;1;1;1;1;553.2;548.8;532.9;592.3;1;900
4135805;AM;;;1;1;1;1;516.7;526.2;484.7;665.8;1;400
1787951;SP;;;0;0;0;0;;;;;;
429410;RO;;;1;1;1;1;456.6;532.4;527.3;509.5;1;600
1047516;RJ;2;2;1;1;1;1;414;484.3;507.7;389.7;1;520
735567;PR;;;1;1;1;1;430.1;412.3;299.7;418.3;1;760
1570478;ES;;;1;1;1;1;538.5;577.9;554.4;601.6;1;520
2926077;BA;2;1;1;1;1;1;472.6;311.6;392.2;402.1;1;540
4207401;SP;2;1;0;0;0;0;;;;;;
1586927;PE;4;1;1;1;1;1;495.8;611.2;556.2;397.9;1;720
867654;SP;2;1;0;0;0;0;;;;;;
310642;MG;;;1;1;1;1;646.2;640.1;611.8;798.2;1;920
2468849;PA;;;1;1;1;1;422.4;448.3;487.9;468.1;1;580
334607;RN;1;1;1;1;1;1;529.6;601.9;586.4;550;1;640
796125;RJ;;;0;0;0;0;;;;;;
587155;RS;;;1;1;1;1;422.6;570.3;587.8;580.8;1;600
3117026;RJ;;;1;1;1;1;593.2;633.5;596.9;715.8;1;740
3197738;RJ;2;1;1;1;1;1;524.2;567.9;565.2;384.9;1;560
1545744;BA;;;0;0;0;0;;;;;;
2834095;SP;;;0;0;0;0;;;;;;
1801148;BA;;;1;1;1;1;603.8;642.6;576.6;643.4;1;620
207052;MG;;;1;1;1;1;610.2;610.1;596;758.3;1;800
2092547;PR;2;1;1;1;1;1;436.8;425.9;519.1;385.6;1;640
1387375;PR;;;0;0;0;0;;;;;;
220706;RN;;;0;0;0;0;;;;;;
2575866;BA;;;1;1;1;1;515.9;570.8;550.9;638.1;1;760
1988519;SP;3;1;1;1;1;1;542.4;533.7;511.7;632.3;1;500
2235665;DF;;;1;1;1;1;555.2;509.6;578.9;500.1;1;700
1469536;PR;2;1;1;1;1;1;451.4;530.1;555.8;591.4;1;660
2198396;SP;4;1;1;1;1;1;500.2;533.3;504.7;624.2;1;740
134352;SE;;;0;0;0;0;;;;;;
342116;SE;2;1;1;1;1;1;508.6;524.6;471.8;522;1;920
156766;SP;2;1;0;0;0;0;;;;;;
3990984;MG;4;1;0;0;0;0;;;;;;
61471;CE;2;1;1;1;1;1;509.6;490.7;459.7;418.3;1;520
3069888;MG;;;1;1;1;1;462.1;338.3;438.1;378.3;1;860
1363558;RS;;;0;0;0;0;;;;;;
3188680;SE;;;1;1;1;1;436.6;514.2;534.5;387;1;520
1897126;GO;;;0;0;0;0;;;;;;
2314686;MG;2;1;1;1;1;1;454.3;390.6;438;451.8;1;500
3331369;MG;;;0;0;0;0;;;;;;
15659;RJ;;;1;1;1;1;555.8;630.4;605.9;579.8;1;720
3522179;MA;;;1;1;1;1;439.3;521.3;552.8;480.9;1;440
1426880;PR;;;1;1;1;1;695.5;644.6;601.7;733.6;1;780
895649;GO;;;1;1;1;1;450.9;529.7;578;517.3;1;900
346614;GO;2;1;1;1;1;1;421.7;434.6;478.1;434.4;1;800
1982778;AL;;;1;1;1;1;386;390.5;435.9;500.2;1;600
372393;PB;;;1;1;1;1;372.7;438.3;458.6;436.8;1;480
2869691;BA;;;0;0;0;0;;;;;;
3057620;GO;2;1;0;0;0;0;;;;;;
1528058;RS;;;1;1;1;1;561.7;482.4;545.8;526.1;1;760
2390047;MA;;;0;0;0;0;;;;;;
1689419;PA;2;1;0;0;0;0;;;;;;
3096299;RS;;;1;1;1;1;468.3;566.1;551.6;468.2;1;640
3546872;MS;;;0;0;0;0;;;;;;
3969937;MG;;;1;1;1;1;575;539.3;549.2;573.9;1;760
2758644;BA;;;1;1;1;1;623.6;595.7;596.1;551;1;900
2270906;SP;;;1;1;1;1;514.8;544.9;555.2;643.8;1;700
1472454;CE;2;1;0;0;0;0;;;;;;
1881783;MG;;;1;1;1;1;464.2;390.5;498;390.9;1;580
3533909;RS;;;0;0;0;0;;;;;;
956530;SP;;;0;1;1;0;;560.1;566.1;;1;700
877498;BA;2;1;1;1;1;1;433;512.2;492.5;461.4;4;0
1448827;SP;;;0;0;0;0;;;;;;
2231289;SP;;;1;1;1;1;491.9;515.1;532.9;439.9;1;740
2280862;MG;2;1;1;1;1;1;459;417.7;475.6;406.2;1;500
295667;RN;;;1;1;1;1;542.2;524.1;564.5;429.3;1;580
263999;MA;;;1;1;1;1;548.5;453.4;527.3;557.9;1;540
1129975;PA;;;0;0;0;0;;;;;;
1750242;GO;2;1;1;1;1;1;454.1;404;513.8;477.2;1;400
1613294;SP;2;1;1;1;1;1;558.7;453.3;510.1;452.2;1;600
3428062;PA;;;0;1;1;0;;491.8;441.9;;1;400
3736826;PR;;;1;1;1;1;527.9;531.3;551.5;407.5;1;520
1205456;MS;;;0;1;1;0;;471.1;548.3;;1;660
3318740;PI;;;1;1;1;1;469.2;611.9;336.7;540.1;1;720
2637790;MA;;;1;1;1;1;539.8;684;626.2;676.1;1;880
3642989;MG;;;1;1;1;1;534.8;420.2;570.1;512.1;1;520
453036;RN;;;0;0;0;0;;;;;;
1167105;AM;2;1;1;1;1;1;530;541.4;569.3;722.2;1;900
2042044;RN;;;1;1;1;1;435.1;577.9;551.9;445.8;1;620
1957628;MA;;;1;1;1;1;488.6;369.8;434;418.8;4;0
3786522;PB;;;1;1;1;1;430.1;0;303.5;433.5;1;460
2157318;PA;;;1;1;1;1;472.3;374.1;426.7;389.3;1;360
1051156;SP;2;1;1;1;1;1;551.9;558.9;553.8;534.1;1;600
1803689;RR;2;1;1;1;1;1;589.7;607.8;596;498.4;1;820
3444212;MG;;;0;0;0;0;;;;;;
966212;CE;;;1;1;1;1;477.5;606.5;592;639.6;1;720
138401;PI;;;0;0;0;0;;;;;;
4063256;RJ;;;0;0;0;0;;;;;;
1432473;MA;;;1;1;1;1;388.6;493.5;501;474.5;1;620
394646;CE;;;1;1;1;1;587.8;653.1;616.3;572.1;1;780
1277912;SP;;;1;1;1;1;628.1;628.1;594.1;707.3;1;680
2026798;SP;;;1;1;1;1;614.4;589.3;592.7;704.7;1;800
3897442;SP;;;1;1;1;1;681.9;660.5;596.9;694.7;1;620
1473907;MG;;;0;0;0;0;;;;;;
1025542;AL;;;1;1;1;1;578.6;572.2;494.7;441.1;1;440
3274534;MA;;;1;1;1;1;564.6;557.3;570.8;587.6;1;600
3658431;MG;;;1;1;1;1;634.5;606.9;585.7;569.9;1;600
1939065;CE;;;1;1;1;1;547.3;620.1;595.3;733.9;1;920
3190419;SP;;;1;1;1;1;648.1;700.4;616;757.7;1;680
206103;RO;2;1;1;1;1;1;501.3;438.2;486;382.1;1;800
3669472;BA;;;1;1;1;1;465.2;403;454;512.7;1;560
1837055;SP;;;1;1;1;1;595.8;512.5;541.5;710.8;1;640
952601;BA;4;2;1;1;1;1;405.6;441.9;448.7;617.3;1;580
2151052;SC;;;0;0;0;0;;;;;;
3205680;PA;;;1;0;0;1;403.5;;;432.7;;
216703;SP;4;1;1;1;1;1;462.1;602.8;585.2;633.6;1;840
2233583;MS;2;1;1;1;1;1;531.2;528.9;552;550.5;1;900
321746;PA;;;1;1;1;1;371.2;514;514.1;384.9;1;400
2929398;PE;;;1;1;1;1;519.9;399.2;492;494.5;1;560
2353905;AC;;;1;1;1;1;577.9;580;569.2;717.8;1;900
905729;PR;2;1;1;1;1;1;604.9;659.8;590.3;739.4;1;740
4186943;RJ;;;1;1;1;1;651.2;665.6;623.4;754;1;800
2734313;SP;4;1;1;1;1;1;491.3;450.5;504;470.3;1;640
3884393;CE;;;0;0;0;0;;;;;;
2438749;RS;;;0;0;0;0;;;;;;
2993353;SC;;;0;0;0;0;;;;;;
1393753;AL;2;1;1;1;1;1;527.6;454.7;509.7;435.3;1;560
2344048;GO;;;0;0;0;0;;;;;;
66453;SC;2;1;0;1;1;0;;481;548.3;;1;580
3359673;BA;2;1;0;0;0;0;;;;;;
2294708;SP;4;1;1;1;1;1;453.9;394.6;442.7;473.1;1;580
388953;ES;;;1;1;1;1;469.7;515.7;563.4;505.6;1;880
1181410;PR;2;1;1;1;1;1;505.8;576.3;603.8;405.6;1;500
1603040;SP;;;0;0;0;0;;;;;;
2406450;SC;2;1;1;1;1;1;441.4;518.3;557.2;503.2;1;720
1846417;SE;;;1;1;1;1;443.7;550.1;533.1;377.4;1;580
1575113;SP;2;1;1;1;1;1;454.1;539.6;562.5;500.4;1;520
2260599;MA;;;0;0;0;0;;;;;;
5121;PE;;;1;1;1;1;409.7;452.8;560.6;414.6;1;660
3245581;PR;;;0;0;0;0;;;;;;
1497670;PI;;;1;1;1;1;360.6;519.7;519.9;453.5;1;620
3278944;CE;;;1;1;1;1;373;449.3;481.2;447.9;1;660
699408;SP;;;1;1;1;1;491.2;477.4;511.1;391.4;1;640
1169225;BA;;;0;0;0;0;;;;;;
3944217;GO;;;1;1;1;1;586.2;610.4;571.4;644.7;1;860
230225;AM;4;1;1;1;1;1;499.4;520.2;543.3;421.4;1;900
2390247;PE;;;1;1;1;1;608.9;706;592.5;753.2;1;920
2962999;RJ;;;1;1;1;1;524.4;520.9;540.5;394.8;1;660
4245908;AP;;;1;1;1;1;389.2;508.9;493.4;442.2;1;600
2055702;PB;;;1;1;1;1;411.6;500.4;487.7;417.7;1;420
876491;PR;2;1;0;0;0;0;;;;;;
622683;MS;2;1;1;1;1;1;402.8;473.8;484;450;1;820
2309669;PE;;;1;1;1;1;516.3;641.6;571.5;659.4;1;840
98375;RS;;;0;0;0;0;;;;;;
853667;PB;;;1;1;1;1;373;408.2;309.8;397;1;400
2214496;PR;1;1;1;1;1;1;539.6;596.9;564.6;523;1;780
572126;SP;4;1;1;1;1;1;679.5;683.9;639.7;813;1;920
3617653;RJ;4;1;1;1;1;1;507.6;363.8;474.6;415.3;1;500
2109650;SC;2;1;0;0;0;0;;;;;;
3566488;SP;;;1;1;1;1;390.9;412.7;464.1;435.2;1;420
2111119;RN;;;1;0;0;1;611;;;756.9;;
3058984;MG;;;1;1;1;1;444.3;464.5;416.3;492.1;1;680
2759430;RJ;;;1;1;1;1;426.9;396.5;518.2;525;1;720
2843476;SP;4;1;1;1;1;1;620.8;701.9;614.8;714.7;1;880
2520785;MG;;;1;1;1;1;453.9;496.3;512.8;438.5;1;860
1177460;MA;;;1;1;1;1;361.8;370.3;457.5;393.5;1;400
2459674;SP;;;1;1;1;1;718.9;747.7;611.8;792.2;1;880
3804992;MG;;;1;1;1;1;589;626.4;604.8;767.7;1;740
1188828;GO;2;1;0;0;0;0;;;;;;
104480;CE;;;1;1;1;1;402.5;404.2;423.1;640.3;3;0
1490416;PR;;;0;0;0;0;;;;;;
1657460;MG;2;1;1;1;1;1;560.4;596.6;542.4;504.2;1;520
476168;RJ;;;0;0;0;0;;;;;;
3757837;RN;;;1;1;1;1;509.3;599.2;526.8;614.2;1;680
589188;CE;2;1;1;1;1;1;426;456.7;524.5;390.2;1;640
3184971;RS;;;0;0;0;0;;;;;;
3665397;SP;2;1;0;0;0;0;;;;;;
2299617;SP;;;1;1;1;1;515;522.3;595.5;571.5;1;800
841581;GO;2;1;0;0;0;0;;;;;;
3905748;SP;2;1;0;0;0;0;;;;;;
3052245;SC;;;0;0;0;0;;;;;;
3643247;MG;;;0;0;0;0;;;;;;
2222075;PB;2;1;0;1;1;0;;342.2;482.4;;1;480
4228253;PA;;;1;1;1;1;376.5;428.5;346.8;482.4;1;320
1799644;SP;;;1;1;1;1;397.1;381;467.3;455.2;1;540
487777;BA;;;1;1;1;1;426.4;444.6;494;463.6;1;720
3010347;SP;;;1;1;1;1;510.8;656;649.5;658.8;1;760
851367;PA;2;2;1;1;1;1;470.8;461.1;464.7;375.1;1;420
487810;PE;4;1;1;1;1;1;597.2;656.8;613.6;675.8;1;760
4072283;MG;;;1;1;1;1;595.3;655.1;617.1;536.4;1;680
3907252;PA;;;1;1;1;1;549.4;533.4;497.8;426.1;1;660
2970882;MA;2;1;1;1;1;1;414.3;400.4;443.5;400.9;1;480
3993656;SE;;;1;1;1;1;495.4;470.5;515.8;589.2;1;620
2163077;RS;2;1;1;1;1;1;597.2;610.6;562.6;683.9;1;880
3322483;PA;;;0;0;0;0;;;;;;
2153481;MG;2;1;1;1;1;1;452.4;524.4;532.6;601.6;1;640
2974978;RS;;;0;0;0;0;;;;;;
4138703;MA;;;1;1;1;1;516.5;558.4;553.3;712.2;1;640
3764342;RJ;;;0;0;0;0;;;;;;
439570;RN;;;1;1;1;1;393.4;454.1;493.1;379.3;1;720
3194460;MG;;;0;0;0;0;;;;;;
2583372;SP;2;1;1;1;1;1;486;515.4;490.9;382.2;1;540
13820;PB;2;1;1;1;1;1;418.2;498.3;522.8;375.9;4;0
173202;PE;2;1;1;1;1;1;508.8;540.6;344.7;377.7;1;580
2879840;SP;;;1;1;1;1;620.6;566;577.7;628.8;1;640
1598581;CE;;;1;1;1;1;399.2;457.1;399.9;398.1;1;280
791609;MG;3;1;1;1;1;1;410.9;434.2;521;603.6;1;520
1633081;AL;;;1;1;1;1;411.6;523.8;481.9;385.7;1;560
1375050;PE;2;1;0;1;1;0;;354.2;372.3;;1;840
2105260;RS;4;1;1;1;1;1;576.6;575.1;586.6;672.4;1;840
2347502;RJ;;;1;1;1;1;545.6;526.5;563.6;568.6;1;580
118470;CE;2;1;1;1;1;1;467;461.1;476.4;402;1;420
3583623;SC;;;1;1;1;1;564.3;532.8;544.6;456;1;740
1851486;PI;1;1;1;1;1;1;501.9;425.3;501;395;6;0
489707;CE;2;1;0;0;0;0;;;;;;
4033277;BA;;;1;1;1;1;384.5;453.9;526.5;443;1;720
2638507;BA;2;1;1;1;1;1;438.3;521;408.5;496;1;680
2999106;SP;2;1;1;1;1;1;400;521.3;485.8;581.7;1;680
3324855;SP;2;1;0;0;0;0;;;;;;
520768;RS;;;1;1;1;1;525.5;584;584.6;660.1;1;720
165978;AL;;;0;0;0;0;;;;;;
762376;SP;;;1;1;1;1;543.2;496.7;515.1;646.3;1;780
665921;RN;1;2;1;1;1;1;435.7;516.3;567.5;481.1;1;740
4029115;CE;;;1;1;1;1;401.5;484.7;544;513.6;1;440
3592560;BA;;;1;1;1;1;559.6;540.5;544.6;585.5;1;780
680245;RJ;4;1;1;1;1;1;565.8;571.5;596.4;654;1;880
3648123;SP;4;1;1;1;1;1;396.3;423.4;459.3;396.7;1;620
3544895;MT;2;1;1;1;1;1;418.7;510.6;541.4;587.8;1;520
2015717;BA;;;0;0;0;0;;;;;;
123755;BA;2;1;1;1;1;1;426.5;514.5;490.4;599.7;1;920
2498587;PA;;;0;0;0;0;;;;;;
2268697;SP;;;1;1;1;1;631;693.5;622.3;791.7;1;960
3195976;MT;2;1;1;1;1;1;455;509.6;480;399.8;1;580
21239;MG;;;1;1;1;1;519.3;446.1;488;449.1;1;480
2930818;BA;;;1;1;1;1;435.3;452.5;523.3;422.4;1;440
2317234;SP;;;1;1;1;1;682.6;637.5;632.8;821.5;1;960
83441;RJ;;;0;0;0;0;;;;;;
2158008;AM;2;1;1;1;1;1;466.5;606.7;552.7;586.4;1;840
1804274;SP;2;1;1;1;1;1;355.3;430.4;525.3;446.4;1;620
4005043;SE;;;1;1;1;1;473.5;540.8;467.8;452.8;1;580
1678006;CE;;;1;1;1;1;495.9;452.9;492.1;493.1;1;440
1357965;CE;;;0;0;0;0;;;;;;
87343;SP;2;1;1;1;1;1;598.8;658.6;639.2;681;1;920
2620139;SP;;;1;1;1;1;567;562.1;598.4;754.8;1;760
3200924;RN;;;0;0;0;0;;;;;;
2211839;BA;;;0;0;0;0;;;;;;
1228472;CE;;;1;1;1;1;483.3;542.2;576.9;475.2;1;400
1202063;MG;2;1;0;1;1;0;;424;433.8;;1;420
1827769;CE;2;1;1;1;1;1;380.9;418.4;386.3;439.5;1;280
3646888;SP;2;1;0;1;1;0;;302.3;366;;6;0
4088200;SE;2;2;0;0;0;0;;;;;;
1739082;RS;;;0;1;1;0;;483.5;601.2;;1;660
2669633;PE;;;1;1;1;1;537;475.8;503.2;588.7;1;820
4164441;RJ;;;1;1;1;1;534.6;597.8;572.2;733.6;1;660
4320106;RS;;;0;0;0;0;;;;;;
2676483;RJ;2;1;1;1;1;1;387.4;457.2;433.9;491.3;1;680
3301136;RS;;;0;0;0;0;;;;;;
1355216;RS;;;0;0;0;0;;;;;;
1593971;DF;;;0;0;0;0;;;;;;
2885853;RS;4;1;1;1;1;1;484.5;518.2;532.2;513.7;1;560
1028868;CE;2;1;1;1;1;1;519.6;614;590.4;658.1;1;800
3714451;BA;;;1;1;1;1;514.5;557;460.2;381.5;1;520
4086624;PE;;;0;1;1;0;;393.2;593.7;;1;560
4064771;MG;;;0;0;0;0;;;;;;
2108126;BA;;;1;1;1;1;555;644;577;711.8;1;820
229777;BA;2;1;1;1;1;1;407.6;417;534.4;554;1;600
4009172;BA;;;1;1;1;1;543;622.4;587.5;473;1;280
1413331;CE;2;1;1;1;1;1;422.4;486.1;501.2;452.1;1;880
82760;MA;;;1;1;1;1;429.6;380.4;378.9;475.9;1;340
1639158;SP;;;0;0;0;0;;;;;;
3639206;RJ;2;1;1;1;1;1;425.9;365;368.7;379.2;1;460
56764;RS;2;1;0;1;1;0;;554.8;588.8;;1;680
564753;BA;;;0;0;0;0;;;;;;
3411675;PE;;;1;1;1;1;557.3;557.8;539.1;560.4;1;460
1714144;SP;4;1;1;1;1;1;557;581.4;581.5;609.2;1;560
2313735;BA;;;1;1;1;1;384.6;485.2;467.8;390.1;1;540
3759667;MT;;;1;1;1;1;531;531.7;509.9;533.9;1;740
637294;AM;;;0;0;0;0;;;;;;
2320920;BA;;;1;1;1;1;447.2;421.1;578.5;407.9;1;480
2824859;CE;;;1;1;1;1;480.6;546.2;556.4;484;1;680
3118796;AP;;;1;1;1;1;434.9;479.2;526.3;444;1;800
2991757;CE;;;1;1;1;1;441;489;416.7;476.6;1;760
2198645;AL;;;0;0;0;0;;;;;;
2332001;RJ;;;1;1;1;1;548.1;559.8;531.9;554.9;1;580
481256;SP;;;1;1;1;1;658.5;636.2;554.7;702.6;1;940
3808490;CE;;;1;1;1;1;387.5;455.9;411.4;434.6;1;380
1052211;SP;2;1;0;0;0;0;;;;;;
1955275;SP;2;1;1;1;1;1;538.7;609.5;620.1;664.4;1;640
2346252;BA;;;0;0;0;0;;;;;;
2378474;CE;2;1;1;1;1;1;435.4;461.8;482.5;451.5;1;480
4318128;RS;;;0;0;0;0;;;;;;
1255586;ES;4;1;1;1;1;1;547.1;632.1;598.3;710.9;1;900
4283093;MG;2;1;0;0;0;0;;;;;;
2611748;SC;4;1;0;0;0;0;;;;;;
981068;PA;;;1;1;1;1;441.4;485.9;500.3;472.3;1;380
3583082;CE;;;1;1;1;1;539.9;536.9;585.5;445.7;1;600
3436967;SP;4;1;1;1;1;1;514.1;582.4;549.4;657.3;1;760
573282;PB;;;1;1;1;1;490.8;536.6;591;446.1;1;760
2943221;BA;;;1;1;1;1;479.8;530.5;549.1;452;1;820
226884;AM;;;1;1;1;1;552.5;648.1;619.3;691.5;1;660
1217380;PI;;;1;1;1;1;450.6;399.7;442.5;378.3;1;460
336909;CE;;;1;1;1;1;492.4;600.9;566.4;723.1;1;640
2333980;TO;;;1;1;1;1;435.4;499;548.6;407.7;1;740
2928499;GO;2;1;1;1;1;1;366.5;500.7;502.2;416.8;1;540
513255;RJ;;;1;1;1;1;492.5;478.4;499;443.2;1;620
2203033;MA;2;2;1;1;1;1;388.8;451.3;440.9;412.2;1;520
623040;PE;;;1;1;1;1;391.7;399.1;442.9;496.7;1;560
3357639;PA;2;1;1;1;1;1;435.8;316.9;376.5;460.2;1;400
1798550;PR;2;1;0;0;0;0;;;;;;
4302685;MG;;;0;0;0;0;;;;;;
491750;GO;;;0;0;0;0;;;;;;
1318340;CE;2;1;1;1;1;1;398.8;357.4;459.7;500.4;1;260
2887410;SP;;;0;0;0;0;;;;;;
2407356;BA;;;1;1;1;1;439.7;459;520.2;451.9;1;680
258976;BA;;;0;0;0;0;;;;;;
1837134;RO;2;1;1;1;1;1;454.1;458.6;490.3;385.5;1;640
2947178;RS;;;0;0;0;0;;;;;;
1145759;RJ;2;1;1;1;1;1;461.3;458.1;536.6;406.4;1;500
3750732;MS;;;0;0;0;0;;;;;;
3024103;PE;;;1;1;1;1;475.1;527.4;595.8;408.4;1;680
3673033;DF;;;0;0;0;0;;;;;;
2007498;RS;;;0;0;0;0;;;;;;
603107;PB;;;1;1;1;1;370.4;525.6;547.5;475.9;1;860
1764877;PE;2;1;1;1;1;1;375;537.8;523.3;441.2;1;680
325040;RJ;;;1;1;1;1;534.9;621.6;598.5;663.2;1;680
1457225;SP;4;1;1;1;1;1;616.7;436.9;582;647.5;1;720
230587;AM;;;1;1;1;1;485.9;459.8;535.4;469.9;1;520
1378334;MG;;;0;0;0;0;;;;;;
1742080;CE;1;1;1;1;1;1;382.8;510.9;486;495.8;1;640
1410050;RJ;;;1;1;1;1;658.4;671.6;578.4;723.7;1;940
1210592;MA;;;1;1;1;1;567.2;591.9;583.5;467.2;1;560
2183859;MT;;;1;1;1;1;520.6;631;584.4;541.3;1;860
1637490;PE;;;1;1;1;1;504.8;352;513.6;601.5;1;660
108616;SP;2;1;1;1;1;1;581.7;639.4;680.8;668.7;1;960
1697049;RJ;;;1;1;1;1;437;542.1;565.5;487.4;1;700
1884705;SP;2;1;1;1;1;1;558.1;624.2;592.9;668.8;1;660
1007867;AP;;;1;1;1;1;599.4;627.9;568.4;538.9;1;840
2273401;RN;;;1;1;1;1;409.8;400.6;508.6;408;1;560
1325229;AM;2;1;0;0;0;0;;;;;;
1974224;MG;;;1;1;1;1;500;513.5;560;517.3;1;580
3992846;PB;4;1;1;1;1;1;516.8;595.3;593.2;578.4;1;880
2025542;RJ;2;1;0;0;0;0;;;;;;
3337191;SP;2;1;1;1;1;1;451.3;528.6;542.1;390.2;1;580
3273928;CE;;;0;0;0;0;;;;;;
2453345;SP;;;0;0;0;0;;;;;;
112294;AL;2;1;1;1;1;1;372.7;348.5;362;480.6;3;0
1714444;CE;2;1;0;0;0;0;;;;;;
3104554;MG;;;1;1;1;1;419;592.9;581.2;470.4;1;860
2287987;PR;2;1;1;1;1;1;499.8;554.2;565.3;634.1;1;540
792849;AM;2;1;1;1;1;1;398.8;382.4;307.2;383.6;1;480
3554108;SP;2;1;0;1;1;0;;598.5;577.8;;1;560
3500156;BA;;;1;1;1;1;565.6;605.8;617.8;656.4;1;680
3671425;SC;2;2;0;0;0;0;;;;;;
1265294;SP;2;1;1;1;1;1;526.6;485.4;549.1;535.3;1;800
1533151;SP;2;1;1;1;1;1;496.7;506.1;425.2;438.7;1;360
1290463;CE;;;1;1;1;1;391.1;516.1;450.6;462.4;1;880
243006;DF;;;1;1;1;1;589.3;630.7;637.7;713.9;1;660
3714062;PR;;;1;1;1;1;379.6;392.9;479.8;432.8;1;480
3729223;SP;;;0;0;0;0;;;;;;
1384516;PI;;;1;1;1;1;459.8;475.9;579;496;1;800
1607125;BA;;;1;1;1;1;415.4;510.1;486.7;497.6;1;420
2402546;CE;2;1;0;0;0;0;;;;;;
2851553;SP;;;0;0;0;0;;;;;;
1655522;MG;;;1;1;1;1;459.2;565.2;499.2;431.4;1;700
2657893;SP;2;1;1;1;1;1;564.6;689.5;631;663.7;1;820
2214520;DF;;;0;0;0;0;;;;;;
111831;SC;;;1;1;1;1;587;628.7;562.9;612.9;1;920
4047934;RS;4;1;0;0;0;0;;;;;;
2752930;SP;2;1;1;1;1;1;530.9;563.9;569.7;385;1;600
3724288;PA;2;2;1;1;1;1;390.6;296.1;443.3;398.2;1;400
1325584;RN;;;1;1;1;1;444.9;402.3;415.4;373.1;1;700
1477595;MG;4;1;1;1;1;1;721.9;658.8;676.2;864.2;1;940
3183882;PB;;;1;1;1;1;689.9;747.8;582.1;746.7;1;920
4204013;MT;2;1;0;1;1;0;;420.5;504.7;;1;480
803529;SP;;;1;1;1;1;544.6;606.3;636.5;392.8;1;600
1681613;MG;;;0;0;0;0;;;;;;
4005714;RJ;1;1;0;1;1;0;;568.9;545.8;;1;660
3957990;PR;2;1;1;1;1;1;434.4;342.6;342.9;498.6;7;0
2056498;RJ;;;1;1;1;1;598;616.4;574;782.5;1;680
3696560;PA;;;1;1;1;1;434.2;601.6;566.9;490.2;1;600
1966393;BA;;;0;0;0;0;;;;;;
190935;RJ;;;1;1;1;1;448.9;422.1;505.6;412.3;1;520
2305562;SP;2;1;1;1;1;1;524;580.2;576;482.5;1;700
1664076;MG;;;1;1;1;1;387.2;368.8;408.2;414;6;0
3567834;DF;;;1;1;1;1;375.5;630.1;670.7;694.7;1;760
4101917;MA;;;1;1;1;1;449;392.7;330.6;435.5;4;0
3913431;MG;;;1;1;1;1;461.3;346.8;502.4;400;1;440
2058533;PI;;;0;0;0;0;;;;;;
580404;MG;;;1;1;1;1;512.5;469.2;578.3;471.8;1;680
525678;PB;;;1;1;1;1;608.8;599.4;581.5;720.5;1;880
818275;RJ;;;1;1;1;1;415.2;525.7;551.9;624.8;1;660
3298221;MG;;;0;0;0;0;;;;;;
2556445;TO;;;1;1;1;1;351.9;376;377.8;385.6;1;460
180718;RS;2;1;1;1;1;1;391.1;539.9;538.3;593;1;720
1201745;BA;;;1;1;1;1;501.6;559.4;495.7;427.1;1;560
317537;RJ;2;1;1;1;1;1;471.2;516.7;540.9;568.5;1;820
4212442;SP;;;0;0;0;0;;;;;;
4255102;TO;;;1;1;1;1;455.3;425.6;456.4;457.8;1;500
427644;RS;2;1;1;1;1;1;523.3;588.8;531.6;452.7;1;600
1729702;SC;2;1;1;1;1;1;602.6;570.8;520.6;448.8;1;540
3527014;RJ;;;0;1;1;0;;548.8;532.2;;8;0
800162;PB;;;1;1;1;1;471.6;522.4;546.1;499.4;1;560
768863;GO;2;1;1;1;1;1;497.1;467.3;546.6;485.3;1;700
3359704;DF;;;1;1;1;1;612.4;685.5;673.1;743;1;960
3045318;AL;;;0;0;0;0;;;;;;
1371925;PE;4;1;1;1;1;1;585.9;686.4;584.1;722.5;1;960
3882186;MG;;;0;1;1;0;;449.6;541.1;;1;400
880201;GO;;;1;1;1;1;508.7;429.6;514.6;503.2;1;660
753706;SP;2;1;1;1;1;1;361.8;544.7;536.9;427.9;1;560
1683509;SP;2;1;0;0;0;0;;;;;;
1565017;BA;;;0;0;0;0;;;;;;
1394491;GO;2;1;0;1;1;0;;349.7;377.3;;1;620
1633527;RS;;;1;1;1;1;581.4;576.6;593.8;736.4;1;860
1778327;MG;;;0;1;1;0;;549;516.4;;1;600
603326;PB;2;1;0;1;1;0;;417.3;334.4;;1;560
2555019;SP;;;1;1;1;1;523;580.2;552.2;544.4;1;680
1746126;DF;2;1;1;1;1;1;483.9;512.9;530;427.3;1;540
1526614;AP;;;0;0;0;0;;;;;;
2689217;GO;;;0;0;0;0;;;;;;
2651387;AM;;;1;1;1;1;426.8;471.1;414;436.7;1;560
3632444;DF;;;0;1;1;0;;473.1;573.1;;1;620
1460426;RS;2;1;1;1;1;1;605.6;619.9;600.7;691.9;1;920
4118289;DF;2;1;1;1;1;1;437.3;477.2;491.8;371.3;1;420
745405;SC;2;1;0;0;0;0;;;;;;
586612;SP;;;0;0;0;0;;;;;;
3172129;SP;4;1;1;1;1;1;462.6;501.9;512.6;556.6;1;600
3922172;PE;;;1;1;1;1;533.2;513.2;560.7;553.4;1;740
4321434;RS;;;0;0;0;0;;;;;;
3949158;MG;;;0;0;0;0;;;;;;
606607;BA;4;1;1;1;1;1;472.4;494.1;487.2;468.6;1;660
4059824;MA;;;1;1;1;1;418.6;334.2;310.9;422.9;3;0
276817;PB;;;0;0;0;0;;;;;;
1517702;RS;;;1;1;1;1;564.7;567.2;604.5;652.3;1;880
1940726;MG;;;1;1;1;1;627.3;656.7;607.5;804.1;1;940
2026427;RO;;;0;0;0;0;;;;;;
3785321;SP;;;1;1;1;1;513;584.7;572.9;636;1;880
926477;SP;;;1;1;1;1;568.1;599.7;562.5;555.5;1;900
3414826;MA;2;1;0;0;0;0;;;;;;
954260;MG;2;1;1;1;1;1;418.9;533.7;558.4;584.2;1;680
2495181;RJ;;;1;1;1;1;596.6;601.9;632.4;659.3;1;780
794569;SP;2;1;1;1;1;1;495.7;494.4;562.6;399.9;1;640
2411721;SP;;;1;1;1;1;572.5;621.7;622;555.6;1;800
1557578;CE;2;1;1;1;1;1;423.5;530.3;497.8;448.3;1;720
1520520;MT;2;1;0;0;0;0;;;;;;
3359690;RJ;;;0;0;0;0;;;;;;
373073;PB;;;0;0;0;0;;;;;;
4247003;RN;;;0;0;0;0;;;;;;
144732;RN;;;1;1;1;1;551;530.5;552.9;638.9;1;960
3064264;PR;2;1;0;0;0;0;;;;;;
3849593;PE;;;1;1;1;1;700;676.9;626.5;727.8;1;680
3848781;MG;;;1;1;1;1;384;456;542;384.4;1;360
976501;PB;;;1;1;1;1;488.6;479.7;483.1;420.7;1;580
1133363;MS;;;0;0;0;0;;;;;;
3379753;PR;;;1;1;1;1;563.5;594.7;593.4;590.1;1;760
3101816;MT;;;1;1;1;1;395.7;397.7;506;392;1;500
2888935;SP;;;1;1;1;1;535.9;529.8;574.4;519.9;1;780
2075272;PA;;;1;1;1;1;381.7;0;456;378;1;440
3141268;SP;2;1;1;1;1;1;507.1;487.6;520;469.5;1;700
3639047;MT;;;1;1;1;1;411.5;379.3;511.6;415.9;1;560
3912788;RS;2;1;0;0;0;0;;;;;;
3007242;SP;2;1;1;1;1;1;529;490.7;554.3;562.7;1;660
3436214;BA;;;0;0;0;0;;;;;;
3130640;PI;;;0;0;0;0;;;;;;
2496211;AL;;;0;0;0;0;;;;;;
2389033;BA;;;0;0;0;0;;;;;;
168449;RN;;;1;1;1;1;534;448.7;495.9;436.6;1;820
344027;RJ;2;1;0;0;0;0;;;;;;
3987827;RN;;;1;1;1;1;403;505.9;555.4;554.5;1;620
1909780;BA;2;1;1;1;1;1;458.3;453.6;436.1;477.4;1;540
168871;BA;;;1;1;1;1;425.2;460.6;511.7;544.9;1;580
1443962;TO;;;1;1;1;1;445.4;494.9;543.4;397.5;1;620
3349600;TO;;;0;1;1;0;;336.9;389.8;;1;420
4205814;RJ;;;0;0;0;0;;;;;;
1522749;RJ;;;0;0;0;0;;;;;;
850407;CE;2;1;0;1;1;0;;383.8;410.7;;1;440
3180611;AM;2;1;1;1;1;1;382.6;470.3;441.5;450;1;580
3925663;BA;;;1;1;1;1;420;486.4;470.6;415.9;1;600
2198107;RJ;;;0;1;1;0;;513.5;480.9;;1;680
160322;MG;2;1;1;1;1;1;373.7;453.5;412;443.2;6;0
845547;MG;;;0;0;0;0;;;;;;
69676;MA;2;1;1;1;1;1;469.7;472.9;482.4;427.9;1;500
4309690;SP;2;1;1;1;1;1;565;611.7;590.1;493.8;1;440
1711777;MG;;;0;0;0;0;;;;;;
97693;PE;;;1;1;1;1;448.2;489.5;536.5;421.6;1;620
3965970;MG;;;1;1;1;1;390.5;544.4;522;467.1;1;660
872795;CE;;;0;0;0;0;;;;;;
1824959;PE;4;1;1;1;1;1;673.7;633;602.4;779.5;1;940
122846;PI;;;1;1;1;1;419.7;455.9;458.9;409.7;1;500
1772241;PA;;;1;1;1;1;582.3;643.6;603.9;648.3;1;980
3883078;RS;;;0;0;0;0;;;;;;
2044824;RN;;;1;1;1;1;481.9;474.4;580.7;540.5;1;800
3082185;MG;2;1;1;1;1;1;509.7;496.4;520.5;530.8;1;640
1927692;PB;;;1;1;1;1;370.9;390.1;444.7;500;1;380
2518711;BA;;;1;1;1;1;459.9;410.1;348;475.6;6;0
1565268;SP;;;1;1;1;1;629.5;614.7;537.9;756.5;1;660
1122358;PA;;;1;1;1;1;505.2;539.5;617.3;525.7;1;700
834589;BA;;;1;1;1;1;403.8;492.9;503.6;400.1;1;800
2231847;BA;4;1;1;1;1;1;640.4;646.9;588.1;559.5;1;920
1755777;RS;;;1;1;1;1;408.5;510.9;456.9;441.6;1;480
2270234;SP;;;1;1;1;1;470.2;453.5;464.3;418.7;1;500
3551176;PA;;;0;0;0;0;;;;;;
1505474;BA;;;1;1;1;1;664.1;607.4;607.4;707.2;1;800
1520790;BA;2;1;1;1;1;1;455.5;523.7;550.5;530.7;1;620
2728903;DF;;;0;0;0;0;;;;;;
2515677;SE;2;1;1;1;1;1;358.3;356.3;354.6;507.3;1;540
395329;RJ;2;1;1;1;1;1;494.9;548.8;536.3;665.5;1;880
2807911;PB;;;1;1;1;1;536.7;584.5;553.7;437.3;1;520
800928;CE;;;1;1;1;1;538.9;573.8;611.6;711.1;1;800
2679213;PE;;;0;1;1;0;;553.6;582.6;;1;740
1154112;CE;;;0;1;1;0;;476.7;576.2;;1;580
171259;BA;2;1;1;1;1;1;525.5;459.2;494.5;466;1;800
1288498;RJ;;;1;1;1;1;558.3;569.4;590.7;542;1;760
4154060;SC;;;1;1;1;1;513.9;550.4;550.3;676;1;540
4038366;GO;;;0;0;0;0;;;;;;
888415;PA;;;0;0;0;0;;;;;;
1517500;MG;2;1;1;1;1;1;548.1;449;545.1;658.2;1;780
4226155;MG;;;1;1;1;1;457.6;558.7;537.3;391.9;1;640
3854175;PE;2;1;1;1;1;1;427.4;399.8;435.7;455.5;6;0
1581798;SP;2;1;1;1;1;1;487.2;557.1;552.6;585.3;1;720
3504668;PE;;;1;1;1;1;550.1;588.9;562.3;636.4;1;620
3657917;PE;;;0;0;0;0;;;;;;
1915868;PR;;;1;1;1;1;613.1;609.1;592.4;694.9;1;600
3095021;RS;;;1;1;1;1;545.7;543.4;552.1;626.5;1;520
3597051;GO;2;1;1;1;1;1;375.9;469;508.3;413.1;1;580
1279749;MG;2;1;1;1;1;1;413.4;440.2;515.3;404.9;1;420
4097944;PE;;;1;1;1;1;508.6;574.2;490.8;430.4;1;400
3233535;RN;2;1;1;1;1;1;448.6;368.9;437.2;467.5;1;560
2790764;CE;2;1;1;0;0;1;493;;;616.4;;
566615;BA;;;1;1;1;1;439.2;464.9;550.5;398.6;1;540
285737;SP;2;1;1;1;1;1;510.9;577.4;580.5;507.9;1;660
1505820;RJ;;;1;1;1;1;442.5;461.5;460.7;430.7;1;840
467206;SP;2;1;0;0;0;0;;;;;;
1254096;AL;;;0;0;0;0;;;;;;
4049605;SP;;;0;0;0;0;;;;;;
2468438;RJ;;;0;1;1;0;;593.2;571;;4;0
3429547;MG;;;1;1;1;1;526.1;546.6;563.5;528.5;1;800
2799457;RJ;;;1;1;1;1;449;580.8;540;711.5;1;760
703147;RS;;;1;1;1;1;482.5;518.2;542.9;403.2;1;480
2736419;BA;;;1;1;1;1;390.3;414.7;390.4;493.4;1;400
1252322;BA;2;1;1;1;1;1;381;362.7;366.7;393.9;1;500
2930087;MG;;;1;1;1;1;424.1;573.2;514;562.8;1;800
3954697;MA;;;1;1;1;1;506.6;483.5;490.7;521.1;1;800
3608481;SP;2;1;1;1;1;1;590;575.9;569.8;598;1;600
1449613;PI;2;1;1;1;1;1;558;609.1;582.6;651.4;1;960
3710620;SE;2;2;0;0;0;0;;;;;;
3289547;MA;;;0;1;1;0;;310.6;412.8;;4;0
1919601;SP;2;1;1;1;1;1;512.4;535.2;534.3;601.2;1;800
748608;BA;2;1;1;1;1;1;469.5;456.2;495.8;451.2;1;640
1636892;MG;;;0;0;0;0;;;;;;
2776177;CE;;;1;1;1;1;587.3;603.2;551;675.2;1;840
4088177;PI;;;1;1;1;1;408.4;353.6;494.9;409.9;1;480
3001784;MG;4;1;1;1;1;1;466.3;548;554.1;595.4;1;720
209526;CE;2;1;0;0;0;0;;;;;;
3580524;SP;;;0;0;0;0;;;;;;
159180;AL;;;1;1;1;1;555.7;562.2;562.1;562;1;900
4227737;RS;2;2;1;1;1;1;583.4;562.8;573.6;472.5;1;740
3256188;BA;2;1;0;0;0;0;;;;;;
1761660;AP;2;1;1;1;1;1;515.8;547.7;543.7;484.5;1;540
1888489;RN;;;0;0;0;0;;;;;;
3424986;BA;2;1;0;1;1;0;;383.9;513.6;;4;0
451244;PA;;;0;0;0;0;;;;;;
798366;BA;2;1;1;1;1;1;487.8;323.1;499.5;494.5;1;460
1593627;CE;2;1;1;1;1;1;472.4;373.5;485.7;445.8;1;400
3088665;GO;2;1;0;0;0;0;;;;;;
2846915;RS;;;0;1;1;0;;478.9;494.5;;1;700
1304790;RJ;;;1;1;1;1;614.2;671.8;685.5;544;1;840
1161823;RS;;;1;1;1;1;563.4;512.8;489.8;470.4;1;620
1913472;GO;1;1;1;1;1;1;663.4;690.2;550.1;692.3;1;880
1819223;SP;;;0;0;0;0;;;;;;
3381700;PA;;;1;1;1;1;459.8;389.3;429.9;402.5;1;480
2735574;MG;;;0;0;0;0;;;;;;
2805822;MT;;;1;1;1;1;517.4;509.8;543.4;399.5;1;600
2609723;PR;4;1;1;1;1;1;476.3;379.2;557;442.2;1;580
2615765;BA;;;1;1;1;1;412.6;551.2;522.3;387.6;1;800
1252190;RJ;2;1;1;1;1;1;398.7;392.2;450.1;416.8;1;340
295078;SP;;;1;1;1;1;468;585.3;613.2;646;1;840
2259739;PE;;;1;1;1;1;354.9;502.5;522.4;556.1;1;660
3158836;PE;4;1;1;1;1;1;557;501.4;598.4;416.6;1;840
1520717;BA;;;1;1;1;1;398.7;383.9;508;423.5;1;620
2952351;PA;;;0;1;1;0;;587.3;591.7;;1;660
449797;GO;;;0;0;0;0;;;;;;
1420489;PA;;;0;0;0;0;;;;;;
4308742;RS;;;0;0;0;0;;;;;;
3865975;RJ;;;0;0;0;0;;;;;;
3362365;GO;;;0;0;0;0;;;;;;
1567543;MA;;;0;1;1;0;;620.2;585.8;;1;620
3313715;MG;;;1;1;1;1;593.9;535.9;551;465.3;1;720
2569814;PE;;;1;1;1;1;488.5;571.7;531.8;425;1;520
1832628;BA;;;1;1;1;1;393.8;464.5;423.2;414.1;4;0
786140;MG;;;0;0;0;0;;;;;;
420962;CE;2;1;1;1;1;1;546.7;455;506.9;459.7;1;860
349193;MG;4;1;1;1;1;1;416.2;537.1;534.8;562.7;1;720
445388;RJ;2;1;1;1;1;1;402.3;484.8;539.1;600.2;1;840
2674220;PE;;;1;1;1;1;634.9;681.6;631.4;842.6;1;880
3269543;SP;;;0;0;0;0;;;;;;
3981283;MG;;;1;1;1;1;459;532.3;554.9;491.7;1;760
598476;RS;;;0;0;0;0;;;;;;
2437356;GO;;;1;1;1;1;413.6;442.6;510.5;398.1;1;540
2217771;RJ;;;0;0;0;0;;;;;;
3567276;SP;;;0;0;0;0;;;;;;
2250815;RS;;;0;0;0;0;;;;;;
2448439;MS;2;1;1;1;1;1;550.8;551;551;508.9;1;680
1586489;MG;;;1;1;1;1;680.1;755.8;657.9;742.7;1;900
445531;RN;2;1;1;1;1;1;561.4;617.2;485.1;614.3;1;900
1402136;BA;;;1;1;1;1;408.3;389.3;518.7;451.9;1;760
1042260;PI;;;0;0;0;0;;;;;;
1549072;SC;2;1;1;1;1;1;435.4;521.6;506;436.2;1;800
122739;BA;;;1;1;1;1;440.3;353.9;395.4;422.4;1;480
2596907;SP;;;1;1;1;1;600.2;630.3;608.2;660.1;1;600
2079353;DF;;;1;1;1;1;597.9;424.6;477;583.1;1;440
383528;RJ;2;1;0;0;0;0;;;;;;
2555399;SP;;;0;0;0;0;;;;;;
2613187;SP;;;0;0;0;0;;;;;;
3805610;MA;2;1;0;0;0;0;;;;;;
3906497;PI;;;1;1;1;1;422.5;538.4;559;390.3;1;440
1487022;MA;;;1;1;1;1;510.6;533.2;506.5;586.9;1;780
1005060;MT;;;1;1;1;1;476.2;566.6;540.6;513.2;1;620
1950739;GO;2;1;1;1;1;1;437.4;469.5;452.7;469.7;1;560
1489576;SP;2;1;1;1;1;1;436;577.6;551.2;670.1;1;620
4008557;SP;;;0;0;0;0;;;;;;
1859546;MG;;;1;1;1;1;393.4;474.9;484.4;575.7;1;500
756684;PI;;;1;1;1;1;390.6;468.8;481.3;629.9;1;860
188571;PE;4;1;1;1;1;1;449.3;536.9;594.5;678.8;1;820
1265016;MG;;;1;1;1;1;375.2;554.7;540.7;512.3;1;640
3690547;RJ;;;1;1;1;1;514.7;544.3;507.7;445.1;1;440
1910591;MG;;;1;1;1;1;488.5;463;349.3;614.4;1;680
304954;SP;;;1;1;1;1;606;760.8;666;729.4;1;880
1032879;BA;4;1;1;1;1;1;564.7;554.3;594.5;664.4;1;880
3978447;TO;1;1;0;0;0;0;;;;;;
2420184;RS;;;0;0;0;0;;;;;;
158099;SP;;;1;1;1;1;518.9;460.7;508.3;514.8;1;420
1692159;RS;;;1;1;1;1;542.5;632.2;593.3;690.8;1;860
1603431;PI;2;1;1;1;1;1;390.5;359.7;329.5;428.9;4;0
2793094;PA;;;0;0;0;0;;;;;;
2016274;SP;2;1;0;0;0;0;;;;;;
2901241;SP;;;1;1;1;1;430.9;491.1;457.5;482.1;1;400
2570300;PB;2;2;1;1;1;1;452.5;420.8;484.9;403;4;0
872561;BA;;;0;0;0;0;;;;;;
480840;PE;2;1;1;1;1;1;490.9;344.2;430.5;413.1;1;380
4175210;AL;;;1;1;1;1;510.5;511.1;534.7;522;1;440
4227392;RS;;;1;1;1;1;476;529.2;508.6;383.9;1;220
4042826;GO;;;1;1;1;1;425.4;457.2;502.2;398;4;0
3417043;MG;;;1;1;1;1;563.1;586.6;586.7;686.8;1;620
1357366;AM;;;1;1;1;1;483.8;523.6;505;495.6;1;600
2740479;PR;2;1;1;1;1;1;346;463.2;424.1;514.7;1;460
1744845;BA;;;1;1;1;1;479.7;599.6;504.4;491.8;1;540
2592835;SP;;;1;1;1;1;577.8;652.4;627.6;681.1;1;700
1030574;RJ;2;1;1;1;1;1;470.3;493.1;534.3;483.1;1;440
1836727;RN;;;1;1;1;1;375.3;382.1;459.7;384.3;4;0
3409162;RR;2;1;1;1;1;1;467.7;413;480.9;409;1;620
2919189;BA;;;1;1;1;1;561.5;562.8;546.9;493.3;1;580
1549820;RN;2;1;1;1;1;1;432.4;405.7;432.4;499.6;1;360
1310282;MG;1;2;1;1;1;1;480.6;471.3;584.1;670.9;1;740
583490;MG;;;0;1;1;0;;449.2;523.9;;1;640
529326;SC;;;1;1;1;1;464.2;511.2;506.9;501.6;1;800
1590536;DF;2;1;1;1;1;1;543.4;507.4;544.8;548.7;1;720
3057905;MT;;;0;0;0;0;;;;;;
1911160;BA;4;1;1;1;1;1;576.6;659.2;605.4;661.8;1;880
1413707;CE;2;1;0;0;0;0;;;;;;
1776262;CE;;;0;0;0;0;;;;;;
3248567;SP;;;1;1;1;1;373.4;559.6;528.2;443.5;1;600
3237559;PB;;;0;0;0;0;;;;;;
2176664;DF;;;1;1;1;1;388;296.5;445.7;381.2;1;440
2286621;SP;;;1;1;1;1;429.5;538.3;556.2;635.2;1;740
2709492;MG;2;1;1;1;1;1;408.3;552;525.3;417;1;720
862651;MA;;;1;1;1;1;387.6;354.3;494.2;374.2;1;580
3595057;SP;2;1;1;1;1;1;410.4;402.1;358;419.5;1;620
1871688;SE;;;1;1;1;1;386.9;402.4;463.3;412.7;1;880
463563;RJ;2;1;0;0;0;0;;;;;;
4108913;SP;;;0;0;0;0;;;;;;
444154;SP;2;1;1;1;1;1;397.2;518;412.6;441.3;1;660
3614269;PR;2;1;1;1;1;1;543.4;537.4;551.8;396.8;1;440
2961584;PI;;;0;0;0;0;;;;;;
696498;PR;;;1;1;1;1;396;477.7;549.3;449;1;820
580642;RS;;;1;1;1;1;509.3;601.3;572;441;1;560
559590;BA;;;1;1;1;1;429.7;577.6;592.4;457.4;1;660
3838910;RJ;;;0;0;0;0;;;;;;
3675940;PR;2;2;1;1;1;1;475.1;344.1;490.9;432.2;1;460
978272;SP;4;1;1;1;1;1;579.3;583.5;537.7;625.5;1;880
624498;PA;2;1;1;1;1;1;366.4;457.5;398.9;455.4;1;480
2263955;BA;4;1;1;1;1;1;421.8;589.8;575.6;507.3;1;860
173459;SP;2;1;1;1;1;1;578;591.8;574.5;539.3;1;620
3490216;MG;2;1;1;1;1;1;594.5;533.9;541;538.2;1;660
3256077;BA;2;1;1;1;1;1;520.3;328.3;513.6;405.9;1;640
4188701;PA;;;0;0;0;0;;;;;;
1732956;SP;2;1;1;1;1;1;508.2;685.8;591.9;593.5;1;760
2199459;PA;;;1;1;1;1;486.9;562.7;476.6;493.2;1;900
610388;BA;;;1;1;1;1;394.2;492.6;442.3;431.7;8;0
4083448;CE;;;1;1;1;1;552.5;551.6;574;721.6;1;860
901785;SP;;;0;0;0;0;;;;;;
560254;SE;2;2;1;1;1;1;415.1;564.5;460.3;388.6;1;700
638025;MG;;;1;1;1;1;405.7;514.3;501.2;374.7;1;600
1914966;SP;;;0;0;0;0;;;;;;
1297046;GO;;;1;1;1;1;365.8;410.6;429.1;548;1;560
3325572;PR;;;1;1;1;1;605.5;478.1;531.9;662.9;1;640
763721;CE;;;0;0;0;0;;;;;;
3856473;SP;;;0;0;0;0;;;;;;
1735149;RS;1;1;1;1;1;1;617.4;566.5;632.5;618.4;1;760
2191397;PE;2;1;1;1;1;1;388.9;323.1;464.6;393.2;1;540
2515503;PI;;;0;0;0;0;;;;;;
2490233;PR;4;1;1;1;1;1;564.6;519.8;556.9;595;1;520
3180775;MG;;;1;1;1;1;464.2;504.6;535.8;523;1;500
3856543;SP;4;1;1;1;1;1;531.3;545;578.2;759.2;1;760
1536613;RS;;;0;1;1;0;;569.1;558.8;;1;620
503172;MG;;;1;1;1;1;463;509.8;539.2;412;1;600
811017;RS;1;1;1;1;1;1;475.5;545.2;552.6;635;1;700
319628;MG;;;1;1;1;1;445.2;434.9;485.6;440.7;1;520
2357155;PR;2;1;1;1;1;1;446.8;420.5;457.9;458.3;1;860
999284;GO;;;0;0;0;0;;;;;;
4207213;PA;2;1;0;0;0;0;;;;;;
3295706;SP;2;1;1;1;1;1;506.4;557.2;520.2;425.8;1;500
1777398;DF;;;1;1;1;1;464.8;579.9;444.4;390.6;1;540
319684;PI;;;1;1;1;1;623.5;675.3;671.5;760.4;1;940
1350094;MG;;;0;0;0;0;;;;;;
1331577;RS;;;1;1;1;1;545.3;513.9;548;569.3;1;660
2560692;RN;4;1;1;1;1;1;447.8;486.6;531.7;601.7;1;660
2704462;PE;;;1;1;1;1;388.9;510.1;546.5;454.8;1;560
2277331;GO;;;1;1;1;1;690.8;736.5;607.7;743.9;1;640
1216848;MG;;;1;1;1;1;429.2;370.4;544.4;413.3;1;600
407939;BA;;;0;0;0;0;;;;;;
3469756;PA;;;0;0;0;0;;;;;;
3850032;RS;;;1;1;1;1;473.9;552.3;539.2;478.6;1;760
3595537;BA;;;0;0;0;0;;;;;;
4126588;MG;2;1;0;0;0;0;;;;;;
1613081;RS;2;1;1;1;1;1;467.6;435.1;498.8;385.6;1;360
1627871;SP;1;1;1;1;1;1;590.6;599.2;653;677.5;1;740
2069863;RJ;;;1;1;1;1;655.6;752.8;669.9;813.6;1;920
1415214;MA;1;1;1;1;1;1;583.6;549.8;586.8;580.5;4;0
3588831;GO;;;1;1;1;1;508.4;531.8;564.9;558.3;1;820
2221114;CE;;;0;0;0;0;;;;;;
3631536;MA;;;0;0;0;0;;;;;;
1136756;CE;;;1;1;1;1;486.3;547.8;513.6;398.7;1;460
2795632;MA;;;1;1;1;1;465.6;289.7;441.6;400.4;4;0
1877207;AC;;;1;1;1;1;600.3;560.9;594;666.9;1;900
2407167;MA;2;1;1;1;1;1;478.1;358.6;484.4;428.2;1;440
3469781;SP;4;1;1;1;1;1;438.4;504.8;481.6;526.3;1;600
1213103;DF;;;1;1;1;1;468.5;374.1;472.2;520.5;1;760
1560010;PA;;;1;1;1;1;497.8;406.6;373.1;442.6;1;420
3445527;SP;;;0;0;0;0;;;;;;
1681440;PA;;;1;1;1;1;525.9;541.6;417.3;401.9;1;600
2424109;BA;;;1;1;1;1;413.1;402.1;420.3;452.5;1;840
74235;RO;;;1;1;1;1;545.8;535.8;574.7;502.5;1;760
4182897;RS;;;0;0;0;0;;;;;;
2193140;PE;;;1;1;1;1;422.6;461.5;412.9;411.5;1;540
2572947;DF;;;1;1;1;1;626.5;595.1;598.4;784.7;1;620
1219874;MA;;;0;0;0;0;;;;;;
2296287;RN;;;1;1;1;1;588.6;641.7;622.1;571.2;1;780
3973433;SP;;;0;1;1;0;;516.5;528.8;;1;660
4176727;SP;;;1;1;1;1;490.5;414.4;528.6;399.1;1;640
745593;RJ;2;1;1;1;1;1;441.6;461.1;492.3;467.8;1;740
2362507;RS;;;1;1;1;1;376.3;508.4;559.6;518.1;1;740
3925469;BA;;;1;1;1;1;411.8;420.3;494.7;516.2;1;460
1312490;SC;2;1;1;1;1;1;574.1;524.1;518.1;636.2;1;720
1160219;PE;;;1;1;1;1;615.9;640.3;612.5;748.6;1;900
2696764;GO;4;1;1;1;1;1;518.7;562.2;567.2;578.1;1;520
525462;RJ;;;1;1;1;1;625.1;585.1;624.3;652.1;1;960
881218;RJ;;;1;1;1;1;612;595.6;559;682.4;1;700
2801648;GO;;;1;1;1;1;446.8;354.2;448.3;471.2;1;560
2619768;BA;;;1;1;1;1;413.4;444.3;495.2;480.2;1;540
2325722;SE;;;1;1;1;1;591.7;616.9;583.2;664;1;800
3151523;MG;;;1;1;1;1;373.2;430.6;437.8;462.3;1;640
1086240;AC;;;1;1;1;1;403.8;0;517.6;461.1;1;600
1928894;MA;;;1;1;1;1;457.6;504.6;497.2;473.3;1;560
2703035;SP;4;1;1;1;1;1;629.5;671.7;631.8;778.8;1;900
3519842;PA;;;1;1;1;1;500.9;484.5;496.5;387.8;1;360
3708665;MA;;;1;1;1;1;456.9;598.6;563.2;579.6;1;920
4228851;BA;;;1;1;1;1;454.3;526.8;486.3;472;1;700
1886226;SP;;;1;1;1;1;549.6;535.9;533.4;645.1;1;740
3316331;MG;;;1;1;1;1;573.4;574.2;568.9;431.4;1;500
49713;SP;2;1;1;1;1;1;421.7;521.4;546.3;422.1;1;720
2865526;CE;;;0;1;1;0;;529.7;551.4;;1;640
2289436;MG;4;1;1;1;1;1;564.8;532.6;484.8;661.3;1;840
837542;MT;;;1;1;1;1;457.5;414;498.8;532.4;1;520
1073528;SC;2;1;1;2;2;1;536.5;;;618.4;;
1182039;PA;;;0;1;1;0;;459.1;475.1;;1;500
2602877;ES;2;1;1;1;1;1;570.2;583.9;557.5;646.7;1;920
3037981;ES;2;1;1;1;1;1;492.8;488.7;522.5;491.4;1;560
1431876;MG;;;0;0;0;0;;;;;;
2286128;MG;4;1;1;1;1;1;604.8;508.4;558.9;631.2;1;900
3466344;RS;;;0;1;1;0;;616;610.1;;4;0
309662;PB;2;1;1;1;1;1;402.1;611;567.4;628.5;1;680
3707094;PI;;;1;1;1;1;592.5;573.5;567.9;509.4;1;620
858679;AL;1;1;1;1;1;1;454;356.8;503.7;583.4;1;760
1875062;MG;2;1;1;1;1;1;476.2;352.6;450;578.6;1;720
3184669;AL;;;0;0;0;0;;;;;;
2318029;PE;2;1;1;1;1;1;460.2;474;482.9;480.8;1;880
2203011;SP;;;0;0;0;0;;;;;;
167412;PB;;;1;1;1;1;514.5;519.4;540.8;539.8;1;740
2405795;PE;;;1;1;1;1;578.6;552.3;590.6;645;1;920
1616204;CE;2;1;1;1;1;1;522.3;298.9;466.4;393;1;500
3943723;PA;;;0;0;0;0;;;;;;
3165775;RJ;;;0;0;0;0;;;;;;
16196;CE;2;1;1;1;1;1;546.1;591.4;577;470.7;4;0
4097186;MG;;;0;0;0;0;;;;;;
3043476;AM;;;1;1;1;1;497.1;344.2;356.5;428.9;1;580
1972795;MG;;;1;1;1;1;591.8;633.4;616;612.9;1;780
2520358;SP;;;1;1;1;1;552.7;564.2;597.5;703.8;4;0
1734077;GO;;;1;1;1;1;413;534.8;537.6;665.4;1;740
3636147;AL;;;1;1;1;1;450.6;563.5;508.9;382.8;1;540
31603;SP;2;1;1;1;1;1;424.2;541;585.7;407.9;1;640
264068;SP;2;1;1;1;1;1;470.8;492.3;545.4;518.1;1;920
3465185;PR;;;1;1;1;1;603.1;623.1;637.9;664.8;1;900
866982;PA;;;1;1;1;1;420.4;502.6;519.4;394.2;1;760
1032676;AL;2;1;0;0;0;0;;;;;;
1344636;DF;2;1;1;1;1;1;510.3;498.9;495.5;483.7;1;640
2560073;MG;;;0;0;0;0;;;;;;
422654;SP;;;1;1;1;1;445.8;638.2;602;624.1;1;820
1638921;ES;2;1;1;1;1;1;526.3;510.8;533.1;470.1;1;760
515815;SP;2;1;1;1;1;1;379.4;466.8;500.2;522.1;1;640
1500555;RJ;;;0;0;0;0;;;;;;
3614984;PA;;;1;1;1;1;484.1;516.2;512.2;494.4;1;480
2285452;ES;;;1;1;1;1;557.1;633.1;587.1;774;1;920
4296443;SE;;;1;1;1;1;412.5;513.1;479.4;593.8;1;660
971026;PR;2;1;1;1;1;1;596;579.4;550.5;583.6;1;640
3765924;GO;;;1;1;1;1;539.9;556.4;633.3;480.7;1;820
3241194;PI;;;0;0;0;0;;;;;;
662699;RJ;;;0;0;0;0;;;;;;
3402434;PB;;;1;1;1;1;523.3;507.5;522.7;478.2;1;540
3933595;RJ;;;1;1;1;1;511.4;432.1;515.9;485.2;1;580
713679;RJ;;;0;0;0;0;;;;;;
4206610;AM;2;1;0;0;0;0;;;;;;
3262298;CE;;;1;1;1;1;673.6;652.4;601.7;834.2;1;860
4070395;MA;;;1;1;1;1;514.7;572.5;525.1;409.5;1;860
200152;MG;2;1;1;1;1;1;512.4;527.8;558.8;550.6;1;720
4003649;SP;;;0;0;0;0;;;;;;
3683302;MG;;;0;0;0;0;;;;;;
2895466;MG;;;1;1;1;1;526.6;556.6;572.3;556.1;1;920
1454743;MA;2;1;1;1;1;1;424;461;481.4;417.4;1;560
3638411;BA;2;1;0;0;0;0;;;;;;
116599;BA;2;1;1;1;1;1;478.6;579.2;527.8;602.6;1;580
2242413;ES;;;0;0;0;0;;;;;;
1151902;SP;2;1;1;1;1;1;394.1;380.8;410;533.8;1;360
654228;PE;;;1;1;1;1;498.6;479.5;358.3;673.9;1;880
3351045;MG;;;1;1;1;1;452;402.5;472.4;460.3;1;560
558334;SP;;;1;1;1;1;369.9;473.2;501.4;471.7;1;560
65304;MA;2;1;1;1;1;1;413.7;390.3;417.9;378.8;1;840
3216116;RJ;4;1;1;1;1;1;468.8;339.4;380;453.2;1;400
2407405;BA;;;1;1;1;1;545.5;640.1;604.1;486.6;1;660
420801;CE;;;1;1;1;1;408.5;511.8;519.5;596.8;1;440
1662606;ES;;;0;0;0;0;;;;;;
3833278;SC;;;1;1;1;1;508;594.8;575.9;451.1;1;740
2100732;SP;;;1;1;1;1;467.6;513.4;531.8;413.2;1;780
2010980;ES;;;1;1;1;1;605;663.1;604.9;656.9;1;900
2399038;SP;2;1;0;0;0;0;;;;;;
3940385;MT;;;0;0;0;0;;;;;;
519646;PB;;;1;1;1;1;422.6;464.3;482;445.9;1;840
4308454;MA;;;0;0;0;0;;;;;;
1524480;MG;;;0;0;0;0;;;;;;
958454;PE;;;0;1;1;0;;443.9;491.4;;1;520
2327942;ES;4;1;1;1;1;1;640.6;671.3;648.4;807.1;1;820
3744049;SP;;;1;1;1;1;460.2;528;503;542.5;1;560
2878784;RJ;;;1;1;1;1;540.6;569.6;603.5;620.3;1;680
3987529;SP;;;1;1;1;1;448.5;432.1;496.5;559.2;1;560
3930234;RS;;;0;0;0;0;;;;;;
499105;RS;;;1;1;1;1;401.6;417.5;421.5;429.5;1;440
3785850;SP;;;0;0;0;0;;;;;;
395079;RJ;;;1;1;1;1;356.4;464.9;524.9;474.2;1;640
263581;AP;2;1;1;1;1;1;381.4;551.3;611.5;575.5;1;920
182684;RS;;;0;0;0;0;;;;;;
3315938;PA;;;0;0;0;0;;;;;;
3847281;MG;;;1;1;1;1;626.1;689.6;668.9;809.5;1;740
2795255;AC;;;1;1;1;1;477.3;469.3;526.7;562.7;1;640
2739062;PE;2;1;1;1;1;1;390.4;425.7;392.8;395;1;400
552008;PR;;;0;0;0;0;;;;;;
3483796;ES;;;1;1;1;1;603.3;669.8;594.6;477.5;1;660
277526;RJ;4;1;1;1;1;1;530.5;457.2;448.8;398.7;1;840
300751;SP;;;1;1;1;1;673;677.1;632.5;714.1;1;880
1659453;RN;;;1;1;1;1;403.6;387.2;492.8;409.6;1;480
92103;RN;;;1;1;1;1;535.9;522.9;561.9;479.6;1;920
135185;BA;;;1;0;0;1;583.7;;;645.2;;
3471353;SP;;;1;1;1;1;448;525.4;518;432.9;1;660
3617567;PI;;;1;1;1;1;497.2;442.3;346.6;489.2;1;720
2616861;MG;;;0;0;0;0;;;;;;
4159255;MT;2;1;0;0;0;0;;;;;;
4190670;RS;;;0;0;0;0;;;;;;
1710176;BA;;;0;0;0;0;;;;;;
866294;SE;;;1;1;1;1;428.9;431.7;550.4;411.3;1;800
1328387;RS;;;1;1;1;1;433.8;501.8;499.2;508.4;1;600
468280;RJ;4;1;1;1;1;1;549;591.3;600.9;533.7;1;660
841236;GO;;;0;0;0;0;;;;;;
4163456;RS;;;1;1;1;1;569.2;624.5;601.9;621.4;1;660
1876412;PI;4;1;1;1;1;1;552;637.8;613.9;695;1;860
3286678;RS;;;1;1;1;1;605.4;659.1;644.9;734.7;1;880
608647;RO;;;0;0;0;0;;;;;;
592818;PE;;;1;1;1;1;562.1;532;544.4;610.3;1;840
2526510;SP;;;1;1;1;1;592.8;659.6;548.6;588.5;1;720
2392243;MA;1;2;1;1;1;1;381.4;580.8;504.7;527;1;880
2737318;MA;;;1;1;1;1;425.4;393.9;488.7;378.4;1;500
1802019;CE;;;0;0;0;0;;;;;;
951814;MT;1;1;1;1;1;1;534.8;539.1;517.9;525.7;1;680
3349005;PB;;;0;0;0;0;;;;;;
3961673;RJ;4;1;1;1;1;1;538.2;589.8;516.7;608.7;1;680
4250251;RS;;;1;1;1;1;440.2;442.2;479.1;483.6;1;540
1232770;AL;;;0;0;0;0;;;;;;
2961976;MG;;;1;1;1;1;662.7;564.5;579;807.8;1;920
3738889;RJ;;;0;1;1;0;;552.5;604.8;;1;560
2015567;AP;;;0;0;0;0;;;;;;
3201049;BA;;;1;1;1;1;517.3;339.2;515.8;587;1;720
1224972;PA;;;1;1;1;1;413.9;478.6;473.9;398.9;1;700
3018197;RR;;;1;1;1;1;366.1;374.5;474.4;395.9;1;620
1801296;PI;;;1;1;1;1;527.8;403;456.7;419.9;1;680
4243935;MG;2;1;1;1;1;1;506.9;591.6;559.4;644.8;1;560
2187093;CE;;;1;1;1;1;436.2;538;544.1;664.8;1;920
1144853;MT;;;1;1;1;1;440.1;338.3;470.7;374.5;1;300
2581667;BA;;;1;1;1;1;425.4;389;454;428.7;1;620
1418823;GO;2;1;0;1;1;0;;475.3;492.5;;1;620
1822117;PR;;;0;0;0;0;;;;;;
2339609;RJ;;;1;1;1;1;500.2;503.6;541.1;614;1;680
1348002;MT;2;1;1;1;1;1;563.6;596.8;596.7;503;1;860
4225790;AC;2;1;0;0;0;0;;;;;;
1855247;AL;;;0;0;0;0;;;;;;
250463;BA;;;1;1;1;1;377.1;430.3;454.8;438.1;1;580
1867795;SP;2;1;1;1;1;1;357.4;477.7;427.4;389.5;1;460
1879666;RJ;2;1;0;0;0;0;;;;;;
2574665;ES;;;1;1;1;1;545.8;464.2;514.3;391.6;1;560
1214394;RO;2;1;0;0;0;0;;;;;;
2906978;BA;4;1;1;1;1;1;395.7;486.8;518.4;534.9;1;760
1850020;RJ;;;1;1;1;1;592.7;629.7;589.6;746.1;1;820
42809;MG;;;1;1;1;1;598.2;606.2;612.4;572.1;1;780
598001;SC;2;1;1;1;1;1;478.9;515.7;517.8;623.7;1;720
2767234;SP;;;1;1;1;1;573.9;607.2;571.1;552.9;1;540
3593770;PB;2;1;0;0;0;0;;;;;;
1385135;PR;4;1;1;1;1;1;474.3;446.4;477.8;553.1;1;720
1033386;RN;;;0;0;0;0;;;;;;
579872;ES;1;1;1;1;1;1;543;612.4;616.7;576.5;1;860
2408608;RO;;;0;0;0;0;;;;;;
1344982;CE;;;1;1;1;1;489.9;527.3;503.5;525;1;840
1752981;PB;2;1;1;1;1;1;405.7;457.3;418.6;386;6;0
3818847;RJ;;;1;1;1;1;432.1;428;487.5;436.3;6;0
2355841;SP;2;1;1;1;1;1;427.3;396.1;509.9;438.6;1;640
3655938;BA;;;0;0;0;0;;;;;;
4163176;RJ;;;0;0;0;0;;;;;;
3645801;CE;2;1;1;1;1;1;532.3;593.9;590.3;608.4;1;580
4093644;RJ;;;0;0;0;0;;;;;;
2623964;RJ;;;1;1;1;1;381.4;440.4;522.8;407.5;1;640
1271429;CE;1;1;1;1;1;1;404.3;320.7;557.7;484;1;620
430298;SP;4;1;1;1;1;1;571.1;619.4;628.7;696.3;1;700
4282739;BA;;;1;1;1;1;531;541;443.3;646;1;660
1729878;BA;2;1;0;0;0;0;;;;;;
3057147;SP;4;1;1;1;1;1;631.4;625.2;595.6;673;1;780
1615896;RJ;;;1;1;1;1;471.2;515.9;447.8;406.9;1;460
3682038;PR;;;1;1;1;1;533.7;484.2;499.3;461.2;1;480
3671071;AP;;;0;0;0;0;;;;;;
4046838;RS;;;0;0;0;0;;;;;;
2523555;RJ;4;1;1;1;1;1;403.1;441.4;474.5;513.6;1;700
1200871;SP;;;1;1;1;1;445.3;552.8;553.9;393.9;1;640
3985280;RJ;;;0;0;0;0;;;;;;
1532234;BA;;;1;1;1;1;434.8;479;486.8;458.7;1;640
4302755;SP;;;0;0;0;0;;;;;;
308561;PE;;;0;1;1;0;;434.4;441.1;;1;800
1125829;PB;;;0;0;0;0;;;;;;
80775;RN;;;1;1;1;1;608.3;711.3;610;802.1;1;920
171717;RS;;;1;1;1;1;469.9;524.6;621.6;603.3;1;880
149655;PA;2;1;1;1;1;1;349.9;469.9;504.8;457.6;1;800
612;TO;2;1;1;1;1;1;410.2;497.7;477.3;453.3;1;720
2133892;RJ;4;1;1;1;1;1;511.5;492.2;541.5;668.4;1;780
962736;MA;;;1;1;1;1;433.2;391.5;396.8;401.2;1;480
307750;PA;;;1;1;1;1;477.2;496.6;468.4;574.9;1;760
1217708;AL;;;1;1;1;1;464.3;544;560.1;594.6;1;880
1861387;PI;2;1;1;1;1;1;437.8;315.6;421.8;409.4;1;300
3307363;MG;;;1;1;1;1;449.8;399.6;426.7;447;1;440
1446868;SP;;;1;0;0;1;639.4;;;705.5;;
347576;CE;2;1;1;1;1;1;466.2;459.5;438.9;464.2;1;340
4009265;DF;4;1;1;1;1;1;515.1;609.3;606.1;743.7;1;840
2219733;PA;;;0;1;1;0;;377.4;444.5;;1;540
4098619;MT;;;0;0;0;0;;;;;;
2641309;PE;;;1;1;1;1;453;525;494.8;449.5;1;800
9192;SE;;;1;1;1;1;445.5;384.7;443;425.7;6;0
628239;RJ;2;1;1;1;1;1;371.8;378.8;429.5;428.3;1;580
1154512;GO;2;1;1;1;1;1;447.7;403.8;416.1;517.7;1;540
2884750;PI;;;1;1;1;1;433.8;563.4;534.2;537.9;1;640
1913906;SP;;;1;1;1;1;633.3;567.7;571.8;651.7;1;920
561016;RJ;;;1;1;1;1;510.2;657.8;562.7;564.2;1;880
2510953;RN;;;1;1;1;1;456.8;500.6;576.6;405.3;1;680
791137;PR;2;1;1;1;1;1;458.3;498.9;484.4;531.2;1;520
1626449;PE;;;1;1;1;1;504.1;551;549;700.6;1;840
4130518;MS;;;1;1;1;1;452.8;550;476.6;479.4;1;480
4232816;SP;;;1;1;1;1;628.7;600.7;610.7;524.9;1;660
2948221;SP;;;1;1;1;1;500.8;509.8;542.8;488.8;1;720
3530221;RS;;;1;1;1;1;564.4;536;516.7;532.2;1;600
59357;RN;;;0;0;0;0;;;;;;
2182415;CE;;;1;1;1;1;443.1;553.2;582.9;498.9;1;480
4134788;MG;;;1;1;1;1;517.1;387.3;501.7;479.9;1;440
4250633;AL;;;0;0;0;0;;;;;;
2797112;RJ;;;0;0;0;0;;;;;;
556286;MG;;;1;1;1;1;388.3;516.6;507.3;384.4;1;760
3104212;PE;;;1;1;1;1;423.1;317.4;473.2;394.9;1;500
4055859;PB;2;1;1;1;1;1;516.6;331.1;429.1;423.1;2;0
1910050;BA;;;1;1;1;1;473.6;560.1;565;696.7;1;800
4093573;AM;;;0;0;0;0;;;;;;
2517585;PB;;;1;1;1;1;638.4;632.5;585.2;756.1;1;840
1872273;RS;;;1;1;1;1;570.1;660.4;637.2;580;1;780
250948;CE;2;1;0;0;0;0;;;;;;
687242;GO;2;1;1;1;1;1;602.9;588.8;555.5;648.7;1;920
1654832;ES;;;1;1;1;1;437;632.9;559.2;519.1;1;840
3957954;RJ;;;1;1;1;1;535.5;546.2;521.2;623.1;1;560
1631266;PI;;;1;1;1;1;427.8;375.2;487.4;483.3;1;680
2293759;SP;2;1;0;0;0;0;;;;;;
1562820;AL;2;1;1;1;1;1;365.8;405.4;493.6;395.5;1;640
3190067;RJ;;;1;1;1;1;525.7;556.5;581.8;659.8;1;680
3013543;MG;2;1;0;0;0;0;;;;;;
765160;GO;2;1;1;1;1;1;455.5;489.2;522.9;673.6;1;680
2420545;AL;;;1;1;1;1;430;503.2;520.5;534.1;1;660
2274536;AM;;;1;1;1;1;537.4;383.5;502.6;378;1;600
4000579;SP;;;1;1;1;1;441.7;487.5;461;560.9;1;540
758908;PA;;;1;1;1;1;417.3;429.3;447.6;412.6;1;720
1519796;MS;;;0;0;0;0;;;;;;
1469494;PR;2;1;0;0;0;0;;;;;;
2543424;CE;;;1;1;1;1;506;554.6;537.9;559.5;8;0
2566475;CE;;;0;1;1;0;;517.6;531.7;;1;720
2784944;MA;;;0;0;0;0;;;;;;
316017;PR;2;1;1;1;1;1;382.4;398.7;329.7;394.7;1;400
3659700;AM;2;1;0;0;0;0;;;;;;
1692259;SP;;;1;1;1;1;567.5;595.8;574.2;586.6;1;780
3682817;PE;;;1;1;1;1;490.1;419.8;581.5;537.1;4;0
1464542;PR;2;1;0;1;1;0;;440.8;527.3;;1;360
2623440;RS;;;1;1;1;1;509.5;553.7;509.7;441.3;1;560
2890166;AL;;;0;0;0;0;;;;;;
1357273;RS;;;0;1;1;0;;479.9;488.3;;1;620
4273168;PR;2;1;1;1;1;1;413.7;535.9;497.9;407.7;4;0
152887;MG;2;1;1;1;1;1;374.5;434.1;464.6;441.9;1;500
3370641;PA;;;1;1;1;1;505.7;546.2;573;403.4;1;640
2338945;PA;;;0;0;0;0;;;;;;
3983565;MT;;;0;0;0;0;;;;;;
3684800;RJ;;;0;1;1;0;;580.9;566.5;;1;520
3229112;SP;;;0;1;1;0;;484.5;458.7;;1;520
596514;PE;2;1;0;1;1;0;;532;593.9;;4;0
3145588;MG;;;1;1;1;1;484;575.3;521.8;645.7;1;680
1069015;TO;;;1;1;1;1;480.2;545.7;589.9;454;1;440
3798885;SP;3;1;0;0;0;0;;;;;;
403264;AM;2;1;0;0;0;0;;;;;;
3323772;BA;;;0;0;0;0;;;;;;
2488699;CE;4;1;1;1;1;1;517.5;562.5;549.6;575.6;1;820
80770;AM;;;1;1;1;1;460.5;577.5;556.1;416.9;1;680
1290942;RN;2;1;0;1;1;0;;409.7;437.5;;1;440
2615512;MG;2;1;0;0;0;0;;;;;;
3054738;SP;2;1;1;1;1;1;548.5;491.3;529.1;491.8;1;560
1845852;BA;;;1;1;1;1;402;374.9;455;432;1;560
3603848;SP;;;1;1;1;1;581.6;565;573;645.1;1;640
4031193;MA;;;1;1;1;1;496.1;373.3;384.5;512;1;660
1802000;AL;;;1;1;1;1;557;388.1;536.5;457.7;1;680
3814120;MT;;;0;0;0;0;;;;;;
4324452;RS;2;1;1;1;1;1;452.5;386.6;308.5;472.7;1;500
3971083;RN;;;1;1;1;1;468;541.6;517.9;430.5;1;560
2096427;SC;;;0;0;0;0;;;;;;
1846789;MG;;;1;1;1;1;558.6;566.2;534.7;615.5;1;680
1572723;CE;;;1;1;1;1;427;375.4;383.3;465.4;1;360
135649;BA;;;1;1;1;1;512.1;601.7;546.6;596;1;740
3947537;MG;;;0;0;0;0;;;;;;
1913473;PI;;;1;1;1;1;391.8;423.2;492.1;418.6;1;440
1803835;CE;;;1;1;1;1;547.1;583.7;539.5;598.2;1;840
2193892;PB;;;0;0;0;0;;;;;;
819599;SP;;;1;1;1;1;477.3;564.9;514.3;569.1;1;780
33349;PE;;;0;0;0;0;;;;;;
3874766;PA;;;0;0;0;0;;;;;;
1633752;PI;;;0;0;0;0;;;;;;
1359573;SP;;;0;1;1;0;;498.9;414.2;;1;460
4196914;RS;2;1;0;0;0;0;;;;;;
1101897;SP;2;1;0;0;0;0;;;;;;
2790909;SP;2;1;0;1;1;0;;296.9;315.6;;4;0
2268176;PE;;;1;1;1;1;612;630.3;626.6;790.5;1;840
454477;RS;;;1;1;1;1;616.4;620.2;568.1;656.7;1;720
3702725;CE;;;0;0;0;0;;;;;;
1320243;SP;;;0;1;1;0;;344.1;484;;4;0
2022902;ES;;;1;1;1;1;554.7;556.4;539.8;630.4;1;720
68517;PB;2;1;1;1;1;1;622.2;593.1;604.8;658.6;1;860
249746;RJ;2;1;0;0;0;0;;;;;;
1379595;RS;2;1;1;1;1;1;618.1;559.9;601.9;687.4;1;780
1565852;AM;;;1;1;1;1;480.9;515.5;522.1;437.9;1;520
4007366;MS;;;0;0;0;0;;;;;;
2158494;BA;;;0;0;0;0;;;;;;
313757;RS;2;1;0;1;1;0;;430;366.8;;1;460
914552;CE;;;1;1;1;1;472.9;519;530.5;560.1;1;880
859404;MG;;;1;1;1;1;548.1;551.7;527.2;406.5;1;820
402132;BA;2;1;1;1;1;1;432.4;487.5;559.9;442.6;1;840
1357887;BA;2;1;1;1;1;1;447.8;386.2;477.3;405.9;1;600
184046;PR;;;1;1;1;1;467.4;483.1;536.8;467.7;1;540
1313364;SP;;;1;1;1;1;588.1;656.7;625.9;733.6;1;920
993423;PB;2;1;1;1;1;1;488;559.9;514.2;455.2;1;640
675833;PI;;;0;0;0;0;;;;;;
2610154;TO;;;1;1;1;1;743;761.9;697.6;869.8;1;940
724768;PA;;;1;1;1;1;380.2;460.9;465.4;508.6;1;480
2165465;RJ;;;0;0;0;0;;;;;;
1594803;DF;;;1;1;1;1;407;444.2;495.9;485.8;1;660
872645;CE;;;1;1;1;1;471.8;502.5;530.7;548.5;6;0
4058747;RJ;;;0;0;0;0;;;;;;
27209;MA;;;0;0;0;0;;;;;;
3804039;RJ;;;0;0;0;0;;;;;;
3249730;SP;;;1;1;1;1;477.1;411.4;516.5;442.5;1;600
3013722;SC;;;0;0;0;0;;;;;;
3646599;RJ;1;1;1;1;1;1;576;410.9;407.8;630.7;1;920
3636563;SP;;;1;1;1;1;477.7;557.9;557.5;456.5;1;440
2292125;MG;2;1;1;1;1;1;594.4;585.7;553.9;465.4;1;560
2894774;SP;;;1;1;1;1;547.1;524.5;557.4;672.4;1;740
2622318;BA;2;2;1;1;1;1;381.6;437.3;466.7;418.4;1;300
1572606;SP;2;1;1;1;1;1;509.1;534.7;577;616.8;1;660
2355909;MG;2;1;0;0;0;0;;;;;;
3369834;RS;;;1;1;1;1;475.3;513.3;544.8;395.1;1;480
4300751;SP;;;1;1;1;1;435.6;396.2;465.1;571.7;1;520
269688;AL;;;0;0;0;0;;;;;;
545547;PA;;;0;0;0;0;;;;;;
4139982;ES;;;1;1;1;1;506.7;527.9;548.8;412.5;4;0
153036;CE;2;1;0;0;0;0;;;;;;
4166355;BA;2;1;0;0;0;0;;;;;;
1485293;AL;2;1;0;0;0;0;;;;;;
3714897;MT;;;1;1;1;1;526.7;592.6;562.9;386.3;1;460
458612;SP;;;0;0;0;0;;;;;;
327959;CE;;;0;0;0;0;;;;;;
2260663;MA;;;1;1;1;1;496.8;534.4;586.5;550.1;1;740
3086506;SP;2;1;0;0;0;0;;;;;;
1693715;MG;;;1;1;1;1;575.2;610.8;588.4;756.1;1;920
3589815;RN;;;1;1;1;1;481.1;425.6;495;421.5;1;480
796911;AL;;;1;1;1;1;425.9;480.9;435.4;414.5;1;900
1486715;MG;;;1;1;1;1;409.3;598.4;553.8;597.3;1;360
1001113;PA;;;0;0;0;0;;;;;;
2042196;RJ;;;0;0;0;0;;;;;;
4216060;RS;2;1;1;1;1;1;434.2;412.9;475.4;460.6;1;520
263925;SP;;;1;1;1;1;575.9;614.8;627.4;662.3;1;700
1203680;PA;;;1;1;1;1;428.4;318.7;449.6;511.3;1;520
1617357;AL;4;1;1;1;1;1;621.2;702.9;591.5;871.9;1;940
1331224;CE;2;1;1;1;1;1;400.1;440;518.3;426.3;1;500
1391210;AL;;;1;1;1;1;351.6;384.6;430.9;455.8;1;460
2119933;SP;2;1;0;0;0;0;;;;;;
3552628;AL;;;0;0;0;0;;;;;;
726225;MA;;;0;0;0;0;;;;;;
1319862;BA;;;1;1;1;1;425.4;378.1;380.8;464.4;1;440
784585;BA;2;2;1;1;1;1;432.7;488.9;509.5;421;1;580
2787792;SE;;;1;1;1;1;707.2;667.4;661.7;783.4;1;960
601743;GO;2;1;0;0;0;0;;;;;;
4052166;PE;;;0;0;0;0;;;;;;
2540528;AP;;;0;0;0;0;;;;;;
782104;AL;2;1;1;1;1;1;467.4;481.5;502.4;389.4;1;620
1732188;RS;;;0;0;0;0;;;;;;
2723612;SP;;;1;0;0;1;600.4;;;656;;
3675465;RJ;2;1;1;1;1;1;373.7;384.9;441.7;395.2;6;0
3314556;PE;2;1;1;1;1;1;451;411.8;499.1;439;1;260
2117752;DF;;;1;1;1;1;470.9;548.8;547.5;484;1;540
1169162;PI;;;1;1;1;1;485.8;472.6;477.8;393.2;1;760
758505;GO;;;1;1;1;1;543.4;613.5;572.9;675.8;1;800
793032;SP;2;1;0;0;0;0;;;;;;
341762;CE;;;0;0;0;0;;;;;;
3900816;BA;2;1;0;0;0;0;;;;;;
1181945;CE;2;1;1;1;1;1;432.2;342.4;370.9;504.6;1;480
1276411;CE;2;1;1;1;1;1;382.8;415.7;451.5;382.8;4;0
653329;MG;;;1;1;1;1;403.6;478.2;460.4;390.5;1;480
2610986;SP;4;1;1;1;1;1;548.9;599.3;578.1;604.1;1;720
3692839;BA;;;0;0;0;0;;;;;;
2075864;MA;;;1;1;1;1;435.4;353.9;434.4;465.9;1;240
15224;BA;;;0;1;1;0;;516.6;551.1;;1;680
3061643;BA;;;0;0;0;0;;;;;;
2301512;MA;;;0;0;0;0;;;;;;
355415;BA;;;1;1;1;1;360.1;441.9;512.5;444.9;1;500
2110806;PA;;;1;1;1;1;556.1;600.8;509.4;577.2;1;840
4219498;MT;;;0;0;0;0;;;;;;
1562560;GO;2;1;1;1;1;1;534.7;396.1;566.3;481.1;1;760
3586859;BA;;;1;1;1;1;575.3;427.2;594.1;461.4;1;780
3382518;PR;;;0;0;0;0;;;;;;
3121788;BA;2;1;0;0;0;0;;;;;;
3744111;RJ;2;1;0;0;0;0;;;;;;
2937100;MA;;;1;1;1;1;420.3;481.5;491.5;419.1;1;440
64397;PE;;;0;0;0;0;;;;;;
1913182;PI;;;1;0;0;1;441;;;477.6;;
900743;RJ;;;1;1;1;1;435.2;456.9;499.3;553.9;1;660
2170908;SP;;;1;1;1;1;521.6;476.6;468.7;454;1;660
3193871;RS;;;0;0;0;0;;;;;;
2137695;RN;;;0;0;0;0;;;;;;
3828430;MA;2;1;0;1;1;0;;361.7;351.2;;4;0
3621257;PR;;;1;1;1;1;489.3;536.8;537.7;636.9;1;680
2523021;BA;;;1;1;1;1;416;441.4;504;480.3;1;640
1332532;SP;2;1;1;1;1;1;454;455.5;586.2;550.9;1;720
2559404;PR;2;1;1;1;1;1;515;543.7;484.2;516.8;1;380
377044;AL;2;1;1;1;1;1;369.5;467.8;496.5;565;1;580
1556774;BA;2;1;0;0;0;0;;;;;;
913420;BA;2;1;0;0;0;0;;;;;;
4214774;SP;2;1;0;0;0;0;;;;;;
4145350;SP;;;0;0;0;0;;;;;;
2546729;RJ;;;1;1;1;1;505.2;461.8;500.6;383;1;600
319627;CE;;;0;0;0;0;;;;;;
507490;ES;2;1;1;1;1;1;533.2;475;536.3;427.4;4;0
2272839;CE;;;1;1;1;1;562;602.9;568.5;601.9;1;840
1301825;RN;;;1;1;1;1;460.7;410.5;442.2;467.3;1;560
3267576;PR;2;1;1;1;1;1;510;529.9;550.4;518;1;540
661931;PE;;;0;0;0;0;;;;;;
3377723;MG;;;1;1;1;1;415.8;571.5;582.4;676.7;1;760
1179018;MG;;;1;1;1;1;560.7;559.3;552.2;508.3;1;720
4130777;BA;2;1;1;1;1;1;406.8;337.6;424.9;455.6;1;300
3521185;RS;;;0;1;1;0;;0;0;;4;0
1043714;PE;;;1;1;1;1;367;445.2;430.7;408;1;460
1732205;PR;2;1;1;1;1;1;392.7;571.6;579.8;442.8;1;840
1632215;CE;;;1;1;1;1;456.4;356.4;510.9;557;1;580
3722149;PR;;;1;1;1;1;364.9;583.8;582.8;375.1;4;0
3734334;BA;;;1;1;1;1;532;538.6;526.7;552.2;1;680
3944312;SP;4;1;1;1;1;1;468.3;387.1;495.8;571.7;1;460
1957946;MA;2;1;1;1;1;1;442.3;561.7;455.7;476.4;1;720
1220713;PI;2;1;1;1;1;1;457.8;508.2;532.4;542.9;1;740
1654606;AM;;;0;0;0;0;;;;;;
1719210;PA;2;1;1;1;1;1;397.7;496.3;451.4;409.1;1;460
1957794;PA;2;1;1;1;1;1;414;404;391;398.2;1;440
3728807;AM;;;1;1;1;1;534;578.5;609.8;488.1;1;640
3001618;MA;;;1;1;1;1;373.1;528.9;500.6;465.4;1;580
2656872;GO;;;1;1;1;1;564.5;543.9;555;601.2;1;620
705153;MG;;;1;1;1;1;428.3;440.8;474.3;421.5;1;480
2977521;RN;;;0;0;0;0;;;;;;
2532758;BA;2;1;1;1;1;1;441.4;498;543.9;499.6;1;620
1489715;MA;;;1;1;1;1;368.6;541.4;509.9;524.5;1;740
383497;BA;;;0;0;0;0;;;;;;
1394264;PA;;;1;1;1;1;524.1;571.8;567.4;459.7;1;600
1681027;PE;;;0;0;0;0;;;;;;
182415;SP;2;1;1;1;1;1;460.1;537.2;529.4;483;1;560
764737;MT;;;1;1;1;1;473.3;487.7;554.1;631.4;1;820
1681710;RJ;2;1;1;1;1;1;475.5;388.7;483.6;477.5;1;520
2017805;MG;;;0;1;1;0;;384;603;;1;740
1374926;MG;;;1;1;1;1;634.2;609.5;676;738.9;1;840
848582;MG;;;1;1;1;1;558.7;520.3;494.3;689.9;1;760
4030166;BA;;;1;1;1;1;453.9;431.8;567.5;412.2;1;600
517524;PE;2;1;1;1;1;1;456.2;462.8;511.7;453.2;1;520
4311037;SP;;;0;0;0;0;;;;;;
1719805;SP;;;1;1;1;1;543.9;571.7;596.6;631.4;1;780
538892;MG;2;1;1;1;1;1;476.1;516.4;519;451.6;1;900
3007005;SP;;;1;1;1;1;509.8;497.8;524.5;437.6;1;480
580525;AL;;;1;1;1;1;407;473.7;487.6;383.6;1;560
444322;MA;2;1;1;1;1;1;404.7;349;420.5;432.1;1;280
617751;RJ;;;1;1;1;1;434.2;539.4;519.5;557.2;1;680
3525548;PR;;;1;1;1;1;506;520.9;556.6;432;1;600
2518700;TO;;;0;0;0;0;;;;;;
4251111;PR;;;1;1;1;1;489.4;560.2;504.8;553.6;1;820
1557186;PI;2;1;0;1;1;0;;477.1;431.7;;1;500
3126090;MG;4;1;1;1;1;1;491.6;612.7;492;413.7;1;540
1318725;RS;;;0;0;0;0;;;;;;
3234780;PA;2;1;0;0;0;0;;;;;;
480532;PE;2;1;1;1;1;1;362.5;411.7;499.4;486.9;1;500
1495340;RJ;2;1;0;0;0;0;;;;;;
3097569;RJ;4;1;1;1;1;1;536.3;611.1;589.7;681.4;1;640
309328;MS;;;1;1;1;1;505.2;547.6;573.2;413;1;640
93895;RJ;;;1;1;1;1;409.1;345.9;552.9;449.8;1;760
3043079;SP;;;1;1;1;1;446.4;535.7;562;429.6;1;640
3062963;SP;;;0;0;0;0;;;;;;
2035582;SP;4;1;1;1;1;1;644.9;655.1;652.3;617.1;1;920
1386638;MG;;;1;1;1;1;439;401.5;513.6;422.1;1;520
1369912;PR;2;1;1;1;1;1;645.6;581.1;588;629.1;1;620
3795058;PI;2;1;0;0;0;0;;;;;;
1569899;CE;2;1;1;1;1;1;426.4;559.7;600.6;731.6;1;640
3954259;MA;2;1;0;0;0;0;;;;;;
4315800;RS;;;0;0;0;0;;;;;;
708764;RN;;;1;1;1;1;671.2;650.3;565.9;721.2;1;940
2733746;RJ;2;1;1;1;1;1;487.7;340.5;526.7;408.9;1;720
1774273;BA;;;1;1;1;1;596.1;633.1;668.6;545.1;1;940
1251896;BA;;;0;0;0;0;;;;;;
1352347;RS;2;1;1;1;1;1;486.2;450.3;492.9;513;1;580
2128077;PE;;;1;1;1;1;542.6;521.3;521.8;426.8;1;860
3062523;SE;;;1;1;1;1;518.5;376.5;365.3;405.9;1;620
1390775;BA;;;1;1;1;1;409;405.2;501.2;406.7;1;780
3892314;TO;;;0;1;1;0;;463.9;518.4;;4;0
2996986;MS;;;1;1;1;1;686.3;617;549.8;700.9;1;840
347138;RN;;;1;1;1;1;374.5;459.6;468.6;552.3;1;660
1386285;GO;;;1;1;1;1;528.5;613.5;587.9;690.8;1;760
2856611;SC;;;0;0;0;0;;;;;;
2683633;CE;2;1;0;0;0;0;;;;;;
322181;PE;;;1;1;1;1;546.3;560.5;597.5;719.4;1;920
2244113;BA;;;1;1;1;1;424.3;491.6;501.7;481;1;600
1585235;SP;;;1;1;1;1;548.6;491.1;538.2;400.6;1;500
552253;MT;1;1;1;1;1;1;458.2;575.8;553.8;586.3;1;740
1258373;PE;;;0;0;0;0;;;;;;
1587352;SP;;;1;1;1;1;505.3;489;471;595.9;1;620
3707025;MG;;;0;0;0;0;;;;;;
4198394;RJ;;;1;1;1;1;615.1;572.8;644.6;729.2;1;920
3903189;PR;;;0;0;0;0;;;;;;
4209518;PB;;;1;1;1;1;510.2;448.8;536.3;614.1;1;640
933342;PA;;;1;1;1;1;474.7;492.2;579.5;416.7;1;560
616739;SC;2;1;1;1;1;1;476.9;320.9;492.9;386.5;1;380
3007291;MG;2;1;1;1;1;1;427.3;468.4;523.5;440.8;1;660
656328;GO;2;1;1;1;1;1;543;586.8;537.1;514.3;1;860
2894542;MS;;;1;1;1;1;603.1;640.5;595.6;641.7;1;860
895024;RJ;2;1;1;1;1;1;362.3;461.4;498.3;578.8;1;360
1331805;PA;2;1;1;1;1;1;421.6;368.7;424;492.1;1;720
1358341;CE;2;1;1;1;1;1;478.2;542.6;553.2;659.1;1;840
3298070;PR;2;1;1;1;1;1;452.8;491.8;522.7;465.8;1;680
2860466;MG;;;1;1;1;1;534.9;311.9;521.8;520.3;1;380
464845;CE;2;1;1;1;1;1;488.3;524;505;589.7;1;580
3769679;RR;;;0;0;0;0;;;;;;
715271;RN;;;0;0;0;0;;;;;;
4017948;SP;;;1;1;1;1;643.6;651.7;618;705.5;1;540
98458;SC;;;1;1;1;1;556.3;553.6;526.4;596.1;1;620
3316720;PE;;;0;0;0;0;;;;;;
2920199;AL;2;1;0;1;1;0;;430.7;518.2;;2;0
2545374;MT;;;1;1;1;1;450.7;561.1;532.9;441.8;1;680
2728642;RO;2;1;0;0;0;0;;;;;;
2448389;SP;2;1;0;0;0;0;;;;;;
1402035;RJ;;;1;1;1;1;610.3;642.1;622.7;801.6;1;920
1197739;CE;2;1;1;1;1;1;460.9;527.6;567.6;412.5;1;760
1851975;PB;;;1;1;1;1;580.2;654.5;584.8;733.7;1;960
3302675;SP;;;1;1;1;1;561.2;422.6;518;522.4;1;860
3237926;RJ;4;1;1;1;1;1;534.4;512.8;514.9;380.5;1;560
1582696;PA;;;1;1;1;1;519.8;417.8;540.7;496;1;660
95600;RJ;2;1;1;1;1;1;528.6;488.6;548;385;1;560
3804954;DF;;;0;0;0;0;;;;;;
2984942;PE;;;1;1;1;1;650;654.2;610.2;739.3;1;900
2712777;MG;2;1;0;0;0;0;;;;;;
2721940;PA;;;0;0;0;0;;;;;;
3295719;RJ;4;1;1;1;1;1;401.8;446.3;318.8;423.6;1;880
4133667;SP;;;0;0;0;0;;;;;;
2149425;RS;;;0;0;0;0;;;;;;
2265609;MG;;;1;1;1;1;617.6;662.7;609;669.6;1;680
3127257;SC;;;0;0;0;0;;;;;;
2282387;ES;;;0;0;0;0;;;;;;
2383883;MS;;;0;0;0;0;;;;;;
2380773;ES;;;1;1;1;1;379.5;406.5;452.8;407.8;1;740
1267307;GO;2;1;1;1;1;1;475.2;630.6;546.7;583;1;880
3812469;CE;;;0;0;0;0;;;;;;
311147;RN;2;1;0;1;1;0;;334.3;499.7;;1;560
124621;RS;;;1;1;1;1;433.7;456.8;495.2;468.7;1;680
3215556;SP;;;1;1;1;1;602.6;606.6;604.4;717.8;1;660
17278;BA;;;1;1;1;1;406;429.5;465.2;411.4;1;560
1012243;PB;;;1;1;1;1;565.2;615.7;565.2;701.2;1;520
572109;MS;;;1;1;1;1;472.6;507.2;526.7;550.3;4;0
3916861;SP;;;1;1;1;1;437.2;606.1;605.8;552.4;1;660
4071574;PE;;;1;1;1;1;396.5;446.1;491.2;557.5;1;580
3464011;SP;;;1;1;1;1;546.6;550;526.8;433.4;1;620
91821;RS;4;1;1;1;1;1;462.6;599.7;583.9;448.7;1;640
4319214;RS;;;0;1;1;0;;422.6;526.6;;1;780
2995658;SP;;;1;1;1;1;539.3;573.2;522.1;671.9;1;840
1093867;TO;;;1;1;1;1;355.8;424.9;487.7;422;1;560
3582652;PR;;;1;1;1;1;526.2;565;421;670.5;1;760
4232142;GO;;;1;1;1;1;538.7;523.6;544.9;659.2;1;660
2269502;BA;;;0;0;0;0;;;;;;
3274803;SC;;;0;0;0;0;;;;;;
3570951;PA;;;1;1;1;1;367.7;344.6;412.8;518.1;1;520
4032538;SP;;;0;0;0;0;;;;;;
759965;MG;2;1;1;1;1;1;530.6;512.4;591.9;503.7;1;740
1066092;MS;;;0;0;0;0;;;;;;
2378627;PA;;;1;1;1;1;415.4;590.8;571.6;375.4;1;640
152327;MA;;;0;1;1;0;;488.7;460.7;;1;500
3721148;SC;;;1;1;1;1;376.6;463.1;528.5;552.6;1;720
337088;MG;;;1;1;1;1;538.5;520.3;540.3;741.2;1;880
4180315;BA;2;1;0;0;0;0;;;;;;
710490;PE;;;1;1;1;1;492.2;576.6;629.3;475.7;1;580
4256246;MT;;;0;0;0;0;;;;;;
4149040;PE;2;1;0;0;0;0;;;;;;
3360793;MA;;;1;1;1;1;404.7;334.6;441.7;397.3;1;660
1483593;SC;2;1;1;1;1;1;591.5;614.2;619.9;643.1;1;820
4220746;GO;2;1;1;1;1;1;362.5;318.9;369.1;417.4;3;0
239266;SP;;;1;1;1;1;428.9;591;614.8;670.9;1;880
2407732;DF;;;0;0;0;0;;;;;;
2048738;RS;;;0;0;0;0;;;;;;
1012195;PB;;;1;1;1;1;452.5;349.9;444.1;413;1;600
2734703;AL;;;0;0;0;0;;;;;;
285905;TO;2;1;1;1;1;1;504.9;438.6;468.5;473.5;3;0
2069452;MG;;;1;1;1;1;477.9;368.5;449.3;417.4;1;520
1003919;BA;;;0;1;1;0;;432.4;323.8;;1;560
1697834;MG;;;1;1;1;1;619.7;546;544.8;645.7;1;960
2814443;PR;2;1;1;1;1;1;517.2;316.6;358.8;462.5;1;640
1178317;MT;1;1;1;1;1;1;450.1;612.3;581.8;550.5;1;900
3685813;MT;;;1;1;1;1;443.9;479.4;559.7;376.1;1;640
2293318;PB;;;1;1;1;1;550.7;596.5;572.6;474.3;1;600
563551;PE;;;0;0;0;0;;;;;;
3925872;RJ;;;0;0;0;0;;;;;;
2522211;RJ;;;1;1;1;1;600;671.9;629.2;628.7;1;900
2198548;PE;4;1;1;1;1;1;460.8;498.1;547.2;456.8;1;640
3553514;PR;;;0;0;0;0;;;;;;
993943;PI;2;1;1;1;1;1;376;498.3;504.6;490.9;1;560
4038487;SP;2;1;1;1;1;1;434.1;375.7;366.8;426.6;6;0
585260;CE;;;0;0;0;0;;;;;;
3891886;RS;;;1;1;1;1;501.2;577;557.2;501.8;1;600
4174962;BA;2;1;0;0;0;0;;;;;;
2023567;RS;2;2;1;1;1;1;497.8;556.6;558.7;514.7;1;960
3254103;PR;2;1;0;0;0;0;;;;;;
88713;PB;;;0;0;0;0;;;;;;
2201988;RN;;;1;1;1;1;486.9;535.4;572.4;665.6;1;860
342429;SP;2;1;1;1;1;1;448.2;580.9;537;476.7;1;540
2382154;SP;;;1;1;1;1;511;547.8;575.5;621.8;1;840
3251899;RJ;1;1;1;1;1;1;560.8;541.9;602;485.7;1;600
3727116;CE;;;1;1;1;1;579;632.2;595.4;680.8;1;820
446511;SP;;;0;0;0;0;;;;;;
489414;SC;;;1;1;1;1;585.1;594.3;593.3;486.9;1;640
825610;SP;;;1;1;1;1;573.1;641.7;633.7;632.1;1;640
1290880;MT;;;1;1;1;1;511.9;375.6;583.2;516.2;1;900
3841708;RJ;;;0;0;0;0;;;;;;
1038186;RO;;;1;1;1;1;478.6;520.6;522.8;448;1;540
1153694;PB;2;1;1;1;1;1;401.5;397.2;447.7;375.5;6;0
3265164;BA;2;1;0;0;0;0;;;;;;
2550096;RO;;;0;1;1;0;;437.4;392.3;;1;400
2945308;MT;;;1;1;1;1;496.4;423.1;535.7;403.7;1;460
3230188;PB;;;1;1;1;1;410;597.6;591.3;550.2;1;760
3119151;PB;4;1;1;1;1;1;683.7;677.9;607.4;827.2;1;920
1275225;CE;;;1;1;1;1;478.8;541.7;547.7;540.4;1;660
855814;DF;;;1;1;1;1;565.7;377.9;442.6;656.9;1;940
904954;PE;;;1;1;1;1;396.8;502.8;523.1;482.6;1;820
1690141;PE;;;1;1;1;1;500.2;518.1;518;386.3;6;0
730103;MG;;;1;1;1;1;649.6;545.7;613.6;682.2;1;780
2824381;MG;2;1;1;1;1;1;482.4;510.9;524;413.6;1;640
955822;MA;;;1;1;1;1;619.5;649.2;632.2;626.2;1;480
2002372;RS;;;0;0;0;0;;;;;;
4079857;RN;;;1;1;1;1;556.7;616.7;562;482.9;1;600
165016;AM;2;2;0;0;0;0;;;;;;
1916460;AL;;;1;1;1;1;457.8;588.2;609;653.3;1;900
3604068;SP;;;1;1;1;1;560;633.7;606.1;575.1;1;680
2455258;AM;2;1;1;1;1;1;360.1;306.5;338.8;597;1;400
1407016;GO;2;1;1;1;1;1;437;562.3;552.3;536.5;1;860
3368895;PB;;;1;1;1;1;434;513.9;535.5;585.5;1;720
3276725;SC;;;1;1;1;1;579.5;639.2;611.2;680.7;1;600
886286;RS;2;1;1;1;1;1;416.2;513.7;508.7;537.6;1;640
542014;RS;;;1;1;1;1;574.8;563.6;568.4;599.4;1;560
883071;PR;2;1;1;1;1;1;400.5;478.2;526.5;526.8;1;700
1199429;GO;2;1;1;1;1;1;405.3;517.9;505.5;541.7;1;660
4000039;PR;;;1;1;1;1;508.7;431.3;518.2;421.4;1;460
2109275;MG;;;1;1;1;1;558.6;606.4;575.5;653.8;1;920
1910695;SP;4;1;1;1;1;1;519;567.7;553.8;468.1;1;720
466309;BA;2;1;1;1;1;1;605.7;563.8;510.2;607.2;1;720
965934;GO;;;1;1;1;1;455.1;562.6;558.5;628.3;1;560
3987587;SP;;;1;1;1;1;435.3;546.7;553.8;444.4;1;520
144529;SP;;;1;1;1;1;436.6;492.8;567.1;530.3;1;700
3885124;RJ;;;1;1;1;1;510.8;567.4;550.9;665.2;1;900
3513821;BA;;;1;1;1;1;476.4;515.1;512;447.3;1;700
1029048;BA;;;1;1;1;1;449.3;433.5;541;460.7;1;500
875058;CE;;;1;1;1;1;389.3;466.2;452.7;475.7;1;600
3370183;RO;;;1;0;0;1;402.9;;;376.2;;
2825169;AM;;;1;1;1;1;399.4;411.5;409.4;401.3;1;280
4264268;SP;;;1;1;1;1;612.8;569.2;587.5;527;1;840
527593;MS;;;0;0;0;0;;;;;;
1196105;SP;2;1;1;1;1;1;512;558.1;574.7;449.4;1;600
3096000;RJ;4;1;1;1;1;1;449.9;533.3;560.7;479.2;1;820
1441035;SP;2;1;1;1;1;1;528.3;574.7;580;644.9;1;780
2845880;PR;2;1;1;1;1;1;493.4;447.1;584.2;475.4;1;660
1521200;MG;;;1;1;1;1;363.9;401.1;333.9;403.1;1;220
324001;MG;2;1;1;1;1;1;381.7;546.6;523.1;474.3;1;740
2343586;PI;;;1;1;1;1;527.1;543.2;422.6;459.1;1;560
1098525;PB;2;1;1;1;1;1;492;590.5;545.9;454.3;1;720
1800332;RS;;;1;1;1;1;462.4;483.2;367.9;411.6;1;440
971863;AL;;;1;1;1;1;476;487.3;514.2;534.7;1;620
354364;PA;;;1;1;1;1;440.9;389.2;421.9;401.8;1;160
3782148;MG;;;1;1;1;1;479.3;555.5;561.4;529;1;780
2982650;SP;;;1;1;1;1;365.2;533.6;520.2;410.1;1;560
595129;PE;2;1;1;1;1;1;378.5;418.2;440.7;378.3;6;0
350459;PR;2;1;1;1;1;1;546.1;537.8;548.8;434.8;1;640
4306304;SP;;;0;0;0;0;;;;;;
1944245;PA;;;0;0;0;0;;;;;;
474460;GO;2;1;0;0;0;0;;;;;;
2772473;CE;;;1;1;1;1;518.4;589.9;484.4;672.1;1;860
3237174;SP;2;1;0;0;0;0;;;;;;
1811340;CE;2;1;1;1;1;1;575.2;586.1;540;588.6;1;900
979852;RN;1;1;1;1;1;1;462.3;450.8;519.5;495.4;1;700
1184276;RS;;;1;1;1;1;644.7;671.5;519.7;724.8;1;620
3705165;SP;;;1;1;1;1;611.2;607.7;585.6;661.4;1;900
337168;SP;;;0;0;0;0;;;;;;
2651507;SC;;;1;1;1;1;653.1;619.6;647.7;663.7;1;880
60055;PA;;;1;1;1;1;546.5;581.3;543.2;712.1;1;800
3285012;PE;;;0;0;0;0;;;;;;
664333;SP;;;1;1;1;1;585.4;568.2;570.9;697.4;1;560
2924904;SP;2;1;1;1;1;1;535.3;529.5;588.5;413.2;1;580
3293423;BA;;;1;1;1;1;544.7;557;600.3;627.4;1;840
680850;BA;2;1;1;1;1;1;388;492.2;542.5;434.1;1;520
1473412;SP;;;1;1;1;1;453.9;482.9;532.4;557;1;520
3875464;RJ;2;1;0;0;0;0;;;;;;
3060945;PR;;;0;0;0;0;;;;;;
2630434;RJ;;;1;1;1;1;386.5;450.4;475.9;416.4;1;500
60529;PB;;;1;1;1;1;452.6;369;422.2;426.1;1;660
3159109;GO;2;1;1;1;1;1;476.8;363.2;399.2;428.3;4;0
3140659;BA;;;0;1;1;0;;427.4;379.1;;1;460
2094677;SP;;;1;1;1;1;489.7;512.1;490;580.6;1;580
2755930;MA;2;1;0;0;0;0;;;;;;
2000773;PR;;;1;1;1;1;625.9;589.9;550.3;688.8;1;800
696515;RS;2;1;1;1;1;1;413.4;548.7;544.3;450.7;1;600
1500989;PE;;;0;0;0;0;;;;;;
1351003;AC;;;0;0;0;0;;;;;;
3220487;SE;2;1;0;0;0;0;;;;;;
2978654;SP;;;0;0;0;0;;;;;;
3922443;SC;;;1;1;1;1;599.2;512.2;541.9;688.5;1;680
2367393;RS;;;1;1;1;1;533;594.2;570.2;693.3;1;600
2160523;PR;4;1;1;1;1;1;579.2;508.9;588.2;495.9;1;760
4155610;SC;;;0;0;0;0;;;;;;
3257331;MG;;;0;0;0;0;;;;;;
1746426;PR;1;1;1;1;1;1;581.8;641.1;606.4;492.9;1;860
1796759;SP;;;1;1;1;1;406.3;451.8;509.4;391.8;1;460
3095110;MG;;;1;1;1;1;499.6;464.3;513.7;566.6;3;0
2016282;PE;;;1;1;1;1;420.9;333.9;463.9;464.7;1;520
1867400;MA;;;0;0;0;0;;;;;;
630787;MG;2;1;1;1;1;1;566.6;563.4;596.9;704.7;1;680
198301;SP;2;1;1;1;1;1;497.7;521.3;558.1;474.6;1;720
3361360;RS;;;0;0;0;0;;;;;;
622125;RS;2;1;1;1;1;1;402.1;476.7;508.5;570.8;1;620
351703;CE;;;1;1;1;1;479.4;377.3;512.4;404.7;1;320
762481;SP;4;1;1;1;1;1;534.1;580.1;549.4;632.2;1;820
1749759;SP;2;1;1;1;1;1;427.3;447.3;516.3;400.6;1;500
2912088;GO;2;1;1;1;1;1;393.7;347.2;483.9;452.7;1;640
1515280;BA;;;0;0;0;0;;;;;;
1602515;PA;;;1;1;1;1;527.5;547.7;517.5;391.4;1;780
2599342;SP;2;1;1;1;1;1;563.9;453.2;513.8;390;1;440
951496;DF;2;1;1;1;1;1;381;367.8;467.2;451.8;1;420
1184059;PB;;;1;1;1;1;525.6;502.4;591.5;624.4;1;920
2265351;PB;;;1;1;1;1;402.5;500.6;514.7;433.8;1;620
222299;RN;;;0;0;0;0;;;;;;
4280060;SP;4;1;1;1;1;1;587.4;359.4;568.8;648.9;1;540
3178784;PR;;;1;1;1;1;576.9;494.3;588.5;428.3;1;420
1527671;MG;;;1;1;1;1;421.6;337;504;416.6;1;760
1033000;GO;2;1;1;1;1;1;476.8;460.9;437.5;431.1;1;520
968567;PR;2;1;1;1;1;1;514.2;496.5;484.7;398.9;1;340
2817679;PB;;;1;1;1;1;504.5;477.9;514;416.1;1;500
3408350;PA;2;1;1;1;1;1;412.7;393;393.2;387.2;6;0
4315451;RS;;;0;0;0;0;;;;;;
3866737;SP;;;0;0;0;0;;;;;;
918084;RS;;;0;0;0;0;;;;;;
4286819;RS;;;0;0;0;0;;;;;;
423089;RS;;;0;0;0;0;;;;;;
2383026;MA;;;1;1;1;1;491.5;338.5;489.3;429.4;1;320
1605979;RN;1;1;1;1;1;1;542.4;625.7;558.7;605.6;1;740
1825723;MA;;;1;1;1;1;457.6;511.6;567.2;641.1;1;860
2139569;SP;;;1;1;1;1;430.2;521.5;553.6;501.2;1;580
4203391;PR;;;1;1;1;1;578.8;628.5;559.1;562.3;1;480
1384861;RS;;;1;1;1;1;462.1;482.4;506.1;476.1;1;560
1885412;PA;2;1;1;1;1;1;652.7;565.2;537.3;549.9;1;860
1609346;RO;4;1;1;1;1;1;624.9;534;544.8;716.4;1;920
912313;RJ;2;1;1;1;1;1;479.5;440.7;433.4;383.2;1;560
4177711;RS;;;1;1;1;1;405.2;337.6;476.4;439.4;1;340
4283097;BA;;;1;1;1;1;591.6;687;595.5;664.5;1;840
2108259;AP;;;0;0;0;0;;;;;;
858878;PE;;;1;1;1;1;453.3;508.9;518.6;530.5;1;760
2450025;PB;2;1;1;1;1;1;476.4;525.5;548.8;401.2;1;620
2508745;MG;;;0;0;0;0;;;;;;
924472;PE;;;1;1;1;1;397;383.5;484;460.5;1;800
1535945;SP;2;1;1;1;1;1;477.5;562.2;584;474.4;1;560
2639220;SE;2;1;1;1;1;1;370.1;494.5;443.3;606.3;1;760
4210192;SP;;;0;0;0;0;;;;;;
3056932;PE;;;1;1;1;1;403.1;445.9;508.9;399.2;1;580
1011828;SP;;;1;1;1;1;561.3;465.7;577.7;562.5;1;600
1572049;CE;;;1;1;1;1;541.3;683.2;602.1;627.1;1;600
3380140;MA;2;2;0;1;1;0;;397.8;365.9;;1;500
1427134;MG;;;1;1;1;1;553;531.7;550.5;502;1;560
698846;PB;;;0;0;0;0;;;;;;
2412548;RJ;;;0;0;0;0;;;;;;
2867880;MG;2;1;0;0;0;0;;;;;;
3619449;GO;2;1;0;1;1;0;;576.4;595.2;;1;660
4201457;SC;;;0;0;0;0;;;;;;
6993;RJ;;;1;1;1;1;524.4;630;563.2;501;1;460
1733886;PE;2;2;1;1;1;1;381.7;541.9;464.1;410;1;540
356863;DF;;;0;0;0;0;;;;;;
2687347;RJ;4;1;1;1;1;1;386.1;419.5;496.7;465.3;1;740
2897662;BA;;;1;1;1;1;428.9;560.6;624.7;663.2;1;820
691912;MS;;;0;0;0;0;;;;;;
810096;RJ;;;1;1;1;1;574.2;600.5;577.2;614.8;1;820
2539394;SP;4;1;0;0;0;0;;;;;;
2952915;RJ;2;1;1;1;1;1;410.8;441.9;374.6;433.4;1;500
134313;BA;;;1;1;1;1;527.2;584.4;511.7;393;1;600
43369;MA;;;1;1;1;1;465.7;450.3;504.3;511.7;1;480
1126573;PI;2;1;1;1;1;1;463.2;468.2;502.4;450.6;1;680
3854880;BA;;;1;1;1;1;390.5;514.8;518.8;446.5;1;620
301429;AL;2;1;1;1;1;1;514.5;530.8;530.8;555.1;1;800
2258299;MG;;;0;0;0;0;;;;;;
2066268;PR;;;1;1;1;1;543.7;548.2;505.5;416;1;720
3426176;GO;;;0;1;1;0;;502.5;504.1;;1;640
3694014;MG;4;1;1;1;1;1;563.2;576;582;651.4;1;620
4165564;MA;2;1;0;0;0;0;;;;;;
884642;BA;4;1;1;1;1;1;579.5;591.7;599.8;605.8;1;780
2172373;AC;4;2;1;1;1;1;396.5;403.9;344.2;421.1;1;660
2671524;CE;;;1;1;1;1;466.2;471.4;471.6;444.5;1;440
579590;PI;;;0;0;0;0;;;;;;
1505955;ES;;;0;0;0;0;;;;;;
2744359;RO;;;1;1;1;1;610.1;569.7;553.8;720.8;1;800
4322522;RS;;;0;1;1;0;;479.2;517.1;;1;340
1694032;MG;1;1;1;1;1;1;593.7;594.7;614.9;658;1;880
1061432;PE;;;1;1;1;1;459.1;564.8;552.7;591.4;1;660
785025;RJ;;;0;0;0;0;;;;;;
2971277;BA;2;1;0;0;0;0;;;;;;
1537064;RS;4;1;1;1;1;1;607.3;604.5;654.9;644.4;1;800
1056505;CE;2;1;1;1;1;1;438.6;455.8;422.1;444.9;1;340
2313323;MA;;;1;1;1;1;578.2;634.3;606.6;551.1;1;740
3301372;MG;;;1;1;1;1;378.3;362.3;412.7;505.6;1;540
3434286;PA;2;1;1;1;1;1;414.1;417.7;386.7;382;1;400
2193559;PI;;;0;0;0;0;;;;;;
367227;PA;2;1;0;2;2;0;;;;;;
948504;CE;;;1;1;1;1;370.5;439.6;507.4;407.1;1;500
2560109;PE;;;1;1;1;1;421.7;532.4;588;465.8;1;720
2151057;MG;;;0;0;0;0;;;;;;
854732;PE;;;1;1;1;1;489.8;547.3;537.8;396.9;1;800
1831888;MA;;;1;1;1;1;401.2;446.2;506.1;421.4;1;840
4020012;PE;;;1;1;1;1;450.4;503.9;496.6;437.4;1;600
1519396;CE;;;1;1;1;1;447.2;459.8;496.6;398.5;1;660
2552187;MA;2;1;1;1;1;1;462.5;568.6;597.6;602.4;1;780
455808;SE;;;1;1;1;1;439.1;522.5;529.7;491.1;1;900
3746;SP;;;0;0;0;0;;;;;;
3949320;DF;;;0;1;1;0;;504.9;562.3;;1;560
724756;PE;2;1;1;1;1;1;498.7;417.2;590.1;514.5;1;780
359367;BA;2;2;1;1;1;1;440;373.2;461;403.8;1;660
624388;RS;;;0;0;0;0;;;;;;
1498655;RO;;;1;1;1;1;517.1;601.7;578.1;679.6;1;760
3184239;PR;;;1;1;1;1;552.8;546.6;533.8;575.6;1;700
1575683;BA;;;0;0;0;0;;;;;;
2866662;SP;;;1;1;1;1;477.8;341.1;367.2;462.8;1;600
773886;DF;2;1;1;1;1;1;401.5;342.4;349.5;373.2;1;360
3211468;MG;2;1;1;1;1;1;540.6;538.2;551.7;498.6;1;620
1967630;SP;2;1;1;1;1;1;503.7;388;436.4;409.4;1;600
4107205;MT;;;1;1;1;1;458.2;546.6;514.5;453.9;1;840
3832898;RJ;;;1;1;1;1;394.7;607.6;605.8;549.8;1;560
3952689;RJ;;;1;1;1;1;540.3;546.8;551.6;516.9;1;540
2705702;SP;2;1;1;1;1;1;408.4;514.5;511.3;455.6;1;500
654147;SP;;;1;1;1;1;451.5;497.5;504.5;470;1;500
1638029;PB;;;1;1;1;1;459.7;463.8;463.5;389.1;1;540
2528351;CE;;;1;1;1;1;400.2;604.1;558.1;471.2;1;600
2207131;MA;;;0;0;0;0;;;;;;
3839070;PR;;;1;1;1;1;574.5;657.7;621.6;623.9;1;800
3145352;AL;;;0;0;0;0;;;;;;
2204006;SP;4;1;1;1;1;1;504.3;519.4;564.3;431.1;1;800
2987505;PE;;;1;1;1;1;545.5;499.6;520.2;533.7;1;400
1403983;AC;4;1;1;1;1;1;504.1;533.6;508.4;650.8;1;920
1179342;MS;2;1;1;1;1;1;394.1;498.8;473;431.2;1;540
494087;RS;;;1;1;1;1;628.4;682;565.7;801.9;1;900
1813932;RS;;;0;0;0;0;;;;;;
4205993;BA;;;0;0;0;0;;;;;;
2252843;RJ;2;1;1;1;1;1;477.4;513.4;566.1;427;1;540
3725862;PR;;;1;1;1;1;480.9;539.5;623.4;607.8;1;720
3852331;MG;;;0;1;1;0;;516.6;498.5;;1;520
2063399;PR;2;1;1;1;1;1;470;423.6;441.9;429.3;1;400
2790053;PA;;;0;0;0;0;;;;;;
2009495;MG;;;1;1;1;1;400.3;447.7;430.4;410.3;1;540
1530377;ES;;;0;0;0;0;;;;;;
3227967;CE;2;1;1;1;1;1;427.9;457;358.4;398.6;4;0
3691222;CE;;;0;0;0;0;;;;;;
3254587;PR;;;0;0;0;0;;;;;;
3040964;SP;2;1;1;1;1;1;488.6;568.9;557.9;385.1;1;740
3333772;MA;;;0;0;0;0;;;;;;
3648768;AM;;;1;1;1;1;468.6;450.4;499.8;457.8;1;660
1357402;AL;2;1;1;1;1;1;384.1;435.8;502;449;1;560
3047350;TO;2;1;1;1;1;1;465.1;479;476.6;429;1;480
2592030;BA;;;1;1;1;1;524.8;558.8;535.1;436.8;1;940
2080633;PB;1;1;1;1;1;1;592;593.7;566;493.2;1;640
2497551;SP;;;0;0;0;0;;;;;;
3026540;PR;4;1;0;0;0;0;;;;;;
1555781;CE;2;1;1;1;1;1;510;525.4;537.1;689;1;760
1029770;RS;1;2;1;1;1;1;472.9;561;517.5;510.6;1;680
775495;RJ;4;1;1;1;1;1;486.6;549.3;544.1;437.9;1;260
18803;BA;2;1;1;1;1;1;559;578.5;594.5;720.1;1;640
2756637;SP;4;1;1;1;1;1;646.6;586.1;588.6;769.7;1;740
3069985;GO;4;1;1;1;1;1;532.5;568.9;594.2;565.6;1;820
4129961;RS;;;1;1;1;1;511.1;583.9;521.7;557.4;1;500
1106781;SP;;;1;1;1;1;469.5;521.4;547;416.4;1;720
1166412;CE;;;1;1;1;1;443.5;494.9;527.8;515.5;1;640
2446475;RJ;2;1;1;1;1;1;494.8;389.6;532;476.1;1;780
1522330;RJ;;;0;0;0;0;;;;;;
3661767;MA;2;1;0;0;0;0;;;;;;
2977300;GO;;;1;1;1;1;503.5;552;571.1;421.9;1;760
3311268;PI;;;1;1;1;1;445;410.6;456.8;449.2;1;660
3196141;MG;;;1;1;1;1;583.3;498.8;532.8;470.9;1;880
3492298;TO;2;1;0;0;0;0;;;;;;
340700;SP;;;1;1;1;1;464.9;457.1;350.1;467.4;6;0
2778608;SP;2;1;1;1;1;1;492.7;482.6;482;583.7;1;840
2813036;ES;;;0;0;0;0;;;;;;
136147;MT;2;1;1;1;1;1;437.8;461.9;476.8;486;1;680
572732;AM;;;1;1;1;1;431.7;334;474.3;388.9;1;620
565957;SE;;;0;0;0;0;;;;;;
2329397;BA;;;1;1;1;1;477.6;507.8;549.8;489.3;1;640
496875;MG;;;1;1;1;1;434.1;551;601.6;553.9;1;840
2694937;PB;2;1;1;1;1;1;503.3;573.3;564.7;598.4;1;560
400909;CE;2;1;1;1;1;1;423.5;482.7;505.9;478.3;4;0
1404188;PI;2;2;1;1;1;1;462.8;385.1;538.9;378.4;1;600
4273214;SP;4;1;0;1;1;0;;419.5;446.7;;1;420
979356;RJ;;;1;1;1;1;491.7;524.3;526.8;563.5;1;720
439950;PI;;;1;1;1;1;394.8;544.8;499.8;575;1;660
319819;MG;2;1;1;1;1;1;419.4;434.2;523.6;474.3;1;560
1711689;MG;;;1;1;1;1;626.5;637.4;636.2;656.2;1;360
3311951;SP;;;1;1;1;1;465.2;568.5;534.9;649.1;1;880
4043525;BA;;;1;1;1;1;538.7;555.5;545.8;638.5;1;880
2449276;CE;;;0;0;0;0;;;;;;
3973576;BA;;;0;0;0;0;;;;;;
3189658;SP;2;1;1;1;1;1;450.6;505.3;541.2;554.4;1;580
1259972;MG;;;1;1;1;1;450.6;521.1;525.8;425.6;1;480
1882230;SP;2;2;0;0;0;0;;;;;;
1859190;MA;;;0;1;1;0;;525;480.1;;1;680
2161511;RJ;;;1;1;1;1;449.6;443.3;511.5;400.4;9;0
1016561;SP;;;1;1;1;1;540.9;431.3;552.6;393.2;1;580
2140349;GO;;;1;1;1;1;627.8;641.1;646;709.6;1;920
1205049;MG;2;1;1;1;1;1;460;528.7;508.2;532;1;780
34019;RS;2;1;1;1;1;1;476.6;539.9;556.8;521.4;1;760
1982485;DF;;;0;0;0;0;;;;;;
3188148;SP;4;1;1;1;1;1;528.5;568.3;555.8;619;1;860
1619138;BA;;;0;0;0;0;;;;;;
2476740;GO;;;1;1;1;1;422.3;496.2;512.1;394.4;1;460
1218677;PE;;;0;0;0;0;;;;;;
4196431;MG;4;2;0;0;0;0;;;;;;
1918521;DF;;;1;1;1;1;431.6;486.3;531.6;418.8;1;600
714653;SP;2;1;1;1;1;1;552.1;425.3;563.6;680.9;1;900
3537233;SP;;;1;1;1;1;510.6;591.8;647.1;690.2;1;600
2093085;RJ;;;1;1;1;1;531.5;532;601.4;644.4;1;660
253141;BA;;;0;0;0;0;;;;;;
274303;CE;2;1;1;1;1;1;492.3;561;547.3;414.5;1;840
3072734;MG;;;1;1;1;1;501;609.9;535.9;549.7;1;660
2173836;RN;;;1;1;1;1;488.8;418.6;405.5;515.5;1;540
459450;MG;;;1;1;1;1;552;510.7;525.3;611.5;1;660
4104667;SP;;;1;1;1;1;585.6;404.7;527.3;480.5;1;680
844176;SP;;;0;0;0;0;;;;;;
4327443;RS;;;1;1;1;1;407.3;397.9;474.1;403.9;1;500
316081;GO;;;1;1;1;1;520.3;529.7;552.2;374.1;1;580
3461755;SP;4;1;1;1;1;1;524.2;520.4;539.7;521.9;1;480
1021715;BA;;;0;0;0;0;;;;;;
1802785;RO;2;1;0;1;1;0;;373.6;367.4;;1;460
1891282;DF;4;1;1;1;1;1;543;593.6;533.9;709.3;1;840
580494;MA;4;1;1;1;1;1;562.7;621.4;609;678.5;1;920
2688205;AL;;;1;1;1;1;446.7;460.5;497.9;464.2;1;680
2692605;CE;;;1;1;1;1;551.6;622.1;607.2;562;1;760
3282036;MG;;;1;1;1;1;411.2;542.2;542.7;603.6;1;520
2892239;BA;;;1;1;1;1;377.4;526.7;489.5;428.2;1;640
3657933;RJ;;;0;0;0;0;;;;;;
4001257;MA;;;0;0;0;0;;;;;;
2291324;BA;;;0;0;0;0;;;;;;
178905;MT;;;0;0;0;0;;;;;;
1530483;RJ;;;1;1;1;1;440.9;408.3;429.1;411.3;6;0
4247852;GO;2;2;0;0;0;0;;;;;;
3347452;SP;2;1;0;0;0;0;;;;;;
1526046;RJ;2;1;1;1;1;1;478.3;415.3;504;418.7;1;480
3283372;MG;2;1;0;0;0;0;;;;;;
2789638;DF;;;0;0;0;0;;;;;;
1872612;RS;;;1;1;1;1;688;704.5;636.6;779.2;1;920
3544513;PE;4;1;1;1;1;1;391.8;364.8;498.4;387.4;1;640
1754739;BA;;;1;1;1;1;455.7;303.1;501.2;561.1;1;520
840671;SP;;;1;1;1;1;540;553.6;543.1;405.9;1;360
2241011;RS;2;1;1;1;1;1;548.7;563.2;549.2;494.6;4;0
1731149;PE;4;1;1;1;1;1;456.1;510.1;490.6;506.4;1;540
2825160;SC;;;1;1;1;1;458.1;331.5;441.9;407.9;1;360
3682083;GO;;;0;0;0;0;;;;;;
2207515;SP;4;1;1;1;1;1;551.4;612;604.2;496.7;1;820
1515385;BA;;;0;0;0;0;;;;;;
3906630;AL;;;0;0;0;0;;;;;;
3904082;RS;;;0;0;0;0;;;;;;
904393;MG;2;1;1;1;1;1;493.6;452.2;459.8;443.2;8;0
227479;SP;;;1;1;1;1;688.3;721.9;691.4;832.3;1;960
3763589;MG;;;1;1;1;1;364.1;308.1;438.9;481;6;0
999650;PE;;;1;1;1;1;463.3;478;532.3;428.9;1;500
1301;RJ;2;1;1;1;1;1;404.1;516.9;485.1;430.7;1;720
1335576;MG;2;1;1;1;1;1;489.1;482.5;479.2;388.4;1;620
345113;RJ;2;1;1;1;1;1;434.9;620.8;552.1;564.4;1;640
1098690;PI;2;1;1;1;1;1;395.1;473.6;444.4;432;1;560
3753192;RS;;;1;1;1;1;380.9;411.7;473.8;405.7;1;480
1241237;MA;2;1;0;0;0;0;;;;;;
4176443;RJ;;;0;0;0;0;;;;;;
2148161;PI;;;0;1;1;0;;628;612.3;;1;680
394828;RJ;;;1;1;1;1;550.3;646.4;578.5;640.2;1;880
4093920;BA;4;1;0;0;0;0;;;;;;
81916;RJ;;;0;0;0;0;;;;;;
2627606;BA;2;1;0;0;0;0;;;;;;
3250150;PB;;;1;1;1;1;550.3;444;449.8;532.8;1;700
1349259;GO;;;1;1;1;1;447.6;532.2;587.4;613.1;1;720
254984;DF;;;1;1;1;1;582.1;661.5;613.7;721.3;1;840
3574575;MT;2;1;0;0;0;0;;;;;;
1172386;PA;;;0;0;0;0;;;;;;
3425089;RJ;;;0;0;0;0;;;;;;
3042941;SP;;;1;1;1;1;507.3;486.5;510.4;450.8;1;780
3975678;MA;;;1;1;1;1;373.1;358.6;505.3;414.4;1;560
250172;BA;;;1;1;1;1;550.2;565;580.5;487.2;1;820
2552111;SP;;;1;1;1;1;588.2;640.2;583.7;498.6;1;700
2040973;MA;;;1;1;1;1;536.7;537;538.5;644.3;1;840
3610933;BA;;;0;0;0;0;;;;;;
1231839;CE;;;1;1;1;1;372.9;409.7;498.2;413;1;540
4217136;RS;;;1;1;1;1;531.2;567.5;567.1;559.8;1;600
4213889;PA;;;1;1;1;1;381.5;358.3;487.9;498;1;320
647886;SP;;;0;0;0;0;;;;;;
852702;MA;;;0;0;0;0;;;;;;
3591607;BA;4;1;1;1;1;1;618;614.5;592.7;767.6;1;920
2334853;RJ;;;1;1;1;1;621.3;562.2;548.4;708.3;1;900
2632044;SP;3;1;1;1;1;1;586.9;618;615.8;610.6;1;760
755852;CE;2;1;1;1;1;1;517.5;507.4;596.2;522.8;1;740
2589107;BA;2;1;0;0;0;0;;;;;;
4001359;GO;;;1;1;1;1;571.2;562.9;578.6;556.4;1;640
2318851;RJ;4;1;1;1;1;1;476.3;519.9;540.4;534.9;1;680
1621570;SP;;;1;1;1;1;458.2;400;483.4;440.3;3;0
856564;MA;;;1;1;1;1;490.4;453.5;507.5;541.5;1;880
523229;MG;;;1;1;1;1;500.9;531.2;526.3;399.8;1;640
3135026;RJ;;;0;0;0;0;;;;;;
4227394;MT;;;1;1;1;1;542;538.5;552;452;1;340
2342647;PR;2;1;1;1;1;1;478.6;534.2;462.2;644.8;1;500
1127332;AM;2;1;1;1;1;1;443;404.6;418.5;443.4;4;0
3589650;MG;2;1;1;1;1;1;492.3;391.7;435.7;398.3;1;340
3371622;GO;2;1;0;0;0;0;;;;;;
1415976;PR;2;1;1;1;1;1;542.2;539.1;564.2;567.2;1;800
2041678;ES;2;1;0;0;0;0;;;;;;
3524950;SP;;;1;1;1;1;458.1;501.7;535.5;397.7;1;680
2107419;RN;;;1;1;1;1;524.2;488.5;521;592.7;1;740
1174941;RS;;;0;0;0;0;;;;;;
4274127;RS;;;0;0;0;0;;;;;;
1530165;SP;2;1;1;1;1;1;514.9;473.3;533.8;634.7;1;660
4296474;RS;;;1;1;1;1;469;525.6;537.9;534.4;1;440
751155;MG;;;1;1;1;1;412.8;384.4;448.8;472.2;1;440
2258151;MG;;;1;1;1;1;464.5;551.1;592.3;665.9;1;860
1199348;SP;2;1;0;1;1;0;;396.3;480.2;;1;400
2720505;MT;2;1;1;1;1;1;515;460.1;563.1;445.3;1;620
2395245;RS;;;1;1;1;1;464.7;567.6;590;502.9;1;540
2322627;CE;;;1;1;1;1;473.6;524.9;507.1;580.5;1;640
2993853;MT;;;1;1;1;1;456.1;416.5;444.2;475.5;1;740
3306299;SP;;;1;1;1;1;512.1;500.2;526.3;519.6;1;600
4164728;RJ;1;1;1;1;1;1;490.5;500.4;533;430.4;8;0
2988400;SE;2;1;1;1;1;1;412.8;441.8;450.8;388.7;1;460
3777844;SP;;;0;0;0;0;;;;;;
1982615;AM;2;1;1;1;1;1;446.1;563.4;562.8;544;1;940
201011;PA;2;1;1;1;1;1;441;417.7;480.8;389.2;1;460
4091925;SP;;;1;1;1;1;609.7;583.3;602.8;678.3;1;920
3397591;RJ;;;0;0;0;0;;;;;;
42297;PA;;;1;1;1;1;475.5;473.7;502.2;500.7;1;760
4093393;RJ;;;0;0;0;0;;;;;;
1355869;AM;;;0;1;1;0;;415.9;396.1;;1;500
101940;PA;2;2;1;1;1;1;416.4;404.9;409.7;374.9;1;540
1526139;GO;;;0;0;0;0;;;;;;
3851699;RJ;;;0;0;0;0;;;;;;
3667872;TO;;;1;1;1;1;480.4;525.5;540.2;608.5;1;840
3880436;DF;;;0;1;1;0;;472.2;565.6;;1;680
365821;MG;;;1;1;1;1;511.5;590.1;542.7;407.4;1;760
2593971;AM;;;0;0;0;0;;;;;;
2342416;PR;;;0;0;0;0;;;;;;
1191934;AM;;;1;1;1;1;355.8;428.5;475.8;481.1;1;500
271847;RS;;;1;1;1;1;526.8;563.6;484.5;447.5;1;660
1570270;SP;2;1;1;1;1;1;515.9;583.6;554.1;633.9;1;760
3066310;MS;;;1;1;1;1;654.9;648.2;611.7;763.8;1;880
3504790;PE;;;1;1;1;1;634;666.7;594.1;691.5;1;880
3691744;BA;;;0;0;0;0;;;;;;
2320915;AM;2;1;0;0;0;0;;;;;;
2318950;SC;;;0;0;0;0;;;;;;
2216633;SP;2;1;1;1;1;1;520.1;491;499.9;652.8;1;520
3184745;SP;;;0;0;0;0;;;;;;
4258959;RJ;;;1;1;1;1;599.6;685.7;626.3;586.5;1;720
2297938;BA;;;1;1;1;1;564.7;576.1;624.3;676.7;1;840
2592249;PB;2;1;1;1;1;1;485.9;572.3;604.5;428.3;1;720
744529;SP;2;1;1;1;1;1;633.5;654.3;629.7;714.4;1;840
2907974;MT;;;1;1;1;1;396.6;518;524.5;407.5;1;680
39960;RS;2;2;0;0;0;0;;;;;;
2905463;SC;2;1;0;0;0;0;;;;;;
3683987;RS;;;0;0;0;0;;;;;;
3620442;CE;2;1;0;0;0;0;;;;;;
3224863;ES;;;0;0;0;0;;;;;;
3017405;RJ;2;1;0;0;0;0;;;;;;
4155038;GO;;;0;0;0;0;;;;;;
2889624;PB;;;1;1;1;1;532.9;604.6;605.3;611.1;8;0
2231634;SP;2;1;1;1;1;1;501.3;552.6;536.7;454.2;1;520
2100755;BA;;;1;1;1;1;522.4;569.3;543.1;404.3;1;680
2694020;PE;;;1;1;1;1;573.5;575.6;560.1;582.6;1;700
2829136;GO;2;1;1;1;1;1;486.8;385;335.6;407.4;1;360
186164;CE;2;1;1;1;1;1;518.1;438.9;418.3;467;1;580
1114072;PB;2;1;1;1;1;1;370.9;424.4;477.4;378.9;1;520
799852;SE;;;0;0;0;0;;;;;;
3372035;MG;;;1;1;1;1;527.7;561.5;540.8;570.1;1;900
2730289;AC;;;0;1;1;0;;386.7;475.4;;1;480
4099444;MG;;;0;0;0;0;;;;;;
2980230;BA;;;1;1;1;1;516.5;582.8;561.1;601;1;720
15047;PR;;;1;1;1;1;661.5;711.2;624.7;731.2;1;920
2504091;CE;;;0;1;1;0;;482.7;439.8;;1;560
3882823;BA;;;1;1;1;1;422.6;353;382.5;563.4;1;560
186077;PE;2;1;1;1;1;1;404.3;441.1;517;483;1;620
83349;RO;4;1;1;1;1;1;661;646;612;722.4;1;880
939466;AL;;;1;1;1;1;477;473.4;474.4;642;1;680
164963;PE;4;1;1;1;1;1;574.8;697.7;619.8;692.6;1;880
514210;RS;;;1;1;1;1;628.6;583.8;544;435.6;1;620
2391289;SC;2;1;0;0;0;0;;;;;;
2499127;RJ;;;1;1;1;1;535.5;624.1;570.8;710.1;1;800
1297634;PR;2;1;1;1;1;1;448.8;399.5;520.4;450.1;1;600
18174;PE;;;1;1;1;1;534.4;485.9;540.8;443.9;1;580
1638346;MA;2;2;1;1;1;1;441;368.7;438.3;413.1;1;440
3829700;RJ;;;1;1;1;1;530.2;508.8;509.7;459.8;1;600
2139566;SP;;;1;1;1;1;681.3;658.7;644.7;663.9;1;540
3164971;MG;;;1;1;1;1;561.4;634.7;542.3;417.6;1;720
3858631;PB;;;1;1;1;1;521.7;494.9;430.8;430.1;8;0
3264446;MA;;;1;1;1;1;547.8;533.4;488.3;471.3;1;520
3330765;SP;2;1;0;0;0;0;;;;;;
1070357;RS;2;1;1;1;1;1;592.3;669.3;617.6;658.7;1;700
3413557;GO;;;1;1;1;1;522.4;590.7;574;556.5;1;800
222325;BA;;;1;1;1;1;523;570.4;544.1;642.7;1;800
2494441;RS;2;1;0;0;0;0;;;;;;
2879033;BA;;;2;1;1;2;;552.7;506.7;;4;0
3764759;MA;;;1;1;1;1;467.4;382.3;387.3;417.8;1;620
3622578;MG;;;0;0;0;0;;;;;;
1861584;RJ;;;1;1;1;1;728.9;683.7;643.3;800.3;1;960
3324659;PR;2;1;0;0;0;0;;;;;;
733929;AL;;;0;0;0;0;;;;;;
1101291;MG;2;1;1;1;1;1;609.9;561.5;592.9;725.2;1;880
2965846;RN;;;0;0;0;0;;;;;;
3921227;BA;4;1;1;1;1;1;405.4;443;536.5;578.5;1;500
47935;PB;;;0;0;0;0;;;;;;
1264691;RS;;;0;0;0;0;;;;;;
1696037;PA;;;0;1;1;0;;388.7;338.2;;1;600
2136936;RN;;;1;1;1;1;402.6;371.8;327.5;505.2;1;560
329802;PB;;;1;1;1;1;587.9;543;549.9;437.4;1;740
1342839;DF;;;1;1;1;1;558.7;608.4;590.7;639.5;1;960
1506377;AL;;;1;1;1;1;535.6;592.7;585.5;634.8;1;720
4005179;PI;;;1;1;1;1;488.4;486.3;481.4;452.9;1;820
1146724;SP;2;1;1;1;1;1;431.2;587.9;588.8;527.4;1;560
2638077;DF;;;0;0;0;0;;;;;;
342866;MT;;;1;1;1;1;508.5;557.8;567.6;536.5;1;540
2102146;SP;;;0;0;0;0;;;;;;
3067604;PR;;;1;1;1;1;488.2;573.5;572.9;589.3;1;600
2586608;AC;;;0;0;0;0;;;;;;
3757903;CE;;;1;1;1;1;414;447.3;440.9;485.1;1;600
1844606;SP;4;1;1;1;1;1;596.1;607.4;539.4;660.9;1;780
718937;AL;;;1;1;1;1;395.7;411.8;469.2;383.1;1;680
1473010;SP;2;1;0;0;0;0;;;;;;
734441;RS;;;0;0;0;0;;;;;;
835131;PE;;;1;1;1;1;520.9;533.8;497.2;466.2;1;420
1749979;BA;;;1;1;1;1;490.3;479.6;566.7;482.6;1;780
4142854;MA;2;1;1;1;1;1;485.6;418.1;511.5;448.7;1;600
3752532;RS;;;1;1;1;1;500.4;554.9;581.9;412.4;1;840
3305896;MG;;;1;1;1;1;591.6;606.9;546.9;702.2;1;760
3854680;AM;;;1;1;1;1;357.2;437.3;516.5;449.7;1;720
3702673;PA;;;1;1;1;1;353.9;464.4;495;440.1;1;460
2376247;BA;;;1;1;1;1;535.3;491.6;501.1;446.1;1;520
1833812;PI;;;1;1;1;1;480.1;570.3;505.1;443.7;1;700
2771508;GO;2;1;1;1;1;1;402.2;345.1;390.7;414.9;1;400
1213786;SP;;;1;1;1;1;658.8;686.2;631.5;773.9;1;840
4015191;BA;;;1;1;1;1;559.9;590.4;611.5;526.7;1;860
2222121;MG;;;0;0;0;0;;;;;;
697312;PE;2;1;1;1;1;1;482.9;323.9;384.6;434.1;1;440
932918;MT;2;1;0;0;0;0;;;;;;
2895075;MG;4;1;1;1;1;1;472.7;568.4;563.4;598.2;1;920
2028668;SP;;;1;1;1;1;668.1;706.7;630.1;809.2;1;900
3157135;AP;;;0;0;0;0;;;;;;
548853;AL;2;1;0;0;0;0;;;;;;
636819;MA;;;1;1;1;1;499.5;394.6;319.4;420.8;1;440
2765184;PA;;;1;1;1;1;357;542.6;477.2;549.6;1;540
364333;PA;;;1;1;1;1;406.9;417.7;449.4;411.2;1;420
1370090;MG;2;1;1;1;1;1;456.5;555;537.7;612.1;1;640
3063985;SP;;;1;1;1;1;414;494.3;588.1;469.2;1;640
657742;RN;;;0;0;0;0;;;;;;
1950896;RJ;2;1;1;1;1;1;396.9;320.2;400.2;509.3;1;440
3365213;BA;;;1;1;1;1;484.7;413.3;420.7;532.9;1;660
1252248;RJ;;;0;0;0;0;;;;;;
420640;MA;;;1;1;1;1;403.5;393.1;439.5;408.4;1;440
2047125;DF;;;1;1;1;1;619.5;597.3;629.2;713.4;1;860
607202;RJ;;;0;0;0;0;;;;;;
851126;MG;;;1;1;1;1;380.3;407.7;404.9;396;1;440
2713832;BA;2;1;1;1;1;1;452.4;355.6;465.3;489.2;1;600
3547761;SP;;;0;1;1;0;;390;428.5;;4;0
1035857;MA;2;1;1;1;1;1;588.5;650.8;489;497.1;1;900
436375;BA;;;1;1;1;1;389.1;295.5;423.5;556.3;1;620
1721777;PA;2;1;1;1;1;1;461.4;493.8;451.6;413;4;0
2637379;RO;2;1;0;0;0;0;;;;;;
3335632;SP;2;1;1;1;1;1;501.7;570.4;628.1;514.5;1;680
4083552;RJ;;;0;1;1;0;;508.6;590.5;;1;660
864298;MG;;;0;0;0;0;;;;;;
3191723;RN;;;1;1;1;1;573.9;500.2;568.7;689.6;1;720
1238223;SP;;;1;1;1;1;518.7;535;550.2;609.7;1;680
4323273;RS;;;0;0;0;0;;;;;;
727998;AM;;;0;0;0;0;;;;;;
1249819;SP;;;0;0;0;0;;;;;;
3738712;RR;2;1;1;1;1;1;509.1;541.3;547.8;517.3;1;640
1694307;MG;;;1;1;1;1;476.8;398;362.7;412.6;1;520
1117195;SP;;;0;0;0;0;;;;;;
2837941;RJ;1;1;1;1;1;1;598.6;526.8;525.5;702.9;1;700
3199471;PR;;;1;1;1;1;564.6;452.2;555.4;516.4;1;460
721442;RS;4;1;1;1;1;1;462.7;551;574.7;618.7;1;560
2703438;MG;;;1;1;1;1;450.2;545.1;600.4;423.2;1;540
3162656;MG;;;1;1;1;1;687.3;615.4;595.9;835.9;1;920
582629;GO;;;1;1;1;1;496.4;594.3;595.7;701.7;1;820
3232966;PB;2;1;1;1;1;1;429.1;387;428.9;480.6;1;600
3988872;MA;;;0;0;0;0;;;;;;
1291895;GO;;;1;1;1;1;412.2;412.8;348.9;597.7;1;420
404668;MG;;;1;1;1;1;485.3;527;517.9;531.3;1;680
212317;AL;2;1;1;1;1;1;520.7;581.7;587.4;538.9;1;800
3463573;MS;;;1;1;1;1;525.9;573.9;591.3;547.4;1;540
4290622;SP;2;1;0;0;0;0;;;;;;
2234976;MG;;;0;0;0;0;;;;;;
1270308;SE;;;0;1;1;0;;309.8;384.7;;1;580
80225;AL;;;1;1;1;1;602.3;609.4;577.3;739.6;1;900
3170945;SE;;;1;1;1;1;463.5;485.9;502.3;568.3;1;600
1413734;MA;2;1;1;1;1;1;447.7;433.8;466.4;477;1;560
1575944;TO;2;1;1;1;1;1;466.7;465.6;462.8;528.6;1;860
2181356;RS;4;1;1;1;1;1;524;539.2;571.4;578.5;1;680
3457594;PB;;;1;1;1;1;382;531.6;541.5;485.4;1;700
3988350;RO;;;1;1;1;1;439.1;492.3;478.2;413.3;1;580
1081351;MG;;;1;1;1;1;468.3;567.7;562.5;582;1;700
3438753;PA;;;1;1;1;1;447.7;381.7;598.7;423.4;1;700
1915757;SP;;;1;1;1;1;626.6;579.7;565.7;675.3;1;580
2324799;PR;;;1;1;1;1;595.8;568.9;594;572.9;1;620
1864646;PB;;;0;1;1;0;;589.9;616.4;;1;860
1151594;DF;;;1;1;1;1;681.7;649.8;645.5;793.7;1;940
445145;PA;;;1;1;1;1;402.5;493.2;500;455.1;1;840
1952866;MT;4;1;1;1;1;1;574.7;513.4;447.6;499.3;1;740
1824616;MA;;;0;0;0;0;;;;;;
3182839;PE;4;1;1;1;1;1;598.6;593;576.2;797.1;1;780
2449435;DF;;;0;0;0;0;;;;;;
1581675;RN;;;1;1;1;1;501.5;539.3;520.6;438.3;1;320
2661261;MS;2;1;1;1;1;1;572.4;549;518.2;497.3;1;520
788887;AC;;;0;0;0;0;;;;;;
990679;MT;;;0;0;0;0;;;;;;
3657509;BA;2;1;1;1;1;1;376.7;501.8;459;458.2;1;640
2084992;SP;;;1;1;1;1;614.4;605.2;621.9;427.4;1;660
2576197;MA;;;1;1;1;1;484.3;312;371.2;406.5;4;0
1411206;RJ;2;1;1;1;1;1;499.1;539.4;557.6;560;1;500
1899821;RS;;;0;0;0;0;;;;;;
1096501;AL;2;1;1;1;1;1;440.3;419.6;462.8;417.2;1;540
3955838;ES;;;1;1;1;1;500.8;598.9;558.2;422.8;1;580
627750;BA;;;1;1;1;1;416.4;512.8;546;420.1;1;400
1779836;PE;;;1;1;1;1;395.2;478.4;481.4;442.5;1;480
1202014;MG;2;1;1;1;1;1;488.7;559.3;589.2;537.8;1;800
3749152;PA;4;1;1;1;1;1;375.4;499.8;490.7;442;1;520
2694412;RN;;;1;1;1;1;583.8;589.8;587.7;642.4;1;840
3847081;PR;2;1;0;0;0;0;;;;;;
1563158;RJ;2;1;0;0;0;0;;;;;;
20426;PI;2;2;1;1;1;1;371.4;394.6;404.4;394.6;1;780
122307;SE;2;1;0;0;0;0;;;;;;
2161374;RN;;;1;1;1;1;602;597.1;546.3;568;1;520
3813767;BA;;;1;1;1;1;521.3;435.1;487;447.8;1;460
2580800;MG;;;1;1;1;1;563.3;614.8;574.6;556.3;1;800
1929245;MG;3;1;1;1;1;1;537.6;584.1;596.7;669.4;1;700
3659868;MG;;;1;1;1;1;535.1;574.8;346.7;540.7;1;680
2020760;RS;;;0;0;0;0;;;;;;
2665933;BA;;;1;1;1;1;512;458.1;494.7;456.3;1;680
695950;RN;;;0;0;0;0;;;;;;
1241147;AL;2;1;1;1;1;1;381.4;350.3;417;386;1;660
2651603;PR;;;1;1;1;1;536.6;537;523.5;533.1;1;760
3553655;SP;;;1;1;1;1;553.1;533.6;531.9;584.8;1;660
3110545;SP;;;1;1;1;1;596.7;590.7;580.6;676.4;1;880
4288184;PA;2;1;0;0;0;0;;;;;;
311538;AC;;;1;1;1;1;427.6;402.3;438.6;379.1;1;520
1108912;CE;2;1;1;1;1;1;543.5;368.4;443.3;565.7;1;460
2655909;PR;;;1;1;1;1;591.7;562.6;578.6;666.9;1;920
2391465;BA;2;1;1;1;1;1;591;507.7;551.2;580.9;1;900
308011;BA;2;1;1;1;1;1;567.5;567.1;564.5;475.7;1;780
3176208;MS;;;1;1;1;1;567.4;460.4;593.1;628.9;1;880
3596515;SP;;;0;0;0;0;;;;;;
3483573;AL;;;1;1;1;1;563.8;600.2;596.7;626.1;1;680
2866955;MG;;;0;0;0;0;;;;;;
3276669;PR;;;0;0;0;0;;;;;;
2372406;PE;;;0;0;0;0;;;;;;
1246720;ES;2;1;1;1;1;1;515.2;527.6;502;399.4;1;620
1650824;PI;;;0;0;0;0;;;;;;
2738582;MA;2;1;1;1;1;1;415.6;417.2;459.9;421.8;1;440
2154605;BA;2;1;1;1;1;1;593.9;622;576.9;584.5;1;860
732747;BA;;;1;1;1;1;408.9;487;518.5;543;1;720
1625017;PA;2;1;1;1;1;1;435.5;441.7;499.4;486.9;1;400
190666;PI;2;1;1;1;1;1;516.4;413.1;555.8;574.1;1;720
2506642;RJ;2;1;1;1;1;1;562.6;475.8;523.4;534.9;1;420
639789;RJ;;;1;1;1;1;510.5;584.1;580.7;475.5;1;440
142052;GO;2;1;0;0;0;0;;;;;;
3315407;BA;;;0;1;1;0;;491.9;596.3;;1;600
341917;MS;2;1;1;1;1;1;353.5;408.5;463.4;420;1;880
2339099;PB;;;1;1;1;1;429.4;380.2;503.8;427.7;1;480
1074917;PR;2;1;1;1;1;1;432;539.7;566.4;568.1;1;580
1696470;SP;2;1;0;0;0;0;;;;;;
343907;PE;;;1;1;1;1;402.7;497.7;500.8;406.8;1;640
2538520;DF;;;1;1;1;1;573.5;612.9;574.1;677.2;1;800
2131879;PE;2;1;1;1;1;1;376.9;517.9;508.8;455.3;1;480
540924;SP;;;1;1;1;1;556.4;599.4;609.8;614.2;1;680
42042;DF;2;1;1;1;1;1;494.9;532.4;558.1;473.2;1;760
616482;PR;;;0;0;0;0;;;;;;
1405197;AM;2;1;1;1;1;1;410.3;349.8;478.2;532.2;1;500
3012289;PA;;;1;1;1;1;441.9;349.5;307.9;429.9;1;480
3474751;PI;;;1;1;1;1;437.4;407.8;421.8;416.7;1;360
429;PE;;;1;1;1;1;508.3;518.1;555;463.6;1;480
1778206;AM;;;0;0;0;0;;;;;;
3013419;RJ;;;1;1;1;1;494.9;294.8;372.2;411.7;4;0
1944118;RS;1;2;1;1;1;1;548.5;591.8;548.8;599;1;800
2712543;MG;;;1;1;1;1;558.7;595.3;588.5;659.4;1;900
2328556;PA;;;1;1;1;1;455.9;422.4;481.8;447.3;1;460
50573;SE;2;1;1;1;1;1;441.8;495.9;489.4;606.8;1;840
957147;BA;;;0;0;0;0;;;;;;
1822379;CE;;;0;0;0;0;;;;;;
2042643;MG;;;1;1;1;1;430.3;470.9;424.1;408.3;1;520
1263558;PE;;;1;1;1;1;587.5;650.7;605.5;639.3;1;540
3714534;AM;;;1;1;1;1;398.5;398.7;439.5;438;1;360
3399004;BA;2;1;0;0;0;0;;;;;;
2891271;RN;;;0;0;0;0;;;;;;
1565872;MG;1;2;1;1;1;1;564.7;533.2;571.1;628.4;1;640
69918;MA;;;1;1;1;1;386.7;521.7;495.9;398.7;1;600
444371;CE;2;1;1;1;1;1;497.9;485.3;426;587.2;8;0
3651217;PR;2;1;0;1;1;0;;383;456.3;;1;580
1088983;MG;2;1;1;1;1;1;482.4;430.6;489.7;482.3;1;720
153890;PE;2;1;1;1;1;1;369.8;483.6;456.6;498.9;1;580
3486231;SP;;;1;1;1;1;557;539.9;580.4;551.9;1;580
3890615;SP;4;1;0;0;0;0;;;;;;
4188765;SP;2;1;0;0;0;0;;;;;;
3688981;RO;;;0;0;0;0;;;;;;
2491353;SP;4;1;1;1;1;1;464.3;545.2;516.6;635.9;1;640
905479;MG;;;0;0;0;0;;;;;;
3836981;PE;;;1;1;1;1;581.8;641.2;601.6;654.9;1;800
637339;RJ;;;1;1;1;1;365.5;427.5;487.9;396.7;1;680
3200383;MG;;;1;1;1;1;468.9;461.9;443.8;424.3;1;520
2656530;SP;2;1;1;1;1;1;540.7;483.2;511;504.9;1;640
3765248;RJ;4;1;1;1;1;1;556.1;583.4;537.6;605.6;1;640
1741504;PA;;;0;0;0;0;;;;;;
131375;BA;1;1;1;1;1;1;677.3;701.9;656;757.5;1;900
3366236;AM;;;1;1;1;1;571.6;600.3;610.3;620.5;1;620
863024;SE;;;0;2;2;0;;;;;;
225946;CE;2;1;1;1;1;1;481;409.8;369.9;452.7;1;300
1163528;SC;;;1;1;1;1;577.2;584.8;574.5;656.9;1;840
604822;MG;;;1;1;1;1;434.2;506.7;520;423.2;1;600
3487552;BA;;;1;1;1;1;466.7;440.3;497.2;399.5;1;680
934207;PA;;;1;1;1;1;458.6;335.8;503.3;468.2;1;540
209751;MG;2;1;1;1;1;1;537.1;425.4;406.1;407.9;1;680
3091208;GO;;;0;0;0;0;;;;;;
2835766;PI;;;1;1;1;1;496.7;498.5;440.1;402.4;1;620
3544781;RO;;;0;0;0;0;;;;;;
4278398;AM;2;1;1;1;1;1;370.8;453;513.4;462.6;1;360
1583558;PE;;;1;1;1;1;383.3;379.8;527.6;418.1;1;580
993387;SC;2;1;1;1;1;1;422.1;303.5;434.3;586.4;1;820
3926511;MG;2;1;0;0;0;0;;;;;;
962594;BA;;;0;0;0;0;;;;;;
3276257;MA;;;1;1;1;1;669.8;655.3;630.3;766.2;1;840
815845;BA;1;1;1;1;1;1;595.3;571.4;542.5;515.8;1;760
1837455;CE;;;0;0;0;0;;;;;;
1653559;PA;2;1;1;1;1;1;502.2;508.8;536.3;546.1;1;580
146865;AC;2;1;0;1;1;0;;446.5;515.4;;1;680
2573175;MA;2;1;1;1;1;1;492.9;470.3;519.7;438.4;1;500
210533;PE;;;1;1;1;1;515.6;400.8;519.9;437.5;1;520
1296351;AM;;;1;1;1;1;450.7;437.3;337;396.7;1;280
350311;MA;;;1;1;1;1;493.9;463.4;527.5;484.7;1;540
1911864;MG;2;1;0;0;0;0;;;;;;
680443;CE;2;1;1;1;1;1;546.8;469.6;512.2;565.2;1;660
4074057;RS;;;0;1;1;0;;411.2;564.8;;1;560
2778645;SE;;;1;1;1;1;481.2;553.1;544.4;432.9;1;740
2113881;SP;4;1;1;1;1;1;530.4;577.8;589.8;512;1;880
1671412;PI;2;1;1;1;1;1;531.4;381.3;496.8;449.6;1;600
1642294;MG;;;0;0;0;0;;;;;;
3025206;SC;1;1;1;1;1;1;604.8;708.7;652.1;659.3;1;620
1286356;CE;;;1;1;1;1;401.3;375.9;514.6;482.4;1;940
591050;PE;;;1;1;1;1;613.3;661;613.5;738.4;1;840
1773896;PR;2;2;1;1;1;1;494.1;500.8;478.5;411.7;1;600
1083838;SP;2;1;1;1;1;1;606.6;657.3;586.8;726.8;1;900
6295;MA;;;0;0;0;0;;;;;;
1071488;SP;2;1;1;1;1;1;526.4;472.7;483.9;448.2;1;340
3543669;RJ;4;1;1;1;1;1;565.1;542.1;549.5;425.2;1;700
768824;SC;;;1;1;1;1;557.6;566.9;569.4;560.2;1;600
3549807;PA;;;1;1;1;1;442.1;429.3;542.7;658;1;520
3625263;RS;;;0;2;2;0;;;;;;
349600;SP;;;1;1;1;1;425.9;559.3;595.9;409.4;1;700
1647176;SP;;;1;1;1;1;512.8;553;523.4;600.4;1;340
1462143;SP;2;1;1;1;1;1;602.8;657.6;622.5;729.5;1;940
1026556;GO;;;1;1;1;1;464.3;502.2;592.7;649.8;1;820
2731552;AL;;;1;1;1;1;352.1;402.1;370.9;418.7;1;460
938909;MG;;;1;1;1;1;523.5;577.7;595.6;718.5;1;880
2749896;BA;2;1;1;1;1;1;494.9;503.9;467.6;415.5;1;460
1860653;SP;;;0;1;1;0;;473.8;521;;1;400
1098764;RS;2;1;1;1;1;1;539.9;507.8;506.1;652.6;1;800
192942;PE;4;1;1;1;1;1;558.3;613.2;526.2;656.4;1;880
3033170;GO;;;1;1;1;1;596.7;616.1;601.2;578.2;1;880
4284795;PB;;;1;1;1;1;681.2;659.7;668.8;793.9;1;900
1483343;ES;1;1;1;1;1;1;557.6;573;589.8;586.9;1;860
176405;SP;;;0;0;0;0;;;;;;
3173978;DF;2;1;1;1;1;1;573.9;565.3;556.6;649.1;1;560
3226316;MA;2;1;0;0;0;0;;;;;;
474808;RJ;2;1;1;1;1;1;350.3;437.2;457.1;457.2;4;0
2693273;GO;;;1;1;1;1;452.4;445.1;400.3;502.1;1;560
294058;SP;;;1;1;1;1;566.3;608.1;600.5;773.4;1;780
1265491;ES;2;1;1;1;1;1;367.8;455.1;459.1;458.8;1;500
3568227;MG;;;0;0;0;0;;;;;;
656568;PE;;;0;1;1;0;;367.7;527.5;;1;380
673955;PA;2;1;1;1;1;1;428.7;388.6;374.1;499.7;1;380
1463465;SP;2;1;0;0;0;0;;;;;;
4153367;RS;;;1;1;1;1;551.1;627.6;614.1;620;1;920
3973070;PB;;;1;1;1;1;377.2;597.3;516.8;490.4;1;880
902767;RS;2;1;1;1;1;1;462.6;336;440.1;470.3;1;420
1142758;SP;;;1;1;1;1;506.9;573.7;591.4;515.8;1;600
2790980;SC;;;1;1;1;1;503.5;594;576.8;624.7;1;860
4306432;RS;;;1;1;1;1;539.2;378.4;410;460.3;1;280
2015127;PI;;;1;1;1;1;612.8;666.1;645;665.9;1;780
950000;SP;;;0;0;0;0;;;;;;
4320481;RS;;;1;1;1;1;458.6;512;461.2;384.7;6;0
850834;RS;;;0;0;0;0;;;;;;
3783505;SP;1;1;1;1;1;1;582.6;593.1;614.1;535.7;1;620
3465065;PE;;;1;1;1;1;541.3;458.8;524.4;709.2;1;780
3325023;SP;;;0;1;1;0;;363.6;502;;1;460
3225136;SP;;;1;0;0;1;469;;;381.1;;
3494016;RS;;;1;1;1;1;449.6;357.4;413.7;383.1;1;580
3041738;GO;2;1;0;0;0;0;;;;;;
2907802;SP;2;1;1;1;1;1;391.4;391.2;473.2;398;1;580
3342978;SP;2;1;0;0;0;0;;;;;;
953649;PE;2;1;1;1;1;1;538.8;543;509.5;611.5;1;780
3633937;BA;2;1;1;1;1;1;388.5;529.1;548;446.1;1;840
2717356;MG;2;1;1;1;1;1;459.4;521.4;560.3;419.9;1;760
3873007;RJ;;;0;0;0;0;;;;;;
3834505;MA;;;1;1;1;1;497.1;490.4;458;458;1;560
3045489;BA;;;1;1;1;1;554.1;566.9;597.5;642.7;1;740
1020200;PE;2;1;1;1;1;1;476.7;503.4;503.8;479.5;1;560
2676237;AP;2;2;0;1;1;0;;370.8;420.3;;1;500
2729674;SP;;;1;1;1;1;518;526.9;567.5;582.2;1;640
372204;RS;2;1;1;1;1;1;589.5;579.5;616.3;683.2;1;580
1779177;SP;;;1;1;1;1;585.2;712.6;616.2;660.1;1;680
258053;PB;;;1;1;1;1;369.6;403.2;471.9;388.9;1;400
894829;PE;;;0;0;0;0;;;;;;
901267;SP;2;1;1;1;1;1;515.7;545.6;591.6;634.7;1;760
3231748;MT;;;1;1;1;1;462.4;543.2;522.1;567.5;1;680
3715774;SC;;;1;1;1;1;494.2;499.3;541.6;447.6;1;640
1742939;CE;;;1;1;1;1;413.7;567.2;553.6;503.6;1;680
3178311;TO;;;0;0;0;0;;;;;;
2731663;MG;2;1;1;1;1;1;367.7;504;525.5;379.3;1;340
2791422;MG;;;0;0;0;0;;;;;;
1950061;RS;;;1;1;1;1;556.2;615.6;572.2;520.1;1;800
1898175;PE;;;1;1;1;1;494.7;620;571.3;713.7;1;920
3328615;AM;2;1;1;1;1;1;448.9;433.8;471.1;506.8;1;380
287591;MG;2;1;1;1;1;1;475.2;464.5;494.3;548.8;1;600
3217339;MA;2;1;0;0;0;0;;;;;;
1953772;PA;;;1;1;1;1;366.5;0;325.9;384.4;1;420
2600910;SP;;;1;1;1;1;394.2;545.3;544.4;405.1;1;660
2405232;PE;;;1;1;1;1;645.9;616.3;609.2;769.1;1;920
2023277;SP;;;1;1;1;1;549.2;541.6;584.8;460.8;1;740
2269996;RO;;;1;1;1;1;419.8;363.8;490.5;475.4;1;740
2152787;MG;1;1;1;1;1;1;607.2;591.4;623.3;781.3;1;820
1040989;ES;;;1;1;1;1;548.6;516;575.6;506.8;1;820
2508875;SP;2;1;1;1;1;1;404.7;388.5;588.8;479;1;800
2284133;PA;;;1;1;1;1;419.2;380;467.2;431.3;4;0
105487;RJ;;;1;1;1;1;488.1;597.4;617.5;634.3;1;840
474604;MG;2;1;0;0;0;0;;;;;;
2237473;SC;;;0;0;0;0;;;;;;
3077428;PI;2;1;1;1;1;1;451.4;502.8;529.4;467.7;1;780
548328;PA;;;1;1;1;1;504.7;516.2;535;653.4;1;640
3378407;PA;;;1;1;1;1;435.3;463.7;472.3;427.5;1;800
3452539;GO;;;1;1;1;1;577.4;647.3;580.5;638.1;1;640
2048170;PA;4;1;1;1;1;1;393.4;435.4;426.1;547.5;1;360
757103;RS;4;1;1;1;1;1;564.4;576;560.6;619.3;1;800
1102803;CE;;;1;1;1;1;444.3;319.5;460.8;416.5;1;640
1266931;PE;2;1;1;1;1;1;431.8;362.4;391.2;424.3;1;600
2592706;MG;;;1;1;1;1;460.7;432.9;515.9;589.4;1;760
2379225;PE;;;1;1;1;1;422.9;383.8;439.1;389.5;1;560
366957;MA;2;1;0;2;2;0;;;;;;
123919;CE;;;1;1;1;1;391.7;514.8;512.2;548.4;1;500
238193;AP;;;1;1;1;1;446.8;512.6;517.5;450.2;1;360
1104876;MA;;;1;1;1;1;569.7;621.8;616;698;1;940
1487910;PI;;;1;1;1;1;490.3;507.9;560.2;484.1;1;780
2188781;RN;;;0;0;0;0;;;;;;
686925;TO;2;2;1;1;1;1;408.3;365;355.4;455.6;1;360
3189235;SP;2;1;0;0;0;0;;;;;;
2750153;MG;;;1;1;1;1;521.4;570.5;599.6;451.6;1;540
4024591;SP;;;0;0;0;0;;;;;;
1627162;SC;;;1;1;1;1;571;437;551.6;502.5;1;500
1164392;PB;2;1;1;1;1;1;387.5;560;517.3;504.3;1;820
4237925;RS;;;0;0;0;0;;;;;;
47801;PB;;;0;0;0;0;;;;;;
478922;AP;4;1;1;1;1;1;538.7;600.4;557.5;542.3;1;880
1329321;PI;2;1;1;1;1;1;580.9;574.8;529.7;467.8;1;740
3244281;AP;;;1;1;1;1;410.9;472.8;450.5;436.8;1;640
3651159;PB;;;0;0;0;0;;;;;;
490642;RJ;2;1;1;1;1;1;467.1;526;570.6;460.2;1;760
4630;TO;;;1;1;1;1;484.2;540.4;534.3;473.4;1;780
1622891;SP;4;1;1;1;1;1;604;661.7;602.2;687.6;1;800
3156368;PE;;;0;0;0;0;;;;;;
3058845;MG;;;1;1;1;1;535.4;597;544.5;661.3;1;780
2924929;PB;;;0;0;0;0;;;;;;
1107809;BA;;;0;1;1;0;;513.1;544.1;;6;0
1028352;PE;;;1;1;1;1;428.8;544.3;563.4;376.4;1;520
3556959;SP;;;1;1;1;1;465.1;364;542;531.8;1;580
2297423;RN;;;0;0;0;0;;;;;;
3874939;CE;1;1;1;1;1;1;393.7;509.3;533;565;1;840
3793396;PB;;;0;1;1;0;;457.3;420.5;;1;400
403250;SP;;;1;1;1;1;424.3;506.1;517.7;440.6;1;360
346709;GO;;;1;1;1;1;404;557.6;592.6;588.3;1;780
1987444;PA;;;1;1;1;1;395.3;514.1;415.4;376.5;1;400
4170676;RS;;;1;1;1;1;497.9;521.2;552.8;424.7;1;540
1641833;CE;;;0;0;0;0;;;;;;
225876;PR;2;1;1;1;1;1;395.3;540;514.1;529.5;1;620
2799451;MA;;;1;1;1;1;495.9;440.7;489.4;391.4;4;0
251703;PA;;;0;0;0;0;;;;;;
719442;PA;2;1;1;1;1;1;544.4;578;617.4;581.7;1;940
3619927;RJ;4;1;1;1;1;1;482.2;529.3;515.7;558.3;1;700
1231498;RJ;;;1;1;1;1;480.2;494.9;544.1;444.1;1;780
3920189;MA;2;1;1;1;1;1;372.7;284.5;456.9;471;1;900
2137192;SP;;;1;1;1;1;556.9;528.3;519;551.5;1;540
1995383;BA;2;2;1;1;1;1;574.1;569.6;479.4;663.7;1;720
1366539;MG;2;1;0;0;0;0;;;;;;
2164773;RS;;;0;0;0;0;;;;;;
2421535;DF;2;1;1;1;1;1;493.9;409;525.6;419;1;620
1498699;PB;4;1;1;1;1;1;686.3;732.7;708.1;760.8;1;880
1115756;SP;;;0;0;0;0;;;;;;
2533928;GO;4;1;1;1;1;1;449.8;519.7;508.7;390.4;1;740
900896;MG;2;1;1;1;1;1;480.7;524.3;583.8;415.8;1;600
397822;RJ;;;1;1;1;1;360.5;421.9;489.9;381.3;1;520
1436445;MG;4;1;1;1;1;1;584.3;530.9;494.9;638.7;1;740
4031003;PA;2;1;1;1;1;1;439.5;510.9;534.9;508.9;1;680
3351511;SP;2;1;0;0;0;0;;;;;;
1173369;CE;;;0;0;0;0;;;;;;
263205;PB;;;1;1;1;1;423.6;465.6;469.8;395.4;1;600
3926298;SE;;;0;0;0;0;;;;;;
1480855;PA;;;1;1;1;1;535.6;487.8;496.9;546.7;1;640
2620253;SC;;;0;1;1;0;;410.8;458.2;;4;0
3205101;PR;;;1;1;1;1;490.1;505.9;568.9;662.9;1;580
1320159;SP;2;1;0;0;0;0;;;;;;
1803637;SP;4;1;1;1;1;1;682.7;688.4;651.7;850.2;1;820
3728109;MG;;;0;0;0;0;;;;;;
2223235;ES;;;1;1;1;1;367;492.2;439;572.3;1;800
3049443;SP;2;1;1;1;1;1;566.9;581.6;587.1;629.1;1;620
4038883;DF;;;1;1;1;1;549.8;427.2;535.5;414.5;1;380
703964;PA;2;1;1;1;1;1;488;431.8;465.4;381.2;1;700
1246191;RO;;;1;1;1;1;427.2;384.7;416.5;378.6;1;400
1488152;AC;;;1;1;1;1;462.3;529;563.6;409.2;1;620
3915656;PA;;;0;1;1;0;;609;505.7;;1;540
3096188;PE;;;1;1;1;1;673.7;660.6;649.4;715.9;1;880
2808638;SE;;;1;1;1;1;494.5;611.5;593;539.2;1;580
1226650;CE;;;0;0;0;0;;;;;;
25473;BA;2;1;1;1;1;1;408.5;488.1;471.7;413;1;680
3392563;RJ;;;0;0;0;0;;;;;;
186420;DF;4;1;1;1;1;1;632.8;768.7;633;769.3;1;920
3377736;MG;2;1;1;1;1;1;376.6;336.3;505;457.3;3;0
2714018;ES;4;1;1;1;1;1;660.2;615;563.7;662.2;1;660
1905051;RS;;;1;1;1;1;576.4;492.5;510.6;565.7;1;740
2382073;SP;;;1;1;1;1;427.1;573.7;544.9;402.7;1;520
4204301;RS;2;1;0;1;1;0;;492.9;503.6;;4;0
1381196;PA;;;1;1;1;1;439.1;384.5;446;429.2;1;520
3548370;SP;;;0;0;0;0;;;;;;
1202883;DF;2;1;1;1;1;1;367.3;420.2;511.3;467;1;540
2980954;MA;;;1;1;1;1;539.6;601.5;602.1;530.7;1;840
2389593;MA;;;1;1;1;1;447.3;501.9;514.8;462.1;1;580
690754;RS;;;0;0;0;0;;;;;;
3541823;AM;2;1;1;1;1;1;505.2;413.8;522.3;392.3;1;600
3725943;MG;;;1;1;1;1;571.7;585.1;556.3;508.7;1;820
1656100;MG;;;1;2;2;1;450.9;;;524.3;;
2735877;SP;;;1;1;1;1;567.1;630.2;642;739.9;1;900
856191;SP;;;1;1;1;1;548.2;472.5;479.7;566.2;1;560
802314;SP;2;1;1;1;1;1;393.5;557.8;536.9;496.6;1;440
2055998;PI;;;1;1;1;1;482.5;480.5;511.3;470.2;3;0
2144394;PB;;;1;1;1;1;534.4;535.2;532.2;472.5;1;440
830668;RS;2;1;1;1;1;1;547.1;552.8;580.4;597.6;1;620
2559514;MG;;;1;1;1;1;605.1;678;597.6;703.8;1;880
91851;GO;2;1;1;1;1;1;506.9;441;466.5;389.2;1;440
2001215;RS;;;0;1;1;0;;478.7;508.7;;1;480
3688308;RS;4;1;0;1;1;0;;513.9;551.5;;1;720
1074822;CE;;;1;1;1;1;554.2;565.4;556.5;602.4;1;660
2101188;SP;4;1;1;1;1;1;607;459.9;582;770.1;1;740
3494312;SP;;;1;1;1;1;422.7;603.6;574.5;590.5;1;660
3495021;DF;4;1;1;1;1;1;496.9;302.2;467.4;484.9;1;480
1794165;PA;;;1;1;1;1;586.9;556.2;550.6;703.2;1;820
3923281;SP;;;1;1;1;1;545.1;532.8;439;398.1;1;700
2098636;ES;;;1;1;1;1;477.4;325.9;520.7;545.4;1;600
1675350;RS;;;0;1;1;0;;497.8;389.8;;1;380
3530572;MG;2;1;1;1;1;1;364.6;406.5;475;459.7;1;720
3129988;SP;2;1;1;1;1;1;506.6;599.4;587.8;572;1;680
487356;SP;;;1;1;1;1;492.1;436.3;352.9;424;1;400
4094220;DF;;;1;1;1;1;645.9;632.4;578;702.3;1;720
393199;RJ;2;1;1;1;1;1;499.7;477.8;511.8;460.3;1;760
4022995;SP;;;0;0;0;0;;;;;;
1784444;RS;;;1;1;1;1;573.5;605.2;599.5;660.2;1;760
3131734;MG;;;1;1;1;1;658.8;701.9;651.4;719.3;1;780
338370;SP;2;1;1;1;1;1;473.9;513.8;523.6;420.6;1;680
2477468;CE;2;1;1;1;1;1;470.2;456.3;508;453;1;520
1394481;RS;;;1;1;1;1;488.7;551.8;538.3;556.7;1;600
1344218;CE;2;1;0;0;0;0;;;;;;
2329230;SP;;;0;0;0;0;;;;;;
1499727;SP;;;1;1;1;1;613.1;576.7;623.7;570.1;1;780
3475204;MG;;;1;1;1;1;394.6;454.5;473.5;455.1;1;640
3692918;MS;;;1;1;1;1;518.3;529;527.4;439.7;1;800
2025258;RO;;;0;0;0;0;;;;;;
3486694;MS;;;1;1;1;1;424.6;483.8;513.6;468.5;1;600
606651;PA;;;0;0;0;0;;;;;;
2936373;MG;;;0;0;0;0;;;;;;
4224900;MG;1;2;1;1;1;1;552.2;389.7;542.3;445.1;1;800
3271113;SP;;;1;1;1;1;495.2;523.4;591.8;586.1;1;580
2985052;PA;2;1;1;1;1;1;448;459.3;459.4;461.4;1;680
3396426;MG;4;1;1;1;1;1;625.6;637.4;566.6;631.7;1;940
1633020;CE;;;1;1;1;1;374.8;386.1;524.5;438.9;1;640
2457388;PR;2;1;1;1;1;1;521.5;618.6;572.8;559.8;1;720
4000038;SP;;;1;1;1;1;348.4;484.3;491.5;414.3;1;520
1977423;PA;2;1;1;1;1;1;433.4;448.5;452.4;411.8;4;0
2372431;SP;;;1;1;1;1;461.9;499.5;435.9;384.5;1;400
2373728;SE;;;1;1;1;1;520.4;572.4;568.3;508.4;1;500
3189875;RS;;;0;0;0;0;;;;;;
3769267;RS;;;0;0;0;0;;;;;;
2003536;CE;2;1;1;1;1;1;451.7;401.2;353.1;391.5;1;160
3196235;SP;;;1;1;1;1;546;547.9;550.8;450;1;520
928400;PI;1;1;0;0;0;0;;;;;;
2619958;SP;;;1;1;1;1;528;549;593.9;547.6;1;820
2251175;PB;;;1;1;1;1;491;395.4;569.3;619.8;1;600
2998474;SE;;;0;0;0;0;;;;;;
75972;SP;;;1;1;1;1;461.9;583.5;584.7;457.2;1;700
3801521;RS;;;1;1;1;1;490.1;354.2;540.4;475.5;1;480
458174;SC;;;1;1;1;1;566.1;618.9;582.6;702.3;1;740
636459;SE;;;1;1;1;1;445;379;415.8;434.1;1;480
240108;PI;2;1;1;1;1;1;417.8;448.8;427.8;390.8;1;560
610531;SE;;;1;1;1;1;413.1;468.7;475.5;568;8;0
518965;RS;;;0;0;0;0;;;;;;
1032763;PA;;;0;1;1;0;;431.5;459.6;;1;360
3058197;GO;4;1;1;1;1;1;631.9;637.9;604.8;798.5;1;940
1721123;MG;;;0;1;1;0;;0;0;;4;0
3485389;CE;;;1;1;1;1;460;494.4;472.3;482.8;1;820
2919553;DF;;;1;1;1;1;442.7;571.1;542.5;486.2;1;860
1063690;BA;;;1;1;1;1;460.1;553.4;578.8;504.5;1;760
2184653;MG;2;1;0;0;0;0;;;;;;
2043507;PE;2;2;1;1;1;1;401.5;446.8;448.9;439.1;1;580
2374546;RS;;;1;1;1;1;560.7;623;591.8;630.5;1;660
867797;SP;2;1;1;1;1;1;556.9;555.5;558.5;635.9;1;820
585612;PA;;;0;0;0;0;;;;;;
3151653;MG;;;1;1;1;1;464.9;425.9;465.4;500.5;1;660
1237710;MA;;;1;1;1;1;364.1;290.4;489.2;426;6;0
3745286;RJ;;;1;1;1;1;586.3;581.9;556;572.2;1;560
3665517;SP;2;1;1;1;1;1;544.7;593.4;601.2;616.9;1;720
1189010;PA;;;1;1;1;1;465.4;467;499;487.6;1;640
3667588;SC;;;1;1;1;1;506.2;527.2;542.2;465.7;1;500
3223849;SP;;;0;0;0;0;;;;;;
1894382;MG;;;1;1;1;1;486.4;529.7;577;529.5;1;640
3006304;SP;;;0;0;0;0;;;;;;
3744673;RJ;;;1;1;1;1;415.1;502.4;446.2;492.6;1;560
4255083;PI;;;0;0;0;0;;;;;;
1114757;RS;;;0;1;1;0;;560.3;443.4;;1;540
2354460;BA;;;1;1;1;1;521.2;574.5;560.3;676.6;1;440
3179175;SP;4;1;1;1;1;1;426.3;422.4;530.4;427.1;1;520
1583383;SP;;;0;0;0;0;;;;;;
3968012;RN;;;1;1;1;1;422;415.9;487.2;478.3;1;440
1523568;RS;2;1;1;1;1;1;536.8;391.4;543.3;387.1;1;520
3969557;PE;;;1;1;1;1;415.5;557.1;545.1;423.7;1;660
2793331;MS;4;1;1;1;1;1;442.1;435.1;536.3;719.4;1;720
3724067;SP;;;1;1;1;1;636.7;635.3;622.6;762.4;1;880
1376325;PE;;;0;1;1;0;;470.6;521.6;;1;560
2345820;RJ;;;0;0;0;0;;;;;;
4314691;RS;;;0;1;1;0;;606.1;584.5;;1;760
1644725;MG;;;1;1;1;1;523.2;586.3;555.4;710.1;1;860
701073;SP;2;1;1;1;1;1;413.2;367.6;515.5;436.7;1;600
1346539;RJ;;;1;1;1;1;551;567.3;588.4;692.9;1;680
2301757;PB;;;1;1;1;1;580.5;626.1;609.5;668;1;860
564397;RJ;;;0;0;0;0;;;;;;
185498;SP;;;1;1;1;1;474.5;486.5;488.8;408;1;460
3124986;PA;;;1;1;1;1;433.8;562.9;553.1;389.9;1;300
3808985;AM;;;0;0;0;0;;;;;;
2034692;MG;;;1;1;1;1;586.8;639.4;592.8;635.8;1;900
2597010;PB;;;1;1;1;1;590.2;583.9;519.9;582.2;1;900
581342;MA;2;1;0;0;0;0;;;;;;
506076;CE;2;1;1;1;1;1;535.4;503;523.5;456.7;1;580
538307;MT;2;1;1;1;1;1;480.1;512.7;573.1;668.6;1;840
2860397;MS;2;1;0;0;0;0;;;;;;
2108401;PR;;;1;1;1;1;424.9;438.3;446.3;405.8;1;460
1392730;CE;;;1;1;1;1;555.4;486;519.8;637.5;1;620
3105340;PB;;;1;1;1;1;362.3;376.4;442.4;578.3;1;360
1251297;PR;2;1;1;1;1;1;604.8;576.6;554;723.1;1;640
2809776;SP;;;1;1;1;1;526.1;573.4;582.5;657.3;1;680
447836;PE;;;0;0;0;0;;;;;;
4231484;MG;;;1;1;1;1;583.7;537.5;584.7;479.8;1;600
3199649;RS;;;1;1;1;1;638.8;666.7;680.3;789.1;1;920
3504459;AC;2;1;0;0;0;0;;;;;;
1994601;GO;;;1;1;1;1;553.4;608.9;518.4;679.8;1;880
3396593;RJ;;;1;1;1;1;507.6;527.3;549.1;500.9;1;640
3705896;SP;2;1;0;1;1;0;;480.1;541.7;;1;340
2645482;SP;;;1;1;1;1;556.9;604.3;640.4;571.1;1;780
3580599;CE;;;0;0;0;0;;;;;;
1584553;SC;2;1;1;1;1;1;540.6;523.1;563.2;519.1;1;640
2502180;MG;;;1;1;1;1;559;579.2;605.2;613.6;1;860
1351503;CE;2;1;1;1;1;1;362.1;463.9;525.7;493.7;1;520
2464561;AM;2;1;1;1;1;1;386;389.5;492.1;406.1;6;0
1876298;ES;;;0;0;0;0;;;;;;
3389793;RO;2;1;0;0;0;0;;;;;;
1033899;SP;2;1;1;1;1;1;554.1;475;484.5;608.8;1;920
580238;SP;;;1;1;1;1;510.2;608.3;611.9;693.5;1;600
3923356;BA;2;1;1;1;1;1;360.6;440.5;457.4;392.2;1;480
683921;AL;;;1;1;1;1;546.1;525.7;493;487.5;1;640
418783;PA;;;0;0;0;0;;;;;;
3033077;PA;;;0;0;0;0;;;;;;
3875288;MG;;;1;1;1;1;504.7;415.6;498.1;487.9;1;560
3603797;BA;;;0;1;1;0;;386.2;333.9;;1;820
3977064;MT;2;1;0;0;0;0;;;;;;
2488550;BA;2;1;1;1;1;1;386.7;426.4;443.8;453.4;1;580
226494;PI;;;0;0;0;0;;;;;;
2133693;PE;;;1;1;1;1;423;472.1;517.3;519.5;1;600
2429384;BA;2;1;0;1;1;0;;368;459.8;;6;0
242371;MT;4;1;1;1;1;1;642.8;591;637.3;694.6;1;920
2062590;MG;;;0;0;0;0;;;;;;
2704029;ES;2;1;1;1;1;1;581.2;631.9;586.2;644.3;1;820
259023;PE;;;1;1;1;1;378.4;479.7;504.9;396;1;800
317095;SP;2;1;1;1;1;1;516.9;456.4;422.4;474.7;1;580
4031049;AM;;;0;0;0;0;;;;;;
137766;PA;;;0;0;0;0;;;;;;
3145697;PR;;;1;1;1;1;432.7;380;475.8;447.9;1;520
1353143;AM;;;0;0;0;0;;;;;;
2833275;PE;;;1;1;1;1;455.8;574.8;522.5;543.7;1;680
2136119;RS;;;1;1;1;1;446.8;356.3;381.9;412.3;1;500
1324719;PI;;;1;1;1;1;487.9;565.2;605.5;594.7;1;880
3425041;PE;;;0;0;0;0;;;;;;
3517865;TO;2;1;1;1;1;1;422.7;303.7;423.7;408.5;3;0
825158;AP;2;1;0;0;0;0;;;;;;
4002086;PR;;;0;0;0;0;;;;;;
3385760;PI;;;0;0;0;0;;;;;;
1465888;SP;;;1;1;1;1;451.1;401.7;469.6;460.2;1;660
3100385;BA;2;1;1;1;1;1;463.4;464.6;454.2;409.9;1;540
650021;BA;2;1;1;1;1;1;538.9;494.4;483.5;434;1;780
2120894;DF;;;1;1;1;1;368.5;552;501.3;396.3;1;540
3193892;PB;;;1;1;1;1;423.3;529.5;538.6;373.9;1;720
2915672;RN;;;1;1;1;1;592;559.2;542.2;563.4;1;820
2514308;SE;4;1;1;1;1;1;527.6;603.3;603.2;604.9;1;900
3053239;RJ;4;1;1;1;1;1;348.6;437.3;539.5;415.1;1;480
4067437;GO;;;0;0;0;0;;;;;;
859488;RJ;2;1;0;0;0;0;;;;;;
871799;TO;;;2;1;1;2;;313.9;554.7;;1;480
3763541;AM;2;1;0;0;0;0;;;;;;
367846;SP;4;1;1;1;1;1;580.8;654.5;645.8;675.7;1;800
2337045;MA;;;1;1;1;1;583;581.8;580.7;614.2;1;840
3634930;MG;;;0;0;0;0;;;;;;
26506;SP;;;0;0;0;0;;;;;;
1908452;AL;;;1;1;1;1;619.3;608.5;557.7;586;1;580
4196041;RS;;;0;0;0;0;;;;;;
2830432;RJ;4;1;1;1;1;1;390.5;475.4;439.2;520.1;1;700
2070790;SP;;;1;1;1;1;502.9;541;548.4;540.9;1;700
1529532;PA;;;0;0;0;0;;;;;;
944810;PA;4;1;1;1;1;1;475.5;530.4;555;491.7;1;660
2433501;GO;;;1;1;1;1;460.6;448.7;444.9;457.9;1;540
1473573;AM;;;0;0;0;0;;;;;;
282025;RN;;;1;1;1;1;378.8;449.5;504.7;404.6;1;800
4116286;RS;;;1;1;1;1;408.2;533.8;528.4;452.9;1;640
103436;CE;;;0;0;0;0;;;;;;
3296336;SE;;;1;1;1;1;419.8;477;499;393.3;1;640
3375549;ES;2;1;1;1;1;1;455.8;485.7;523.5;446.7;1;580
4079143;GO;;;1;1;1;1;539.8;619.2;582.6;401.5;1;620
948205;BA;;;1;1;1;1;432;433.1;501;456.1;1;320
2258529;AP;;;1;1;1;1;580.5;651.3;599.5;671.9;1;960
2034151;MA;1;1;1;1;1;1;584;571.4;568.3;675.7;1;580
3772579;SC;;;0;1;1;0;;517.9;529.1;;4;0
1137529;MT;;;1;1;1;1;523.4;556.9;512.5;395.3;1;580
2662202;SP;2;1;1;1;1;1;472.6;556.4;517.3;523.5;1;820
4085891;AC;;;1;1;1;1;548;580;581.7;530.3;1;880
2277693;PE;;;0;0;0;0;;;;;;
2108436;PE;;;1;1;1;1;430.4;590.4;573.2;474.6;1;920
3958757;RS;;;1;1;1;1;609.1;611.2;586.9;730;4;0
2330084;SP;;;1;1;1;1;500.9;516.3;482.9;412.1;1;600
1147525;PA;;;0;1;1;0;;421.8;493.6;;6;0
3826631;SP;;;1;1;1;1;581.5;566;575.3;681.4;1;700
2733953;PA;;;1;1;1;1;487.7;334.3;501.8;524.9;1;580
465433;PB;;;1;1;1;1;485.7;460.2;516.3;606;1;720
3056717;SP;;;1;1;1;1;634.4;581.4;606.7;714.4;1;760
2549261;PE;;;1;1;1;1;379.1;475.2;476.5;448;1;800
2326729;RJ;;;1;1;1;1;507;568.3;556.1;627.3;1;860
1700431;CE;2;1;1;1;1;1;525.6;568.5;593.2;632.3;1;640
1069681;MG;;;0;0;0;0;;;;;;
665899;PB;1;1;1;1;1;1;570.1;584.8;573.4;670.2;1;840
2157213;BA;2;1;1;1;1;1;420.9;419.4;405.3;382.7;1;520
2268926;MG;4;1;1;1;1;1;544.6;466.8;527.5;629.6;1;700
649048;PR;2;1;1;1;1;1;463.6;463.7;495.9;502.4;1;720
569456;SP;;;0;0;0;0;;;;;;
4318342;RS;2;1;0;0;0;0;;;;;;
678083;MA;;;0;0;0;0;;;;;;
352177;PB;;;1;1;1;1;385.4;353.4;350.7;470.6;1;300
436213;CE;2;1;1;1;1;1;444;400.6;424.6;417.4;1;260
288696;AL;2;1;1;1;1;1;542.5;419.5;415.9;415.4;1;400
2036955;CE;;;1;1;1;1;536.8;493.7;513.7;477.9;1;800
621840;MG;;;1;1;1;1;653.2;710.3;655.8;672;1;720
3063109;GO;;;1;1;1;1;584.2;633.2;632.7;773.3;1;780
561762;MG;;;1;1;1;1;406.8;443.4;344.1;411.5;1;280
2765963;RJ;;;1;1;1;1;573.3;397.6;513.2;422.5;1;680
3060137;SP;2;1;0;1;1;0;;349;326.6;;1;500
728943;AL;;;1;1;1;1;468.6;556.2;532.6;552.5;1;680
1440709;GO;2;1;1;1;1;1;459.6;355.1;402.8;388.9;1;480
888897;AM;2;1;1;1;1;1;376.6;432;489.7;452.1;1;600
63293;PE;;;0;1;1;0;;529.5;550;;1;520
1378776;SP;2;1;0;0;0;0;;;;;;
2625298;SP;4;1;1;1;1;1;617;591.9;494.7;643.9;1;820
2895653;DF;;;1;1;1;1;367.2;572.9;592.2;535.8;1;620
3138462;CE;;;1;1;1;1;388.2;381.4;590.8;687.4;1;680
4150860;SP;;;1;0;0;1;552.2;;;437.8;;
1632805;MG;;;1;1;1;1;553;596.4;616;653.6;1;860
469020;SP;;;1;1;1;1;505.5;528.1;557.6;441.4;1;560
3162956;PI;;;1;1;1;1;383.9;412.2;436.8;469.7;1;640
2039608;GO;2;1;1;1;1;1;440.1;500;551.9;374.7;1;680
1320895;AM;;;1;1;1;1;359.9;397.1;409.4;394;1;360
165830;PI;;;0;0;0;0;;;;;;
3656116;GO;2;1;0;0;0;0;;;;;;
1368453;PB;4;1;1;1;1;1;571.6;553.5;563.4;568.1;1;760
1974883;BA;;;1;1;1;1;461.9;512.1;517.4;457.9;1;560
1381899;BA;;;1;1;1;1;501.6;553.8;535.8;510.7;1;660
1083667;MA;2;1;0;0;0;0;;;;;;
998642;BA;;;1;1;1;1;459.4;455.9;466.4;465.5;1;560
1129376;PB;;;0;0;0;0;;;;;;
1569359;MG;2;1;1;1;1;1;385.1;504.7;468.1;425.5;1;440
1831404;BA;2;1;1;1;1;1;513.1;543.3;447.6;558.3;1;680
3509358;SE;;;0;0;0;0;;;;;;
2378065;RN;;;1;1;1;1;638.9;640;599;497.1;1;880
2741358;CE;;;1;1;1;1;352.1;418.6;369.3;464.4;1;540
1659276;PA;;;1;1;1;1;399;517.2;482;392.4;1;500
4098959;CE;;;0;0;0;0;;;;;;
1157798;CE;4;1;1;1;1;1;559.3;597.7;603.1;659.4;1;900
4226296;MG;;;1;1;1;1;458;469.2;523.4;666.8;1;540
2657951;RN;;;1;1;1;1;473.1;554.5;537.6;490.9;1;500
3771017;RJ;;;0;0;0;0;;;;;;
1878915;SP;;;1;1;1;1;617.6;636.2;559.5;618.3;1;840
139366;SE;2;1;1;1;1;1;442.1;494.4;511.2;568.3;1;660
3895855;CE;;;1;1;1;1;443.9;522;488.7;492.1;1;560
144901;SC;4;1;1;1;1;1;484.2;553.3;547.1;719.4;1;900
3635664;MT;2;2;0;0;0;0;;;;;;
2210726;PE;2;1;1;1;1;1;493.2;555.3;554.6;531;1;580
345391;BA;;;1;1;1;1;431.5;344.1;524.7;396.2;1;680
1587508;PA;;;1;1;1;1;443.3;397.7;424;431.9;1;640
3677467;SE;;;0;0;0;0;;;;;;
3062326;PI;;;1;1;1;1;422.6;526.6;575.7;516.3;1;740
2384840;MG;2;1;1;1;1;1;552;451.5;504.2;481.8;1;500
1142327;DF;2;1;1;1;1;1;399.6;563.3;553.7;422.6;1;680
3050696;PA;2;2;1;1;1;1;486.4;406.5;342.7;476.4;6;0
709966;RS;2;1;1;1;1;1;569.4;506.9;628;648;1;760
3956403;PE;;;1;1;1;1;491.3;439.9;521.2;459.8;1;720
3591105;RS;;;0;1;1;0;;556.2;608;;4;0
3585164;PB;;;0;0;0;0;;;;;;
4185483;MG;;;0;0;0;0;;;;;;
3933191;AM;;;1;1;1;1;587;562.9;398;685.3;1;580
4281626;MG;2;1;0;0;0;0;;;;;;
2828071;SP;4;1;1;1;1;1;683;672.9;642.6;795.9;1;920
1339338;RO;1;1;1;1;1;1;503.7;365.1;492.2;448.2;1;740
344781;SE;2;1;1;1;1;1;466.7;369.5;369.9;435.2;1;580
4255697;RS;2;1;1;1;1;1;369.3;425.6;464.9;403.2;1;440
3572373;MA;;;1;1;1;1;503.4;350.1;580.6;657.8;1;600
4128440;MT;;;1;1;1;1;527.7;577.9;599.9;615.6;1;660
3429206;MA;;;1;1;1;1;518.3;481.4;470.9;463.3;1;540
4168564;TO;2;1;0;0;0;0;;;;;;
381511;MG;2;1;1;1;1;1;473.4;561.3;565.7;488.2;1;720
497522;RS;;;0;0;0;0;;;;;;
1919814;RJ;;;1;1;1;1;374.2;396.7;490.4;494.7;1;380
1025106;AL;;;0;1;1;0;;519;547.9;;1;800
1798225;SP;;;1;1;1;1;542.3;571.1;550.1;490.7;1;600
1357152;RJ;;;1;1;1;1;479.9;550.5;544.7;582.7;1;640
3761057;MG;;;1;1;1;1;496.7;485;485.8;447.8;1;600
4260498;MT;2;1;0;0;0;0;;;;;;
1357773;RJ;4;1;1;1;1;1;568.4;556.6;577;658.8;1;820
3006105;MA;4;1;1;1;1;1;481.4;536.7;606.3;618;1;740
2486931;RN;1;1;0;1;1;0;;431.9;573;;4;0
1517157;RS;;;1;1;1;1;559.4;577.3;577.6;578.6;1;760
502171;MA;;;1;1;1;1;413.5;523;409.6;459.8;1;600
1701642;CE;;;1;1;1;1;420.2;533.8;402.8;442.2;1;160
575114;PI;;;0;0;0;0;;;;;;
2818250;RN;;;1;1;1;1;450.6;397.3;423.9;474.6;1;600
2492008;MG;2;1;1;1;1;1;412.6;377;434.5;403;1;440
1513167;CE;;;1;1;1;1;596.9;604.9;600.6;674.2;1;940
3505447;BA;;;0;0;0;0;;;;;;
2833058;PA;;;1;1;1;1;377.3;557.7;503.8;423.6;1;380
2655835;SP;;;0;0;0;0;;;;;;
3264344;PA;;;1;1;1;1;500.7;511.6;473.1;532.2;1;440
2346844;CE;;;0;0;0;0;;;;;;
2280202;SC;;;1;1;1;1;620.7;616.3;573.8;651.5;1;780
2744987;SP;;;1;1;1;1;439.3;495.3;546.5;459;1;540
1490288;PB;;;1;1;1;1;562.9;645.9;617.7;653.2;1;680
4231108;RS;;;0;0;0;0;;;;;;
351507;BA;4;1;1;1;1;1;431.5;466.3;456.2;593.2;1;860
1566551;PB;;;1;1;1;1;406.5;533.6;586.5;531.3;1;840
2575180;SP;;;1;1;1;1;677.7;621.5;627.2;813.1;1;820
3177222;PI;;;0;0;0;0;;;;;;
2917999;RJ;2;1;0;0;0;0;;;;;;
3713640;PA;;;1;1;1;1;486;540.2;530.7;389.6;1;660
4133319;RS;;;0;0;0;0;;;;;;
124814;RS;2;1;1;1;1;1;464.6;523.3;507;576.2;1;760
1010193;AM;2;1;0;0;0;0;;;;;;
1083260;RJ;2;1;1;1;1;1;392.2;311.5;470.1;421;6;0
2559290;SP;;;1;1;1;1;669.9;672.7;650.1;827.6;1;860
4197508;MG;;;1;1;1;1;573.9;560.5;594.5;456.9;1;640
615328;GO;4;1;1;1;1;1;512.1;552.6;568;522;1;860
921009;SE;2;1;1;1;1;1;396.7;410.3;471.7;388.9;1;660
2824940;SP;2;1;1;1;1;1;419.8;571.9;550.8;497.1;4;0
1712324;SP;2;1;0;0;0;0;;;;;;
1025667;RS;;;1;1;1;1;470.4;461.5;501.8;575.4;1;480
1988957;MA;;;1;1;1;1;481.4;414.1;426.9;382.3;1;620
3728810;BA;2;1;0;0;0;0;;;;;;
3505456;PR;;;0;0;0;0;;;;;;
1677075;MA;2;1;0;1;1;0;;351;335.7;;6;0
124347;RN;2;1;1;1;1;1;434.5;451.1;508.2;484.9;1;420
2699126;AL;;;0;0;0;0;;;;;;
3588504;PR;2;1;1;1;1;1;549.6;557;605.6;566;1;640
2354331;BA;4;1;1;1;1;1;511.2;381.5;550.1;722;1;660
3113564;SP;2;1;0;0;0;0;;;;;;
2907122;RJ;;;1;1;1;1;406.6;455.7;432.6;387.7;1;380
3665941;RJ;;;0;0;0;0;;;;;;
63209;RJ;4;1;1;1;1;1;567.1;650.9;620.7;704.1;1;900
1757242;SP;2;1;1;1;1;1;482.1;546.5;573.8;558.4;1;760
2608160;PE;;;0;0;0;0;;;;;;
2418904;CE;;;0;0;0;0;;;;;;
881270;CE;;;1;1;1;1;587.2;563.5;591.3;744;1;660
147032;SC;;;1;1;1;1;571;564.6;557.2;649.5;1;560
3233553;SP;;;1;1;1;1;558.9;619;568;662.1;1;860
4066990;TO;;;0;0;0;0;;;;;;
1942621;PB;;;1;1;1;1;466.5;437.2;554;589.8;1;540
797555;CE;;;1;1;1;1;642.9;740.8;668.8;798.4;1;920
2332745;MA;;;1;1;1;1;415.2;446.9;345.5;468.2;1;640
446153;GO;2;1;1;1;1;1;457.9;459.7;482.3;450.3;1;540
3649267;PI;;;0;0;0;0;;;;;;
2482138;MG;2;1;1;1;1;1;495;401.3;421.4;575.5;1;540
417123;MG;2;2;1;1;1;1;518.3;658.1;598.6;570.7;1;780
1686290;MA;;;1;1;1;1;388.2;413;430.3;419.1;1;520
4241289;PR;;;1;1;1;1;603.9;625.2;567.7;670;1;720
3754420;PR;2;1;1;1;1;1;590;603.5;607.8;595.9;1;740
3164607;AL;4;1;1;1;1;1;549;588;600.4;524.3;1;760
1460339;SC;;;1;1;1;1;390.2;571.3;541.4;537.8;1;820
3100349;PE;;;1;1;1;1;366;377.9;473.6;386.1;4;0
1343316;RS;2;1;1;1;1;1;548.7;579.8;588.3;685.3;1;920
333699;GO;;;1;1;1;1;438.3;569.1;601.6;484.1;1;560
1034704;CE;2;2;1;1;1;1;439.6;420.6;497;481;1;520
2060038;PE;;;1;1;1;1;434.1;469.8;442.4;383.1;4;0
934537;PB;;;1;1;1;1;595;354.3;559.2;626.8;1;840
194650;CE;;;1;1;1;1;512.5;405.9;466.7;444.7;1;400
942262;PA;4;1;1;1;1;1;478.8;553.3;565.8;658.5;1;840
3349624;SP;;;0;0;0;0;;;;;;
4285987;SP;;;0;0;0;0;;;;;;
3556673;AM;;;0;0;0;0;;;;;;
2337931;SP;2;1;1;1;1;1;479.5;447;487.5;424.3;1;540
1797658;MG;;;1;1;1;1;487.7;493.9;483.6;385.9;1;780
2948435;PI;;;1;1;1;1;361.5;419.5;398.8;412.7;6;0
2390644;SP;2;1;1;1;1;1;379.3;299.4;559.7;428.5;1;840
3601310;AM;;;0;0;0;0;;;;;;
3123924;MG;;;0;0;0;0;;;;;;
3180927;RN;;;1;1;1;1;527.4;378.7;515.9;505.8;1;520
304025;AC;;;1;1;1;1;414.1;519;453;427.7;1;580
1548155;CE;2;1;1;1;1;1;416.3;444;510.1;390.5;1;440
1358;PB;2;1;1;1;1;1;621.2;613.5;576.1;676.7;1;960
3228636;MG;2;1;0;1;1;0;;405.2;596.7;;1;720
2026994;SP;;;0;1;1;0;;451.7;538;;1;640
3775275;SP;;;0;0;0;0;;;;;;
3615598;SP;4;1;1;1;1;1;560.7;577.9;402.5;603.3;1;920
4157215;SC;;;0;0;0;0;;;;;;
2832894;PR;2;1;0;0;0;0;;;;;;
2540988;PA;;;1;1;1;1;482.2;557.5;538;431;1;720
1494617;MT;2;1;1;1;1;1;377.1;404.1;452.2;502.5;1;600
3228287;ES;;;1;1;1;1;435.2;419.7;521.7;589.8;1;620
3041111;AM;;;1;1;1;1;491.8;410.8;478.4;477.2;1;560
3542866;GO;;;1;1;1;1;662.3;668.9;668;719;1;900
1512382;CE;;;1;1;1;1;464.2;439.1;320.4;474.4;1;580
1507100;GO;4;1;1;1;1;1;562.3;552.1;514;507.1;1;620
3104663;MG;2;1;0;0;0;0;;;;;;
2242892;PR;;;0;0;0;0;;;;;;
1042165;SP;;;1;1;1;1;442.3;462.4;480.1;478.8;1;540
1868388;SP;;;1;1;1;1;522.5;540.8;542.8;662.1;1;940
2468986;AM;2;1;1;1;1;1;469.7;521.1;559.8;445.6;1;860
4275020;MG;;;0;0;0;0;;;;;;
4116018;RS;;;0;0;0;0;;;;;;
1262596;RN;2;1;1;1;1;1;499.5;563.8;583.2;590.3;1;940
1523507;RJ;;;1;1;1;1;484;460.9;502.5;394.7;1;380
908382;BA;;;0;0;0;0;;;;;;
964437;SP;2;1;0;0;0;0;;;;;;
4170915;RS;;;1;1;1;1;453.5;566.5;541.6;405.6;1;480
1339798;PA;;;1;1;1;1;392.8;436.1;531.4;576.2;1;660
3251817;RN;2;1;0;0;0;0;;;;;;
1941490;MS;2;1;1;1;1;1;389;488.3;486.6;403.3;1;520
2163197;MG;;;0;0;0;0;;;;;;
3607551;SP;2;1;1;1;1;1;444.8;415.2;441.7;467.9;1;460
2225110;BA;2;1;1;1;1;1;352.8;360.5;388.8;474.3;1;580
2968399;GO;2;1;0;0;0;0;;;;;;
662539;AM;;;1;1;1;1;375.4;468.4;511.5;468.1;1;720
3345705;RS;;;0;0;0;0;;;;;;
593707;PR;2;1;0;1;1;0;;550.5;619.7;;1;860
1270157;BA;;;1;1;1;1;407.2;402.3;373.6;386.1;1;400
678519;BA;;;1;1;1;1;511.4;574.8;545.2;703.4;1;880
3008150;BA;;;0;1;1;0;;337.1;387.5;;8;0
2985089;DF;;;1;1;1;1;597.1;538.2;646.3;604.3;1;740
2079782;SP;;;1;1;1;1;555.3;626.9;569.5;606.5;1;720
2108124;PE;2;1;1;1;1;1;645.8;669.9;590.7;706.5;1;860
3583509;AM;4;1;1;1;1;1;563.7;605.7;596.1;539.6;1;620
4114010;RS;;;1;1;1;1;486.4;598.7;565.9;411.6;1;620
2135366;PE;;;1;1;1;1;365.7;402.8;385.3;494.7;1;480
1927001;BA;;;1;1;1;1;485;547;565.1;466.9;1;860
3784994;BA;;;0;0;0;0;;;;;;
2957735;GO;2;1;0;0;0;0;;;;;;
2242764;MG;2;1;1;1;1;1;523.7;614.7;548.1;665.3;1;720
2952099;PB;;;1;1;1;1;447.6;493.5;559.3;381.7;1;480
1551496;PI;;;1;1;1;1;420.2;348.1;485.3;414.5;1;620
849393;PA;2;1;1;1;1;1;370;423.7;422.8;418;1;620
1602290;PB;2;1;1;1;1;1;499;578.1;545.3;671.8;1;640
3819209;SE;;;0;0;0;0;;;;;;
4277083;SE;;;0;0;0;0;;;;;;
1164895;SP;3;1;1;1;1;1;538.6;587.9;581;635;1;800
2679957;MG;;;1;1;1;1;383.1;456.5;497.7;408.7;1;600
2182659;MT;;;1;1;1;1;660.8;675.3;690.9;836.2;1;920
1880753;PE;2;1;1;1;1;1;440.7;461.4;495.1;410.6;1;520
2541870;BA;2;1;1;1;1;1;432.8;443.7;443;398.1;1;460
2995240;PR;2;1;1;1;1;1;615;533.4;552.8;684.7;1;860
3315905;PI;;;1;1;1;1;509.4;505;514.4;502.3;1;580
3612670;MG;;;1;1;1;1;603.1;645.8;596.9;529.6;1;600
231779;CE;2;1;1;1;1;1;555.3;555.3;553.2;566.2;1;620
1752697;SC;;;1;1;1;1;438.4;518.4;479.4;401.5;1;360
2635291;RJ;4;1;1;1;1;1;546.3;565;542;579.5;1;580
4123082;MA;;;1;1;1;1;427.6;384.7;486.4;386.7;1;420
3654142;RS;;;1;1;1;1;434.3;463.3;549.3;470;1;580
1854349;MG;2;1;1;1;1;1;526.5;551.5;569.6;578.8;1;740
1139721;CE;2;1;1;1;1;1;384.5;470.3;345.5;385.5;3;0
1282163;AL;;;1;1;1;1;402.9;373.7;390.4;409.4;1;480
3495645;SC;2;1;0;1;1;0;;399.1;472.4;;1;400
4217989;PR;;;0;0;0;0;;;;;;
836261;RJ;;;1;1;1;1;640.5;617.9;610;636.1;1;760
3900233;PR;;;1;1;1;1;370.1;456.6;414.3;402.7;1;320
2057657;MG;;;1;1;1;1;480.4;465.9;409.8;486.3;1;280
1342281;MS;;;1;1;1;1;394.6;523.6;513.2;420.1;1;680
1800039;PI;;;1;1;1;1;459.6;382.2;449.5;408.2;1;640
3563176;PB;;;1;1;1;1;452.1;374.3;404.9;421.4;7;0
470212;CE;;;1;1;1;1;527.9;574.7;563.5;654.8;1;500
2311741;RS;;;0;0;0;0;;;;;;
450266;AM;;;1;1;1;1;549.7;604.5;622.8;578.1;1;640
1390256;PE;;;1;1;1;1;448.7;513.8;507.7;435.4;1;700
4071410;BA;;;1;1;1;1;554.6;555.9;526.7;591.9;1;680
3119350;ES;;;1;1;1;1;573.1;555.7;550.5;686.9;1;800
384446;SP;;;0;0;0;0;;;;;;
3242400;GO;2;1;1;1;1;1;473.2;434.6;468;401.1;6;0
1642657;RJ;2;1;0;0;0;0;;;;;;
1584490;PE;;;1;1;1;1;721.5;603.6;610.9;871.9;1;900
132760;AL;;;1;1;1;1;449.2;434.1;421.7;578.4;1;940
2398185;SC;2;1;1;1;1;1;457.6;546.6;522.9;431.8;1;620
2625513;PB;;;1;1;1;1;411.5;474.7;511.1;420.7;1;500
1435580;MG;4;1;1;1;1;1;596.3;595.2;566.3;557.2;1;840
3005092;BA;;;0;1;1;0;;526.5;525.9;;1;560
2659196;BA;;;0;0;0;0;;;;;;
3318955;PI;2;1;1;1;1;1;453.2;461.7;508;380.7;1;600
882673;GO;2;1;1;1;1;1;399.7;441;497.2;450;1;560
454386;PB;;;0;0;0;0;;;;;;
2109721;MG;;;0;0;0;0;;;;;;
3257097;PA;;;0;0;0;0;;;;;;
1745185;PA;;;0;0;0;0;;;;;;
2483619;SP;;;0;0;0;0;;;;;;
4210740;CE;;;0;0;0;0;;;;;;
4197880;PB;;;0;0;0;0;;;;;;
3050752;SP;4;1;1;1;1;1;452.6;489.9;534.7;578.7;1;840
3930393;BA;;;1;1;1;1;543.7;584.8;625.4;553.6;1;940
1983990;MS;;;1;1;1;1;555.2;542.9;553.4;649.8;1;860
1263641;PI;;;1;1;1;1;552.9;549.1;570.8;559.2;1;780
830961;RS;;;1;1;1;1;511;536.6;547.6;424.3;1;560
1142608;RO;;;0;0;0;0;;;;;;
558891;PA;2;1;1;1;1;1;626.4;591.4;624.9;682.8;1;840
3823268;PR;;;1;1;1;1;472.8;443;519.9;441.5;1;480
1910753;MS;;;1;1;1;1;555.3;420.2;548.3;441;1;760
1699731;MA;2;1;1;1;1;1;362.7;361.8;355.8;385.4;1;480
2117059;PR;;;1;1;1;1;439.9;515.6;543.7;409;1;560
2777075;RJ;;;1;1;1;1;488.7;577.1;546.9;436;1;620
3879427;SP;;;0;1;1;0;;484.4;423.5;;1;580
2298393;PA;;;0;0;0;0;;;;;;
3294024;RS;;;0;0;0;0;;;;;;
1711037;PE;;;1;1;1;1;639.3;647.1;644.3;784.3;1;820
2339275;PI;2;1;1;1;1;1;501.2;423.8;482.2;499.2;1;580
2058432;BA;;;1;1;1;1;465.2;419.1;486.8;478.8;1;500
663720;MA;;;1;1;1;1;351.2;459;390.7;445.8;1;460
4172776;RS;2;1;1;1;1;1;479.2;492.8;532.6;406;1;480
1190890;PA;;;1;1;1;1;407;395.8;458.1;504.4;1;520
3508527;MA;;;1;1;1;1;455.2;383.2;474.7;374.2;4;0
1636577;PE;;;1;1;1;1;516.7;512.9;576.2;623.1;1;840
3674064;RJ;;;0;0;0;0;;;;;;
1569533;RJ;2;1;1;1;1;1;414.3;320.8;442.3;379.8;6;0
4020979;RS;2;1;0;1;1;0;;521.1;538.2;;1;520
975433;DF;;;1;1;1;1;491.2;546.9;504;447.2;1;360
3208351;SP;2;1;1;1;1;1;560.6;625.3;670.6;661.2;1;600
249732;SP;2;1;1;1;1;1;462.8;517.2;521.7;439.3;1;520
266034;CE;2;1;0;0;0;0;;;;;;
3164772;PE;4;1;1;1;1;1;518.1;556.1;583.4;733.9;1;920
734484;RS;;;0;0;0;0;;;;;;
1717184;GO;;;1;1;1;1;351.9;389.4;366.1;406.2;6;0
3260892;SP;4;1;1;1;1;1;497.4;439.2;468.8;552.1;1;600
1510826;PB;;;1;1;1;1;428.3;503.7;586.1;428.2;1;760
3036535;ES;;;1;1;1;1;403.3;375.1;464.9;537.3;1;760
589246;PE;2;1;1;1;1;1;405.4;478.8;496.3;424.8;1;620
2238308;AL;;;1;1;1;1;391.7;347.7;475.4;538.3;1;680
3218280;BA;;;0;0;0;0;;;;;;
1255773;GO;2;1;1;1;1;1;431.4;521.4;534;429.3;1;860
819905;PA;2;1;1;1;1;1;540.5;453.1;483.8;397.8;1;540
1861150;RS;4;1;1;1;1;1;579.1;653.9;616.8;695.5;1;940
1203046;MG;;;0;0;0;0;;;;;;
1228994;SP;;;1;1;1;1;645.1;684.7;642.4;824.6;1;740
1100505;MT;2;1;1;1;1;1;500.3;429.3;426.9;470.2;1;360
691146;PA;;;0;0;0;0;;;;;;
3987562;MG;;;1;1;1;1;477.7;582.2;583.4;563.2;1;720
2046057;SP;;;0;0;0;0;;;;;;
3836727;SP;2;1;1;1;1;1;526;554.3;569.9;469.4;1;520
2218446;RJ;;;1;1;1;1;414.5;420.2;471.6;549;1;500
690560;BA;;;0;0;0;0;;;;;;
1558073;SP;2;1;1;1;1;1;446.7;488.5;485.9;440.9;1;560
876964;BA;;;1;1;1;1;459.9;522.1;487;397.4;1;600
3402646;AP;;;1;1;1;1;492.9;494.3;555;427.8;1;900
2830238;PE;;;1;1;1;1;398;478.4;522.7;405.6;1;700
2821898;GO;;;1;1;1;1;421.5;440.4;522;439.5;1;620
1140983;MA;2;1;1;1;1;1;404.7;489.6;505.7;611.5;1;820
1979895;PE;;;1;1;1;1;422.6;472;475.2;528.5;1;640
1562013;SP;;;0;0;0;0;;;;;;
4093602;BA;;;1;1;1;1;547.9;511.5;508.1;391.6;1;600
1664378;SP;;;1;1;1;1;549.9;561.9;420.7;610.9;1;600
408898;SC;;;1;1;1;1;570.1;592.4;565.3;463.9;1;600
955273;PR;2;1;1;1;1;1;580.2;590.9;578.8;624.9;1;560
3952973;SP;;;1;1;1;1;556.1;614.6;551.1;612.7;1;680
2477049;MG;4;1;1;1;1;1;514.1;558.6;582;689.5;1;960
817286;PB;2;1;1;1;1;1;506.3;574;570.4;483.4;1;840
1844703;SP;4;1;1;1;1;1;544.3;576.4;561.6;647.1;1;580
2799075;RJ;4;1;1;1;1;1;603.4;610.3;577.9;730.1;1;660
417769;RJ;2;1;1;1;1;1;479.3;472;513.7;489.3;1;600
2199473;AL;;;1;1;1;1;428.3;490.1;497.4;449.3;1;500
442210;SP;2;1;0;0;0;0;;;;;;
3395538;BA;;;1;1;1;1;510.9;500.5;520.7;454.1;1;760
4233162;RS;;;0;0;0;0;;;;;;
3409460;BA;;;1;1;1;1;534.3;505.9;456.1;426.9;1;460
2911287;PI;;;1;1;1;1;485.8;510.8;490.4;392.1;1;520
2183514;ES;;;0;0;0;0;;;;;;
2839879;PB;;;0;0;0;0;;;;;;
1395775;BA;4;1;1;1;1;1;548;506.6;569.7;601.6;1;800
2524825;AC;;;1;1;1;1;406.9;409;454.6;378.5;1;460
2516451;BA;;;1;1;1;1;470.8;659.5;590;478.4;1;600
1300820;AM;;;1;1;1;1;508.7;478.3;520.5;527;1;620
2475899;SP;;;1;1;1;1;453.5;442.6;502.6;596.5;1;680
3078625;PR;;;1;1;1;1;561.1;575.6;591.7;632.1;1;540
508519;AL;2;1;1;1;1;1;412.4;464.9;454.7;423;2;0
495678;PA;;;1;1;1;1;582.7;618.8;592.4;564.4;1;960
256144;MA;2;1;1;1;1;1;546.3;489.1;469.5;512.9;1;880
766514;RJ;2;1;1;1;1;1;526.4;590;571.2;628.4;1;600
981420;RN;;;1;1;1;1;451;336.8;455.2;483.1;1;600
1991344;SP;;;1;1;1;1;572.8;539.9;596.2;563.9;1;620
1242468;SC;2;1;1;1;1;1;452.4;578.8;559.4;453.6;1;640
3544300;SP;2;1;1;1;1;1;451.6;551;505.2;478.4;1;660
3916084;SP;;;0;0;0;0;;;;;;
3670871;SP;;;0;0;0;0;;;;;;
3615997;MG;2;1;0;0;0;0;;;;;;
3089724;SP;;;1;1;1;1;509;513.8;491.2;373.9;1;860
2668355;SP;;;1;1;1;1;486.3;416.6;401.7;425.1;1;400
1638922;SP;2;1;1;1;1;1;450.1;506.5;538.2;391.8;1;580
3619219;RS;;;0;0;0;0;;;;;;
2940984;RJ;;;0;0;0;0;;;;;;
2590570;CE;;;0;0;0;0;;;;;;
1387228;GO;;;0;0;0;0;;;;;;
1356768;MS;;;0;0;0;0;;;;;;
2594638;AC;;;1;1;1;1;507.1;622.7;567.1;577.4;1;760
36690;PA;2;1;1;1;1;1;483.7;529.4;545.6;410.4;1;620
2177194;CE;;;0;0;0;0;;;;;;
1931771;AP;;;1;1;1;1;568.6;626.5;620.5;600;1;820
1437356;PI;;;1;1;1;1;379.2;494.6;439.7;464.4;1;660
2122387;DF;;;0;0;0;0;;;;;;
1561839;SP;2;1;1;1;1;1;466.4;525.3;536.9;421.1;1;520
229398;RJ;2;1;1;1;1;1;563.1;576.2;563.4;511.4;1;740
1246119;SP;4;1;1;1;1;1;728.6;721.3;627.6;842.9;1;800
1882329;PR;2;1;1;1;1;1;470.2;454;446.9;423.2;1;540
1556071;MG;;;1;1;1;1;482.6;452.8;548.3;556;1;760
3053246;MG;;;1;1;1;1;563;538.6;581.5;626;1;600
3717527;RJ;;;0;0;0;0;;;;;;
2357036;PB;4;1;1;1;1;1;646.8;662.9;613.8;786.6;1;940
2521543;RS;;;0;0;0;0;;;;;;
426360;MG;;;0;0;0;0;;;;;;
41205;CE;;;1;1;1;1;584.3;644.7;605;604.5;1;940
429259;CE;2;1;1;1;1;1;471.1;470.8;529.2;582.6;1;720
285300;RJ;;;1;1;1;1;506.5;446;419.4;459.2;1;500
3941841;BA;;;0;0;0;0;;;;;;
3350853;DF;2;1;0;0;0;0;;;;;;
1798461;BA;;;1;1;1;1;524.3;563.2;552.2;445.6;1;580
4050597;GO;;;1;1;1;1;408.1;353.6;382.1;531.6;6;0
2738324;GO;;;0;0;0;0;;;;;;
2374538;PA;;;1;1;1;1;345.6;407.1;515.7;373.1;1;320
4304860;PE;;;1;1;1;1;509.2;565.7;571.3;454.5;1;640
389090;SP;;;0;0;0;0;;;;;;
3297547;SC;4;1;1;1;1;1;577;619.7;571.6;682.6;1;700
2399549;CE;2;1;1;1;1;1;399;479.2;462;467.2;1;480
485253;RN;2;1;1;1;1;1;359.1;498.6;499.6;452.5;1;700
3853189;PE;;;0;0;0;0;;;;;;
1551803;DF;2;1;1;1;1;1;499.5;547.5;511.7;406.2;1;540
3189381;SP;2;1;0;0;0;0;;;;;;
1879607;AL;4;1;1;1;1;1;524.8;561.5;564.6;659.9;1;820
1088193;CE;2;1;1;1;1;1;480.5;577.1;592.1;677.3;1;800
3126038;DF;;;1;1;1;1;498.1;440.3;524.8;599.5;1;740
2095577;SE;;;1;1;1;1;388.5;443.9;439.5;407.7;1;460
109190;PE;2;1;1;1;1;1;367.1;462.4;468.6;388.7;1;460
3643192;PR;;;0;0;0;0;;;;;;
2694186;RS;;;1;1;1;1;585.3;546.8;555;531.1;1;720
3364043;MG;2;1;1;1;1;1;435.7;0;492.6;390.4;1;580
2891383;PE;;;1;1;1;1;440.2;540.4;530.7;526.1;1;620
4241705;SP;2;1;1;1;1;1;432.1;398.2;425.7;476.7;1;440
72329;AP;1;1;1;1;1;1;538.6;571.9;576.9;513.2;1;780
3549182;SC;;;1;1;1;1;509.8;484.9;515.1;456.8;1;700
2462541;SP;;;1;1;1;1;530.8;555;539.1;624.2;1;540
4319227;RS;;;0;0;0;0;;;;;;
3247099;SP;;;0;0;0;0;;;;;;
713112;SP;4;1;1;1;1;1;623.2;689.3;664.9;695.9;1;780
1090224;SP;2;1;1;1;1;1;400.7;527.3;551;404.6;1;560
2901053;RN;;;1;1;1;1;502.4;454.1;548.5;501.2;1;440
4048162;PE;2;2;0;1;1;0;;523.7;481;;1;520
1375325;RN;;;1;1;1;1;489.7;471.2;512.3;456.1;1;580
510516;PA;2;1;1;1;1;1;447.1;316.5;389.2;461.2;4;0
353824;GO;;;1;1;1;1;567.3;593;579.6;556.9;1;780
3199905;PE;;;1;1;1;1;430;385.8;507.2;481;1;500
1018689;RS;;;0;0;0;0;;;;;;
4079339;SE;;;0;1;1;0;;436.9;495.9;;1;580
3381012;CE;;;0;0;0;0;;;;;;
2388439;MG;4;1;1;1;1;1;533.9;557.6;520.7;651.1;1;740
3080571;MG;;;1;1;1;1;524.2;520.9;556.9;459.8;1;500
3239992;PA;;;1;1;1;1;521.7;546.8;516.2;438.2;1;480
87613;PE;;;1;1;1;1;478.2;561.1;559;623;1;600
2204377;MG;4;1;1;1;1;1;629.9;649.3;589;715.4;1;740
1202724;PE;;;1;1;1;1;397.1;422;382.5;444.9;1;520
767528;SC;;;1;1;1;1;506.4;566.5;575.3;619;1;580
3492779;SP;2;1;1;1;1;1;531.7;542.9;585.2;432.7;1;560
1616992;MG;;;1;1;1;1;579.4;546.4;562.9;637.6;1;860
4136463;SP;;;1;1;1;1;589.9;517.9;585.8;568.3;1;760
2098857;MG;;;1;1;1;1;473.9;526.2;555.3;390.8;1;880
4265617;BA;;;0;0;0;0;;;;;;
2196889;SP;;;0;0;0;0;;;;;;
3655743;PI;;;0;0;0;0;;;;;;
2800899;RJ;;;0;0;0;0;;;;;;
1237483;RJ;;;0;0;0;0;;;;;;
1707765;MG;4;1;1;1;1;1;468.4;523.6;535.8;581.3;1;800
1780223;MS;;;1;1;1;1;388.1;450.2;517.4;373.9;1;480
2594198;SC;;;0;0;0;0;;;;;;
4189045;MG;;;1;1;1;1;430.2;480.4;503.9;451.3;1;560
3494070;MG;2;1;0;0;0;0;;;;;;
2320166;RJ;2;1;1;1;1;1;413.2;462.1;483.2;389.3;1;520
99651;SP;4;1;1;1;1;1;529.1;588.9;566.6;405.6;1;860
251590;PE;;;1;1;1;1;427.1;344.9;489.9;441.2;1;720
3243595;AM;2;2;0;0;0;0;;;;;;
2723132;DF;;;0;0;0;0;;;;;;
3577129;SP;;;0;0;0;0;;;;;;
1102365;PA;;;0;0;0;0;;;;;;
4141202;RS;2;1;0;0;0;0;;;;;;
4170087;BA;;;1;1;1;1;396.9;300.9;323.4;396.8;1;280
1290988;SP;2;1;1;1;1;1;417.3;519;561.5;480.5;1;640
2347839;MG;4;1;1;1;1;1;634.7;635.5;590.7;727.9;1;900
3621369;MA;2;1;1;1;1;1;454.3;407.2;345.4;403.5;1;480
2650685;MA;;;1;1;1;1;462;531.4;588.2;553.7;1;640
190701;SP;;;1;1;1;1;534;556.8;574.2;596.3;1;820
916430;PA;;;1;1;1;1;477.8;468.5;515.2;522.3;1;720
2845430;PA;;;1;1;1;1;575.5;512;579.1;402.9;1;760
2684153;SP;2;1;1;1;1;1;459.7;466.2;456.4;414.7;1;560
255532;SP;;;1;1;1;1;613;661.5;604.9;682.7;1;900
291338;SC;2;1;0;0;0;0;;;;;;
185199;GO;;;0;0;0;0;;;;;;
592283;PA;2;2;1;1;1;1;475.1;445.2;392.6;490.8;1;520
3703012;PE;;;1;1;1;1;498.5;387.5;506.8;448.1;1;620
1970397;CE;;;1;1;1;1;540.1;606.7;597;594.3;1;860
3756819;MG;;;1;1;1;1;443.3;597.8;511.1;382.2;1;800
1221988;MG;;;0;0;0;0;;;;;;
516951;SP;2;1;1;1;1;1;489.5;570.9;572.5;466;1;600
3505588;MA;;;0;1;1;0;;470.3;465.2;;1;600
3780742;PR;;;1;1;1;1;444.9;504.9;484.9;515.6;1;480
2809777;PR;;;1;1;1;1;696.8;712.9;634.2;839.8;1;920
1567500;GO;2;1;1;1;1;1;460.6;459;509.3;390;1;520
4126403;RJ;;;1;1;1;1;516;595.5;578;639.8;1;700
3607117;DF;2;1;1;1;1;1;450.1;456.6;488.7;420.8;1;460
2700917;PR;2;1;1;1;1;1;471.7;535.1;558.3;472.9;1;680
1947237;MG;;;1;1;1;1;557.3;607.8;585.7;517.7;1;580
1847040;RN;2;1;1;1;1;1;419;314.8;499.1;402.7;1;600
1694815;SP;;;1;1;1;1;636.5;657.5;697.5;678;1;920
3656737;CE;;;1;1;1;1;577.8;606.3;561.4;668.6;1;500
3610926;BA;;;0;0;0;0;;;;;;
2269830;MG;;;0;0;0;0;;;;;;
2613305;RS;2;1;0;1;1;0;;443.4;521.7;;1;440
3760457;GO;;;1;1;1;1;454.8;536.1;555.6;526;1;600
4246991;AL;;;1;1;1;1;617.2;607.8;600.2;684.1;1;560
2872288;PI;;;1;1;1;1;531.6;600.4;540.7;620.2;1;860
3643503;BA;;;1;1;1;1;571.8;548.4;548.5;647;1;840
286363;SP;;;1;1;1;1;673.2;637.8;609.5;879.7;1;940
2690784;RJ;;;1;1;1;1;584.8;553.7;608.9;568.1;1;900
1849198;RN;;;1;1;1;1;638.2;688.8;651.7;925.2;1;900
2490372;PE;;;1;1;1;1;531.5;477.7;523.8;514;1;740
855465;PB;;;1;1;1;1;515.5;510.3;550.5;545.4;1;880
4211871;RS;2;1;0;0;0;0;;;;;;
611225;RO;;;1;1;1;1;524.1;567.4;564.8;664.1;1;880
2202078;PA;;;1;1;1;1;453.8;556.9;533.2;520.9;1;900
1610073;PR;2;1;1;1;1;1;581.2;602.3;559.9;503.3;1;580
1166084;MA;;;1;1;1;1;523;422.3;547.2;429.1;1;540
4156942;RS;;;0;0;0;0;;;;;;
4077210;RS;;;0;0;0;0;;;;;;
1701864;PE;2;1;1;1;1;1;502.4;479.9;507.8;488;1;780
1732339;RJ;;;1;1;1;1;488.4;567.3;552.9;380.7;1;880
40077;PB;;;0;0;0;0;;;;;;
3000130;CE;;;1;1;1;1;579.3;615.2;577.4;797.7;1;900
3396934;DF;;;1;1;1;1;611.4;640.3;606.4;772.1;1;920
139608;SC;2;1;1;1;1;1;394.8;495.8;499.6;419.7;1;820
928638;GO;;;0;0;0;0;;;;;;
3415792;RJ;;;1;1;1;1;462.5;395.4;423.7;412;1;480
3782152;BA;;;0;0;0;0;;;;;;
3435137;SE;2;1;1;1;1;1;406;553.3;574.5;471.2;1;720
2829992;PB;;;0;0;0;0;;;;;;
2111162;BA;2;1;1;1;1;1;482.3;391.6;374.4;507.7;1;720
2324569;PA;;;1;1;1;1;435.4;340.4;471.1;422.9;1;660
2034839;TO;;;1;1;1;1;502.8;436.8;563.5;504.6;1;640
2950721;MG;2;1;1;1;1;1;545.1;553.8;559.8;476;1;520
424685;PR;;;1;1;1;1;473.5;533.8;544.3;439.3;1;560
2570929;RJ;;;1;1;1;1;473.4;397;465.4;608.3;1;580
1866670;PI;;;0;0;0;0;;;;;;
2314103;MA;4;1;1;1;1;1;542.8;517.4;568.7;506.8;1;680
808447;PI;2;1;1;1;1;1;494.1;383.6;517.4;570.9;1;720
2714116;SP;2;1;0;0;0;0;;;;;;
4070240;RS;;;0;0;0;0;;;;;;
3072298;MG;;;1;1;1;1;551.8;611.4;581.2;611.4;1;720
2657633;SP;2;1;0;1;1;0;;552.8;575.2;;1;460
2536930;CE;2;1;1;1;1;1;511.9;515.3;514.1;651.8;1;720
3953770;MG;;;1;1;1;1;425.1;394.6;418.1;447.6;1;480
2727142;ES;4;1;1;1;1;1;673.5;676.3;626.6;798.7;1;860
3853462;SP;;;1;1;1;1;422.1;385.4;477.9;472.3;1;600
133867;PA;;;1;1;1;1;465;615.5;563.2;577.5;1;940
2996992;MA;2;1;1;1;1;1;468.9;489.4;547.5;521.5;1;820
3855238;SC;;;0;0;0;0;;;;;;
982303;RN;2;1;1;1;1;1;437.3;551.7;562.8;535.2;1;760
3620985;BA;;;1;1;1;1;420.4;361.5;383.5;416.8;1;400
1862711;PB;;;1;1;1;1;522.2;436.2;445.8;390.9;1;440
1117989;PR;;;1;1;1;1;564.4;443.6;513;504.2;1;380
2011859;CE;;;1;1;1;1;437.6;411.2;446.1;412.6;1;480
710824;AM;;;1;1;1;1;435.3;496.1;477.7;448.5;1;620
1340647;SP;2;1;1;1;1;1;526.7;496.5;524.4;392.8;1;640
1700336;GO;;;1;1;1;1;420.4;351.9;352.2;407.1;1;400
1426276;PE;2;1;0;0;0;0;;;;;;
203806;BA;;;1;1;1;1;415.9;491.8;560.8;466.2;1;720
3462000;AL;;;0;0;0;0;;;;;;
1974657;PE;2;2;1;1;1;1;463.8;373.3;417.9;594.3;6;0
2501133;SP;2;1;1;1;1;1;434.6;481;524;475.9;1;560
1934803;MA;;;0;0;0;0;;;;;;
2845322;PI;4;1;1;1;1;1;423.1;491.6;505.8;506.5;1;920
3335736;MT;2;1;0;0;0;0;;;;;;
503025;PE;2;1;1;1;1;1;580.3;555;524.7;457.6;1;520
2224622;RJ;;;1;1;1;1;609.1;660.7;617.8;714;1;940
1727708;SE;;;1;1;1;1;401.2;331.1;400.7;497.3;1;320
1375708;MG;;;1;1;1;1;649.2;684.8;664.5;836.2;1;880
3267651;PR;;;1;1;1;1;543.9;545.8;589.8;460.2;1;720
558588;PB;;;1;1;1;1;525;601.4;590.6;490.9;1;740
750274;CE;;;1;1;1;1;425.9;486.9;544.6;529.2;1;900
4295574;SP;;;0;0;0;0;;;;;;
360754;CE;;;1;1;1;1;561.4;474.5;461.1;513.6;1;660
3610471;PR;2;1;0;0;0;0;;;;;;
2791676;RJ;;;0;1;1;0;;318.9;363.5;;4;0
1894572;PA;2;1;1;1;1;1;537.2;470.2;509.4;538.1;1;580
1226288;BA;2;1;1;1;1;1;384;459.6;429.6;411.5;1;460
1177877;AM;2;1;0;0;0;0;;;;;;
2702040;MG;2;1;1;1;1;1;535.3;601.4;587.6;657.1;1;800
2110134;RS;;;1;1;1;1;519.3;451.6;571.4;512.3;1;640
4129448;PB;;;0;0;0;0;;;;;;
2744255;SP;;;1;1;1;1;390.3;497.6;525.4;396.9;1;940
3682363;SP;2;1;1;1;1;1;462.2;502.4;469.4;391;1;600
3641590;MG;;;1;1;1;1;452.3;557.3;562.5;650.6;1;760
944595;ES;;;1;1;1;1;556.5;588.6;524.6;395.9;1;860
2138800;GO;1;2;0;1;1;0;;486.3;509.1;;1;420
2426817;CE;2;1;1;1;1;1;493;535.8;567.5;400.5;4;0
4186763;RN;;;0;0;0;0;;;;;;
4168140;CE;;;0;0;0;0;;;;;;
3732657;CE;;;1;1;1;1;582.1;595.5;556;522.9;1;740
2254818;MA;;;1;1;1;1;537.8;506.5;505.8;536.1;1;800
1438189;MA;;;1;1;1;1;457;465.1;497.8;450.6;1;520
2130550;RJ;;;1;1;1;1;470.2;578.3;546;537.8;1;760
3046189;PA;;;1;1;1;1;411.9;377.1;412.5;483.1;1;300
4178867;RS;;;1;1;1;1;414.5;520.3;529.6;583.9;1;520
737833;PA;;;0;0;0;0;;;;;;
4188436;SP;2;1;1;1;1;1;442.1;444.4;485.2;469.9;1;440
3519044;PE;;;0;0;0;0;;;;;;
582435;PB;;;1;1;1;1;499.4;517.7;543.2;470.8;1;620
2279535;GO;2;1;1;1;1;1;590.9;503.5;584.2;644;1;840
4183879;PI;;;1;1;1;1;554.4;515.6;517.7;488.6;1;480
1705244;PE;;;1;1;1;1;388.1;352.8;456.5;389.9;1;660
3252989;DF;;;0;0;0;0;;;;;;
2705017;SP;;;1;1;1;1;516.1;490.6;526.5;604.5;1;660
3275322;MG;;;0;0;0;0;;;;;;
1606230;DF;;;0;0;0;0;;;;;;
1310873;RJ;;;1;1;1;1;667.5;754.8;690.5;821.4;1;920
8780;PB;;;1;1;1;1;487.3;304.3;413.9;452.4;1;480
1555927;CE;;;1;1;1;1;514.3;356.4;342.9;459.4;6;0
750616;PA;;;1;1;1;1;446.9;429.9;479.1;403.5;1;500
3287222;PA;;;0;0;0;0;;;;;;
2442276;BA;2;1;0;0;0;0;;;;;;
3336058;SE;2;2;1;1;1;1;515.9;337.4;398.4;478.8;4;0
2371398;SC;2;1;1;1;1;1;406.3;506.7;614.8;638.8;1;660
609278;AL;2;1;1;1;1;1;535.8;508.4;462.6;603.7;1;400
4256248;MG;;;1;1;1;1;426.2;383.8;476.2;608.3;1;340
4034320;CE;;;0;0;0;0;;;;;;
2666307;RJ;2;1;1;1;1;1;579.7;478.4;527.9;637.4;1;860
3886665;BA;;;0;0;0;0;;;;;;
2732766;CE;;;0;0;0;0;;;;;;
2878520;SP;1;1;1;1;1;1;474.4;513.2;486.9;559.4;1;700
3960403;CE;;;1;1;1;1;609.5;613.4;672.4;787.9;1;620
3673158;SC;;;1;1;1;1;554.3;593.5;597.8;665.2;1;740
1113562;SP;2;1;1;1;1;1;423.1;499.8;487.5;495.9;1;360
831234;MA;2;1;1;1;1;1;390.5;428.6;476.3;448.4;1;620
294630;RS;;;0;0;0;0;;;;;;
3652713;PE;;;1;1;1;1;472.4;625.6;509.3;517.3;1;540
2421893;AC;;;1;1;1;1;369.2;454.8;420.4;447.8;1;540
626791;RJ;2;1;1;1;1;1;432.4;395.3;474.8;438.8;1;540
2298216;AM;;;0;0;0;0;;;;;;
3956129;PA;4;1;1;1;1;1;525.8;586.2;527.5;499.7;1;680
3776520;SP;2;1;1;1;1;1;428.9;341.5;387.4;439.3;1;760
1934311;MG;;;1;1;1;1;572.7;653.8;619.4;686.7;1;940
2629681;PE;;;0;0;0;0;;;;;;
2047831;GO;;;1;1;1;1;383.9;416.4;513.3;484.6;1;540
1549935;PR;2;1;1;1;1;1;415.4;523.7;496.1;420.7;1;700
3701647;PR;;;1;1;1;1;382.7;483.3;455.2;421;1;440
939894;MA;;;1;1;1;1;389.7;315.2;324.3;408.7;1;500
4107831;RJ;;;1;1;1;1;377.1;383.1;471.1;431.5;1;520
2450816;MG;;;0;0;0;0;;;;;;
1234663;ES;2;1;1;1;1;1;486;411.5;408.5;416.9;1;440
1820709;PR;2;1;1;1;1;1;431.6;460.9;531.7;457.7;1;700
2265870;PB;;;1;1;1;1;468.8;513.1;579.3;605.7;1;480
1154317;GO;2;1;0;0;0;0;;;;;;
1822251;PE;;;1;1;1;1;483.5;516.4;543.9;489.2;1;800
2463986;PR;2;1;1;1;1;1;616.3;544.7;580.7;678.9;1;760
4022381;CE;;;0;0;0;0;;;;;;
107031;DF;;;1;1;1;1;636.1;698.3;633.3;595.2;1;920
4015794;SP;;;1;1;1;1;543.2;586.9;585.2;479.7;1;720
1017416;MG;;;1;1;1;1;544.7;617.9;639.9;587.3;1;520
704657;CE;2;1;1;1;1;1;552.1;449.8;417.7;585.8;1;700
1235122;CE;;;1;1;1;1;487.4;592.1;596.7;588.3;1;580
942371;SP;;;0;0;0;0;;;;;;
98047;RJ;2;1;1;1;1;1;397.6;483.9;581.1;501.8;1;540
983581;RJ;;;1;1;1;1;519.3;597.8;599.9;480.2;1;880
1779492;AL;;;0;0;0;0;;;;;;
3700460;PR;2;1;1;1;1;1;412.1;493;490.8;410.1;1;560
1156690;RS;;;1;1;1;1;478.1;561;569.7;376.3;1;480
4087701;MT;;;0;1;1;0;;518.4;486.4;;1;640
885961;SC;;;1;1;1;1;394;479.8;508.4;391.8;1;580
297734;PR;2;1;1;1;1;1;525.4;553.6;579.2;432.3;1;700
3276429;SP;2;1;1;1;1;1;382.7;449.8;506.8;378.5;1;540
4147424;SP;;;0;0;0;0;;;;;;
23765;MG;2;1;1;1;1;1;442.6;431.5;470;528.5;1;680
1416661;SP;;;1;1;1;1;560.6;537.7;592.9;672.5;1;800
3223445;PR;2;1;1;1;1;1;394.9;489;522;552.7;1;660
3226352;MG;2;1;0;0;0;0;;;;;;
4327125;RS;;;1;1;1;1;421.5;456;425.4;515.9;1;460
1019809;MG;;;1;1;1;1;569.3;611.4;575;569.4;1;600
1503185;PE;;;1;1;1;1;492.4;513.2;517.1;592.4;1;600
2819845;MG;;;0;0;0;0;;;;;;
1178737;PA;;;1;1;1;1;589.5;531.7;517.2;562.8;1;500
604175;RR;;;0;0;0;0;;;;;;
3621745;MG;2;1;0;0;0;0;;;;;;
2078122;RS;;;0;0;0;0;;;;;;
2464876;BA;;;1;0;0;1;489.5;;;492;;
2515971;TO;;;0;0;0;0;;;;;;
997674;PE;;;1;1;1;1;417.8;447.9;515.8;395;1;540
1018863;RS;;;1;1;1;1;402.2;522.8;512.1;478.1;1;940
1256684;PA;;;1;1;1;1;443.1;363.7;491.5;414.4;1;620
2073894;PE;;;1;1;1;1;464.8;492.1;567.9;441.9;1;900
266635;MG;2;1;0;0;0;0;;;;;;
422193;PA;2;1;1;1;1;1;447.8;346.7;421;489.9;4;0
564339;CE;2;1;1;1;1;1;419;484.1;486.4;555;1;640
2168714;PB;2;1;1;1;1;1;401.3;312.5;339.9;446.2;1;220
1830071;RJ;;;1;1;1;1;608.2;595.7;531.6;616.8;1;880
3123106;PA;;;0;1;1;0;;497.7;488.6;;1;700
1031384;PR;;;1;1;1;1;529.7;431.5;459.5;532.4;1;480
2770911;MS;;;0;0;0;0;;;;;;
4002848;ES;2;1;1;1;1;1;392.4;439.5;480.2;460.9;6;0
201679;BA;;;1;1;1;1;481.7;502.8;510.2;571.7;1;580
2906311;PA;;;0;0;0;0;;;;;;
2719925;MG;;;1;1;1;1;560.8;602;527.8;588.6;1;640
4298575;GO;;;0;0;0;0;;;;;;
2164198;PA;;;1;1;1;1;457.5;569.2;559.5;554.3;4;0
1231287;CE;2;1;1;1;1;1;424.2;521.3;504.3;445.6;1;820
2952303;CE;;;1;1;1;1;648.7;686.5;604.3;782.2;1;940
2715061;PI;2;1;1;1;1;1;353.8;353.4;472.2;380.8;1;540
2492474;RS;2;1;1;1;1;1;460.2;405.3;446.8;439.1;1;720
4058907;RJ;;;0;0;0;0;;;;;;
3430019;AL;;;1;1;1;1;398;458.2;521.6;441.3;1;680
118426;RS;1;1;1;1;1;1;491.5;566.9;550.2;691.9;1;820
845477;GO;2;1;0;0;0;0;;;;;;
138978;SC;;;1;1;1;1;503.8;604.3;589.2;494.1;1;660
2619537;BA;;;0;0;0;0;;;;;;
302211;DF;4;1;1;1;1;1;519.6;482.5;499.8;587.4;1;760
4102888;AM;2;1;1;1;1;1;362.6;462.7;461.8;390.1;1;460
1047725;RN;;;0;0;0;0;;;;;;
532816;PA;2;1;1;1;1;1;546;586.8;543.3;577;1;820
2304113;TO;;;1;1;1;1;620.8;661.4;593.7;761.8;1;900
2012462;BA;4;1;1;1;1;1;557.6;485.9;546.7;624.5;1;660
3311537;BA;;;0;0;0;0;;;;;;
405719;MG;;;1;1;1;1;426.5;541.4;586.3;480;1;720
3778981;PE;;;1;1;1;1;455;361.3;445.2;429.4;1;440
706052;MG;;;0;0;0;0;;;;;;
1461908;PI;;;1;1;1;1;442.4;310.2;410.5;418.6;1;480
69008;MA;;;1;1;1;1;609.7;664.8;536.9;662.7;1;940
444110;PA;;;1;1;1;1;449.3;462.7;483.2;601.6;4;0
2460481;SP;;;1;1;1;1;579;621.6;623.2;670.6;1;680
4294631;RS;;;0;0;0;0;;;;;;
996670;SP;2;1;1;1;1;1;463.6;578.2;588.8;588.2;1;660
576153;BA;;;1;1;1;1;578;641.2;588;752.6;1;820
3544239;PI;;;1;1;1;1;415.9;472.8;505.8;412;1;500
2953295;RN;;;1;1;1;1;593.8;607.8;550.7;495.1;1;920
2950912;GO;2;1;1;1;1;1;388;359.7;391.3;491;1;520
2507798;PB;;;1;1;1;1;667.8;673.2;658.9;725.7;1;880
1963067;PB;;;1;1;1;1;430.4;473.8;549.1;544.4;1;860
1594320;MG;;;1;1;1;1;592.1;606.2;567.7;449.6;1;900
303136;CE;;;1;1;1;1;495.9;624.9;580.9;663.9;1;920
4157227;BA;2;1;0;0;0;0;;;;;;
3083156;MG;;;1;1;1;1;593.8;632.7;629.7;653.5;1;900
3863152;AL;;;0;0;0;0;;;;;;
229207;MG;;;1;1;1;1;478;557.5;606.8;510.6;1;600
228493;MT;1;1;1;1;1;1;459.6;468.2;491.7;596.7;1;880
2964169;SP;;;1;1;1;1;559;539.2;561.3;489.4;1;480
2198573;BA;;;1;1;1;1;503.9;582.5;539.6;500.4;1;640
1815837;PB;;;1;1;1;1;517.3;506.1;542.8;430;1;860
3126373;CE;;;0;0;0;0;;;;;;
2363966;SP;;;1;1;1;1;655.6;685.7;674.8;928.2;1;880
1096178;BA;;;0;0;0;0;;;;;;
1440953;DF;2;1;1;1;1;1;526.9;618.9;594.9;602.5;1;620
4153521;ES;;;1;1;1;1;481.1;549.1;539.7;490.4;1;560
827511;SP;;;1;1;1;1;605.2;610.2;564;662;1;820
536622;PE;;;1;1;1;1;446;562.9;560.9;549;1;820
1915465;CE;2;1;0;0;0;0;;;;;;
2608602;ES;;;1;1;1;1;433.8;585.4;565.2;583.6;1;760
1059156;BA;;;1;1;1;1;518.6;657.4;516.4;497.7;1;800
1293751;RN;;;1;1;1;1;468.9;595.3;593.2;541.9;1;660
3811661;PE;;;0;0;0;0;;;;;;
2625557;SP;;;1;1;1;1;543.5;571.8;588.1;687.8;1;820
2798616;MT;;;1;1;1;1;602.8;541.8;543.8;649.5;1;880
1541337;MA;2;1;1;1;1;1;407.7;401.5;417.6;394.2;1;620
516000;SE;;;0;0;0;0;;;;;;
3216035;SP;;;1;1;1;1;517;622.3;584.8;591.1;1;880
2247493;PA;;;1;1;1;1;482.9;499.9;453.4;394.3;1;400
3794650;RJ;;;0;1;1;0;;394.6;424.8;;1;440
4209626;BA;;;1;1;1;1;561.2;617.8;624;628.6;1;660
2982219;SP;;;0;0;0;0;;;;;;
392322;CE;;;1;1;1;1;435.1;409.9;415.5;380.9;1;360
237882;SP;1;1;1;1;1;1;507.5;605.3;589.7;700.2;1;800
874258;BA;2;1;1;1;1;1;386.6;503.4;508;424.9;1;600
1304667;RJ;;;1;1;1;1;507.8;498.9;571.4;676;1;660
3422728;MG;;;1;1;1;1;535.8;655.4;627.2;628.3;1;840
1084140;GO;;;0;0;0;0;;;;;;
3462425;SP;2;1;0;0;0;0;;;;;;
4273354;SP;;;0;0;0;0;;;;;;
2441470;SP;2;1;1;1;1;1;364.3;481;535.2;405.3;1;540
2787437;MG;;;1;1;1;1;512.1;522.2;560.8;556.5;1;420
1307960;SC;;;1;1;1;1;584.1;663.9;600.8;613.8;1;840
227558;SP;;;0;0;0;0;;;;;;
549844;PB;2;1;1;1;1;1;569.9;557.2;531.6;482.6;1;640
184795;TO;;;0;0;0;0;;;;;;
3397356;SP;;;0;1;1;0;;527.2;505.8;;1;400
3280384;SP;2;1;1;1;1;1;428.7;556.3;525.8;545;1;580
2034010;AM;;;1;1;1;1;436.1;440.3;526.4;484.6;1;760
131829;PA;2;1;1;1;1;1;554.6;457.9;530.4;466;1;660
2185625;SC;2;1;1;1;1;1;504.5;550.4;577.6;456.2;1;680
378616;MA;;;1;1;1;1;490.3;535.4;532.8;469;1;640
2367353;BA;;;1;1;1;1;512.7;554.4;575.9;568.5;1;680
2507055;MA;4;1;1;1;1;1;627.9;694.4;660.7;750.1;1;860
2517237;GO;2;1;0;0;0;0;;;;;;
1545332;SP;;;1;1;1;1;385.6;516.1;509.3;533.7;1;700
3385812;BA;2;1;0;0;0;0;;;;;;
3023726;AL;2;1;0;0;0;0;;;;;;
3795968;PE;;;0;0;0;0;;;;;;
3230744;RN;;;0;0;0;0;;;;;;
3586995;PB;;;1;1;1;1;614;575.2;591.2;580.6;1;760
3346608;SP;;;1;1;1;1;587.6;632.4;609.6;623.3;1;780
840078;SP;4;1;1;1;1;1;529.4;620.3;572.1;480.8;1;720
4190749;PE;;;0;1;1;0;;578.9;568.4;;1;740
3839865;SP;4;1;1;1;1;1;400.4;484.7;473.9;587.8;1;600
2321463;ES;2;1;1;1;1;1;367.1;508.3;555.7;486.2;1;880
9988;PE;;;1;1;1;1;404.2;575.5;533.3;420.4;1;860
4125937;PR;;;1;1;1;1;569.3;570.2;570.8;593.2;1;540
1864136;PA;;;0;1;1;0;;585.6;617.5;;1;700
895861;SP;2;1;1;1;1;1;546.7;533.9;533.1;487.8;1;620
228095;MT;2;1;1;1;1;1;537.9;462.4;531;531.2;1;400
2359827;SP;4;1;1;1;1;1;544.5;647.8;614.2;662.8;1;780
2681572;TO;2;1;0;0;0;0;;;;;;
819882;TO;;;1;1;1;1;437.9;446.1;457.5;407.8;8;0
3671597;PI;;;1;1;1;1;395.7;325.2;392.2;531.6;1;740
3465507;PE;;;1;1;1;1;506.3;442.6;525;523;1;440
2341288;PR;4;1;1;1;1;1;600.7;614;578.8;807.4;1;800
2245820;SP;;;1;1;1;1;588.4;653.8;598.5;623.1;1;820
3596626;PI;;;0;1;1;0;;468.3;388.4;;1;460
3823428;ES;2;1;1;1;1;1;461.1;494.7;352.4;418.5;1;680
1587879;RJ;;;0;0;0;0;;;;;;
2187069;MS;;;1;1;1;1;702;710.6;660.6;884.3;1;840
276203;MS;;;1;1;1;1;570.5;593.2;598.6;469.5;1;820
37355;AM;;;0;0;0;0;;;;;;
1181202;RS;;;0;1;1;0;;415.9;428.9;;1;520
2532051;RO;2;1;0;0;0;0;;;;;;
1577940;PR;2;1;1;1;1;1;369.5;423.9;438;411.7;1;480
2835945;SC;;;1;1;1;1;522.8;523.8;414.6;480.7;1;620
3551378;PB;;;1;1;1;1;610.9;559.7;608;615.4;1;900
2479722;AC;;;1;1;1;1;395.1;430;515.2;421.7;1;900
979335;RN;4;1;1;1;1;1;604.2;626.3;602.1;700.8;1;900
3142699;MG;;;1;1;1;1;577.4;565.3;591.4;507.4;1;720
123424;PA;;;0;0;0;0;;;;;;
974857;MG;;;0;0;0;0;;;;;;
1324842;RJ;;;1;1;1;1;559.7;576.5;577.5;532.5;1;660
3031363;RJ;;;0;0;0;0;;;;;;
427342;BA;;;1;1;1;1;509.5;519.4;513.5;487.5;1;620
3517379;PE;;;1;1;1;1;524.3;395;349.1;442.8;1;600
3175622;AM;2;1;1;1;1;1;504.8;527.3;562.6;436.3;1;520
801830;PB;;;0;0;0;0;;;;;;
489092;SP;;;1;1;1;1;494.2;551.7;571.5;680.9;1;840
1015925;MG;;;1;1;1;1;512;509.2;564.2;689.4;1;560
3961948;MA;2;1;1;1;1;1;445.4;437.2;407.9;454.4;1;480
482088;MG;;;0;0;0;0;;;;;;
1101868;PR;2;2;1;1;1;1;493.3;484.7;542.1;410.9;1;640
1898124;RJ;;;0;0;0;0;;;;;;
4067517;MA;;;1;1;1;1;554.3;357.5;453.7;468.5;1;380
3226096;MG;2;1;1;1;1;1;490.2;529.1;556.4;497.7;1;600
1283724;RN;4;1;1;1;1;1;507.9;567;547.2;592.1;1;680
2492172;GO;2;1;1;1;1;1;450.6;585.3;542.2;613.3;1;860
949634;PE;2;1;0;0;0;0;;;;;;
1131760;BA;2;1;1;1;1;1;413.4;397.8;463.6;536;1;420
4239771;RJ;;;1;1;1;1;473.6;353.9;487.9;391.7;1;560
2871768;MG;;;0;0;0;0;;;;;;
1671627;CE;1;1;0;0;0;0;;;;;;
373159;ES;;;1;1;1;1;407.2;549.7;534.7;396.3;1;640
3660752;MG;;;1;1;1;1;605.5;610.1;573.2;637.5;1;720
2274056;PR;;;1;1;1;1;524;548.2;538.5;543.3;1;700
1277196;GO;;;1;1;1;1;484.7;493.8;562.3;527.6;1;600
2286336;RJ;4;1;1;1;1;1;574.1;595.6;601.1;767.3;1;940
2330018;PA;1;1;1;1;1;1;655;690.3;614.6;792.7;1;860
4096888;BA;2;1;0;0;0;0;;;;;;
1058496;RN;2;1;0;0;0;0;;;;;;
2979632;BA;;;1;1;1;1;381.3;376.7;392.7;435.7;1;400
95205;BA;2;1;1;1;1;1;426.8;374.6;495;397.9;1;500
3619367;CE;;;1;1;1;1;469.2;463.3;493.2;425.7;1;480
2538408;CE;1;1;1;1;1;1;503;440.7;418.9;459;1;540
2582326;SP;;;0;0;0;0;;;;;;
379598;MA;;;1;1;1;1;485.6;355.9;394.4;483.5;1;440
977734;MS;;;0;0;0;0;;;;;;
823579;SP;;;1;1;1;1;380.8;426.5;497.3;423.7;1;520
1965526;GO;4;1;1;1;1;1;648.5;591;626.9;845.7;1;800
2830131;PR;2;1;0;0;0;0;;;;;;
2416720;PB;2;1;1;1;1;1;466.2;407.8;370.3;496.5;6;0
4091171;BA;;;0;0;0;0;;;;;;
2302473;CE;;;1;1;1;1;401.7;428.3;349.7;490.6;1;560
2857461;MS;2;1;0;0;0;0;;;;;;
1885022;AC;2;1;1;1;1;1;424.6;364.5;359.6;407.2;1;540
1238871;RS;2;1;1;1;1;1;382.9;389.7;501.5;414.1;1;420
1013196;PA;2;1;1;1;1;1;351.7;437.2;458.7;396.7;1;480
4156365;BA;2;1;0;0;0;0;;;;;;
3087101;PE;;;0;0;0;0;;;;;;
1728574;MG;4;1;1;1;1;1;590.3;617.9;577.2;644.9;1;880
3951561;PA;;;1;1;1;1;497.2;438;524.4;426.6;1;500
2619454;SP;;;1;1;1;1;497.7;506.9;535.8;572.4;1;560
3547709;SP;;;1;1;1;1;505.2;600.1;610;632.7;1;880
481048;RS;;;1;1;1;1;534.5;537.5;550.2;573.1;1;340
3799636;RS;;;1;1;1;1;625.6;699.7;639;757.8;1;880
1870433;SP;4;1;1;1;1;1;628.5;654.1;629.6;759.6;1;920
365957;BA;;;1;1;1;1;568.1;674.7;578.8;455.3;1;620
1616388;GO;2;1;1;1;1;1;437.1;441.3;483.9;418.8;1;720
2362900;DF;;;0;0;0;0;;;;;;
1421134;RJ;4;1;1;1;1;1;482.4;291.3;470.3;452.7;1;480
3921287;BA;;;1;1;1;1;441.1;541.2;521.2;452.9;1;860
4019965;AP;2;1;0;0;0;0;;;;;;
2326538;SC;4;1;1;1;1;1;630.5;617.6;597.8;639.7;1;680
352098;PR;;;1;1;1;1;541.5;423.4;523.9;456.8;1;640
2763557;SP;;;1;1;1;1;410;588.2;499;473.9;1;560
3467454;RS;;;1;1;1;1;454.3;490.8;461.1;406.8;1;400
3410801;SP;;;1;1;1;1;598.8;520.6;563.1;652.6;1;560
2769377;SP;4;1;1;1;1;1;578.3;546.6;588.7;426.8;1;760
3876879;MG;;;1;1;1;1;416.5;438.8;483.1;413.6;1;360
941561;PA;;;1;1;1;1;486.7;517.6;552.3;501.8;1;820
3241743;PA;;;1;1;1;1;554.5;471.6;490.8;580.1;1;700
4146976;PI;;;1;1;1;1;447;604.4;516.7;432.4;1;580
1506575;RS;2;1;1;1;1;1;427.4;517.5;501.5;416.9;1;700
3283232;MG;;;0;0;0;0;;;;;;
3153205;PR;;;1;1;1;1;488.8;518.5;552.2;413.7;1;760
3861501;BA;;;0;1;1;0;;515.5;537.3;;1;720
856187;CE;;;1;1;1;1;568.2;630.1;588.2;621.9;1;800
3060003;RJ;2;1;1;1;1;1;506.1;513.4;544.7;409.8;1;560
2643594;SP;2;1;0;0;0;0;;;;;;
2549968;BA;;;1;1;1;1;527.4;571.1;620.9;663;1;660
2948855;GO;;;1;1;1;1;481.9;537.1;584.5;565.2;1;840
1385541;BA;;;0;1;1;0;;418.3;409.8;;1;480
3308109;PB;4;1;1;1;1;1;536.5;507.3;516.7;456.2;1;680
2260023;RS;;;1;1;1;1;555.5;576.3;547.3;567.1;1;600
3827302;RN;;;0;0;0;0;;;;;;
3159406;PR;;;1;1;1;1;584.1;555.1;582.4;641.5;1;660
2466018;MG;2;1;1;1;1;1;397.5;502.1;491.2;379.7;1;480
4119735;SP;2;1;0;0;0;0;;;;;;
267743;ES;;;1;1;1;1;580.3;614.5;633.9;652.3;1;760
577744;RS;;;1;1;1;1;479.2;454.7;535.7;477.8;1;600
2589072;GO;;;1;0;0;1;610;;;703.3;;
2592222;DF;;;0;1;1;0;;456.8;473.1;;1;380
2712609;PI;2;1;1;1;1;1;490.3;467;527;429.5;1;640
3686340;SP;2;1;1;1;1;1;373.4;563.1;571.8;559.2;1;680
3808287;MA;;;0;0;0;0;;;;;;
130823;BA;;;1;1;1;1;499;547.5;528.8;393.2;1;520
813341;PB;;;1;1;1;1;529.3;601;594.9;593.3;1;600
1855724;PR;2;1;0;1;1;0;;375.8;536.9;;1;560
3826591;PA;;;1;1;1;1;487.1;550.6;494.5;396.6;1;640
2536940;SE;;;1;1;1;1;539.9;579.6;494.6;444.7;1;560
4162509;SC;;;1;1;1;1;668.7;638.9;600.4;796.7;1;900
2223317;SP;4;1;1;1;1;1;450.2;571.6;562.7;628.3;1;860
13298;PB;2;1;0;0;0;0;;;;;;
4305686;DF;;;0;1;1;0;;506.5;491.8;;1;480
783887;MG;2;1;1;1;1;1;524.5;480.9;498;587.7;1;600
2207370;BA;;;1;1;1;1;402.9;433.5;478.3;410.3;3;0
752261;RJ;2;1;1;1;1;1;380.7;487.5;517.7;526.3;1;300
490555;PR;;;0;0;0;0;;;;;;
4303237;BA;;;0;0;0;0;;;;;;
1303983;PA;;;1;1;1;1;380.6;385.8;447.6;521.7;1;520
1268925;MG;;;1;1;1;1;477.5;573.9;542.8;442.8;1;560
88617;RJ;2;1;1;1;1;1;392;346.7;396;414.5;1;360
3947287;SP;;;1;1;1;1;466.5;507.2;386;458.2;1;400
4152713;SP;2;1;1;1;1;1;568;474.2;476.4;480.8;1;460
2223071;PA;;;1;1;1;1;581.9;670.4;615.9;663.2;1;800
3577375;BA;;;0;0;0;0;;;;;;
3094733;MT;;;0;0;0;0;;;;;;
3621389;MG;2;1;1;1;1;1;530.7;351;454.1;482.3;1;580
1735478;GO;;;0;1;1;0;;444.9;516.2;;4;0
862022;DF;2;1;1;1;1;1;438;484.7;492;421.5;1;820
3358919;BA;;;1;1;1;1;519.2;519.7;535.2;410.3;1;800
2906798;SE;;;0;0;0;0;;;;;;
3897989;MS;;;0;0;0;0;;;;;;
2519186;RN;;;1;1;1;1;546.2;628.5;624.9;699.8;1;580
75579;MG;;;1;1;1;1;427.4;390.7;390.8;379.6;1;440
130458;GO;2;1;1;1;1;1;540.5;587.9;584.4;634.5;1;700
3891631;BA;;;1;1;1;1;404.5;467.8;498.7;447.4;1;540
1899071;SP;;;1;1;1;1;603.9;574.7;572.8;660.5;1;640
2023560;MS;;;1;1;1;1;398.7;540.3;496;431.6;1;880
2724040;RN;4;1;1;1;1;1;525.8;617.9;567.6;601.2;1;660
1710878;PI;2;1;1;1;1;1;429;372.2;432.5;400.7;1;540
4265807;RJ;;;1;1;1;1;519.7;548;518.9;528;1;420
3652910;RN;;;0;0;0;0;;;;;;
4077033;PR;;;0;0;0;0;;;;;;
4224132;AM;;;0;0;0;0;;;;;;
2939921;AM;2;2;1;1;1;1;392.7;425.1;362.3;430.6;1;480
583993;SP;;;1;1;1;1;447.9;543.9;565.9;598.5;1;760
2436027;PR;;;0;1;1;0;;453.4;462.1;;4;0
475746;CE;2;1;1;1;1;1;499.9;377.9;521.7;443.5;1;580
3817003;MG;;;1;1;1;1;502.1;527.3;574.5;503.4;1;400
105048;PA;;;1;1;1;1;554.3;405.2;440.3;389.5;4;0
3681045;PE;2;1;1;1;1;1;482.4;340;324.6;499.4;1;680
2365757;AM;2;1;1;1;1;1;593.3;547.8;559.2;517.1;1;420
4320854;RS;;;1;1;1;1;375.6;283.8;440;441.9;1;540
1272476;GO;4;2;1;1;1;1;495.2;397.4;516.5;490.8;1;440
350002;SP;;;0;0;0;0;;;;;;
679700;MG;;;1;0;0;1;0;;;931.4;;
2797758;BA;;;1;1;1;1;415.5;524.2;544.8;490.4;1;540
3003637;SP;;;1;1;1;1;481.1;472.4;578;456.7;1;780
961562;SP;;;1;1;1;1;423.1;489.5;502.4;428.3;1;660
1067764;SC;;;1;1;1;1;466.8;397.6;512.7;608.9;1;800
1656725;GO;;;1;1;1;1;539.4;626.6;543.4;563.6;1;840
4310155;SP;;;1;1;1;1;406.7;540.1;545.9;452.7;1;740
4249597;AM;;;1;1;1;1;387.2;371.2;411.2;455.5;1;480
2713102;CE;2;1;1;1;1;1;421.8;344;405.6;382.5;6;0
3399065;PR;2;1;1;1;1;1;382.3;447.8;506.4;439.5;1;600
812641;PI;;;1;1;1;1;424.5;529.9;534.4;381.4;1;640
2474517;PR;;;0;0;0;0;;;;;;
4224851;RS;;;0;0;0;0;;;;;;
1557025;SC;2;1;0;1;1;0;;394.2;393.8;;4;0
2320779;SP;4;1;1;1;1;1;701.2;731.6;639.7;870.9;1;840
4215489;RJ;;;1;1;1;1;573.3;568.5;572.3;564.1;1;480
413222;RJ;;;1;1;1;1;424.3;549.8;550.5;503.8;1;880
677617;PE;;;0;0;0;0;;;;;;
534101;ES;2;1;0;0;0;0;;;;;;
371972;BA;2;1;1;1;1;1;544.9;571.4;557.6;579.2;1;820
3397919;MA;;;0;0;0;0;;;;;;
3595086;SP;;;1;1;1;1;646.7;650.1;614.2;771.7;1;860
1839431;SP;;;1;1;1;1;570.3;563.1;594.3;676.9;1;900
1556017;CE;;;0;0;0;0;;;;;;
3415021;PA;;;0;0;0;0;;;;;;
1499693;MG;;;1;1;1;1;584.6;599;559.4;664.5;1;860
166092;BA;;;1;1;1;1;565.6;562.2;589.5;595.5;1;960
4212141;RS;;;1;1;1;1;504;558.1;592.8;400.9;1;660
2001629;PE;;;1;1;1;1;433.4;448.4;448.6;525.8;1;320
1296153;RJ;;;1;1;1;1;591.6;562.3;548.3;686;1;940
1754471;MT;;;1;1;1;1;516.7;528.5;535.8;502.6;1;480
3950184;SE;;;0;0;0;0;;;;;;
3272847;GO;2;1;0;0;0;0;;;;;;
3547540;SP;4;1;1;1;1;1;556.7;578.6;581.7;632.3;1;820
785083;PR;4;1;1;1;1;1;638;697.4;656;925.5;1;860
3669420;BA;;;1;1;1;1;500;471.4;508.7;457;1;740
4042156;BA;2;1;0;0;0;0;;;;;;
1811427;DF;2;1;1;1;1;1;383.8;442.2;516.1;457.1;1;440
1051978;RJ;;;1;1;1;1;509;509;528;409.2;1;520
3836767;SP;;;0;0;0;0;;;;;;
1777162;PA;;;1;1;1;1;466.1;542.4;552.6;589.8;1;840
3580894;BA;;;1;1;1;1;508.5;491.2;567.7;465.1;1;600
3254552;BA;2;2;0;0;0;0;;;;;;
2024472;RS;2;1;0;1;1;0;;391.4;490.2;;1;560
2742334;ES;;;0;0;0;0;;;;;;
2134491;RO;2;1;1;1;1;1;392.6;359.5;378.6;413.1;1;580
1918593;AL;2;1;1;1;1;1;552.6;491.5;470.5;426.6;1;560
2328873;DF;;;1;1;1;1;442.8;405.6;415.9;443.9;3;0
307674;SP;;;0;0;0;0;;;;;;
273095;SP;;;1;1;1;1;550.3;558.8;554.8;384.7;1;960
55787;SP;;;1;1;1;1;515.4;627;606.7;570.8;1;840
399695;RO;;;1;1;1;1;528.5;582.4;569.7;726.3;1;920
2812784;BA;;;1;1;1;1;430.6;454.1;514.3;402.8;1;540
756200;PI;2;1;1;1;1;1;471.4;439.9;412.5;373.2;1;480
1618403;BA;2;1;1;1;1;1;400.7;465.3;511.7;452.8;1;500
3249654;PR;2;1;1;1;1;1;488.4;359.1;498.6;465;1;600
1171442;BA;2;1;1;1;1;1;439.4;411.9;508.1;431.2;1;440
2826884;TO;;;1;1;1;1;400.2;453.2;454;406.5;1;420
2924957;MG;;;0;0;0;0;;;;;;
982023;MA;2;1;1;1;1;1;382;356.8;448.4;405.8;1;600
2338475;SP;;;1;1;1;1;504.2;424.5;493.5;524.6;1;580
4172340;SP;;;0;1;1;0;;403.5;428.8;;1;540
74328;SP;;;1;1;1;1;552.7;614.9;552.7;601.5;1;740
1598110;SP;4;1;1;1;1;1;552.1;625.8;601;683.2;1;840
2882782;SP;;;1;1;1;1;509;549.5;549.4;501.7;1;700
256012;DF;;;0;1;1;0;;434.3;512.9;;1;420
1195163;SP;2;1;0;0;0;0;;;;;;
3194359;PE;;;1;1;1;1;492.6;524.8;577.4;424.9;1;740
820369;GO;2;1;0;0;0;0;;;;;;
1498552;MG;2;1;1;1;1;1;516.3;576.1;519.7;638.9;1;680
633283;RS;;;1;1;1;1;647.8;693.5;681.7;785.5;1;920
3681210;MT;;;0;0;0;0;;;;;;
926958;MG;;;1;1;1;1;600.6;652.2;518.8;740.8;1;920
2575774;SP;;;1;1;1;1;685.5;648.2;672.1;772.5;1;900
2171821;PI;1;1;1;1;1;1;568.1;594;568.3;723.5;1;920
4223606;SP;;;0;0;0;0;;;;;;
815967;PA;2;1;1;1;1;1;414.2;410.2;450.6;416.5;1;620
78273;CE;;;1;1;1;1;493.1;556;550.9;607.8;1;760
3250134;SP;2;1;0;1;1;0;;448.9;419.1;;1;480
2143475;BA;1;1;1;1;1;1;432.9;390.1;522.4;409.9;1;500
1201940;RJ;;;1;1;1;1;456.3;384.1;336.2;409.4;1;880
4102978;MG;2;1;1;1;1;1;486.3;563.2;505.5;420.8;6;0
531450;BA;;;1;1;1;1;485.3;518.9;486.3;417.4;1;480
1507730;MA;2;1;1;1;1;1;538.3;536.1;549.5;589.1;1;780
2034970;MG;;;1;1;1;1;553.1;499.3;453.8;614.4;1;620
4256902;AM;2;1;0;0;0;0;;;;;;
1159932;AM;;;1;1;1;1;465;451;419.5;430.6;1;480
150382;SC;2;1;1;1;1;1;450.5;612.1;617.9;589.6;1;580
139472;RS;;;0;0;0;0;;;;;;
937915;CE;;;1;1;1;1;463.1;533.6;538.6;607;1;860
1476460;PI;;;1;1;1;1;542.2;623.8;599.4;631.9;1;880
3793662;PE;;;0;0;0;0;;;;;;
460227;SE;;;1;1;1;1;470.9;439;463.1;500.3;1;540
846515;AM;2;1;0;0;0;0;;;;;;
1080406;RS;;;1;1;1;1;366.2;512.9;490;393.4;1;620
1991863;PR;;;1;1;1;1;568.4;550.8;568.5;623.3;1;920
517335;SP;;;0;0;0;0;;;;;;
1315899;SP;;;0;0;0;0;;;;;;
1867351;SC;;;1;1;1;1;582.2;669.7;606.4;720.3;1;800
3887899;RJ;2;1;1;1;1;1;430.9;360.8;430.9;422.4;1;680
4039493;ES;;;1;1;1;1;499.2;529.2;556.2;729.8;1;880
317634;AL;;;1;1;1;1;501.6;544;451.3;605.4;1;960
940532;PI;;;0;0;0;0;;;;;;
662225;GO;;;1;1;1;1;502;502.7;547.4;428.1;1;880
3502819;GO;2;1;1;1;1;1;567.7;647.8;607.4;478.4;1;500
1818142;PI;;;0;0;0;0;;;;;;
1514944;BA;2;1;0;1;1;0;;359.5;438.9;;1;320
2839345;RJ;;;0;0;0;0;;;;;;
2657840;RJ;;;1;1;1;1;552.1;608.1;585.8;616.9;1;920
4256921;PA;;;0;0;0;0;;;;;;
3164913;DF;4;1;1;1;1;1;628.7;653.6;634.2;706.3;1;760
1502327;PB;;;1;1;1;1;464.1;463.2;534.6;427.7;1;640
181450;PB;2;1;1;1;1;1;539.2;551;627.1;582.6;1;780
3463700;DF;2;1;1;1;1;1;456.9;397.5;537.5;461.6;1;620
1004782;SP;;;1;1;1;1;397.4;472.9;507.4;435.4;1;460
3648895;MS;2;1;0;0;0;0;;;;;;
4182213;MG;;;1;1;1;1;489.1;526.3;540.7;617;1;760
2211133;SP;;;1;1;1;1;590.5;588.1;591.4;688.7;1;800
3739885;DF;;;1;1;1;1;594.2;561;582.6;592.3;1;860
3471531;PR;2;1;0;0;0;0;;;;;;
647874;MG;;;1;1;1;1;480.9;515.7;518.1;409.8;1;500
2352305;PE;4;1;1;1;1;1;605.9;576.2;543.5;665.9;1;940
4131584;MG;;;1;1;1;1;653.8;619.4;591.3;730.3;1;560
587733;PR;;;1;1;1;1;511.5;528.6;608.1;478.7;1;540
615449;GO;;;0;0;0;0;;;;;;
1487284;PE;2;1;1;1;1;1;478.5;520.3;525.6;451.9;1;460
251341;PA;2;1;1;1;1;1;434.6;467.5;460.3;428.7;1;500
964522;PA;2;1;1;1;1;1;420.7;405.5;380.9;382.6;1;620
824904;PR;2;1;1;1;1;1;516.1;462;526.1;420.1;1;480
4088278;AM;2;1;0;0;0;0;;;;;;
1105643;RJ;;;1;1;1;1;488.4;379.9;452.3;427.8;1;620
2372320;MG;;;0;0;0;0;;;;;;
673341;BA;;;1;1;1;1;363.3;401.7;500.1;478.8;1;440
272329;SP;2;1;1;1;1;1;388.4;405;449.9;424.2;1;600
3232042;PB;;;1;1;1;1;561.9;527.4;590.2;442.4;1;800
2491311;CE;2;1;1;1;1;1;461.4;347.3;453.4;439.8;1;560
3898001;RJ;;;0;0;0;0;;;;;;
1524846;BA;;;1;1;1;1;409.4;329.2;482;387.5;1;460
3047727;SP;4;1;1;1;1;1;716.1;808.2;607.8;845.2;1;900
481991;CE;2;1;1;1;1;1;518.7;324.7;522.1;420.6;1;560
3155781;PE;2;1;1;1;1;1;537.4;505.9;543.8;658;1;600
714252;RJ;2;1;1;1;1;1;460.7;495.9;557;619.2;1;860
876057;BA;;;0;0;0;0;;;;;;
1251500;BA;2;1;1;1;1;1;497;436.8;458.3;391.2;1;740
3564978;RN;;;1;1;1;1;478.5;407.5;458.6;466.4;1;860
3772709;MA;2;1;0;0;0;0;;;;;;
876435;SC;2;1;1;1;1;1;435.9;523.2;520.6;378.1;1;680
1438138;CE;;;1;1;1;1;383.5;383.7;429.7;421.2;1;440
3056153;PE;2;1;1;1;1;1;472.1;482.1;519.3;521.8;1;640
3109055;BA;2;1;0;1;1;0;;353.4;435.6;;3;0
2416932;CE;2;1;1;1;1;1;463.1;361.1;421.3;422.9;1;400
2128649;PR;2;1;1;0;0;1;467.4;;;451.2;;
1978109;RS;;;0;0;0;0;;;;;;
3356212;SP;;;0;0;0;0;;;;;;
1680408;AL;;;1;1;1;1;486.5;590.4;593.7;618.9;1;680
3011879;PE;;;0;0;0;0;;;;;;
3566384;BA;;;0;0;0;0;;;;;;
2084735;MT;4;1;0;0;0;0;;;;;;
2314167;BA;2;1;0;0;0;0;;;;;;
2118568;DF;;;0;0;0;0;;;;;;
3022330;SC;;;1;1;1;1;565;465.1;486.2;501.3;1;660
2957706;SC;2;1;0;0;0;0;;;;;;
3474917;SP;;;1;1;1;1;569.6;622.3;553.5;564.6;1;660
3387427;SP;;;1;1;1;1;465.8;459.9;482.7;489.8;1;420
2293427;PB;;;1;1;1;1;485.7;517.8;468.1;424.7;1;380
2580235;RJ;4;1;1;1;1;1;430.8;514.3;508.9;598.7;1;840
2216716;PA;;;1;1;1;1;659.6;659.9;621.6;698;1;920
975916;GO;;;1;1;1;1;406.1;540.5;512.2;420.2;1;660
3540446;CE;;;0;0;0;0;;;;;;
1027056;RJ;;;1;1;1;1;620.4;618.3;659.1;770;1;960
1109423;PA;;;1;1;1;1;447.6;351.4;437.6;403.5;4;0
2861328;AP;2;1;1;1;1;1;462.2;411.1;396.9;394.7;1;500
997758;AM;;;1;1;1;1;480.1;559.3;532.9;491.7;1;540
1071240;PB;;;1;1;1;1;370.9;324.3;350;421.5;1;320
4268247;BA;;;0;0;0;0;;;;;;
1569947;CE;;;0;0;0;0;;;;;;
1285072;AC;2;1;1;1;1;1;544.7;436.2;523.6;419.4;1;720
2806816;SC;4;1;1;1;1;1;666.5;627;554;643.3;1;600
3402599;PA;;;1;1;1;1;377.4;336.8;326;402.6;1;520
329428;PR;;;1;1;1;1;493;304.7;412.7;394.1;1;480
828130;SP;;;1;1;1;1;692.4;685.8;616.1;836.6;1;740
491839;MA;;;1;1;1;1;480.7;543.8;496.2;419.7;1;720
1308609;CE;;;1;1;1;1;400.4;482.1;421.7;465.7;8;0
3934460;RO;2;1;1;1;1;1;460.2;526.2;516.2;420.7;6;0
2811089;SP;;;1;1;1;1;606.4;617;602.1;745.8;1;820
1776571;PB;4;1;1;1;1;1;613.2;614;571.3;730.8;1;880
3821311;PR;;;1;1;1;1;585;585.2;605.4;550.8;1;620
1640410;BA;;;1;1;1;1;442.1;364.8;368.2;422.5;4;0
372104;MG;;;1;1;1;1;681;643.2;614.3;730.7;1;800
3064121;PE;;;1;1;1;1;438.1;408;422.7;431.1;4;0
1403152;AP;;;1;1;1;1;458.3;514.9;518.3;391.8;1;520
686492;PR;2;1;1;1;1;1;491.6;565.3;563.2;437.1;1;720
2009506;MS;;;0;1;1;0;;380.6;412.3;;1;440
1007311;MT;2;1;1;1;1;1;398.2;466.2;478.8;505.9;1;520
3685882;MG;;;1;1;1;1;595.3;602.6;584.1;709.3;1;900
1831816;DF;4;1;1;1;1;1;566.1;549;555;607.8;1;600
3955718;MA;;;1;1;1;1;515.6;586;543.4;524;1;660
159876;SP;2;1;1;1;1;1;433.3;483.9;545;467.9;1;720
2966686;CE;;;1;1;1;1;508;499.6;541.6;492.3;1;660
1568635;PI;2;1;1;1;1;1;377.4;397.1;417.6;529.8;1;480
2071800;SP;;;1;1;1;1;579;632.4;587.6;653.1;1;660
688052;MG;;;1;1;1;1;570.2;632.8;593.1;722.5;1;880
2083707;BA;;;0;0;0;0;;;;;;
1448259;PI;;;1;1;1;1;536.9;564.4;581.5;525.9;1;640
2237165;PR;2;1;1;1;1;1;449.5;564.8;541.2;394.7;1;700
3241321;BA;2;1;0;1;1;0;;390.1;388.5;;1;320
3068917;PR;2;1;1;1;1;1;417.9;350.3;378.8;401.4;1;280
1675313;SP;2;1;1;1;1;1;416.6;503.4;461.4;377.6;1;400
2470016;BA;;;1;1;1;1;386.8;474.8;407.3;383;1;500
3006218;SE;;;1;1;1;1;412.8;451.5;482;389.9;1;600
3592789;CE;;;1;1;1;1;410.4;415.2;507.9;558.7;1;580
324227;BA;;;1;1;1;1;523.1;451.4;503.6;412.9;1;720
3886385;PR;;;1;1;1;1;423.2;522.1;551;543.6;1;560
610026;AP;;;1;1;1;1;473.8;408.4;532.3;439.8;1;500
1702258;BA;;;0;0;0;0;;;;;;
4052202;BA;2;1;0;0;0;0;;;;;;
263073;BA;2;2;1;1;1;1;402.3;371;489.6;397.3;1;660
2291584;PE;;;1;1;1;1;479.1;401.8;485.9;498.5;1;720
1954701;AL;;;1;1;1;1;508;515.6;543.2;527.2;1;920
1146233;MG;2;1;1;1;1;1;407.5;462.4;472.5;454;1;600
2776481;MA;2;1;1;1;1;1;418.5;443.5;474.5;427.5;1;360
970938;CE;2;1;1;1;1;1;431.1;444.4;499.6;397.7;6;0
3592385;SP;;;0;0;0;0;;;;;;
2770673;SP;2;1;1;1;1;1;373.7;547.5;521.4;546.2;1;920
2418080;AM;;;1;1;1;1;468.1;496.6;534.5;438.5;1;840
1953846;GO;;;1;1;1;1;622.4;499.1;533.2;626.9;1;560
2299275;ES;2;1;1;1;1;1;573.7;627.2;645.4;538;1;760
3496990;SP;4;1;1;1;1;1;454;517.1;550.1;447.1;1;740
3125533;PA;2;2;1;1;1;1;454.4;448.5;468.1;465.3;1;540
1634242;BA;;;0;0;0;0;;;;;;
3019172;RS;;;0;0;0;0;;;;;;
2984843;AP;;;0;0;0;0;;;;;;
733522;MG;2;1;0;0;0;0;;;;;;
4249923;AM;2;1;0;0;0;0;;;;;;
2881869;RJ;4;1;1;1;1;1;616.6;661;622.8;733.7;1;920
1888910;BA;2;1;1;1;1;1;447.5;485.4;400.7;424.9;1;520
1503685;AL;;;1;1;1;1;616.5;645.5;625.5;702.5;1;940
3298473;RS;;;1;1;1;1;453.4;506.3;511;527.6;1;880
1698964;SP;;;1;1;1;1;413.1;342.6;311.2;534.5;1;440
1026423;CE;2;1;1;1;1;1;485.5;410.1;379.6;378.9;1;540
2613741;SP;;;1;1;1;1;391.3;482;534.1;419.5;1;580
38283;PR;;;1;1;1;1;424.2;329.6;411.6;410.9;1;520
40096;MG;2;1;1;1;1;1;385.2;421.6;479;478.5;1;520
2491735;PI;;;1;1;1;1;394.9;531;543.6;563;1;640
289236;MA;;;0;0;0;0;;;;;;
3662705;AM;;;0;0;0;0;;;;;;
3608503;PE;2;1;0;0;0;0;;;;;;
2575429;MG;;;1;1;1;1;431.2;422.3;464.5;508.8;8;0
627946;CE;;;1;1;1;1;502.6;503.4;543.6;552.6;1;900
2615511;PR;;;1;1;1;1;565.1;618.2;638;600.7;1;880
1768475;PE;;;1;1;1;1;397.3;433.9;386.8;447.4;1;480
3974009;RJ;;;0;0;0;0;;;;;;
2277297;DF;1;1;1;1;1;1;659.6;606.4;615.4;798.2;1;780
2053806;PI;;;1;1;1;1;531.3;411.3;540.1;601.1;1;940
2843796;RJ;;;1;1;1;1;477.1;395;453.9;413.3;1;540
1411219;RJ;2;1;1;1;1;1;513.7;458.1;508.2;452;1;660
2880206;ES;2;1;1;1;1;1;482.2;424.3;571;376.7;1;620
26390;PI;;;1;1;1;1;450.2;573.9;523.3;461.4;1;580
1013244;AM;;;1;1;1;1;412.2;485;508;411.2;1;560
3911530;BA;2;2;1;1;1;1;468.2;447.2;478.2;432.1;3;0
132343;MS;2;1;1;1;1;1;568.9;559.9;529.2;637.8;1;680
2894574;RN;;;1;1;1;1;368;408.2;412.4;472.4;1;600
553405;AM;;;0;1;1;0;;399;470;;1;480
2569826;SP;2;1;1;1;1;1;437.7;566.6;561.8;655.2;1;560
2301999;PA;1;1;1;1;1;1;526.3;563.1;544.6;704.5;1;760
4153873;RS;2;1;0;0;0;0;;;;;;
3400867;PA;;;1;1;1;1;524.6;640.2;641.9;488.4;1;660
3025002;CE;;;1;1;1;1;492.1;487.1;517.8;400.5;1;720
1813651;SP;2;1;1;1;1;1;526.7;470.7;531.8;531.8;1;560
3048271;SP;4;1;1;1;1;1;640.3;644.4;629.1;689.1;1;840
1728583;PA;;;1;1;1;1;365.4;374.7;524;387;1;340
2699660;RN;;;0;0;0;0;;;;;;
3911523;BA;;;0;0;0;0;;;;;;
3528379;PI;;;1;1;1;1;533.2;499.9;514.8;455.5;1;540
3748953;RJ;4;1;0;0;0;0;;;;;;
3043093;PI;2;1;1;1;1;1;580;402.5;319.3;479.7;1;560
897664;RO;2;1;1;1;1;1;485.1;523.6;498.6;576.2;1;780
1648008;MG;;;1;1;1;1;599.9;612.9;621.8;614.8;1;820
1020684;MA;2;1;1;1;1;1;549.6;572.4;562.3;438.2;1;460
1951649;SP;;;1;1;1;1;541.4;546.1;594.7;406.1;1;740
2795443;RJ;4;1;0;0;0;0;;;;;;
2224335;SE;;;1;1;1;1;498.7;614.1;579.6;644.1;1;860
367517;MA;;;0;0;0;0;;;;;;
2615236;MG;;;1;1;1;1;545.1;469.8;507.1;625.5;1;760
3604163;PA;;;0;0;0;0;;;;;;
740924;CE;2;1;0;0;0;0;;;;;;
1954309;PB;4;1;1;1;1;1;523.8;561.5;563.9;647.1;1;880
1356868;RS;2;1;1;1;1;1;364.7;462.1;560.4;434.4;1;720
3164210;DF;;;0;0;0;0;;;;;;
3137922;SP;4;1;1;1;1;1;502.9;416.9;432.9;419.3;1;580
2263190;MA;2;2;1;1;1;1;436.5;352.9;341.3;470.4;1;340
218916;BA;;;0;0;0;0;;;;;;
761846;GO;;;1;1;1;1;467;404;489.4;512.1;1;700
258463;PE;;;1;1;1;1;483.8;641.9;621.3;521.1;1;780
1927641;SP;4;1;1;1;1;1;586.5;641.3;603.8;719.9;1;760
1506181;AL;;;0;0;0;0;;;;;;
2809473;MG;;;0;0;0;0;;;;;;
2049839;CE;;;1;1;1;1;559.5;498.8;526.5;533.3;1;600
1877096;PA;;;1;1;1;1;446.9;512.4;525.7;425.1;4;0
1899109;RN;;;0;0;0;0;;;;;;
2860870;RJ;;;0;0;0;0;;;;;;
3203255;MG;;;1;1;1;1;498.8;505.8;555.8;520;1;400
163934;BA;;;1;1;1;1;550.5;602.6;558.4;559;1;620
3879150;AP;2;1;0;0;0;0;;;;;;
3909622;PR;2;1;0;0;0;0;;;;;;
3633465;MT;;;0;0;0;0;;;;;;
2194502;SC;;;1;1;1;1;525.1;492.5;491;628.1;1;480
718530;RJ;4;1;1;1;1;1;645.8;648.4;634.1;796.3;1;920
1250112;PA;;;1;1;1;1;483.3;485.5;481;395.8;1;780
136801;PA;;;1;1;1;1;509.3;533.7;569.4;521;1;940
1012158;MT;;;0;0;0;0;;;;;;
3896700;RS;4;1;1;1;1;1;560.6;602.1;577.9;697.9;1;880
87880;CE;;;1;1;1;1;536.1;547.5;571.3;658;1;880
2204087;RJ;;;1;1;1;1;608.5;614.8;580.2;706.4;1;680
153898;PE;;;1;1;1;1;511;413.2;539.1;438;4;0
3782788;MG;;;1;1;1;1;543.2;336.8;444;484.5;1;780
1875987;RJ;2;1;0;0;0;0;;;;;;
2965295;MG;2;1;1;1;1;1;542.4;459.7;575.1;535.8;1;540
158725;CE;2;1;1;1;1;1;474.4;546.2;561.2;602.3;1;680
1464948;RN;;;1;1;1;1;594.4;634;621.7;684.3;1;800
2719604;PR;2;1;1;1;1;1;459.3;401.2;516.8;527.1;1;580
1333081;PA;2;2;1;1;1;1;437.5;504.6;535.8;501.9;1;440
179663;MG;2;1;1;1;1;1;464.4;410.9;446.6;375.5;1;540
3918678;BA;;;1;1;1;1;438.7;578.3;553;622.3;1;520
2088403;PA;;;1;1;1;1;635.9;632.3;614.2;807.5;1;880
790609;MG;;;1;1;1;1;501.3;591.6;516;592;1;820
514120;MA;;;1;1;1;1;382.1;352.5;433.1;393.1;1;760
1097216;CE;2;1;1;1;1;1;453.8;338.1;331.5;431;1;80
4034850;CE;;;1;1;1;1;393.1;435.3;482.7;477.2;1;640
3932546;AM;2;2;0;0;0;0;;;;;;
2176257;GO;2;1;1;1;1;1;540.6;574;546.8;653.6;1;940
1059483;RN;2;1;1;1;1;1;506.9;482.1;477.3;417.3;1;380
3554483;SP;;;0;0;0;0;;;;;;
3800052;SE;2;1;0;0;0;0;;;;;;
873580;GO;2;1;1;1;1;1;411.1;450.3;437.9;407.4;1;400
2685245;SP;;;0;0;0;0;;;;;;
3218016;PR;2;1;1;1;1;1;440.7;433.5;520.7;506.8;1;560
2458026;RN;4;1;1;1;1;1;615.7;632.5;587.9;731.9;1;720
566126;RS;2;1;1;1;1;1;466.8;493.9;486.4;394.4;1;760
356024;GO;2;1;1;1;1;1;594;560.5;574.2;461.2;1;540
2465010;MG;;;1;1;1;1;495.1;499;519.6;602.3;1;600
673943;MA;;;1;1;1;1;463.8;471.6;419.6;409.5;1;540
797997;RJ;;;1;1;1;1;448.6;538;591.1;458.9;1;620
2506268;PE;;;1;1;1;1;431.2;485.2;483.8;420.5;1;520
636007;TO;;;1;1;1;1;552.3;500.4;431.7;416.5;1;640
1421002;CE;;;1;1;1;1;474.8;562;581.7;574.4;1;900
722191;CE;;;1;1;1;1;489;357.1;534.8;408;1;880
3306352;SP;;;0;0;0;0;;;;;;
3967398;SP;;;0;0;0;0;;;;;;
2797830;PE;4;1;0;1;1;0;;666.6;634.1;;1;900
2159718;PI;;;1;1;1;1;587.1;565.2;620.2;675.5;1;920
3308600;SP;2;1;1;1;1;1;483.1;489.7;518.2;436.7;1;400
325865;RN;;;1;1;1;1;435.3;434.3;428.2;434.4;1;340
1751008;RS;4;1;1;1;1;1;594.6;638.2;629.6;715.9;1;940
3483460;ES;;;1;1;1;1;577.9;625.3;565.8;667.9;1;820
27802;PR;;;0;0;0;0;;;;;;
2026757;BA;;;0;0;0;0;;;;;;
380646;RS;2;1;1;1;1;1;502.4;562;559.5;633.9;1;880
3162363;SP;;;1;1;1;1;515.6;576.3;592;647.5;1;600
610188;RJ;;;1;1;1;1;545;550.2;563.4;524.5;1;560
3027573;BA;2;2;1;1;1;1;369.1;405.5;440.9;492.6;1;280
2303183;BA;;;1;1;1;1;554.8;396.2;463.2;503.1;1;500
4219206;RS;2;1;1;1;1;1;410.8;392.3;474.5;392.4;1;480
1787494;MG;;;1;1;1;1;381.5;419.4;546.7;424.1;1;540
1584192;SC;4;1;1;1;1;1;611.5;625.2;623.5;632.8;1;880
3108552;SP;;;1;1;1;1;536.4;504.3;530.1;575.4;1;800
2760736;PI;2;1;0;0;0;0;;;;;;
1831442;MG;4;1;1;1;1;1;520.9;700.3;583.2;780.9;1;920
2689284;MG;;;1;1;1;1;569.3;594;560.8;726.7;1;900
3722531;AP;;;0;0;0;0;;;;;;
3558472;RO;;;0;0;0;0;;;;;;
3574895;SP;2;1;1;1;1;1;580.1;717.9;610.5;699.5;1;460
3416344;RS;;;1;1;1;1;465.8;494;543;423.1;1;640
914228;BA;;;1;1;1;1;432.4;330.2;438.9;430;1;360
3855752;MG;;;1;1;1;1;509.1;479.2;542.5;460.7;1;700
1485635;GO;2;1;0;0;0;0;;;;;;
226689;PE;;;1;1;1;1;576.1;609.1;647.9;730.3;1;580
2187578;PA;;;1;1;1;1;498.7;666;563.7;503.5;1;540
1128857;CE;2;1;1;1;1;1;436.7;574.4;545.8;460.8;1;680
1780559;BA;2;1;1;1;1;1;459.7;487.6;516.1;454.5;1;640
3889489;MG;;;1;1;1;1;439;376.5;436.5;438.1;1;360
3418006;SC;2;1;1;1;1;1;611.2;602.6;592;630.9;1;700
1740149;RS;;;0;0;0;0;;;;;;
3122446;RN;;;0;0;0;0;;;;;;
647344;GO;2;1;1;1;1;1;438.1;568.8;559.3;532.1;1;820
3783158;RJ;;;0;0;0;0;;;;;;
3131662;PE;;;1;1;1;1;417.2;365.8;511.5;431.3;1;520
616364;CE;2;1;1;1;1;1;436.9;449;474.3;462;1;420
1051932;PA;2;1;1;1;1;1;478.6;534.5;477.1;385.2;1;620
3029317;MT;;;1;1;1;1;469.5;383.6;350;390.5;4;0
2047430;PI;;;1;1;1;1;592.6;594.1;532.4;795.8;1;900
4064479;MG;2;1;0;1;1;0;;453.5;481.2;;1;520
2746963;PE;;;1;1;1;1;586.6;667.4;608.3;759;1;800
4072109;MG;;;0;0;0;0;;;;;;
1701118;BA;2;2;0;0;0;0;;;;;;
2444577;SP;;;1;1;1;1;589.7;564.7;504.8;493.1;1;580
2334593;DF;;;1;1;1;1;485.9;471.8;514.4;430.1;1;620
196087;MT;;;1;1;1;1;454.4;415.6;417.2;392;1;640
3467489;PA;;;1;1;1;1;474;497.5;547.9;445.2;1;500
1069757;SE;2;1;1;1;1;1;412.6;433.7;419.5;421.3;1;540
1437788;MT;4;1;1;1;1;1;432.9;440.7;498.8;408;1;820
3689628;TO;;;1;1;1;1;523.2;475;515.8;585.9;1;480
846327;GO;2;1;1;1;1;1;501.6;543.4;565.8;578.9;1;560
1094254;GO;;;1;1;1;1;666.4;668.8;577.8;691.2;1;880
3570103;SP;4;1;1;1;1;1;642.8;589.3;607.5;696.6;1;700
3609916;SP;;;0;0;0;0;;;;;;
4180268;BA;2;1;0;0;0;0;;;;;;
2013633;ES;;;1;1;1;1;510.6;462.1;478.9;442.7;8;0
2111269;PE;;;0;0;0;0;;;;;;
1503405;MG;;;0;0;0;0;;;;;;
1859163;RN;2;1;1;1;1;1;498.2;461.2;530.2;383.9;1;820
3240013;MT;2;1;0;0;0;0;;;;;;
2240768;PE;;;1;1;1;1;588.6;644.7;597.8;702.7;1;920
3786300;GO;;;1;1;1;1;529.7;339.2;460.7;446.8;1;360
4164287;RS;;;1;1;1;1;584.6;640.5;607.6;778.1;1;720
732987;CE;2;1;0;1;1;0;;528;568.9;;4;0
532212;SP;2;1;0;0;0;0;;;;;;
684946;MA;2;1;1;1;1;1;484.8;380;497.9;484.7;1;820
2768263;PA;;;0;0;0;0;;;;;;
3647172;MT;2;1;0;1;1;0;;412;515;;1;660
458067;RN;;;1;1;1;1;467.5;403.2;405.9;434.9;1;420
1654841;CE;2;1;1;1;1;1;416.9;392.4;480.3;456.5;1;600
1016126;PR;;;0;0;0;0;;;;;;
2451026;SC;;;1;1;1;1;582.1;597.5;566.3;647;1;740
3986653;MG;;;1;1;1;1;459.5;537.7;540.4;489;1;800
3961145;AM;;;0;1;1;0;;618.2;559.6;;1;640
2112473;BA;2;1;1;1;1;1;603.8;605.9;607.7;638.7;1;720
1778296;MA;;;0;0;0;0;;;;;;
771544;MG;2;1;1;1;1;1;545.8;623.6;572.7;543.2;1;700
686729;CE;;;1;1;1;1;468.7;432.4;419.7;413.1;1;480
3497983;SP;1;1;1;1;1;1;613.5;606.4;626.8;702.8;1;940
2113085;PE;;;1;1;1;1;455.9;410.2;459.3;385.4;1;660
353585;MS;1;2;1;1;1;1;656.4;688.6;601.3;785.6;1;920
516179;MA;2;1;1;1;1;1;420.9;428.5;482.3;448.9;1;600
2805179;RS;;;0;1;1;0;;553.1;554.5;;1;560
2438002;RJ;;;0;0;0;0;;;;;;
2200032;PB;;;1;1;1;1;502.2;350.2;393.1;456.6;1;580
3968177;PA;;;1;1;1;1;585.5;692.5;650;612.1;1;680
3541870;BA;;;1;1;1;1;518.8;622.8;582.4;607.1;1;920
2294359;SP;1;1;1;1;1;1;560.8;578.2;585.3;625.8;1;540
1722180;PA;;;0;0;0;0;;;;;;
3180826;BA;;;1;1;1;1;445.6;418.4;414.1;420.3;1;520
1168516;PB;2;1;1;1;1;1;457;344.8;433.4;418.1;1;520
370368;MG;;;1;1;1;1;577.6;586.3;596;659.1;1;880
3204071;SP;2;1;0;0;0;0;;;;;;
717645;SP;;;1;1;1;1;472.1;348.1;404.1;456.7;1;800
1686475;PB;;;0;0;0;0;;;;;;
2391035;PR;;;1;1;1;1;489.6;479.6;557.8;477.3;1;560
1613672;CE;;;1;1;1;1;428.5;395.9;555.3;403.4;1;840
3885645;BA;;;1;1;1;1;536.1;478.6;552;460.7;1;620
1940643;MS;;;1;1;1;1;469.1;536.9;565.4;549.3;1;600
463643;CE;;;1;1;1;1;450.7;381.9;355;385.4;4;0
3818162;SP;;;1;1;1;1;624.4;671.7;666.4;703.8;1;800
3790973;PE;;;1;1;1;1;393.1;459.6;343.6;473.2;1;600
1753021;AC;;;1;1;1;1;483.8;525.5;497.5;605.5;1;740
3156074;PI;;;1;1;1;1;479.7;634.9;600.3;696;1;880
1642419;SP;2;1;1;1;1;1;588.7;607.8;583.7;723.8;1;900
1752704;PR;4;1;1;1;1;1;680.8;703;607.8;679.1;1;960
2014233;PE;;;1;1;1;1;433.9;481.9;530.2;588.5;1;780
1563113;MA;;;1;1;1;1;401.4;446.8;498.7;463.4;1;400
3455463;MG;;;1;1;1;1;663.2;647.8;572.1;826.3;1;860
3241910;PR;2;1;1;1;1;1;507.9;529.3;500.5;481.1;1;460
4061304;RJ;1;1;0;0;0;0;;;;;;
2548198;BA;2;1;1;1;1;1;473.6;458.6;485.1;478.7;1;920
1641182;PR;2;1;1;1;1;1;412;394;403.8;421.4;1;400
934927;MS;;;0;0;0;0;;;;;;
491605;CE;2;1;1;1;1;1;472.1;527.5;549.7;634.2;1;880
1505461;RS;;;1;1;1;1;566.6;663;603.8;708.3;1;860
616340;SE;;;1;1;1;1;531.6;440.9;403.7;472.3;3;0
408729;AL;2;1;1;1;1;1;465.7;436.6;474.2;427.2;1;660
2470770;CE;2;1;1;1;1;1;526.4;538.8;562.9;553.2;1;880
2446326;PI;;;0;0;0;0;;;;;;
2186553;SP;;;1;1;1;1;578.9;659.5;639.7;641.7;1;700
80595;RJ;2;1;1;1;1;1;432.2;481.8;481.5;524.5;1;520
1322604;BA;;;1;1;1;1;533.3;550.3;566.7;484.4;1;700
1468615;AM;;;1;1;1;1;448.9;502;539.6;396.8;1;520
1375544;SP;;;1;1;1;1;598;608.7;621.2;578.1;1;660
371925;ES;;;0;0;0;0;;;;;;
3016907;PA;2;1;0;0;0;0;;;;;;
4175147;ES;2;1;1;1;1;1;525.7;555.6;550;609.3;1;540
1148259;PA;2;1;0;0;0;0;;;;;;
1145478;SP;2;1;0;0;0;0;;;;;;
2433152;PB;;;1;1;1;1;571.9;538.8;552.9;566.5;1;820
3410408;PA;;;0;0;0;0;;;;;;
2848857;SP;;;1;1;1;1;546.7;432.6;511.1;617.9;1;680
3529391;MG;;;1;1;1;1;488;569.7;586.4;439;1;700
484708;SP;;;0;0;0;0;;;;;;
2337586;PE;4;1;0;2;2;0;;;;;;
218644;AC;2;1;1;1;1;1;387;542.8;526.5;485.5;1;660
2064952;PE;;;1;1;1;1;551.7;617.5;609.3;574.6;1;720
2526040;SP;2;1;1;1;1;1;539.5;559.7;575.6;607.2;1;740
2821748;PE;;;1;1;1;1;424.4;392.1;497.3;409.6;1;620
2896194;PR;;;1;1;1;1;717.7;682.9;686.8;816.9;1;920
2227265;RJ;;;1;1;1;1;440.9;479.2;457.2;377.5;1;280
4204374;PB;;;1;1;1;1;511.2;554.9;537.4;448.1;1;360
3909758;SP;4;1;1;1;1;1;569.9;495.7;520.4;643.6;1;680
4240673;BA;2;1;1;1;1;1;386.9;390;455;396.1;1;360
4158762;RS;2;1;0;0;0;0;;;;;;
3895386;SP;;;1;1;1;1;541.3;611.9;592.1;525.5;1;620
3086096;MG;2;1;0;1;1;0;;509.3;545;;1;540
4027601;SE;;;0;0;0;0;;;;;;
3671492;PE;2;1;1;1;1;1;465;338.6;522.6;494.6;1;440
3924801;AC;;;1;1;1;1;459.2;558.1;576.2;757.3;1;800
2058512;PE;;;1;1;1;1;470.3;413.2;495.3;488.1;1;460
173735;CE;2;2;1;1;1;1;379.2;358.6;538.9;537;1;460
1240077;TO;2;1;1;1;1;1;539.6;446;586.3;656;1;640
1664308;BA;2;1;1;1;1;1;525.8;538;559.9;425.5;1;680
3282234;TO;;;1;1;1;1;539.8;367;572.8;520.5;1;820
3292119;MG;2;1;1;1;1;1;517.2;598.4;581.7;466.4;1;660
4089345;AL;;;1;1;1;1;584.3;607.4;596.9;612.5;1;900
1684321;MG;2;2;1;1;1;1;432.5;461.4;504.5;503.6;1;580
3108781;AP;;;0;0;0;0;;;;;;
3420675;MS;;;1;1;1;1;441.7;545.3;542.7;402.9;1;640
303869;CE;2;1;1;1;1;1;457.3;566.7;553.5;590.3;1;640
182102;RN;2;1;1;1;1;1;476.8;555.9;516.6;439.9;1;600
2147154;PE;;;1;1;1;1;482.2;586;534.8;613;1;720
1348768;RJ;;;1;1;1;1;583.2;532.8;466.9;578.9;1;800
3941465;RJ;2;1;0;0;0;0;;;;;;
59095;PE;;;1;1;1;1;518.1;557.9;445;743;1;680
106517;RS;2;1;1;1;1;1;579.5;630.9;610.2;659.8;1;800
1650901;RJ;;;1;1;1;1;646.9;676.5;653.1;662.2;1;920
1312710;MT;;;1;1;1;1;573.5;592.2;566.9;509.6;1;460
3699777;SP;2;1;1;1;1;1;438.4;489.5;346.1;408.8;1;400
511332;SP;;;1;1;1;1;411.8;400.4;433.6;446.6;1;440
3836180;MS;;;1;1;1;1;543.5;389.1;519.1;401.3;1;560
1158821;GO;;;1;1;1;1;553.2;519.5;576.7;742;1;960
3231183;SE;;;1;1;1;1;494.3;450.1;519.2;426;1;760
3535539;TO;;;1;1;1;1;433.1;460.4;531.5;453.5;1;560
976516;MG;2;1;0;0;0;0;;;;;;
1964843;SC;2;1;1;1;1;1;423.9;489.5;525;475.6;1;580
4204918;RJ;;;1;1;1;1;574.8;642.1;628.4;719.2;1;820
201687;AP;2;1;1;1;1;1;468.3;579.2;605.8;544.3;1;820
3634750;SP;2;1;0;0;0;0;;;;;;
3466715;CE;;;1;1;1;1;459.3;473.4;475.4;409.6;1;660
1517467;SP;;;0;0;0;0;;;;;;
2983662;SP;;;1;1;1;1;525.1;495.4;568.2;542.8;1;400
3173180;SP;2;1;1;1;1;1;503.7;579.9;555.5;482.7;1;480
770221;BA;;;1;1;1;1;521.6;543.9;528.5;548.9;1;880
1208420;MG;;;1;1;1;1;608.2;588;568.9;675.8;1;880
1894714;MG;2;1;0;0;0;0;;;;;;
207438;MA;2;1;1;1;1;1;505.7;471.4;566.8;576.6;1;740
1404826;SP;;;1;1;1;1;582.9;553.8;543.6;481.1;1;600
2793318;AC;;;1;1;1;1;469;595.4;584.1;406.8;1;700
557599;MA;;;1;1;1;1;536.5;566.1;592.6;600.7;1;860
1755838;CE;;;1;1;1;1;440.6;486.9;527.2;533.6;4;0
2610330;SP;2;1;1;1;1;1;519.4;593.3;583.2;625.1;1;480
1050839;ES;;;1;1;1;1;399;571.5;556.6;450.2;1;460
4309445;SP;;;0;0;0;0;;;;;;
757183;CE;;;1;1;1;1;407.6;581.1;547.8;451.3;1;760
2829120;SP;4;1;1;1;1;1;584.3;364.7;515.5;592.2;1;920
1620717;CE;;;1;1;1;1;564.4;475.8;459.6;548.7;1;880
3337367;RJ;;;1;1;1;1;705.5;761.9;668.7;694.1;1;800
1806875;PA;;;1;1;1;1;561.8;574.9;598.5;406.9;1;740
3060532;RJ;2;1;1;1;1;1;539.8;614.9;563.8;596.8;1;540
1796932;BA;;;1;1;1;1;432.1;534.1;488.5;634.2;1;900
711498;CE;;;1;1;1;1;637.7;647.2;685.2;726.2;1;560
2805058;MT;2;1;1;1;1;1;587.5;578.1;568.5;673.8;1;600
3696187;BA;2;1;0;0;0;0;;;;;;
1397331;RJ;;;1;1;1;1;546.9;625;628;704.4;1;940
665001;SP;4;1;1;1;1;1;705.5;720.3;625.3;897.4;1;960
3274758;SP;;;1;1;1;1;496.3;582.9;595;677.5;1;780
1777615;MA;;;1;1;1;1;524.1;589.4;490.1;504.1;1;640
1581658;BA;;;0;0;0;0;;;;;;
3667026;BA;2;1;0;0;0;0;;;;;;
2448375;RJ;2;1;1;1;1;1;478;312.3;417.2;420.5;1;640
4073275;CE;;;0;0;0;0;;;;;;
1162033;BA;2;1;1;1;1;1;417.1;340.4;469.8;466.5;1;480
643818;SP;;;1;1;1;1;452.5;554.4;495.6;621.4;1;660
1220942;RS;;;1;1;1;1;590.8;647.3;630.8;611.1;1;620
2572860;RJ;;;1;1;1;1;620.6;656;596.9;721.9;1;800
2948881;RJ;;;1;1;1;1;565.7;587;606.5;589.1;1;640
2802190;PA;;;1;1;1;1;477.1;451.9;351.8;434.1;1;560
965118;BA;;;1;1;1;1;366.5;432.4;496.4;468.4;1;480
687930;BA;;;1;1;1;1;463.8;551.2;561.5;452.6;1;760
2299767;SP;;;1;1;1;1;631.2;574.5;578;718.2;1;860
2585333;SP;;;1;0;0;1;541.1;;;577.8;;
1210879;PE;;;1;1;1;1;523.4;569.4;567;481.3;1;580
2734572;PB;;;0;0;0;0;;;;;;
77867;SP;2;1;1;1;1;1;579;586.9;575.2;608.8;1;720
2927796;RN;2;1;1;1;1;1;422.9;397.1;352.6;411.9;3;0
2141328;CE;;;1;1;1;1;596.4;584.8;564.7;647.2;1;720
2756393;MG;;;1;1;1;1;584.2;642.4;611.8;654.4;1;620
3607954;DF;2;1;1;1;1;1;443.6;441.3;474.2;423;1;640
2979157;SP;2;1;1;1;1;1;418.3;525.4;521;517.4;1;380
574506;CE;;;1;1;1;1;595.9;599.6;614.5;597.9;1;860
2399280;SE;1;1;1;1;1;1;571;452.1;480.8;456.3;1;720
3875550;BA;;;1;1;1;1;435.2;507.4;448.1;466;1;240
517991;PE;4;1;1;1;1;1;609.6;616.7;576.7;656.3;1;900
485431;AP;2;1;1;1;1;1;383.4;497.6;493.1;557.9;1;660
973858;BA;;;1;1;1;1;366.2;436.3;491.2;407.6;1;500
2084291;PR;4;1;1;1;1;1;621.1;538.6;579.7;693.3;1;860
4144968;PR;;;1;1;1;1;483.2;555.3;468.6;428.5;6;0
199811;MG;;;1;1;1;1;377.1;575.7;571.8;471.8;1;860
2085555;MG;2;1;0;0;0;0;;;;;;
2187904;PB;4;1;1;1;1;1;549;547.2;576.5;607.6;1;940
3935181;RO;;;0;2;2;0;;;;;;
3184111;RS;;;1;1;1;1;515.7;525.6;539.6;443;1;760
2837137;SC;;;0;0;0;0;;;;;;
2807162;AL;;;1;1;1;1;452.5;517.9;500.9;421.2;1;620
4273546;SP;;;1;1;1;1;415.9;518.8;534.7;470.2;1;580
88351;PI;;;1;1;1;1;412.9;474.6;429.6;439.9;1;520
423624;BA;;;1;1;1;1;613.5;693.7;607.7;650.8;1;920
2007897;SP;;;1;1;1;1;575.4;572.4;572.8;603.8;1;640
78774;ES;;;1;1;1;1;637.9;587.1;593.7;758;1;780
1717688;CE;;;1;1;1;1;472.1;428.4;512.2;449.6;1;640
66626;MA;;;0;0;0;0;;;;;;
3252995;MG;4;1;1;1;1;1;643.6;644.4;663.1;851.6;1;860
1865447;PA;;;1;1;1;1;388.9;427.8;339.2;424.8;3;0
3968073;AM;;;0;0;0;0;;;;;;
1532495;SP;;;0;0;0;0;;;;;;
3883633;RJ;1;2;1;1;1;1;534.7;490.2;534.6;498;1;700
3805809;DF;;;1;1;1;1;372.8;428;337.9;437.1;6;0
1711796;RJ;;;1;1;1;1;509;375.9;492;479.2;1;600
2723679;RO;;;1;1;1;1;530.3;593.8;501.8;424.7;1;700
1051255;AL;2;1;1;1;1;1;485.9;405.2;544.4;479.5;1;600
948429;AL;2;1;1;1;1;1;411.8;405;445.7;472.9;1;540
3910056;PI;1;1;1;1;1;1;482.1;560.2;529.4;512.7;1;560
1668122;RN;2;1;1;1;1;1;500.8;396;508.2;453.7;1;920
1223684;RN;;;0;0;0;0;;;;;;
3398786;MG;;;1;1;1;1;572.9;599.2;606.1;714.5;1;840
3454445;SP;4;1;1;1;1;1;583.8;587.6;545;715.6;1;860
3350414;RS;2;1;0;0;0;0;;;;;;
2249677;SE;;;1;1;1;1;413.7;506.2;370.7;708.8;1;780
3816709;MA;;;0;0;0;0;;;;;;
3561596;RS;1;1;1;1;1;1;609.8;570.9;551.9;649.9;1;500
1540964;BA;;;1;1;1;1;451.4;482.6;550.2;576.4;1;840
472925;SP;;;1;1;1;1;496.2;551.2;507.6;517;1;440
412328;CE;2;1;1;1;1;1;409.9;475;525.4;384.5;4;0
3777349;PB;4;1;1;1;1;1;418.6;381.9;467.3;395.6;1;480
3757207;PR;;;1;1;1;1;583.4;618.7;607.7;549;1;820
3095307;PE;;;1;1;1;1;402;433.5;329.5;438;1;440
4175646;RS;;;0;0;0;0;;;;;;
1373671;PE;4;1;1;1;1;1;623.3;605.4;630.8;745.1;1;900
2046592;PR;;;1;1;1;1;478.7;515.3;599.3;531.4;1;580
3486369;MA;;;1;1;1;1;488.9;432.6;525.9;562.4;1;560
4231913;MT;1;1;1;1;1;1;592.6;598.5;536.2;597.9;1;680
1199528;PA;2;1;1;1;1;1;387.4;526.4;470;398.7;1;480
3444426;MT;4;1;1;1;1;1;550.3;538.3;565.8;710.4;1;840
2572542;SP;2;1;1;1;1;1;403.5;538.6;515.8;470.8;1;480
3332279;MT;2;1;1;1;1;1;570.1;604.1;590.2;633.7;1;620
2442254;SC;;;0;0;0;0;;;;;;
346992;BA;;;1;1;1;1;512.7;419.4;570.5;517.8;1;680
4083271;RJ;;;1;1;1;1;496;340.8;583;439.1;1;560
1511109;GO;2;1;0;1;1;0;;474.6;442.2;;4;0
3017947;PR;;;0;1;1;0;;452.8;448.2;;3;0
3682663;SP;;;1;1;1;1;575.5;553.2;582.7;733.4;1;500
3324433;BA;2;1;0;0;0;0;;;;;;
603140;GO;;;0;0;0;0;;;;;;
2626594;SP;1;1;1;1;1;1;559;633.7;556.9;658.3;1;540
3534218;MS;1;1;1;1;1;1;526.1;505.1;517.9;420.9;1;680
1020214;SP;;;1;1;1;1;408.5;445.6;524.5;380.5;1;440
1036359;MG;;;0;1;1;0;;358.2;317.8;;1;400
1795845;RS;;;1;1;1;1;545.6;607.6;601.4;597;1;560
2809116;SP;4;1;1;1;1;1;591.8;573.6;543.3;659.4;1;920
3322488;CE;;;1;1;1;1;462.5;531.5;485.9;472.9;1;940
4098176;SP;;;1;1;1;1;591.2;627.6;630.3;715.3;1;740
4129255;RS;;;0;0;0;0;;;;;;
2311708;PI;;;1;1;1;1;467.9;549.2;520;486.1;1;400
3731697;CE;;;1;1;1;1;447.2;363.3;456;493.7;1;600
4327412;RS;;;0;0;0;0;;;;;;
598675;MG;;;1;1;1;1;473.2;445;506.6;473;1;700
3786183;SC;2;1;0;0;0;0;;;;;;
3728642;RS;2;1;1;1;1;1;503.4;469.5;534.9;416.3;4;0
1406405;CE;2;1;1;1;1;1;435.7;517.5;499.3;439.7;1;620
3393124;SP;;;0;0;0;0;;;;;;
4280359;PA;;;0;0;0;0;;;;;;
3177724;SC;4;1;1;1;1;1;617.8;581.5;582.4;634.9;1;840
2218627;BA;2;1;0;0;0;0;;;;;;
800975;CE;;;1;1;1;1;365;506.6;538.7;462.3;1;520
3106102;SP;;;1;1;1;1;593.9;614.4;639.1;728.8;1;780
1271513;SP;2;1;1;1;1;1;378.9;589.9;515.4;442;1;640
3291470;RS;;;1;1;1;1;793.7;763.6;698.9;788.8;1;920
2366577;RS;;;0;0;0;0;;;;;;
3190957;MG;;;0;0;0;0;;;;;;
3078450;PR;;;1;1;1;1;565.4;615.3;561.4;536.7;1;660
3493481;SP;;;1;1;1;1;659;661.5;602.8;739.9;1;660
3721678;SP;2;1;1;1;1;1;414.5;433.5;428.3;456.5;1;400
2661579;SP;4;1;1;1;1;1;563.6;522;571.8;515.5;1;840
2120678;SP;;;1;1;1;1;534;442.2;513.4;537.2;1;640
2679730;CE;4;1;1;1;1;1;548.6;421.1;372;427.7;1;560
2244370;PA;2;1;0;0;0;0;;;;;;
1246914;SP;2;1;1;1;1;1;367.1;419.5;455.4;486.6;1;500
4279063;AM;;;1;0;0;1;405.6;;;456.7;;
1523879;PB;2;1;1;1;1;1;475.4;373;421.8;463.4;1;340
358290;SP;4;1;1;1;1;1;487.4;586.6;580;706.1;1;640
2077979;RS;;;0;0;0;0;;;;;;
2545914;SP;;;0;1;1;0;;582.4;566.1;;1;640
2195972;RJ;;;0;0;0;0;;;;;;
1346575;SE;4;1;1;1;1;1;579.5;556;516.4;488.5;1;800
648115;PR;;;1;1;1;1;580.9;628.5;647.6;548.8;1;500
3101074;RN;;;1;1;1;1;605.9;560.3;562.7;643.8;1;840
2279223;RJ;;;0;0;0;0;;;;;;
501978;AC;;;1;1;1;1;384.7;452.9;512.5;566.5;1;580
663362;PB;;;0;1;1;0;;480.2;509.1;;1;480
3386576;PE;;;1;1;1;1;463.9;515.9;491;419.1;1;460
4259588;SP;;;1;1;1;1;382.3;554.3;478.5;495;1;500
2293863;DF;2;1;1;1;1;1;381.1;458.3;505.1;409.9;1;800
1191532;SP;2;1;1;1;1;1;433.2;517;518.7;493.4;1;740
4058909;MT;;;1;1;1;1;356.4;308.3;418.1;385;1;120
93807;PI;;;1;1;1;1;642.8;649.5;635.8;848.6;1;740
1689211;BA;;;1;1;1;1;437.4;348.2;406.1;439.9;1;640
1192719;MA;;;1;1;1;1;555;589.7;580.7;497.7;1;620
917980;MG;;;0;0;0;0;;;;;;
2385922;RN;2;1;1;1;1;1;516.5;423.2;440.3;427.8;1;600
2642954;MS;;;1;1;1;1;492.1;536.4;542.2;664.6;1;700
2401066;BA;;;1;1;1;1;405.2;543.8;535.3;568;1;540
4047461;RO;4;1;1;1;1;1;511.5;345;403.5;413.8;1;400
2280267;RO;2;1;1;1;1;1;562;539.5;555.2;737.7;1;880
2595947;MG;;;0;0;0;0;;;;;;
374860;SE;;;1;1;1;1;463.6;459.1;447.2;392.1;1;540
1497067;SP;4;1;1;1;1;1;782.3;765.2;725;845.4;1;960
624640;PB;;;1;1;1;1;538;436.3;563.1;640.4;1;860
1101875;CE;;;1;1;1;1;534.5;447.4;474.6;513;1;500
2630121;MG;2;1;1;1;1;1;441.4;525;548.1;408.1;1;720
1655306;PR;2;2;1;1;1;1;570.8;398.4;370.2;416.6;1;840
3597883;PA;2;1;1;1;1;1;529.6;622;571.9;419;1;540
1209149;CE;2;1;1;1;1;1;491.8;401.3;462.6;455.7;1;460
1927826;MG;;;1;1;1;1;460.9;507.7;494.4;492.5;1;680
2518909;MA;2;1;1;1;1;1;518.7;487.5;525.1;534;1;620
2638759;CE;;;1;1;1;1;548.8;581.1;569.8;472.4;1;880
1969713;SP;;;1;1;1;1;535.8;528.3;541;603.3;1;600
1278765;BA;;;0;0;0;0;;;;;;
2639499;CE;;;0;0;0;0;;;;;;
3497967;SP;;;1;1;1;1;517.5;549.4;550.9;657.5;1;640
3611057;BA;2;1;1;1;1;1;426.9;464.5;491.6;386.5;1;660
1342789;PA;4;1;1;1;1;1;596.3;630.4;611.3;672.2;1;840
3959343;SP;;;1;1;1;1;479.9;515.9;511.7;449.1;1;420
2316443;RN;;;1;1;1;1;418.7;418.4;516.2;397.5;1;640
1964103;PA;;;1;1;1;1;390.8;366.9;376.5;407.5;1;500
3487301;SP;;;1;1;1;1;558.9;649.3;687;663.3;1;800
1848682;RJ;;;1;1;1;1;440.2;507.5;534.4;555.9;1;660
3841401;PA;;;0;0;0;0;;;;;;
4312873;RS;;;0;0;0;0;;;;;;
52442;PA;2;1;1;1;1;1;386.8;633;509.9;440.4;1;920
2509172;ES;4;1;1;1;1;1;517.1;549.4;496.6;436.8;1;860
422635;MA;;;0;0;0;0;;;;;;
1759033;PR;2;1;0;0;0;0;;;;;;
2095898;SP;4;1;1;1;1;1;582;488.7;500.6;499.2;1;800
576590;CE;2;1;1;1;1;1;550.3;551.5;587.6;593.1;1;900
663342;MG;2;1;1;1;1;1;479.5;462.8;521.1;436.5;1;640
3165332;DF;;;1;1;1;1;413.5;394.6;421.9;400.2;8;0
1303891;SP;2;1;0;0;0;0;;;;;;
271533;RJ;;;1;1;1;1;612.9;637.8;671.9;683.8;1;920
3654372;AL;;;1;1;1;1;424.9;404;543.9;530.2;1;580
793868;MG;;;1;1;1;1;657.1;693.2;652.4;710.7;1;880
3529117;SP;4;1;0;0;0;0;;;;;;
1050262;PA;2;1;1;1;1;1;461.6;402.2;406.7;433.2;1;380
4042498;BA;;;1;1;1;1;543.3;647.8;648.4;646.8;1;760
2218777;AM;;;0;0;0;0;;;;;;
1857807;PR;2;1;1;1;1;1;441.8;496.9;544.7;543;1;660
1793724;PR;;;1;1;1;1;586.3;638.3;630.4;642.7;1;720
3266725;MG;2;1;1;1;1;1;378;399.9;385.2;413.1;1;440
3475063;BA;;;0;0;0;0;;;;;;
922646;MG;;;1;1;1;1;408.8;452.1;495;470.4;1;480
3037532;RS;;;0;0;0;0;;;;;;
3702450;SP;2;1;0;0;0;0;;;;;;
910013;RS;;;0;0;0;0;;;;;;
2512164;MG;2;1;1;1;1;1;436.7;536.2;544.5;529.1;1;720
3960414;MG;;;0;1;1;0;;396.1;331.6;;1;500
897594;SP;2;1;1;1;1;1;477.2;544.1;539.5;388.2;1;680
3389732;MG;;;0;0;0;0;;;;;;
3247764;BA;;;0;0;0;0;;;;;;
4067653;RJ;;;0;0;0;0;;;;;;
4126306;MS;;;0;0;0;0;;;;;;
3437205;PR;;;1;1;1;1;499.7;560.8;539.9;569.8;1;380
2313875;PR;;;0;1;1;0;;578.5;601.1;;1;940
1891246;MT;;;1;1;1;1;416.1;523;479.6;439.8;1;500
211490;SP;;;1;1;1;1;555;615.4;591.9;619.7;1;940
340800;SP;;;0;0;0;0;;;;;;
1601578;PE;2;1;1;1;1;1;488.1;518.5;522.3;602.7;1;640
3902735;AM;1;1;1;1;1;1;483.3;477.7;543.5;393.7;1;480
622052;PR;;;1;1;1;1;458.8;492.4;538.2;408.8;1;380
1751320;RJ;;;0;0;0;0;;;;;;
826469;RS;2;1;0;0;0;0;;;;;;
2402440;DF;2;1;1;1;1;1;423.3;410.1;498.8;415.8;1;560
2017895;PB;;;1;1;1;1;541.2;454.4;516.9;580.5;4;0
4197199;RS;;;0;0;0;0;;;;;;
4092342;DF;;;1;1;1;1;403.7;439.6;504.4;442.6;1;480
102415;SC;2;1;1;1;1;1;510.7;644.4;635.6;604.5;1;500
2880822;SC;;;1;1;1;1;444.5;525.3;553;458;1;760
1791802;SP;;;1;1;1;1;569.8;553.2;523.5;621.9;1;960
2283922;AM;;;0;0;0;0;;;;;;
322796;AL;2;1;1;1;1;1;364.2;490.2;483.1;386;1;520
515947;RN;;;1;1;1;1;460.6;478.3;394.9;611.2;1;500
1707664;PA;2;2;1;1;1;1;397.2;396.1;318.7;436.3;1;400
3571713;SE;;;1;1;1;1;427.1;446.9;510.7;431.3;1;740
513319;CE;2;1;1;1;1;1;546.1;534.8;539.8;458.4;1;820
3766965;PA;2;1;0;0;0;0;;;;;;
4193351;RS;;;0;0;0;0;;;;;;
1415565;MT;2;1;1;1;1;1;464.2;496.2;459.3;539.1;1;720
2161661;AP;;;1;1;1;1;578.1;412.2;493.9;488.8;1;640
3582699;RS;;;0;0;0;0;;;;;;
1028760;RS;;;1;1;1;1;469.3;550.2;575.6;564.2;1;660
1254956;CE;2;1;1;1;1;1;407.2;439.5;426.1;491.8;1;620
2318582;SP;;;1;1;1;1;556.1;481.6;443.6;516.7;1;560
110437;CE;2;1;0;0;0;0;;;;;;
19428;SP;2;1;0;0;0;0;;;;;;
1689127;PE;2;1;1;1;1;1;508.9;460.9;498.9;445.7;1;500
2181177;PI;;;1;1;1;1;404.4;562.8;525.8;511.9;1;640
2009532;RS;;;0;0;0;0;;;;;;
4265559;RS;;;0;0;0;0;;;;;;
552532;GO;2;1;1;1;1;1;390.5;438;509.1;500.6;1;400
115038;RS;;;1;1;1;1;463.2;493.3;526.9;510.3;1;480
452242;BA;;;1;1;1;1;370.2;392.5;394;514.4;1;440
3777727;SP;;;1;1;1;1;545.9;579.5;589.7;554.9;1;820
225383;CE;;;0;1;1;0;;444.7;486.1;;1;220
2780402;BA;;;0;0;0;0;;;;;;
363765;SP;;;1;1;1;1;396.5;488.5;491;455.8;1;480
490513;MS;;;0;0;0;0;;;;;;
3400198;RS;;;1;1;1;1;465.3;556.9;420.7;452.7;1;460
3238535;SP;;;0;0;0;0;;;;;;
588378;RJ;2;1;1;1;1;1;464.7;467.4;495.3;409.9;1;440
3879829;PB;;;1;1;1;1;426.2;396.3;432.4;402.5;4;0
310423;RJ;2;1;0;0;0;0;;;;;;
3961391;BA;2;1;1;1;1;1;435.3;394.2;350.5;448;1;340
904717;MG;1;1;1;1;1;1;512.3;486;496.4;532.5;1;580
279283;AL;2;1;1;1;1;1;538.5;449.6;514.6;484;1;580
2958855;RR;;;1;1;1;1;561.6;514.1;540;636.5;1;620
1903774;AM;2;1;1;1;1;1;363.1;497.2;375.7;379.4;1;560
801268;AM;;;0;0;0;0;;;;;;
1436011;MA;2;1;1;1;1;1;461.2;508.1;547.9;561.6;1;420
803487;PA;;;0;0;0;0;;;;;;
1466111;MA;1;1;1;1;1;1;636.7;600;367.5;496.3;1;780
3100980;PE;;;0;0;0;0;;;;;;
3775456;RJ;;;1;1;1;1;513.7;617.1;572.4;422.5;1;440
1736993;PE;;;1;1;1;1;364.4;433;447.4;414.8;1;480
2871228;PR;;;1;1;1;1;472.1;561.9;518.8;604;1;780
3586989;PB;;;1;1;1;1;523;630.2;521.1;572.1;1;900
1229784;BA;;;1;1;1;1;433.6;447.5;499.5;390.6;1;580
886514;CE;;;1;1;1;1;520.8;478.1;344.3;446;4;0
1119083;PI;;;0;0;0;0;;;;;;
3068406;MG;2;1;1;1;1;1;421.8;453.5;526;405.4;1;540
3755733;PE;;;1;1;1;1;522.2;573.3;595.1;437.8;1;720
884171;PB;2;1;1;1;1;1;403;496.9;510.2;478.9;1;660
605697;SP;;;1;1;1;1;469.7;556.5;555.5;525.9;1;860
779150;PE;2;1;1;1;1;1;447.6;501.8;559.9;461.7;1;820
2638570;RJ;2;1;1;1;1;1;435.4;411.2;434.7;388.9;1;600
823316;BA;2;2;1;1;1;1;388.4;451.1;504.2;404.9;1;680
4322105;RS;;;0;0;0;0;;;;;;
1260113;SP;;;1;1;1;1;520.5;415.8;512.6;381.3;1;820
2448065;BA;;;1;1;1;1;643.8;625.2;598.4;691.2;1;600
1083690;RN;2;1;0;0;0;0;;;;;;
3606387;CE;;;0;0;0;0;;;;;;
3302674;SP;;;1;1;1;1;550.5;574.2;607.4;562.6;1;900
992881;RS;;;0;0;0;0;;;;;;
350748;CE;2;1;1;1;1;1;503;615.3;584.3;571.8;1;740
4119047;MT;;;0;1;1;0;;523.7;522.6;;1;640
549519;CE;2;1;1;1;1;1;508.3;515.5;517.4;418.5;1;700
591867;PB;;;1;1;1;1;566.4;467.4;582.3;594;1;520
3865744;SP;;;1;1;1;1;665.4;594.6;531.3;707.8;1;880
2281243;MG;;;0;0;0;0;;;;;;
4253017;MG;2;1;1;1;1;1;404.7;522.6;552.6;562.2;4;0
410057;AL;4;1;1;1;1;1;603.6;652.9;639;716.7;1;880
1651849;GO;2;1;0;0;0;0;;;;;;
780967;RS;1;2;1;1;1;1;524.3;549.5;551.7;667.4;1;640
683215;PE;;;1;1;1;1;497.3;465.4;510.9;397.7;1;540
2254672;ES;;;0;0;0;0;;;;;;
2715712;PA;;;1;1;1;1;405.2;447.4;512.4;424.4;1;520
1676501;RJ;2;1;0;0;0;0;;;;;;
2445916;PB;2;1;1;1;1;1;531;535;520.4;501.5;1;560
127479;MG;;;1;1;1;1;445.6;544.3;596.3;569.3;1;880
1622497;PB;;;1;1;1;1;531.1;554.8;563.6;495.5;4;0
1389818;MG;;;1;1;1;1;538.1;561.9;573.8;646.1;1;860
1345349;BA;;;1;1;1;1;621.9;625.4;621.7;702;1;940
3992173;SP;;;0;0;0;0;;;;;;
1499921;SP;;;1;1;1;1;602.1;641.9;555.4;654;1;600
3216158;PE;;;0;0;0;0;;;;;;
1581;SE;2;1;1;1;1;1;451.4;449.5;530.6;428.2;1;700
163430;MG;;;1;1;1;1;418.2;526.2;476.1;418.4;1;860
132641;SP;2;1;1;1;1;1;580.3;504.3;493.5;474;1;660
3561969;DF;;;1;1;1;1;488.3;398.9;562.3;384.2;1;640
540985;MG;;;1;1;1;1;628.3;580.5;557.8;665.5;1;900
2656746;TO;;;1;1;1;1;492.3;546.9;456.1;500.7;1;800
3458796;CE;;;0;0;0;0;;;;;;
3397619;RJ;4;1;1;1;1;1;585.5;602;603.1;673;1;920
4029940;RS;;;0;0;0;0;;;;;;
433141;ES;2;1;1;1;1;1;364.1;490;432.6;447.3;1;400
1238322;SP;4;1;1;1;1;1;603.5;629.1;636.5;612.3;1;600
1126478;SE;;;1;1;1;1;533.6;569.3;525.6;620.5;1;960
1710332;PI;2;1;1;1;1;1;367.4;408;430.7;389.5;1;300
1288243;SP;2;1;1;1;1;1;526.4;564;529.8;641.2;1;720
2435131;MG;2;1;1;1;1;1;457.9;425.7;448.4;437.3;1;400
1800600;PE;;;1;1;1;1;439.1;407.2;476.4;383.4;1;820
2473089;SE;;;1;1;1;1;547.6;593.8;568.4;479.5;1;680
717472;PE;;;1;1;1;1;409.9;314.3;377.8;441;1;700
1039776;CE;2;2;1;1;1;1;485.5;446.2;479.8;483.2;1;740
1361610;SP;2;1;1;1;1;1;518.9;578.5;583.8;432.4;1;600
2788522;PB;;;0;0;0;0;;;;;;
570718;RO;;;1;1;1;1;551.5;651.4;622;757.2;1;840
1211524;MG;2;1;1;1;1;1;429;439.7;431.1;413.3;3;0
2310579;PR;2;1;1;1;1;1;538.1;343.9;578.6;605.9;1;760
3315276;MA;;;1;1;1;1;399.9;546.9;421.8;526.3;1;640
889934;PA;4;1;1;1;1;1;505.5;570.4;565;597;1;920
4282473;MG;;;1;1;1;1;489;390.1;513.9;417.6;1;360
1133840;PI;;;1;1;1;1;439.2;450.3;481.1;412.1;1;440
3082964;RS;;;0;0;0;0;;;;;;
701999;RJ;2;1;1;1;1;1;474.3;536.3;543.7;484.4;1;680
261245;CE;2;1;1;1;1;1;470;489.1;571.8;473.3;1;800
1845207;RJ;4;1;1;1;1;1;557.6;472.6;567.4;619.2;1;840
2496083;RS;;;1;1;1;1;589.6;627.5;316.3;494;4;0
1580975;SC;2;1;1;1;1;1;369.5;493.5;500.1;549.1;1;520
2386590;MG;2;1;1;1;1;1;408.2;417.2;464.9;505;1;640
829222;PA;2;1;1;1;1;1;611.6;590.6;594.4;500.3;1;800
1141852;CE;2;1;1;1;1;1;408.8;479.9;525;501.8;1;720
516270;BA;2;1;1;1;1;1;400.3;417.3;410.3;497.6;1;500
516296;PE;2;1;1;1;1;1;399.6;438.2;472.2;426.9;1;540
516119;AM;2;1;0;0;0;0;;;;;;
887726;PR;2;1;1;1;1;1;554.4;621.7;584.4;654.1;1;640
2574222;PR;2;1;1;1;1;1;399.4;509.5;542;596.1;1;720
4248762;AM;1;2;0;0;0;0;;;;;;
3954367;RS;;;1;1;1;1;499.6;559.7;538.8;567.8;1;660
3764497;DF;;;1;1;1;1;588.3;665.1;642.1;599;1;940
151823;AL;;;1;1;1;1;559;437.6;540.6;524.6;1;880
1866138;AL;;;0;0;0;0;;;;;;
2013131;MA;;;1;1;1;1;502.1;629.4;653.3;426.7;1;680
1510682;PE;;;1;1;1;1;387.4;501.5;515.5;474.9;1;560
4076153;RJ;4;1;1;1;1;1;554;577.6;602.7;452.7;1;640
758665;PE;;;0;1;1;0;;595.2;522.4;;1;520
1166074;AM;2;1;1;1;1;1;444.3;511.5;564.2;441.2;1;640
29961;CE;2;1;1;1;1;1;375.1;445.8;510.5;454.7;8;0
1514416;PB;;;1;1;1;1;563.4;616.6;566.6;594;1;580
2812373;MG;;;1;1;1;1;571.4;612;613.2;659.2;1;820
2749011;MG;;;1;1;1;1;574.5;647.4;585.7;616;1;720
175347;PE;2;1;1;1;1;1;518.3;557.4;580.5;548.1;1;880
715799;MG;;;1;1;1;1;465.1;593.3;587.6;480.2;1;420
1163517;PI;2;1;1;1;1;1;399.3;511.7;526.5;431.2;1;540
3869083;SP;;;1;1;1;1;652.4;680.4;646.1;698.2;1;720
1482299;SP;2;1;1;1;1;1;420.5;442.6;524;530.6;1;400
943073;PA;;;1;1;1;1;484.4;547.1;0;441.3;1;800
3299328;MG;;;1;1;1;1;626.1;612.2;596.9;721.3;1;800
991866;SC;;;0;0;0;0;;;;;;
1156844;MG;;;0;1;1;0;;591.6;548.2;;1;440
396230;GO;2;1;0;0;0;0;;;;;;
2932746;TO;;;1;1;1;1;427.7;546.6;545;381.3;1;580
260284;AL;;;1;1;1;1;400.4;308.9;363.3;392.7;1;400
1881297;PE;4;1;1;1;1;1;614.5;616.9;566.3;707.5;1;800
3377358;MG;;;1;1;1;1;460.5;401;461.6;458.4;1;560
2328913;AL;;;0;0;0;0;;;;;;
905463;SP;2;1;1;1;1;1;526.2;550.1;620.1;495.2;1;920
757864;BA;;;0;0;0;0;;;;;;
1730499;SP;3;1;1;1;1;1;471.9;557.3;549;536.8;1;640
3837310;AM;;;0;0;0;0;;;;;;
3191689;PE;;;0;0;0;0;;;;;;
3292629;GO;;;1;1;1;1;455.4;579.5;542.8;603.1;1;780
4269286;RS;;;0;1;1;0;;613.6;572.3;;1;640
2847645;PB;;;1;1;1;1;566.3;591.8;581.7;690.6;1;900
3622909;MS;;;1;1;1;1;579.4;539.8;505;542.2;1;600
530914;MG;;;1;1;1;1;556.6;525.9;519.3;489.8;1;620
3653694;PE;;;1;1;1;1;542.8;600.8;559.4;620.5;1;540
3281750;PB;;;1;1;1;1;542.6;460.4;528.3;557.4;1;500
387914;BA;;;0;0;0;0;;;;;;
2123589;RS;;;1;1;1;1;557.1;555.1;454.9;555.7;1;600
4325029;RS;;;1;1;1;1;481.9;447.9;461.4;448.1;1;480
2210722;TO;;;0;1;1;0;;493.2;509;;1;480
3733195;PR;2;1;1;1;1;1;517.3;570.5;581.4;631.2;1;500
1860531;PB;4;1;1;1;1;1;409.6;522.4;453.3;480.6;1;960
3699042;PA;2;2;1;1;1;1;437.9;341.5;428.2;409.1;1;500
3800904;RS;;;1;1;1;1;600.1;561.2;567.3;629.2;1;420
551276;GO;2;1;1;1;1;1;554;439.7;547.7;489.2;1;820
595590;SP;2;1;1;1;1;1;567;620.1;580.7;591.3;1;900
2057348;PA;;;1;1;1;1;448.4;396.9;511.1;396.4;1;380
3541703;PB;2;1;1;1;1;1;406.8;497.7;493;459.3;1;560
4082950;SP;;;0;1;1;0;;527;537.1;;1;680
907400;SE;;;1;1;1;1;377.7;474;499.9;470.8;1;920
4075279;MG;;;1;1;1;1;531;553.6;554;445.5;1;740
3233969;PB;;;1;1;1;1;436.9;445.4;488.3;487.2;1;720
32681;PI;2;1;1;1;1;1;500.6;485.6;545.1;437.4;1;760
3044028;MS;2;1;1;1;1;1;435.1;337.2;344.8;390.3;1;480
463952;SE;2;1;1;1;1;1;437.3;334.3;463.9;477.2;1;460
2303422;SP;;;1;1;1;1;607.4;722.9;588.7;691.5;1;940
4247745;PB;;;1;1;1;1;483;460.2;540.5;394.3;1;440
1313810;MG;;;1;1;1;1;413.4;467.4;433.6;400.5;1;520
3630412;BA;;;1;1;1;1;495.1;353;387.6;380;1;560
2873968;SP;;;1;1;1;1;503.9;588.8;583.2;381.3;4;0
166186;CE;;;1;1;1;1;459.6;370.3;408;387.2;1;720
1990002;CE;;;1;1;1;1;518.8;538.6;538.7;514;1;580
1109417;PI;2;1;1;1;1;1;454.5;387.3;504.2;422.5;1;820
2882081;AL;;;1;1;1;1;471.7;524.8;515.9;552.3;1;560
2582184;SP;2;1;0;0;0;0;;;;;;
2412412;MS;;;1;1;1;1;593.4;617.4;518.8;695;1;940
681400;RS;2;1;0;0;0;0;;;;;;
183097;SP;;;0;0;0;0;;;;;;
3362534;PI;;;0;0;0;0;;;;;;
3057249;GO;2;1;0;0;0;0;;;;;;
2703346;CE;;;1;1;1;1;452.7;529.8;535;535.5;1;820
3673228;TO;2;1;1;1;1;1;510.7;485.8;486.5;388.2;1;560
499457;CE;2;1;1;1;1;1;414;475.6;471.9;408.3;1;620
2892719;PA;;;1;1;1;1;535.6;545.3;518.3;640.4;1;700
3768229;PA;;;1;1;1;1;500.8;392;488.8;474.6;1;480
2889183;PR;;;1;1;1;1;602.6;621.5;586.3;578.8;1;960
1207740;PB;;;1;1;1;1;760;759.3;701.7;836.2;1;960
635686;MG;;;1;1;1;1;509.1;548.1;551.3;602.7;1;700
4058511;PE;;;0;0;0;0;;;;;;
3337927;PI;2;1;1;1;1;1;502.3;386.5;477.8;415.7;1;660
2164168;PE;1;1;1;1;1;1;449.9;443.2;464.1;416.1;4;0
2053987;PA;;;1;1;1;1;448;541.8;536;550.9;1;680
3103109;AC;;;0;0;0;0;;;;;;
814870;GO;2;1;0;1;1;0;;492.1;533.2;;1;680
2155418;MA;;;0;0;0;0;;;;;;
2929702;GO;;;1;1;1;1;561.7;576.9;561.9;696.8;1;620
2151573;ES;;;1;1;1;1;418.3;418.7;473.3;491.9;1;560
4073491;SP;;;1;1;1;1;445.1;354.3;414.4;470.4;4;0
1313924;BA;;;1;1;1;1;526.3;543;595.7;571.5;1;740
1029224;SP;;;0;0;0;0;;;;;;
1935049;SP;;;1;1;1;1;372.2;543.3;557.2;395.5;1;640
2949174;PR;2;1;0;1;1;0;;412.2;381.2;;1;680
1909806;MT;2;1;1;1;1;1;447.4;536.9;539.3;521.2;1;700
3859551;BA;2;1;0;0;0;0;;;;;;
4286405;SC;;;0;0;0;0;;;;;;
707400;BA;;;1;1;1;1;374.2;357.9;371.5;476.6;1;360
3476488;AP;;;0;0;0;0;;;;;;
2945352;SP;2;2;1;1;1;1;450;374.2;496.2;427.5;1;620
653623;MG;;;0;1;1;0;;328.5;369;;6;0
947263;SP;2;1;0;0;0;0;;;;;;
33976;BA;;;0;0;0;0;;;;;;
2798563;DF;;;0;0;0;0;;;;;;
453338;SC;1;1;0;0;0;0;;;;;;
4188743;RS;2;1;0;0;0;0;;;;;;
3513140;RN;;;1;1;1;1;442.7;487.7;443.9;390.9;1;600
3428162;MS;;;1;1;1;1;481.6;440.8;368.7;445.8;1;440
2043300;PR;;;0;0;0;0;;;;;;
1295171;MG;;;1;1;1;1;502.9;594.6;602.1;727;1;680
766743;AC;;;0;1;1;0;;551.8;558.3;;1;720
1490112;GO;;;1;1;1;1;631.2;699.3;686.7;771.9;1;960
2115036;RS;;;1;1;1;1;617.7;655.1;650.2;729.3;1;920
4275728;RS;2;1;0;0;0;0;;;;;;
4147315;SP;;;1;1;1;1;471.4;420.1;413;410.6;1;660
2675267;AP;2;1;1;1;1;1;458.6;513.2;515.9;458.1;1;940
3622657;SP;2;1;0;0;0;0;;;;;;
429686;SC;;;1;1;1;1;610;563.4;555.3;567.8;1;620
1902424;AM;;;0;0;0;0;;;;;;
3208157;MA;2;1;0;0;0;0;;;;;;
990377;RJ;;;0;0;0;0;;;;;;
2225953;RS;;;1;1;1;1;635.9;616.9;620.6;616.1;1;900
1685223;MS;2;1;0;0;0;0;;;;;;
195989;RJ;2;1;1;1;1;1;415.4;359.5;418.7;458.5;4;0
2896784;MG;;;1;1;1;1;600.7;569.7;628;764.3;1;820
3930001;RS;;;1;1;1;1;401.8;517.4;489.3;492.8;1;480
2212166;PE;;;1;1;1;1;571.4;572.7;531.8;692.4;1;780
2065798;GO;4;1;1;1;1;1;653.2;684.2;600.6;768.6;1;820
3817983;DF;;;1;1;1;1;590.5;611.9;588.3;685;1;840
4264645;CE;;;1;1;1;1;408.3;413;499.2;400.5;1;600
1124352;CE;2;1;1;1;1;1;548.9;571.4;485.8;470.7;1;520
3522909;SP;;;1;1;1;1;572.9;593.7;593.5;508.9;1;540
258960;MG;;;1;1;1;1;481;548.1;531.9;582.6;1;720
3941204;TO;2;1;0;0;0;0;;;;;;
2344147;MA;;;1;1;1;1;359.9;378.3;461.6;431.1;1;680
873233;RS;;;0;1;1;0;;523.5;526.3;;1;600
792869;AP;;;1;1;1;1;487.5;506.8;518.6;413.1;1;580
3863833;DF;;;1;1;1;1;346.6;434.5;537.2;527.1;1;540
2018541;SP;2;1;0;0;0;0;;;;;;
3564011;PB;;;0;0;0;0;;;;;;
2468463;MG;;;1;1;1;1;508.4;525.1;527.3;537.6;1;740
1788087;SC;2;1;1;1;1;1;541.4;595.8;525.9;427.1;1;620
785700;PE;;;1;1;1;1;491.5;511;616.6;523.3;1;560
3334940;MG;;;1;1;1;1;533.1;563;571.5;713.5;1;680
2203397;PE;;;0;0;0;0;;;;;;
2082436;PE;1;1;1;1;1;1;535.8;560.2;571.3;425.6;1;640
759506;MG;2;1;1;1;1;1;472.9;414.3;481;395.8;1;720
2669927;DF;2;1;0;1;1;0;;517.2;590.5;;1;680
1637201;SP;2;1;1;1;1;1;567.3;473.9;476.8;513.7;1;520
1163647;MS;;;1;1;1;1;570.1;639.7;604.3;656.1;1;800
2447321;PE;;;0;0;0;0;;;;;;
3988475;SP;;;0;0;0;0;;;;;;
94599;CE;2;1;1;1;1;1;529.9;578.1;572.6;485.2;1;900
505243;CE;2;1;0;1;1;0;;478.3;467.3;;8;0
258592;ES;2;1;1;1;1;1;412.3;466;561.9;556.8;1;720
954800;MA;;;1;1;1;1;445.7;475.3;510.1;520.6;1;680
1921840;MG;;;1;1;1;1;613.2;708.8;640.8;778.4;1;840
70424;CE;2;1;1;1;1;1;444.3;437.9;447.3;426.5;1;560
3058855;RR;2;1;0;1;1;0;;384.2;339.5;;6;0
1084086;MA;;;1;1;1;1;574.6;665.1;635.9;871.9;1;780
2324657;RN;2;1;1;1;1;1;537.5;495.2;512.8;375.7;1;480
3572862;RS;;;0;0;0;0;;;;;;
303784;BA;2;1;1;1;1;1;360.1;374.8;500;431.4;4;0
1800042;MG;2;1;1;1;1;1;469.3;493.7;493.1;515.4;1;720
2291058;MT;;;1;1;1;1;496.1;389.9;375;479.6;1;580
3087818;PE;2;1;0;0;0;0;;;;;;
2492942;RN;4;1;1;1;1;1;470.3;550.7;552.7;546.1;1;880
1898838;PA;;;1;1;1;1;522.4;508.2;536.9;603.8;1;920
2532008;PI;2;1;1;1;1;1;418.2;469.5;514.6;398.7;1;520
3095359;BA;4;2;1;1;1;1;581.2;607.7;531.9;570.3;1;700
3289412;MG;;;0;0;0;0;;;;;;
1067187;BA;;;1;1;1;1;478.3;483;477.5;583.9;1;760
2074087;PR;2;1;1;1;1;1;391.2;389.9;386.8;429.8;4;0
3349252;MA;;;1;1;1;1;443.1;378.5;474.6;392.7;1;560
4032020;RJ;;;0;0;0;0;;;;;;
4181609;PE;;;1;1;1;1;464.4;520.3;502.4;431.6;1;580
4270946;SC;4;1;1;1;1;1;539.5;538.8;582.5;528.2;1;780
856575;CE;2;1;1;1;1;1;402.3;494.6;533.5;388.2;1;720
2507542;SP;4;1;1;1;1;1;488.6;496.1;495.9;394.1;1;640
3925;SP;2;1;0;0;0;0;;;;;;
3975182;PE;;;1;1;1;1;475.2;605.7;551.8;638;1;720
2216312;GO;2;1;0;1;1;0;;462.9;483.5;;1;560
2753831;PE;;;1;1;1;1;472.5;343.7;534.3;696.8;1;560
2230513;PB;2;2;0;0;0;0;;;;;;
3917801;SC;;;1;1;1;1;519.4;448.3;482;443.7;1;720
3462030;PB;2;1;1;1;1;1;386.3;503.7;389.7;406.2;1;280
2899823;CE;;;1;1;1;1;424.3;399.3;422;490.1;1;540
4258777;SP;;;1;1;1;1;445;437.1;559.4;521.6;1;800
1299335;RS;2;1;1;1;1;1;556.5;349;497.6;508.5;1;520
1421395;PE;;;1;1;1;1;387.5;477.5;522.7;443.1;1;640
3597631;MG;2;1;1;1;1;1;434.5;458.5;448.3;541.5;1;620
3577874;AP;;;0;1;1;0;;439.4;486.6;;1;460
3887415;SP;2;1;1;1;1;1;385.6;380.9;507.8;423.4;1;240
3626458;DF;2;1;0;1;1;0;;443.6;535.1;;1;480
1140596;GO;;;1;1;1;1;497;518.7;580.5;483.3;1;620
427842;BA;2;1;1;1;1;1;447.8;339.5;388.9;419.6;4;0
3946573;AL;;;0;0;0;0;;;;;;
2202658;RS;;;0;0;0;0;;;;;;
2369444;PR;4;1;1;1;1;1;621.5;557.2;611.1;709.9;1;900
4282128;RJ;;;1;1;1;1;492.4;544.7;506;549.1;1;600
572808;SE;;;1;1;1;1;592.9;518.3;581.3;635.9;1;920
4246731;PR;;;1;1;1;1;536.5;598.7;559;703.5;1;560
4185301;RJ;;;0;0;0;0;;;;;;
3230454;DF;;;0;0;0;0;;;;;;
248455;RJ;;;1;1;1;1;413.3;517.2;527;487;1;680
572766;RS;;;0;0;0;0;;;;;;
4241496;RS;;;1;1;1;1;472.3;512;496.7;463.5;4;0
454403;ES;2;1;1;1;1;1;441.7;364.7;471.4;537.8;1;720
531807;RO;2;1;1;1;1;1;483.7;486.8;551.2;455.9;1;720
260838;CE;2;1;1;1;1;1;533.2;536.2;571.3;531.2;1;620
1091473;SC;2;1;0;0;0;0;;;;;;
3666981;MG;;;1;1;1;1;479.1;586.5;610.2;598.7;1;580
2736747;BA;;;0;0;0;0;;;;;;
2573162;BA;2;1;1;1;1;1;475.3;437;492.1;417;1;600
1577741;SP;2;1;1;1;1;1;446.8;454.3;502.6;449.5;1;560
980658;MG;;;1;1;1;1;400.7;587.9;547;427.1;1;800
2829553;PE;;;1;1;1;1;421.3;591.6;562.6;718.4;1;740
1412489;PA;;;0;0;0;0;;;;;;
30565;RJ;2;1;1;1;1;1;506.6;596.3;595.3;471.7;1;660
1482294;PA;;;0;0;0;0;;;;;;
377608;TO;;;1;1;1;1;456.1;434.9;514;529.7;1;860
2256139;RS;;;0;0;0;0;;;;;;
3049151;RO;;;1;1;1;1;642.5;690.8;623.7;701.5;1;940
3433826;RS;;;0;0;0;0;;;;;;
1698854;SP;;;1;1;1;1;692;629;664.5;802.7;1;860
3086676;AC;;;0;0;0;0;;;;;;
1603997;SP;2;1;1;1;1;1;496.1;580.5;574.1;597.6;1;580
554547;PE;;;1;1;1;1;374.8;389.6;384;397.6;1;360
334978;AM;;;1;1;1;1;383.7;438;520.7;378.4;1;680
1008430;PE;;;0;0;0;0;;;;;;
120277;BA;;;1;1;1;1;488;558.7;543.4;638.4;1;880
1204132;SP;;;1;1;1;1;601.3;658.4;568.6;651.9;1;900
4189136;PA;;;1;1;1;1;361.7;525.9;517.7;404.3;1;580
1826761;MG;;;1;1;1;1;571.5;601;602.9;608.1;1;860
2092258;GO;;;0;0;0;0;;;;;;
828200;PA;2;1;1;1;1;1;461.5;515.3;532.1;454;1;600
1900160;SE;;;1;1;1;1;529.8;519.9;580.1;554.2;1;700
1196108;AL;2;2;1;1;1;1;544.1;545.8;552.4;563.8;1;620
3596307;SP;2;2;1;1;1;1;437.1;457.3;489.7;439.5;1;500
3420929;PA;;;0;0;0;0;;;;;;
2582569;SP;3;1;0;0;0;0;;;;;;
1369224;BA;;;1;1;1;1;444.6;464.8;432.1;523.5;1;640
1226972;PB;;;1;1;1;1;467.3;581.5;610;431.9;1;960
2510651;MT;;;1;1;1;1;433.9;476;481.7;392.2;1;600
1137253;MT;2;1;1;1;1;1;437.2;437.6;450.2;429.9;1;320
3279570;RS;;;1;1;1;1;616.1;627.7;651.9;499.4;1;600
4020193;RJ;2;1;0;1;1;0;;510.8;526.8;;4;0
625076;MA;;;1;1;1;1;527.2;649;629.1;576.9;1;880
3347846;GO;2;1;0;0;0;0;;;;;;
2758793;CE;2;1;1;1;1;1;370.4;455.5;356.2;507.6;1;620
2887061;DF;2;1;1;1;1;1;501.3;426.8;560.5;542.1;1;600
2757829;MG;2;1;1;1;1;1;396.1;337.1;408.3;408.1;1;440
3739825;SP;;;1;1;1;1;442.1;565.5;528.1;604.6;1;840
222684;MG;;;1;1;1;1;527.9;622.6;592.3;620.1;1;620
1596929;PR;;;1;1;1;1;544.8;578.5;568;653.4;1;760
3630182;CE;;;1;1;1;1;379.4;472.4;343.3;423.6;1;440
4017476;BA;;;1;1;1;1;429.6;550;517.5;382.8;1;560
1817498;RS;;;0;0;0;0;;;;;;
2164380;MA;;;1;1;1;1;397.3;358;354.7;394.1;1;840
4132034;PA;;;0;0;0;0;;;;;;
440897;SP;2;1;1;1;1;1;586.1;538.5;584.2;570.4;1;740
777522;PA;2;1;1;1;1;1;452.4;563.1;551.3;400.7;1;600
2924839;PR;;;0;0;0;0;;;;;;
2559347;DF;;;1;1;1;1;489.5;607.5;585.7;452.4;1;880
1882628;AM;2;1;1;1;1;1;433.1;432.4;470.4;421.3;1;560
1765149;PE;;;1;1;1;1;457.5;438.5;418.5;403.7;1;600
210566;SE;2;1;1;1;1;1;491.9;551;538.1;534.2;1;860
4117882;SC;;;0;1;1;0;;405.2;492.4;;1;520
1968471;BA;2;1;1;1;1;1;434.1;464.6;463.1;392.1;1;500
1639617;BA;;;1;1;1;1;436.4;395.4;479.2;414.8;1;460
3678556;PB;;;1;1;1;1;530;497.9;542.4;634.3;1;840
1343307;BA;;;1;1;1;1;388.5;519.4;545;378.2;1;680
3858629;PE;;;0;0;0;0;;;;;;
4021678;MT;;;0;0;0;0;;;;;;
2427145;GO;2;1;0;0;0;0;;;;;;
1811279;AP;;;0;0;0;0;;;;;;
98304;PE;2;1;1;1;1;1;655.9;701.5;671.6;790.9;1;800
1394844;RJ;;;0;1;1;0;;557.5;550.7;;1;560
2106323;GO;;;1;1;1;1;561.4;568.4;610.2;634.2;4;0
3390680;PR;;;0;0;0;0;;;;;;
1276868;MT;;;0;1;1;0;;324.2;445.6;;1;480
72057;RJ;2;1;1;1;1;1;465.3;347.1;395.3;524.2;1;860
415248;SE;2;1;1;1;1;1;478.8;438.9;392.5;392.6;1;400
1347454;SP;4;1;1;1;1;1;747.5;788.1;643.1;945.7;1;940
1619419;CE;;;1;1;1;1;435.9;508.9;540.3;519.5;1;580
1931213;GO;;;1;1;1;1;565.6;508.4;601;671.5;1;940
2215961;CE;;;1;1;1;1;550;562.4;589.3;597.4;1;820
3153740;PR;4;1;1;1;1;1;375.3;493.3;512.1;486.6;1;660
602395;BA;2;1;1;1;1;1;447.4;446.7;514.9;442.4;1;580
3758051;TO;;;1;1;1;1;567.7;604;595.8;510.2;1;860
165992;RJ;;;1;0;0;1;477.7;;;449.5;;
3617773;GO;;;0;0;0;0;;;;;;
3110610;BA;;;0;0;0;0;;;;;;
1142707;PA;;;0;0;0;0;;;;;;
3122305;BA;2;1;0;0;0;0;;;;;;
1604385;BA;;;1;1;1;1;405.8;421.7;469.1;437.1;1;780
136964;MG;;;1;1;1;1;568.5;534.3;614.6;603.1;1;880
3766446;RJ;;;1;1;1;1;378.9;367.6;438.4;434.9;1;520
2884416;MG;;;1;1;1;1;541.1;536.7;572.6;595.3;1;800
1568417;SP;2;1;1;1;1;1;533;511.8;566.2;637.5;1;520
3349363;RS;;;0;0;0;0;;;;;;
3369303;MA;;;0;0;0;0;;;;;;
4137844;BA;;;1;1;1;1;516.4;607.5;559.5;549.6;1;460
4296239;PR;2;1;0;0;0;0;;;;;;
981206;RS;;;0;0;0;0;;;;;;
1679387;RS;;;1;1;1;1;525.9;575.5;520.3;548.5;1;560
3260357;RO;;;1;1;1;1;576.5;565.6;538.1;580.1;1;620
3503877;DF;;;1;1;1;1;447.9;518;504.5;433.8;1;520
893345;BA;;;1;1;1;1;538.9;591.2;578;483.3;1;560
2075303;SP;;;1;1;1;1;466.9;546.8;577.5;436.7;1;640
15683;MG;;;1;1;1;1;651.3;645.8;656.1;748.5;1;940
2183636;PR;;;1;1;1;1;451.7;408;445.1;415.7;1;460
2085533;AC;;;1;1;1;1;473.4;425;454.5;404.4;1;440
1326576;SC;;;1;1;1;1;491.7;465;550.2;443.1;1;520
1890338;PR;4;1;1;1;1;1;596.5;620.4;625.9;652.5;1;920
3020321;RS;;;1;1;1;1;450.4;500.8;501.9;548.2;1;520
1856800;PA;;;1;1;1;1;509;455.5;502.6;386.9;1;920
3932157;MA;2;1;1;1;1;1;408.5;452.9;487;465.6;1;620
1463220;PB;;;1;1;1;1;517.7;545;490;452.3;1;600
1451077;PA;4;1;1;1;1;1;540.4;554.2;532.2;520.7;1;920
193522;RJ;;;0;0;0;0;;;;;;
2065125;MS;;;0;0;0;0;;;;;;
3517854;DF;;;1;1;1;1;610.8;608.2;558.7;670.2;1;680
4273316;MT;;;1;1;1;1;510.9;566;527.5;612.7;1;540
1418063;PI;2;1;1;1;1;1;523.7;623.3;580.4;635.5;1;920
2485461;TO;2;1;0;0;0;0;;;;;;
407814;BA;;;1;1;1;1;532.5;468.4;511.1;589.4;1;920
1854664;AL;;;1;1;1;1;486.9;526;560.3;488.8;1;660
1015644;RS;;;0;0;0;0;;;;;;
1378155;PE;;;0;0;0;0;;;;;;
224764;RJ;2;1;1;1;1;1;364.9;460.5;480.3;419.1;1;560
4196439;SP;;;1;1;1;1;548.3;544.9;584.9;646.9;1;580
4065124;BA;2;1;1;1;1;1;412.7;360;455.2;476;1;500
578717;SP;;;0;0;0;0;;;;;;
2216041;PA;2;1;1;1;1;1;476.7;548.1;508.1;380.2;1;800
848871;PR;;;0;0;0;0;;;;;;
3960940;SP;;;1;1;1;1;485;476.5;527.9;479.5;1;640
4166545;RS;;;0;0;0;0;;;;;;
3971894;RN;;;0;0;0;0;;;;;;
2116635;RS;;;1;1;1;1;672.3;680.6;612.1;539.6;1;880
1182328;GO;2;1;1;1;1;1;518.6;559.8;480.8;404.5;1;540
2861189;CE;;;0;0;0;0;;;;;;
3849695;SP;;;0;1;1;0;;638.7;627.7;;1;820
789166;RS;2;1;1;1;1;1;401.8;440.1;482.1;519.6;1;360
4142750;PB;;;1;1;1;1;507.2;551.5;551;526;1;540
330999;RN;;;1;1;1;1;625.9;667.1;660.9;762.7;1;920
1875261;PA;;;1;1;1;1;623.5;661.9;602;751.8;1;640
3582558;GO;;;1;1;1;1;481.3;529.3;483.5;410;1;460
1458335;CE;;;1;1;1;1;551.4;603.3;537.3;599.8;1;820
2761534;SP;2;1;1;1;1;1;394.2;398.7;433;395;3;0
1890408;PB;2;1;1;1;1;1;398.3;367.7;485.6;573;6;0
4254698;RJ;;;1;1;1;1;446.5;412.3;454.1;401.4;1;460
1471823;PI;;;1;1;1;1;637.2;576.8;545.8;615.9;1;760
4144501;RS;;;0;0;0;0;;;;;;
491116;BA;2;1;1;1;1;1;377;447.4;481.4;572;1;720
3330150;RJ;2;1;1;1;1;1;473.3;513.2;540.8;385.3;1;480
3530943;PB;;;1;1;1;1;412.7;534.1;524.4;391.4;1;880
2748452;MS;;;1;1;1;1;549.4;448.1;526.9;536.3;1;620
3714505;MG;;;1;1;1;1;529.5;581.2;546.8;527.8;1;540
3987418;SP;;;1;1;1;1;511.7;523;521.4;493.2;1;560
244469;PA;2;1;1;1;1;1;465.8;505.3;538.6;471.7;1;780
543323;MG;2;1;1;1;1;1;437.6;433.7;451.2;434.6;1;680
955846;PA;;;0;0;0;0;;;;;;
1704223;ES;;;0;0;0;0;;;;;;
1172480;SP;2;1;1;1;1;1;506.8;430.3;498.7;666.9;1;680
1877899;MG;;;1;1;1;1;507.1;538.7;569.1;549.7;1;900
3064872;RS;;;1;1;1;1;612.4;581.3;555.9;681.3;1;900
679487;BA;;;0;0;0;0;;;;;;
2655304;MS;2;1;1;1;1;1;422.4;504.4;504.3;463.4;1;560
346816;MA;;;1;1;1;1;469.4;388.8;331.7;530.2;1;280
3047942;BA;;;1;1;1;1;528.6;567.8;602.2;446;1;500
1848266;MG;;;0;0;0;0;;;;;;
649416;PA;;;0;1;1;0;;336.9;453.6;;9;0
1759863;SC;2;1;0;0;0;0;;;;;;
1560542;SC;2;1;1;1;1;1;395.4;440.7;493.5;499.2;4;0
2203047;PE;;;1;1;1;1;644.8;657.7;658.7;740.9;1;940
2309719;MG;2;1;1;1;1;1;442;455.4;503.8;534.6;1;680
3855131;GO;;;1;1;1;1;429.1;425;520.2;379.9;1;560
1422575;DF;2;1;1;1;1;1;512.1;517.7;546.6;540;1;780
3740574;AP;;;1;1;1;1;522.1;548.8;593.7;478.1;1;680
1867657;BA;;;0;0;0;0;;;;;;
184292;RN;;;0;0;0;0;;;;;;
826246;BA;;;1;1;1;1;344.7;422.1;394.3;421.3;1;320
2443505;PA;;;0;0;0;0;;;;;;
1717354;RJ;;;1;1;1;1;620.7;643;605.9;669.1;1;840
602663;AL;;;1;1;1;1;439.8;422.6;457.9;374.5;1;460
1718042;RJ;;;1;1;1;1;532;402.1;552.8;518.3;1;600
825139;GO;;;1;1;1;1;456.3;653.7;563.8;487.3;1;820
3369364;MA;4;1;1;1;1;1;397;429.7;516.7;566.6;1;620
4243570;PI;;;0;0;0;0;;;;;;
2845077;MG;;;1;1;1;1;466.8;484;536.3;446.8;1;520
4279683;RS;;;1;1;1;1;462.3;386.4;510.3;526.9;1;400
1056573;MA;2;1;1;1;1;1;470.1;478.2;512.5;479.1;1;660
3049472;PE;2;1;1;1;1;1;383.4;376.5;483.6;386.1;1;560
4083956;MT;;;1;1;1;1;481.7;401.7;460.1;414.7;1;500
4186490;RS;;;0;0;0;0;;;;;;
2151325;ES;4;1;1;1;1;1;598.7;653.6;594.4;732.6;1;860
4089852;SP;2;1;1;1;1;1;452.1;386.1;334;441.1;1;380
4243874;MT;;;1;1;1;1;389.7;492.7;414.9;410;1;460
1061163;PA;;;1;1;1;1;449;550.5;511.9;421.4;1;520
3317503;BA;;;1;1;1;1;528.8;596.3;551.6;541;1;560
3288791;MG;;;1;1;1;1;633.3;681.7;621.9;770.2;1;720
2036215;CE;;;1;1;1;1;680.8;687.4;614.7;824.9;1;880
2445340;SP;2;1;1;1;1;1;501.9;590.4;538.6;595.3;1;780
319499;PR;2;1;0;0;0;0;;;;;;
713236;CE;2;1;1;1;1;1;400.9;525.1;567.9;568.9;1;860
957859;MT;;;0;0;0;0;;;;;;
431266;MA;;;1;1;1;1;373.2;410;522.5;604;1;900
1716385;SP;2;1;1;1;1;1;585.1;468.8;534.9;599.7;1;700
685635;SP;2;1;1;1;1;1;493.8;605;593.2;665.7;1;720
154761;MA;;;0;1;1;0;;430.5;429.8;;1;480
883345;MG;;;1;1;1;1;452;433.4;474.9;425.8;1;560
2667614;PR;2;1;0;0;0;0;;;;;;
13910;SE;;;0;0;0;0;;;;;;
860878;RO;2;1;1;1;1;1;450.8;529.8;568.7;432.1;1;760
809260;PA;4;1;1;1;1;1;650.4;714.5;656.2;791.5;1;960
2622650;ES;;;1;1;1;1;567.7;624.9;609.3;669.7;1;580
1343883;SE;;;1;1;1;1;351.2;418;492.7;404.9;4;0
1769056;MT;4;1;1;1;1;1;604.1;678.5;628.2;726.1;1;900
838252;BA;;;0;0;0;0;;;;;;
2291824;MG;;;1;1;1;1;391.5;349.3;428.8;443.5;1;220
301231;RO;;;0;0;0;0;;;;;;
1563674;PE;;;1;1;1;1;415.4;426.9;509.1;425.1;1;800
1888542;BA;2;1;1;1;1;1;457.1;542.4;454.3;506.1;1;900
4272629;RS;;;1;1;1;1;620.8;629.9;645.3;686.2;1;800
4053469;RJ;2;1;1;1;1;1;347.9;413.8;450.5;414.2;1;400
2291826;AL;;;1;1;1;1;430.9;406.4;431.2;472.9;1;580
1652758;MG;4;1;1;1;1;1;633.6;674.1;603.2;661.1;1;920
2689745;SP;4;1;1;1;1;1;578.4;653;630.6;724.2;1;820
197744;BA;2;1;1;1;1;1;371.8;481.1;460.4;409.2;1;640
758058;CE;;;1;1;1;1;388.9;395.3;478.6;405.7;1;680
3586198;RJ;;;0;0;0;0;;;;;;
3727370;SP;4;1;0;0;0;0;;;;;;
1241203;PA;;;1;1;1;1;463.7;430.5;398;445.3;6;0
1043125;BA;;;1;1;1;1;398.5;581.7;570.1;498.5;1;540
1418592;SP;2;1;0;0;0;0;;;;;;
448567;CE;2;1;1;1;1;1;479.3;308.2;488;435.9;1;880
706499;MG;;;0;0;0;0;;;;;;
1456274;RN;4;1;1;1;1;1;653.1;666.3;629.9;782.1;1;920
4207616;AC;;;1;1;1;1;505.4;528.7;509.6;405.2;1;560
1144589;PR;2;1;1;1;1;1;462.1;513.1;578.1;545.2;1;520
2536662;PA;2;1;1;1;1;1;415.6;455.4;373.6;384.4;1;360
54348;CE;;;1;1;1;1;392.2;460.1;518.1;425.4;1;440
1613377;CE;;;0;1;1;0;;433.4;461.4;;1;640
2023203;SP;2;1;0;0;0;0;;;;;;
2456069;RJ;;;0;1;1;0;;357.2;527.9;;4;0
3870813;RJ;;;1;1;1;1;489.4;399.2;394.1;386.3;1;300
4242729;CE;;;1;1;1;1;504.4;650.9;637.3;785.6;1;800
278758;RS;;;1;1;1;1;540.7;527.5;559.8;584.8;1;900
762321;BA;;;1;1;1;1;369.4;368.1;479.1;441.4;4;0
2063360;PI;;;1;1;1;1;479.3;422.5;493;390.7;1;780
1795805;BA;2;1;1;1;1;1;525;570.7;581.9;444.3;1;820
1465201;DF;;;1;1;1;1;494.9;573.1;551.4;606.2;1;800
764674;SP;;;1;1;1;1;504.9;487.8;455.1;395.2;1;360
250126;SP;2;1;1;1;1;1;498.4;391.3;459;394.3;1;540
1621005;BA;;;0;0;0;0;;;;;;
2108641;RS;;;1;1;1;1;392.6;557.1;541.3;412.2;1;540
1408323;RJ;4;1;1;1;1;1;654.5;719.7;631.7;874.5;1;900
2645079;ES;;;1;1;1;1;579.2;449.8;548.2;556.5;1;700
4016921;PE;;;0;1;1;0;;592.8;523.6;;1;520
2647607;SP;4;1;1;1;1;1;564.4;533.7;519.6;700.3;1;600
2548908;MG;;;0;0;0;0;;;;;;
540510;PA;2;1;1;1;1;1;427.8;381.5;427.2;414.9;1;360
545575;PB;;;1;1;1;1;514.1;537.9;567;657.5;1;880
4245645;MS;;;0;0;0;0;;;;;;
2161712;RJ;4;1;1;1;1;1;624.4;691.4;578.4;752.6;1;960
3200191;SP;;;1;1;1;1;695.1;456.6;569.8;786.4;1;800
2617384;RJ;4;1;1;1;1;1;656.5;635.1;617.8;736.3;1;840
21173;PA;2;2;1;1;1;1;488.7;509.4;424.8;460.3;1;380
181293;BA;2;1;1;1;1;1;520.2;484.3;565.2;577.5;1;840
2623174;BA;2;1;1;1;1;1;477.5;470.8;483.4;446.4;1;580
1828934;SP;;;1;1;1;1;386.6;438.2;501.5;465.3;1;340
311851;PR;2;1;1;1;1;1;463.7;532.3;544.4;607.8;1;760
3977624;SP;4;1;1;1;1;1;535.1;577.9;575.5;474.2;1;520
437495;CE;2;1;1;1;1;1;425.5;431.7;412.6;416.1;1;340
2393016;SP;;;0;0;0;0;;;;;;
3053668;MA;2;1;0;0;0;0;;;;;;
2559629;MG;4;1;1;1;1;1;503.5;557.2;530;516;1;760
501606;MG;;;1;1;1;1;413.8;542.2;527.4;402.4;1;740
4295602;TO;;;0;0;0;0;;;;;;
4251987;MG;;;1;1;1;1;585.8;533.2;458.7;595.8;1;460
3278400;PI;;;1;1;1;1;552.4;545.6;563.2;459;1;680
4235007;RS;2;1;1;1;1;1;507.6;537.8;541.8;532.3;1;640
3846737;SP;2;1;0;0;0;0;;;;;;
1822747;RJ;;;1;1;1;1;440.7;557.4;558.7;511.3;1;600
3621044;SP;2;1;1;1;1;1;427.5;440.7;463.9;479.7;1;320
2060309;SP;4;1;1;1;1;1;593;640.6;594;779.6;1;960
2190873;PA;4;1;1;1;1;1;526.8;547.2;549.8;544.2;1;820
1509029;AM;;;0;0;0;0;;;;;;
1724038;MG;4;1;1;1;1;1;647.7;665.5;623.4;782.2;1;880
185985;SE;;;1;1;1;1;404.4;439.1;513.2;547.3;1;540
1465681;RJ;;;1;1;1;1;492.7;583.2;596.5;555.8;1;880
3883437;SP;;;1;1;1;1;370.3;463.6;474.1;415.4;1;700
1494764;MA;2;1;1;1;1;1;554.6;520;510.3;442.8;4;0
4252481;BA;2;2;0;0;0;0;;;;;;
2650902;AL;;;1;1;1;1;518;618.6;573.5;671.3;1;800
4296493;MG;;;1;1;1;1;545.1;407.8;525.3;627.4;1;520
857161;AL;;;1;1;1;1;669.8;680;615.3;722.6;1;920
1046588;SP;;;0;1;1;0;;397.2;367.4;;1;580
1272364;CE;2;1;1;1;1;1;424;412.8;433.6;408.9;1;800
3020898;PA;;;1;1;1;1;492.6;471.9;519.1;469.1;1;700
3014754;CE;2;1;1;1;1;1;435.7;352.6;388.5;426.4;8;0
2996465;AC;1;1;1;1;1;1;554.2;599.6;581.5;678.7;1;440
3427867;CE;;;1;1;1;1;458.9;598;568.6;497.1;1;580
65477;RS;;;0;0;0;0;;;;;;
3755221;SC;;;1;1;1;1;359.8;485.6;528.2;404;1;280
1930028;PA;;;1;1;1;1;437.2;329.8;375.8;456.6;1;540
3849584;PB;;;0;0;0;0;;;;;;
281011;CE;;;1;1;1;1;512.1;580.8;611.8;629.9;1;840
2009694;SP;;;0;0;0;0;;;;;;
519871;MA;;;0;0;0;0;;;;;;
1737776;SE;;;1;1;1;1;607.2;622.6;577.6;707;1;780
1055545;DF;;;1;1;1;1;538.5;591.9;565.7;525.6;1;880
3486144;RJ;;;1;1;1;1;552.3;542.1;514.7;445.6;1;640
485275;CE;2;1;1;1;1;1;399.9;481.7;555.6;501.6;1;740
488667;AL;2;1;1;1;1;1;462.4;376.2;410.5;422.8;1;340
2531228;RJ;;;1;1;1;1;451.9;487.2;516.4;505;1;380
3318093;PE;;;0;0;0;0;;;;;;
1812037;PR;;;0;1;1;0;;373.6;352.6;;1;520
2618382;MG;;;0;0;0;0;;;;;;
4320092;RS;2;1;0;0;0;0;;;;;;
3373773;DF;;;1;1;1;1;575;457.3;561.6;611.5;1;940
3991764;SP;;;1;1;1;1;461.8;460.1;537.3;401;1;900
2819511;SE;;;1;1;1;1;615.4;589.3;594.4;699.1;1;800
544960;RJ;;;1;1;1;1;432.3;521.9;524.1;541.1;1;800
2538919;PE;;;1;1;1;1;529.7;389.9;387.7;459.1;1;600
2329721;MG;2;1;1;1;1;1;553.6;432.4;483.6;404;1;460
2720328;MA;;;0;0;0;0;;;;;;
2154349;SP;;;1;1;1;1;482.1;309.4;425.5;371.5;1;360
2088180;MG;1;1;1;1;1;1;449.6;445.9;508.2;397;1;720
405121;SP;1;1;0;0;0;0;;;;;;
2473593;MG;;;1;1;1;1;623.9;655.6;659.3;796.5;1;840
432884;PE;;;0;1;1;0;;456.3;433.4;;1;400
2003271;PA;;;1;1;1;1;488;390.9;481.2;429.5;1;420
1282562;MA;2;2;1;1;1;1;422;466.7;486.3;445.3;1;420
1019398;SP;;;1;1;1;1;491.1;610.7;603;600.3;1;680
4100318;PE;;;0;0;0;0;;;;;;
3572407;MT;;;1;1;1;1;438.9;505.5;534.7;744.5;1;560
3669077;GO;4;1;1;1;1;1;601.8;578.7;523.1;705.1;1;680
2470034;RS;;;0;0;0;0;;;;;;
3207536;PR;2;1;0;0;0;0;;;;;;
1246100;RS;;;0;0;0;0;;;;;;
2888954;AM;2;1;0;0;0;0;;;;;;
78922;RS;;;0;0;0;0;;;;;;
1592065;BA;;;1;1;1;1;555.3;552.5;549.4;642.9;1;760
3972153;MG;;;1;1;1;1;429.8;577.6;393.6;431.7;1;640
382825;PB;;;1;1;1;1;354.9;407.3;467.5;519.2;1;440
2340435;RJ;4;1;1;1;1;1;545.4;509.7;524.2;634.2;1;880
1518996;CE;;;1;1;1;1;483.7;423.6;473.7;478.4;1;840
1849095;MA;2;1;1;1;1;1;523.6;505.8;515.9;439.8;1;480
2340026;SP;2;1;1;1;1;1;400.8;549.4;532.7;573.4;1;540
660121;PA;;;1;1;1;1;458.3;493;498.5;457.6;1;500
1813357;AM;;;0;0;0;0;;;;;;
824137;PE;2;1;1;1;1;1;561.6;487;531.1;380.5;1;440
1900648;AM;1;1;1;1;1;1;511.9;366.2;450.5;513.2;1;740
3043225;PR;;;1;1;1;1;401.1;458.5;399.4;406.6;6;0
224142;BA;;;1;1;1;1;394.7;451.9;505.8;413.6;1;620
293338;MG;;;1;1;1;1;506.8;587.8;614.7;499.3;1;560
2069137;ES;;;1;1;1;1;582;638;661.3;644.3;1;880
462233;PB;;;0;0;0;0;;;;;;
4014610;SP;4;1;1;1;1;1;585.1;603.5;573.3;620.5;1;800
439069;TO;;;0;0;0;0;;;;;;
4139928;RJ;2;1;0;0;0;0;;;;;;
1512456;RJ;;;1;1;1;1;563.7;355.5;575.1;637.3;1;820
2365809;RN;;;1;1;1;1;487.7;448.9;388.9;416.2;1;680
1232822;MG;2;1;1;1;1;1;601.2;640.7;615.4;768.4;1;840
1849882;RO;;;1;1;1;1;431.5;490.6;494.3;424.4;1;300
562955;MG;2;2;1;1;1;1;461.7;485;485.1;414.8;1;700
3151072;CE;;;1;1;1;1;429.4;477.5;457.2;431.7;1;500
1626573;SE;;;1;1;1;1;543.9;358.6;338.8;559.7;1;640
2811467;SP;;;0;0;0;0;;;;;;
1092229;CE;2;1;1;1;1;1;570.5;611.4;568;547.8;1;800
1003344;BA;;;1;1;1;1;393.3;454.7;416.8;376;1;600
1316061;RS;;;0;0;0;0;;;;;;
2882174;SP;4;1;1;1;1;1;551.5;474.6;520.9;626.7;1;880
599754;RJ;;;1;1;1;1;595.3;552.9;564.2;600.4;1;700
4148770;RJ;;;0;0;0;0;;;;;;
896090;PA;2;1;0;0;0;0;;;;;;
3572737;MG;;;0;0;0;0;;;;;;
3683222;MG;;;1;1;1;1;503.3;547.7;585;565.5;1;820
682201;PA;;;1;1;1;1;416.3;405.4;439.5;377.9;1;720
2753371;RN;;;1;1;1;1;445.4;583.8;601.6;457.8;1;880
1245263;MG;;;1;1;1;1;745.8;743.7;667.3;869.8;1;940
1276304;ES;2;1;1;1;1;1;535.7;548.5;527.6;564.3;1;500
1618854;BA;;;1;1;1;1;393.9;411.9;447.3;440.4;1;580
792730;RS;;;0;0;0;0;;;;;;
3089852;SP;4;1;1;1;1;1;551.4;541.2;526.7;651;1;940
830588;MA;2;1;1;1;1;1;567.1;655.3;589.5;736.5;1;860
3124635;GO;;;1;1;1;1;629.5;616;622.2;745.8;1;920
3916456;SC;2;1;1;1;1;1;371.1;426.6;538.9;404.4;1;560
2415881;BA;;;1;1;1;1;572.4;628.9;585.5;654.3;1;760
2179099;PI;;;1;1;1;1;529;408;555.9;444.9;1;760
2061916;ES;4;1;1;1;1;1;449.7;538.2;482.6;609.7;1;660
867718;RJ;2;1;1;1;1;1;345.4;452.1;508;451.6;1;860
4048875;MS;;;0;0;0;0;;;;;;
98715;BA;2;1;1;1;1;1;420;503.4;482.3;520.6;1;600
1953416;MA;2;1;1;1;1;1;503.9;524.3;552.8;432.6;1;760
279542;RJ;;;1;1;1;1;477.7;436.7;503.5;484.4;1;520
1928840;RS;4;1;1;1;1;1;584.9;657.8;630.8;685.7;1;820
1036541;PR;4;1;1;1;1;1;571;598.2;587.1;709;1;640
2477732;BA;2;1;1;1;1;1;410.1;481.2;513.6;422.5;1;780
725500;PE;;;1;1;1;1;407.4;546.9;554;627.7;1;820
2686358;MG;;;1;1;1;1;481;570.4;547.7;585.8;1;680
181186;BA;2;1;0;0;0;0;;;;;;
1493982;AP;;;1;1;1;1;568.4;465.4;389.2;380.1;1;480
2385030;SP;;;1;1;1;1;516.8;562.5;559.1;690.8;1;880
2195904;PA;;;0;0;0;0;;;;;;
786772;RJ;;;1;1;1;1;509.1;578.8;590.9;478;1;680
2265085;RS;;;1;1;1;1;397.8;555.3;531.8;435.4;1;480
129074;GO;2;1;1;1;1;1;444.1;432;473.5;424.9;1;800
3240876;RJ;4;1;1;1;1;1;513.4;648.1;538.4;769.5;1;860
3255636;MG;;;1;1;1;1;469.8;540.3;535.7;429;1;520
1015674;RJ;;;1;1;1;1;522.7;553.5;540.9;471.9;1;480
2265140;BA;2;1;1;1;1;1;418.9;487.9;464.3;461.9;6;0
898882;MG;2;1;1;1;1;1;482.5;557.1;592.6;482.3;1;660
2119868;PB;2;1;1;1;1;1;502.2;578.1;572.6;421.7;1;560
3283551;SP;;;1;1;1;1;569.8;608.9;593.5;710.4;1;880
645547;MG;;;1;1;1;1;378;421.2;502.6;453.2;1;580
2913012;AC;;;0;0;0;0;;;;;;
318008;RN;2;1;1;1;1;1;512.6;562.6;563.1;613.9;1;880
1632430;SP;;;1;1;1;1;577.7;618.6;614.7;729.4;1;600
3587418;SP;;;1;1;1;1;677.7;643.2;636.3;884.5;1;860
1056055;AL;;;1;1;1;1;384.9;503.7;508;434.1;1;640
219720;RJ;;;1;1;1;1;437;588.3;552;396.4;1;760
2477152;SP;4;1;1;1;1;1;675.9;620.9;634.2;733.8;1;720
774360;PE;;;1;1;1;1;378.8;451.7;460.6;489.1;1;700
2952396;BA;2;1;0;0;0;0;;;;;;
664274;ES;;;1;1;1;1;545.9;520.8;606.9;446.7;1;780
2959357;BA;2;1;1;1;1;1;443.2;517.4;519.3;582.4;1;620
279804;PR;2;1;1;1;1;1;557.1;498;481.9;480.4;1;740
2177180;ES;;;1;1;1;1;466;524.7;471.6;395.7;1;440
4296748;RN;;;1;1;1;1;558.4;627.1;566.8;737.5;1;580
2922007;RJ;;;1;1;1;1;536.9;543.3;504.4;591.9;1;420
1818708;PE;2;1;1;1;1;1;481.8;506.3;581.4;554;1;960
3208633;BA;;;1;1;1;1;528.7;413.7;420.5;457.4;3;0
3075660;BA;;;1;1;1;1;642.6;637.7;623.2;691.6;1;920
3306984;SP;;;1;1;1;1;484.2;590.6;566;642.5;1;860
539559;SE;;;1;1;1;1;458;554.9;474.2;381.3;1;500
1513850;PE;;;1;1;1;1;437.8;508.1;453.6;453.1;1;520
1492147;PE;;;1;1;1;1;460.1;579.6;589.9;623.1;1;820
1183949;CE;;;1;1;1;1;465.3;349.2;327.3;459.2;3;0
4290684;SP;;;0;0;0;0;;;;;;
2663355;SP;;;1;1;1;1;564.4;614.8;573.8;611.4;1;480
1064971;PI;2;1;1;1;1;1;412;472.5;392.5;491.3;1;360
3862794;GO;;;0;0;0;0;;;;;;
2706093;AP;2;2;1;1;1;1;365.5;331.8;489.9;386.4;1;480
3270112;CE;;;0;1;1;0;;385.2;484.7;;1;620
4312420;PE;;;0;0;0;0;;;;;;
164984;PI;2;1;1;1;1;1;424.6;307.7;403.8;373.9;3;0
3518737;PI;;;1;1;1;1;373.4;460.8;491.4;469.1;1;800
563000;CE;;;1;1;1;1;488.7;400.8;443.3;411.5;1;720
4171448;SP;2;1;0;0;0;0;;;;;;
698571;BA;;;0;0;0;0;;;;;;
27939;MA;;;1;1;1;1;408.4;461.2;496.1;453;1;680
2144959;BA;;;0;0;0;0;;;;;;
4001003;PR;;;1;1;1;1;665.1;623.3;590.5;761.4;1;820
3302864;PE;;;1;1;1;1;531.9;538.5;582.5;412;1;500
2341226;BA;;;0;0;0;0;;;;;;
2797847;AP;;;1;1;1;1;589.2;601.1;644.7;473.2;1;560
2724389;SP;;;0;0;0;0;;;;;;
2113647;RS;;;1;1;1;1;614.9;587.9;636.5;696.5;1;820
186682;SE;2;1;0;0;0;0;;;;;;
3743077;PI;;;0;1;1;0;;309.5;490.3;;1;580
1742515;RS;;;0;1;1;0;;533.4;498.5;;1;600
3773708;PA;;;0;0;0;0;;;;;;
2904532;MG;;;1;1;1;1;610.9;669.2;637.8;794;1;880
1819694;RR;2;1;1;1;1;1;362.2;422.1;345.7;445.5;1;440
4313127;RS;;;0;0;0;0;;;;;;
2276830;MG;;;0;0;0;0;;;;;;
607170;MA;;;1;1;1;1;411.9;370.7;374.6;421.1;1;480
260659;AP;2;1;1;1;1;1;480.5;445.3;496.7;421.3;1;680
3513737;RN;;;1;1;1;1;408.2;499.2;494;452.2;1;680
3930833;TO;;;0;1;1;0;;342.5;579.7;;1;740
4036689;GO;;;0;1;1;0;;584;555.1;;1;900
2852917;MG;;;1;1;1;1;388.3;526.4;558.4;675.9;1;900
2717913;RJ;;;0;1;1;0;;344.5;446;;1;440
255804;SP;;;1;1;1;1;542.1;0;514.4;561.1;1;400
99600;MG;;;1;1;1;1;535.5;470.4;558.1;383.1;1;560
2653688;MG;;;1;1;1;1;546.7;608.3;586;444.1;1;740
3833194;MG;;;1;1;1;1;447.3;534.5;500.7;450.9;1;540
3661195;MS;2;2;1;1;1;1;442.7;436.6;433.6;413.6;1;340
2020993;SP;;;1;1;1;1;535.6;508;555.8;393.4;1;560
478261;BA;;;1;1;1;1;502.8;414.8;537.8;405.6;1;820
4246477;MS;;;1;1;1;1;555.6;656;574.7;495.8;1;520
451848;PB;;;1;1;1;1;438.6;521.2;545.8;434.1;1;600
13710;PB;;;1;1;1;1;435.8;450.7;380.1;469.9;1;700
2093100;MA;2;1;1;1;1;1;475.1;395.9;481.8;385;1;600
718881;PR;2;1;0;1;1;0;;448;534.2;;1;620
792287;RJ;;;0;1;1;0;;363.4;353.9;;1;520
4161942;PE;;;0;0;0;0;;;;;;
363275;PA;;;1;1;1;1;378;441.4;519.2;393.6;1;700
46317;RN;;;1;1;1;1;363.7;418.5;487.2;491.1;1;480
3168396;PA;;;1;1;1;1;442.1;520.8;521.8;384.6;1;540
93470;MG;2;1;1;1;1;1;484.3;433.2;506.5;520.7;1;860
3685770;PI;;;1;1;1;1;596.8;586.5;565.8;616.8;1;900
3609248;BA;2;1;0;0;0;0;;;;;;
2551438;SP;;;0;0;0;0;;;;;;
3074806;BA;;;0;0;0;0;;;;;;
676647;SP;4;1;1;1;1;1;631.2;627.8;653;745;1;900
1869484;SC;2;1;1;1;1;1;571.6;679.4;570.7;500.3;1;640
71483;MG;1;1;1;1;1;1;529.1;654.1;573;607.9;1;740
3195613;PE;;;0;1;1;0;;304.3;400.8;;4;0
2596777;MG;4;1;1;1;1;1;522.6;595.4;539.1;633.5;1;840
2385866;SP;4;1;1;1;1;1;571.6;507.8;542.9;509.5;1;620
703038;GO;;;0;1;1;0;;479.4;536.5;;1;900
166464;SP;;;0;0;0;0;;;;;;
2086873;SP;;;1;1;1;1;444.4;536.1;563.2;625.5;1;760
685828;RN;1;1;1;1;1;1;523.1;538.7;542.6;507.8;1;660
386535;RJ;4;1;1;1;1;1;594.1;565.2;506.1;414.2;1;720
496732;MS;2;1;0;0;0;0;;;;;;
3613398;PR;4;1;1;1;1;1;463.8;557.1;545.9;606.1;1;600
3413710;RN;;;1;1;1;1;568.1;557.9;531.9;436.8;1;720
2372078;PE;;;0;0;0;0;;;;;;
1138477;CE;2;1;1;1;1;1;405.9;493.3;345;416.9;1;840
4302466;RS;;;0;0;0;0;;;;;;
1107720;PB;2;1;1;1;1;1;449.1;509.1;501.4;447.5;1;560
976418;SP;;;1;1;1;1;521.6;513.4;572.5;630.7;1;720
423789;PI;;;1;1;1;1;535.4;565.5;562.3;575.5;1;560
4058492;SP;;;0;0;0;0;;;;;;
565363;MG;;;1;1;1;1;437.9;552.1;533.4;451.3;1;640
1928725;MG;;;0;0;0;0;;;;;;
615145;PA;;;1;1;1;1;428.5;336.8;417.2;374;1;340
4255527;PR;2;1;1;1;1;1;552.3;520.2;561;724.4;1;880
2938946;SP;2;1;1;1;1;1;560.4;567.4;580.2;656.1;1;840
3682176;RJ;;;0;0;0;0;;;;;;
1518514;AM;2;1;1;1;1;1;549.8;502.3;482.1;571.3;1;640
910685;PB;;;0;0;0;0;;;;;;
1452678;PE;;;0;0;0;0;;;;;;
1683511;MT;;;1;1;1;1;398.4;475.5;480.3;532.3;1;600
1178819;PB;2;1;1;1;1;1;388.6;437.7;472.8;374.3;1;640
3175730;SP;;;0;1;1;0;;630.1;574.1;;1;620
1315747;PE;;;1;1;1;1;468.3;484.5;551.7;512.4;1;640
4249948;GO;2;1;1;1;1;1;370.4;525.5;549.5;403.1;1;680
3863878;SP;;;1;1;1;1;463.1;454.2;512.6;479.8;1;660
3005296;CE;2;1;0;0;0;0;;;;;;
2100875;RN;2;1;0;0;0;0;;;;;;
1882770;AL;;;1;1;1;1;487.3;499.7;561;410.6;1;760
1132535;PR;;;1;1;1;1;478.6;587.2;597.2;551.8;1;480
535926;MG;2;1;1;1;1;1;448;405.8;530.5;436.5;1;500
2161774;MG;3;1;1;1;1;1;499.9;599.3;560.3;645.8;1;780
3184965;RJ;;;1;1;1;1;473.5;333.4;524.2;415.9;1;540
2114884;PR;;;1;1;1;1;517.6;564.7;580.5;527.6;1;640
2597096;MG;2;2;1;1;1;1;511.3;474.1;499.7;459.4;1;740
1141891;GO;;;1;1;1;1;494.1;400.6;526.2;487.1;1;880
1837654;PA;;;1;1;1;1;360.7;576.7;542.1;516.3;1;520
1260137;GO;2;1;1;1;1;1;440.7;386;357.5;428.2;1;360
4300207;RS;;;0;0;0;0;;;;;;
1736935;RJ;2;1;1;1;1;1;465.6;485.6;523.5;431;1;580
3447390;BA;;;1;1;1;1;501.9;514.3;539;479.5;1;440
3230541;RJ;2;1;1;1;1;1;519.3;598.9;564.4;518.4;1;880
1674935;CE;;;1;1;1;1;506.7;514;511;494.4;1;680
3104489;PB;;;1;1;1;1;418.9;546.5;490.9;465.2;1;880
4136542;MG;;;1;1;1;1;579.7;589.4;584.1;650.4;1;560
104476;RN;;;1;0;0;1;379.3;;;392.6;;
3683154;SP;;;0;0;0;0;;;;;;
431557;SP;3;1;1;1;1;1;438.7;609.3;565.7;428.9;1;660
124197;RS;;;1;1;1;1;536;600;570;461;1;580
1293794;AM;;;0;0;0;0;;;;;;
1176870;PR;;;0;0;0;0;;;;;;
265846;BA;;;0;0;0;0;;;;;;
1590873;MS;4;1;1;1;1;1;391.9;476.2;474.5;429.3;1;560
2307565;GO;;;1;1;1;1;491.4;605.7;539.1;410;1;660
3022706;MA;;;1;1;1;1;559.8;580.9;497.6;689.6;1;360
4263790;RJ;;;0;0;0;0;;;;;;
2509995;PB;;;1;1;1;1;535.3;541.6;551.3;441.9;1;560
122417;RJ;2;1;1;1;1;1;454.3;553.8;573.7;490.9;1;700
1849258;PE;2;1;1;1;1;1;420.8;502.5;483.3;483.7;1;580
1202621;SP;2;1;1;1;1;1;511.5;595.6;536.1;676.1;1;660
4216431;MG;2;1;1;1;1;1;521.6;420.4;522.1;415.5;1;480
531883;SP;;;0;1;1;0;;0;429;;1;720
638402;PI;;;1;0;0;1;561.8;;;659.6;;
3175101;RS;;;1;1;1;1;501.8;567.3;548;489.9;1;600
557684;CE;;;1;1;1;1;544.4;441.6;575.3;607.3;1;440
2817130;PR;;;1;1;1;1;661.8;703.4;639.5;710.9;1;860
450857;MT;2;1;0;0;0;0;;;;;;
2572872;PE;;;1;1;1;1;543.2;555.4;555;568.8;1;880
4136068;RS;;;0;0;0;0;;;;;;
1027548;AL;;;0;0;0;0;;;;;;
2430909;SP;2;1;1;1;1;1;483.1;439;472.4;388.2;1;520
2085539;BA;;;1;1;1;1;406.2;501.6;542.6;448.3;1;820
1745749;GO;2;1;1;1;1;1;566.6;524.3;586.8;695.8;1;880
2692443;PB;;;1;1;1;1;400.2;469.3;479.4;393.1;1;560
2100796;RJ;2;1;1;1;1;1;509.5;530.2;574.9;704;1;560
33524;PE;2;1;1;1;1;1;349.7;325.9;404.6;591;1;380
4164596;MG;;;0;0;0;0;;;;;;
1888042;CE;2;1;1;1;1;1;474.4;470.3;528.3;485.4;1;820
4106004;RJ;;;1;1;1;1;491.6;441.7;395.7;536.1;1;520
3231804;AC;2;1;0;0;0;0;;;;;;
1799279;PA;;;1;1;1;1;516;520.1;509.5;443.4;1;560
173264;PA;;;0;0;0;0;;;;;;
186610;SP;2;1;1;1;1;1;371.3;431.7;429.2;447.6;1;460
1996740;BA;;;1;1;1;1;571.4;597.1;585.8;644.7;1;920
2275619;PE;2;1;1;1;1;1;581.8;679;671.2;678.7;1;840
339299;TO;;;1;1;1;1;517.6;530.6;541.6;534.1;1;840
2091484;CE;;;1;1;1;1;604.5;610.6;462;437.1;1;720
650819;SP;;;0;0;0;0;;;;;;
1088441;BA;;;1;1;1;1;410.6;359.8;475.2;511.8;1;520
759156;MG;;;0;0;0;0;;;;;;
1653452;PR;;;1;1;1;1;488.6;538.1;562;601.7;1;460
4024987;ES;2;1;0;0;0;0;;;;;;
3840522;SP;4;1;1;1;1;1;531;488.4;521.6;481.2;1;460
4117274;BA;;;0;0;0;0;;;;;;
4253227;RS;;;0;0;0;0;;;;;;
1518044;MA;;;0;0;0;0;;;;;;
742780;AL;2;1;0;0;0;0;;;;;;
2602354;TO;;;1;1;1;1;371.6;424;519;438.1;1;680
2322160;SP;4;1;1;1;1;1;732;739;678;879;1;840
2470640;RJ;;;1;1;1;1;483.3;495.6;490.9;513.5;1;420
3750132;PA;;;0;0;0;0;;;;;;
2195979;PA;4;1;1;1;1;1;585.2;590.4;535;622.7;1;960
3656758;CE;;;1;1;1;1;556.3;577.3;491.5;615.6;1;720
1265260;PR;;;0;1;1;0;;530;542.4;;1;680
3415923;MG;;;1;1;1;1;498.7;588.6;593.1;645.6;1;680
3368820;PB;4;1;1;1;1;1;519.3;506.6;499.6;423.9;1;680
4103172;MG;;;0;0;0;0;;;;;;
457373;AL;4;1;1;1;1;1;544.2;617;506.1;609.4;1;940
1032867;BA;2;1;0;0;0;0;;;;;;
930236;RS;2;1;1;1;1;1;366.4;363.9;476;407.3;1;560
3018917;RN;;;1;1;1;1;473;509;523.6;677.1;1;560
3682629;PE;2;1;0;0;0;0;;;;;;
2461852;BA;2;1;1;1;1;1;392.5;434.2;484.8;380.1;1;540
2810570;PA;;;1;1;1;1;435.3;506.5;530.4;391.3;1;500
4112818;SP;;;1;1;1;1;363.2;344;369.2;537.6;1;560
2549054;AM;2;1;0;0;0;0;;;;;;
2848852;PI;;;1;1;1;1;658.8;691.1;654.4;820.5;1;940
1603190;PB;;;1;1;1;1;380.9;391.9;427.8;378.6;1;400
3166700;SP;4;1;1;1;1;1;573.2;547.3;579.6;418;1;840
2089059;PB;;;1;1;1;1;462.9;505.1;500.3;418;1;420
3182025;AM;;;0;0;0;0;;;;;;
2879459;RS;;;1;1;1;1;523.6;502.8;541.9;645.6;1;860
2169756;RS;;;0;1;1;0;;420.9;467.9;;3;0
897692;PI;1;1;1;1;1;1;490.6;297.7;510.8;425;1;720
1121302;PR;4;1;0;0;0;0;;;;;;
3010447;PA;;;1;1;1;1;538.7;566.2;526.4;541.2;1;540
1727030;PI;4;1;1;1;1;1;645.8;710.5;670.6;721.8;1;960
2068906;PR;2;1;1;1;1;1;388.7;409.1;555.1;521.8;1;700
3084791;RJ;4;1;1;1;1;1;591.8;594.7;583.5;690.6;1;880
1758315;SP;4;1;1;1;1;1;438.3;559.6;553.1;569.4;1;800
1140403;SE;2;1;1;1;1;1;441;428.4;438.9;396.7;1;520
2507195;CE;2;1;1;1;1;1;428;427.2;436.3;412.5;1;560
578054;BA;;;1;1;1;1;436.2;420.6;434.8;570.6;1;480
4328628;RS;2;1;0;0;0;0;;;;;;
2454933;BA;2;1;0;0;0;0;;;;;;
1668351;CE;;;0;0;0;0;;;;;;
1224755;MG;2;1;1;1;1;1;456.7;453.2;518.3;534.3;1;500
2208854;MG;2;1;1;1;1;1;562.7;532;532.1;594.1;1;760
2967615;PB;;;0;0;0;0;;;;;;
1844662;RJ;;;1;1;1;1;382.2;448.9;446.7;448.1;4;0
1483029;RJ;;;1;1;1;1;527.7;506.9;428.6;541.4;1;640
1687054;CE;2;2;0;0;0;0;;;;;;
1725128;CE;;;1;1;1;1;481.5;512;514.3;570;1;780
2550065;MG;4;1;1;1;1;1;619.5;564.3;570.1;722.3;1;880
1814497;SP;2;1;1;1;1;1;478.2;570.2;584.3;456;1;540
1673651;MA;;;1;1;1;1;495.5;542.9;464.5;502;1;600
387010;RJ;4;1;0;0;0;0;;;;;;
430543;PI;;;1;1;1;1;406.8;410.9;473.6;412.3;1;560
2725888;PB;2;1;1;1;1;1;503;501.2;506.9;522.7;1;560
4213878;PI;;;1;1;1;1;498.2;450.4;520;386.4;1;920
3272550;PA;;;1;1;1;1;456.8;366.3;471.7;424.8;1;480
3699796;SP;;;1;1;1;1;531;564.4;575.5;655.3;1;560
2069120;PI;;;0;0;0;0;;;;;;
1618567;MA;2;1;1;1;1;1;455.7;523.1;520.7;410.9;1;740
979750;RS;;;1;1;1;1;357.9;355.8;369.9;443.3;6;0
2589148;RJ;2;1;0;1;1;0;;370.7;344.5;;1;200
2885636;PE;;;0;0;0;0;;;;;;
1336048;SP;;;0;0;0;0;;;;;;
988435;MT;;;1;1;1;1;554.5;380.1;508.6;534.6;1;600
1766304;RJ;2;1;1;1;1;1;544;586.5;499.5;606.9;1;680
659846;RN;;;1;1;1;1;441.7;344.1;485.7;556.8;1;440
915572;RS;4;1;1;1;1;1;625.6;622.9;629.7;735.3;1;880
1603897;BA;;;1;1;1;1;446.8;459.1;475.3;462.9;1;460
1013715;AM;;;0;0;0;0;;;;;;
4040676;BA;;;0;0;0;0;;;;;;
3457490;MA;;;1;1;1;1;497;542.8;534.4;485.6;1;880
94995;PI;;;0;0;0;0;;;;;;
1053308;PE;2;1;1;1;1;1;474.2;414.7;392.2;444.7;1;580
124906;PI;;;0;0;0;0;;;;;;
413672;AL;2;1;1;1;1;1;414.6;397.8;457.2;387.7;1;680
4329532;RS;;;0;0;0;0;;;;;;
3527969;RJ;;;0;0;0;0;;;;;;
3160044;RN;;;1;1;1;1;405.5;417.9;431.2;382.9;3;0
1922320;SP;2;1;1;1;1;1;524;501.6;549.6;659.1;1;680
3550418;SP;;;1;1;1;1;568.8;574.6;504.1;430.1;1;420
3076882;MA;;;1;1;1;1;474;416.1;429.5;413.7;1;700
3340241;RO;;;1;1;1;1;454.7;453.2;493;414.6;1;540
2590159;PE;;;1;1;1;1;571.7;549;544;556.5;1;560
3538734;PA;;;1;1;1;1;543.3;495.1;529.2;423.5;1;520
695192;AL;2;1;1;1;1;1;484.4;522.2;609.3;536.6;1;740
3698800;DF;2;1;0;0;0;0;;;;;;
3110923;SP;;;0;0;0;0;;;;;;
268038;GO;;;1;1;1;1;517.1;546.1;538.3;516.5;1;680
2082678;GO;;;0;0;0;0;;;;;;
2747423;CE;2;2;1;1;1;1;455.1;415;350.9;403.5;6;0
3134549;PR;;;1;1;1;1;550.1;461.6;572.3;443.5;1;580
386854;RS;;;1;1;1;1;463.5;524.5;510.5;399.5;1;520
1082280;CE;2;1;0;0;0;0;;;;;;
888321;MA;;;1;1;1;1;393.1;329.2;501.5;384.7;1;440
254395;AM;;;1;1;1;1;469.4;324.9;476.3;444.9;1;380
3443060;BA;2;1;1;1;1;1;421.9;372.9;348.8;410;8;0
638849;PE;;;0;0;0;0;;;;;;
3227636;SC;4;1;1;1;1;1;520.1;534.7;518;650.5;1;540
1463605;SP;2;1;1;1;1;1;546.9;591.7;584.8;553.6;1;660
2887486;BA;;;1;1;1;1;459.4;558.6;524.3;471.8;1;600
2378696;RS;;;1;1;1;1;460.7;558;340.2;375.6;1;740
30287;MG;;;0;0;0;0;;;;;;
41706;PR;;;0;0;0;0;;;;;;
3826272;AM;;;1;1;1;1;506.2;425.2;430.5;445.4;1;440
1697249;PE;2;1;1;1;1;1;518;409.3;482.1;383.8;1;420
3070721;PI;;;1;1;1;1;405.3;543.4;546.6;391.9;1;660
667529;SP;;;0;0;0;0;;;;;;
364345;BA;;;1;1;1;1;446.2;514.9;464.2;404.1;1;520
295219;RS;;;1;1;1;1;629.3;683.2;639.1;708.3;1;840
2846111;MG;2;1;0;0;0;0;;;;;;
2208750;PB;;;1;1;1;1;462.6;377.4;358.2;485.7;3;0
4310617;RS;;;0;0;0;0;;;;;;
691747;BA;;;1;1;1;1;497.8;584.8;617.1;616.2;1;900
383024;SP;2;1;1;1;1;1;423.5;494.9;509.9;406.9;1;500
1132414;MS;2;1;1;1;1;1;434.7;456.3;494.4;399.9;1;620
1111854;SP;2;1;1;1;1;1;518.5;555.1;555.7;503.8;1;540
2318509;PE;;;1;1;1;1;388.4;405.8;444.6;422;1;420
1685687;PR;4;1;1;1;1;1;696.8;652.3;591;775.7;1;880
1983367;PB;;;1;1;1;1;570;648.8;575.8;551.9;1;580
3714240;PI;;;0;0;0;0;;;;;;
1836122;PI;;;0;0;0;0;;;;;;
3308650;MG;;;0;1;1;0;;353;402.6;;1;580
1884814;RR;;;0;0;0;0;;;;;;
1229316;SP;4;1;0;0;0;0;;;;;;
3576874;CE;;;0;0;0;0;;;;;;
464264;TO;2;1;1;1;1;1;460;517.7;471.9;426.1;1;460
540997;GO;;;1;1;1;1;589.9;603.9;621.2;665.2;1;900
3916839;MS;;;0;0;0;0;;;;;;
2068997;BA;;;1;1;1;1;497.8;421.3;376.7;455.7;1;360
219505;CE;2;1;1;1;1;1;590.6;643.3;594.4;682.2;1;840
88936;CE;;;1;1;1;1;507.8;512.5;524.3;470.5;1;920
2396939;SC;2;1;1;1;1;1;443.5;535.2;480.1;405.9;1;560
3804014;SP;2;1;0;0;0;0;;;;;;
101921;MA;;;0;0;0;0;;;;;;
354722;RJ;2;1;1;1;1;1;459.8;589.3;517.6;658.7;1;680
661505;SP;;;1;1;1;1;612;650.7;612.7;736.6;1;860
3995400;SP;;;1;1;1;1;435.5;512.6;556.4;593.6;1;620
4179755;BA;;;1;1;1;1;478.4;393.3;510.7;429.3;1;720
2964324;SE;;;0;0;0;0;;;;;;
237438;AM;;;0;0;0;0;;;;;;
2665321;BA;2;1;0;0;0;0;;;;;;
2246311;BA;;;1;1;1;1;430;433.3;438.7;427.1;1;560
1761311;SE;2;1;1;1;1;1;393.3;579.8;390.3;399.5;1;740
773698;PR;2;1;1;1;1;1;482.5;353.8;453.6;517.1;1;440
1460335;BA;2;1;1;1;1;1;455.1;545.8;572;603.3;1;540
3312683;BA;2;1;0;0;0;0;;;;;;
1213849;DF;;;0;0;0;0;;;;;;
3260512;PA;2;1;1;1;1;1;385.1;375.4;441.6;502.3;1;520
2942170;PA;;;1;1;1;1;533;533.5;573.7;635;1;800
2717859;PR;2;1;0;0;0;0;;;;;;
1363532;PB;2;1;1;1;1;1;437.4;482;451.4;456.6;1;400
3356502;AM;;;0;0;0;0;;;;;;
4261415;BA;;;0;0;0;0;;;;;;
2074913;ES;;;0;0;0;0;;;;;;
2972923;PA;;;0;1;1;0;;376.8;369.3;;1;400
4265904;RS;;;1;1;1;1;443.6;543;465;631.9;1;480
3832628;SC;;;0;0;0;0;;;;;;
1238131;BA;;;1;1;1;1;578.2;651.2;576.1;543;1;320
4109622;SP;2;1;1;1;1;1;545.3;557.8;590.3;477;1;920
2886986;DF;;;1;1;1;1;538.6;494.5;440.8;468.4;1;600
1000327;MG;;;0;1;1;0;;0;454.7;;1;480
3263808;BA;;;0;0;0;0;;;;;;
72290;MS;4;1;0;1;1;0;;422.1;523.8;;8;0
2797012;MG;;;1;1;1;1;613.5;602.5;641.6;767.9;1;920
1171585;MA;;;1;1;1;1;606.2;632.3;583.6;659;1;640
3434484;RS;;;0;0;0;0;;;;;;
1193344;PA;;;1;1;1;1;514.6;494.7;610.5;555.7;1;860
3997319;RJ;;;1;1;1;1;547.9;570;576.4;619;1;720
3116484;RN;2;1;1;1;1;1;358.6;471.8;456.5;548.5;1;680
720690;BA;2;1;1;1;1;1;393.7;360.5;499.6;456.3;4;0
1625623;SP;;;0;0;0;0;;;;;;
1839863;BA;;;1;1;1;1;581.3;568.2;510.8;524.6;1;600
2459137;PB;;;1;1;1;1;567.8;586;585;608.1;1;960
1893102;SC;;;0;0;0;0;;;;;;
741330;PR;;;1;1;1;1;506.4;485.3;517.9;398.8;1;500
984400;BA;;;0;0;0;0;;;;;;
1069165;BA;;;1;1;1;1;426.1;357.3;413.7;405.9;1;380
2914038;MS;;;1;1;1;1;473.3;492.8;522;411.9;1;600
1700763;CE;2;1;1;1;1;1;401.4;290.8;368.5;446.1;7;0
414963;AM;;;0;0;0;0;;;;;;
3162406;SP;4;1;1;1;1;1;430.5;504.1;565.8;424.1;1;760
3272681;ES;;;1;1;1;1;494;546.6;547.4;561.1;1;400
3409542;RN;;;1;1;1;1;409.1;500.1;448.9;439.6;1;680
2394943;MG;;;1;1;1;1;472.2;447.9;506.5;395.9;1;500
773058;MA;;;1;1;1;1;542.9;632.2;584.1;714.9;1;900
4175136;SP;;;1;1;1;1;537.8;603;595.8;519.1;1;740
2785888;BA;;;1;1;1;1;457.7;511.7;527.9;475.9;1;540
1149528;RS;;;0;0;0;0;;;;;;
191772;RJ;;;1;1;1;1;545.6;598.3;572.6;602.6;1;900
107396;CE;;;1;1;1;1;623.3;597.8;625.9;757.2;1;920
1745963;RS;2;1;0;0;0;0;;;;;;
959774;BA;;;0;0;0;0;;;;;;
717514;MA;;;0;0;0;0;;;;;;
2644052;RJ;4;1;1;1;1;1;537.9;515.6;471.4;417.4;1;840
4075723;GO;;;1;1;1;1;577.3;562.1;563;592.8;1;760
287704;BA;;;0;0;0;0;;;;;;
1681320;AC;;;1;1;1;1;551.8;426.5;535.5;431.3;1;480
2000009;GO;2;1;1;1;1;1;571;442;481.6;569.1;1;780
3056418;RJ;;;1;1;1;1;441;417.5;340.9;411.9;1;720
1363878;PI;;;1;1;1;1;393.9;416;470.3;395.4;1;920
2265324;TO;2;1;1;1;1;1;603.2;668.6;561.1;698;1;960
1831369;MA;;;1;1;1;1;523.7;479.4;459.1;473.5;1;560
3220842;RJ;;;0;0;0;0;;;;;;
873088;MT;;;1;1;1;1;400.7;406.4;489.4;430.7;1;680
497917;CE;2;1;1;1;1;1;392.1;394;474.6;392.3;3;0
1509648;AM;2;1;0;0;0;0;;;;;;
3067253;TO;2;1;1;1;1;1;504.8;318.1;321.2;392;8;0
497192;PR;2;1;0;0;0;0;;;;;;
1522130;AL;;;0;0;0;0;;;;;;
2525213;GO;2;1;1;1;1;1;481.8;475.5;467;578.2;1;720
273555;PA;2;1;1;1;1;1;568.5;562.7;513.7;616.5;1;760
4231417;DF;;;1;1;1;1;423.1;496.4;514.4;508.2;1;560
968583;PE;;;0;0;0;0;;;;;;
3516662;MA;4;1;1;1;1;1;470.3;516.2;470.8;377.6;1;660
1863620;BA;2;1;1;1;1;1;357.5;475.9;475.2;412.1;1;580
1876048;AM;;;1;1;1;1;465.6;406.1;383.3;405.7;3;0
1174970;AM;;;0;0;0;0;;;;;;
1647351;SP;;;1;1;1;1;704.3;753.6;619.4;846.7;1;960
3165225;MG;;;1;1;1;1;579.3;566.6;565.8;566.8;1;620
1381301;PR;2;1;1;1;1;1;455.1;481.8;514.9;440.3;1;460
4037735;TO;;;1;1;1;1;554;527.2;571.2;481;1;640
2347999;MG;;;1;1;1;1;512.9;531.8;539.6;390.1;1;600
2585876;MS;2;1;1;1;1;1;422.2;509.8;491.6;509.7;1;660
1300717;SP;;;0;0;0;0;;;;;;
195258;ES;;;1;1;1;1;710.4;654;636.9;867.4;1;960
1578047;PI;;;1;1;1;1;480.4;645.6;573;700.5;1;940
3304752;RS;;;0;0;0;0;;;;;;
1170;CE;2;1;1;1;1;1;594.5;584.7;529.2;640.4;1;940
1305109;RJ;2;1;1;1;1;1;499.4;417.9;495.2;479.1;1;400
342715;ES;1;1;1;1;1;1;520.2;567.4;547.3;641.8;1;640
1068308;MG;;;1;1;1;1;509.3;528.2;523.6;580.1;1;720
1330995;PI;;;1;1;1;1;359.4;400.5;436.7;399.7;1;620
2339566;RS;;;1;1;1;1;497.6;570.2;563;700.8;1;620
482899;PE;;;0;0;0;0;;;;;;
1721578;RJ;;;1;1;1;1;669.6;664.8;609.3;759.5;1;920
2733671;MG;;;0;0;0;0;;;;;;
1425761;CE;2;1;1;1;1;1;406.9;307.5;370.9;416.4;1;360
2876617;MT;;;1;1;1;1;529.3;528.3;565.3;491.7;1;540
1285218;GO;2;1;1;1;1;1;614.1;584.6;566.6;613.3;1;640
466931;MG;;;1;1;1;1;492.3;533.7;450.2;509.8;1;640
1126153;RO;;;1;1;1;1;479.2;466.3;483.8;390.1;1;340
345695;BA;;;1;1;1;1;516.9;586.9;562;423.5;1;800
2036710;SP;4;1;1;1;1;1;588.8;360.9;514.7;540.7;1;900
2486903;PE;;;0;0;0;0;;;;;;
3628461;MG;;;1;1;1;1;475.2;530.5;539.6;621.1;1;840
3794204;RO;;;0;0;0;0;;;;;;
102780;AP;;;1;1;1;1;394;516.5;405.1;508.2;1;560
3842357;RN;;;1;1;1;1;552.2;425.2;537.2;394.2;7;0
3277275;PA;4;1;1;1;1;1;467.2;629.5;535.3;434.9;1;560
2149497;PB;;;1;1;1;1;675.9;640;620.9;744;1;940
1603833;PE;2;1;1;1;1;1;371.3;406.6;417.6;392.6;1;480
4240812;RS;;;0;1;1;0;;445.7;327.6;;4;0
3310389;AM;2;1;0;0;0;0;;;;;;
328138;MG;;;1;1;1;1;475.1;501.9;503.6;423.4;1;560
1094087;SP;2;1;1;1;1;1;428;571.9;504;408;1;400
4049935;SC;;;0;0;0;0;;;;;;
1385696;CE;2;1;1;1;1;1;507.6;346.4;420.2;380.4;1;540
2162465;SP;;;1;1;1;1;532.2;426.1;538.8;408.4;1;560
2113660;PR;2;1;1;1;1;1;544.4;493.9;579.7;520.3;1;640
4123000;PR;4;1;0;0;0;0;;;;;;
1005088;AP;;;1;1;1;1;475.6;365.4;436.7;466.1;1;520
3869148;RJ;;;0;0;0;0;;;;;;
1149952;BA;2;1;1;1;1;1;411.7;356.2;496.7;396.1;1;740
1530730;RN;2;1;1;1;1;1;415.3;420.9;487.5;398.3;1;680
2612075;AL;;;0;0;0;0;;;;;;
4324495;RS;;;1;1;1;1;435.5;512.8;520.8;412.7;1;560
1257956;GO;2;1;1;1;1;1;495.3;467;550.1;572.5;1;880
1809381;PI;;;1;1;1;1;511.8;480.1;523.2;425.3;1;660
661406;MA;;;0;0;0;0;;;;;;
3935532;SP;;;0;0;0;0;;;;;;
3381634;RS;2;1;1;1;1;1;599.4;652.2;612.4;650.8;1;580
3579515;CE;;;1;1;1;1;396;478.4;560.8;554.8;1;740
3363899;SP;;;0;0;0;0;;;;;;
3464415;SP;4;1;1;1;1;1;479.7;289.2;577.5;545.3;1;800
948999;DF;;;1;1;1;1;514.2;642.9;610.4;660.3;1;620
772698;BA;;;0;0;0;0;;;;;;
2519676;PE;;;1;1;1;1;444.4;556.8;570.1;687;1;820
2660179;SP;;;1;1;1;1;548.5;457;558.7;389;1;540
1554589;BA;2;1;1;1;1;1;603.8;604.1;557.1;569;1;700
62627;AL;;;1;1;1;1;458.5;584.7;577.7;440.4;1;760
1102945;PR;2;1;0;0;0;0;;;;;;
378640;PA;;;0;0;0;0;;;;;;
1070286;GO;2;1;0;0;0;0;;;;;;
1060365;CE;2;1;1;1;1;1;410.6;537.9;529.4;552.5;1;700
3881243;SP;;;1;1;1;1;490.9;473.2;482.7;379.7;1;440
4284052;BA;;;1;1;1;1;399.1;498.3;513.7;447.8;1;520
2638487;SP;;;0;0;0;0;;;;;;
1447112;SP;;;1;1;1;1;641.2;606.3;607;396.8;1;800
3688616;BA;;;1;1;1;1;453.9;434.8;527;387.8;1;600
1347450;SP;2;1;1;1;1;1;456;566.1;568.8;455;1;680
3014427;MG;;;1;1;1;1;505.7;622.4;554.2;659.3;1;840
353909;SC;;;1;1;1;1;524.6;512.3;558;510.7;1;660
135671;MA;;;1;1;1;1;511.6;352;439.6;378.5;1;440
2760705;MA;;;0;0;0;0;;;;;;
643372;GO;;;0;0;0;0;;;;;;
620940;RS;;;1;1;1;1;508.4;523;549.1;429.3;1;740
2075927;SP;4;1;1;1;1;1;569;550.2;606.8;486.5;1;680
4309878;DF;;;0;0;0;0;;;;;;
2222068;MG;2;1;1;1;1;1;529;427.8;448.8;396.4;1;680
71187;SC;2;1;0;0;0;0;;;;;;
4247319;RS;;;0;1;1;0;;597.4;605.9;;1;720
3010788;BA;;;1;1;1;1;499.6;596;583.8;520.4;1;900
3925402;RS;;;1;1;1;1;432.4;453.8;401.9;382.4;1;640
404739;RJ;;;1;1;1;1;482.9;415.1;568.3;493.9;1;480
62075;BA;;;1;1;1;1;449.4;490.6;475.4;466;1;580
3472948;SP;;;1;1;1;1;607.3;511.3;577.6;639.2;1;640
2755528;SP;;;1;1;1;1;492.4;463.5;534.5;488.3;1;520
417576;PR;4;1;1;1;1;1;499;309.3;412;465;1;780
1286872;CE;4;1;1;1;1;1;502.3;647;613.6;781.7;1;900
198662;BA;;;1;1;1;1;450.5;394.2;524.8;539.6;1;600
973247;RS;2;1;0;0;0;0;;;;;;
4308268;BA;;;1;1;1;1;544;466.9;478.5;488.1;1;520
3253952;BA;;;0;0;0;0;;;;;;
633875;RS;2;1;1;1;1;1;476.5;508;543.8;536;1;820
2888196;SP;;;1;1;1;1;549.8;689.2;616.3;625.9;1;900
3106022;SP;2;1;0;0;0;0;;;;;;
3149478;AM;2;1;1;1;1;1;500.8;506;516;422.7;1;440
1481317;BA;;;0;0;0;0;;;;;;
224475;PE;2;1;1;1;1;1;465.6;449.3;515.7;568.9;1;500
4115092;PR;;;1;1;1;1;515.8;521.1;547.6;444.5;1;640
3424999;MA;;;1;1;1;1;364.2;351.8;465.3;396.5;1;540
4316362;RS;;;0;0;0;0;;;;;;
994478;SE;;;1;1;1;1;468.3;472.1;523.7;456.5;1;840
1680112;PR;;;1;1;1;1;612.7;561.4;544.9;732.3;1;660
1104240;MG;;;1;1;1;1;447.9;510.6;497.3;438;1;440
815150;MG;2;1;1;1;1;1;368.4;543.4;514.7;440.1;1;600
317775;MG;;;1;1;1;1;546.8;463.2;515.8;676.2;1;420
4098674;ES;;;1;1;1;1;479.9;457.2;488.3;484.9;1;460
274519;RJ;;;1;1;1;1;419.3;572.1;612.9;486.2;1;760
1106697;SP;;;1;1;1;1;626.2;642.6;625.7;741.5;1;580
3145198;BA;2;1;1;1;1;1;438.9;527.1;519.8;407;1;640
997425;PE;2;2;1;1;1;1;473.2;565.4;636.2;578.2;1;800
3661647;MG;;;1;1;1;1;454.9;397.4;532.6;461.3;1;740
73067;MG;;;0;0;0;0;;;;;;
365660;BA;;;1;1;1;1;441.1;397.8;381.1;525.2;1;620
1285199;PE;2;1;1;1;1;1;441.5;482.1;537;380;1;760
2989824;CE;;;0;0;0;0;;;;;;
4116099;RS;;;0;0;0;0;;;;;;
4086890;MG;2;1;1;1;1;1;530.8;518.6;563.1;672.6;1;640
327272;TO;2;1;1;1;1;1;446.5;481.5;524.5;498.7;1;560
2459396;AP;;;1;1;1;1;585.7;632;622;725.7;1;620
96022;AL;;;1;1;1;1;577.1;592.3;626.6;801.8;1;820
3417575;SP;4;1;1;1;1;1;543.9;640.4;583.1;679.2;1;860
394488;RN;;;1;1;1;1;429.4;472.9;479.6;422.1;1;800
857565;PE;2;1;1;1;1;1;428.4;467.2;538.3;433.6;1;660
1479594;MA;;;1;1;1;1;598.1;612.2;586.4;695.1;1;500
1467819;GO;;;1;1;1;1;519.7;544.9;523.9;548.8;1;600
40003;MS;2;1;1;1;1;1;484.4;500;484.5;439.2;1;840
1085292;MG;2;1;1;1;1;1;448.5;387.7;478.3;419.7;1;360
919387;SP;;;1;1;1;1;428.3;425.6;432.4;468.3;1;380
1190003;CE;;;1;1;1;1;511.9;436.3;500.1;414.8;1;720
4106882;CE;;;0;0;0;0;;;;;;
34995;PE;;;1;1;1;1;554.7;547;583.4;604;1;740
3100341;RS;;;0;0;0;0;;;;;;
386341;SP;;;1;1;1;1;572.4;533.1;542.1;526.6;1;880
1846264;MG;2;1;1;1;1;1;543.8;536.4;541.2;504.4;1;560
1348882;GO;;;1;1;1;1;649.2;647.1;607.2;693.1;1;880
381693;SP;;;1;1;1;1;416.4;499.5;459.7;397.9;1;440
568155;BA;;;1;1;1;1;519.9;609.6;573.3;420.4;1;520
2008431;PI;4;1;1;1;1;1;540.4;591;552.9;653.3;1;820
2423258;PA;2;1;0;0;0;0;;;;;;
3211552;MG;;;0;0;0;0;;;;;;
1472728;PI;;;1;1;1;1;647.3;703;696.9;821;1;960
1260721;GO;4;1;1;1;1;1;573.6;583.7;585.6;690.7;1;840
1521937;SP;2;1;1;1;1;1;550.4;619.7;602.7;629.4;1;800
2085759;PB;;;0;0;0;0;;;;;;
2489429;CE;2;1;1;1;1;1;450.7;427.4;312.5;537.3;1;280
3883395;MT;;;0;0;0;0;;;;;;
540736;TO;;;0;0;0;0;;;;;;
3007921;RJ;;;0;0;0;0;;;;;;
488912;RS;;;1;1;1;1;549;652.9;611.6;633.6;1;780
657021;PA;4;1;1;1;1;1;462.6;349.9;513;497.1;1;820
638721;CE;2;1;0;0;0;0;;;;;;
3073872;SP;;;1;1;1;1;554.6;584;584.7;685.4;1;720
3859878;PR;;;1;1;1;1;491.2;566.5;526.5;502.8;1;400
2920089;RJ;4;1;0;1;1;0;;415.9;445.7;;1;560
2027404;BA;2;1;1;1;1;1;382.9;365.9;360.2;429.6;1;380
390170;RR;;;0;1;1;0;;581.6;609.1;;4;0
1465903;GO;;;1;1;1;1;506.2;605.6;601.5;514.2;1;820
1593019;BA;2;1;1;0;0;1;452.6;;;418.2;;
1961337;SP;2;1;1;1;1;1;404.2;517.6;522;377.3;1;600
3334948;MG;;;0;0;0;0;;;;;;
54066;SP;2;1;1;1;1;1;560.4;511.2;544.6;486.1;1;760
1253684;RJ;;;1;1;1;1;595.9;484;566.3;672.7;1;860
3351792;SP;;;1;1;1;1;557.8;518.4;545.1;387.1;7;0
1562985;PA;;;0;0;0;0;;;;;;
2823034;RS;;;0;1;1;0;;362;471.8;;1;660
4323882;RS;;;1;1;1;1;604.2;578.1;624.2;665.3;1;540
2152401;PA;;;1;1;1;1;479.8;479.8;506.9;413.5;1;640
1547597;MG;;;1;1;1;1;605.6;612.9;600.2;738.3;1;880
743044;MG;;;0;0;0;0;;;;;;
169671;CE;;;1;1;1;1;398.9;435.9;510.8;432.6;1;520
4321882;RS;;;0;0;0;0;;;;;;
3887288;CE;;;1;1;1;1;460.4;591.1;527.9;396.3;1;560
3911388;RJ;;;1;1;1;1;560.8;414.2;567;443.5;1;600
3449504;RS;;;0;0;0;0;;;;;;
3618207;BA;;;1;1;1;1;516.2;494.3;481.4;577.9;1;860
1222759;PA;;;0;1;1;0;;482.8;416.5;;9;0
2957283;MG;;;1;1;1;1;517.1;456.7;444.8;416.1;1;560
4086061;PA;;;1;1;1;1;394.6;412.5;443.3;436.8;1;440
4067074;MG;;;1;1;1;1;460.1;535;527.5;448.6;1;420
2196542;PA;;;0;0;0;0;;;;;;
1716443;PR;;;0;0;0;0;;;;;;
218457;AM;2;1;1;1;1;1;435.4;486.8;525.9;434.6;1;880
1589746;MA;;;1;1;1;1;565.3;574.5;627.1;644.2;1;880
3937204;ES;;;0;0;0;0;;;;;;
2018009;CE;;;0;0;0;0;;;;;;
769465;PI;2;1;1;1;1;1;493.3;577.9;596;422.3;1;920
4088498;SP;2;1;0;1;1;0;;575.4;521.7;;1;680
901024;MG;;;0;0;0;0;;;;;;
2360837;PE;;;1;1;1;1;499.2;566.8;563.6;518.9;1;680
3143425;MG;;;1;1;1;1;593.7;623.9;574.4;713.6;1;620
3360090;PI;;;1;1;1;1;413.4;345.7;533.1;385;1;460
664193;RS;;;1;1;1;1;508.8;494;447.3;540.5;1;760
1451263;RJ;;;1;1;1;1;474.8;661;635.4;624.9;1;920
3533217;MA;2;1;1;1;1;1;489.6;340.5;449;459.5;4;0
3856876;RJ;;;0;0;0;0;;;;;;
1341869;CE;2;1;0;1;1;0;;467.4;425.1;;1;400
2170238;PA;;;1;1;1;1;420.5;466.7;380.9;487.8;1;780
4182373;RS;;;0;0;0;0;;;;;;
2128958;MS;2;1;1;1;1;1;485.3;510.6;549.5;490.1;1;740
2231724;PR;2;1;1;1;1;1;539.9;444.3;555.4;418.7;1;600
3352376;MG;2;1;1;1;1;1;500.8;421.8;401.9;535.6;4;0
1704434;BA;;;1;1;1;1;407.6;394.9;460.1;436;1;480
3468934;BA;;;0;0;0;0;;;;;;
4046602;RJ;4;1;1;1;1;1;567.4;568.1;600.9;491.4;1;900
2795893;SP;;;0;0;0;0;;;;;;
4140300;AM;;;0;0;0;0;;;;;;
2369898;SP;;;1;1;1;1;490.4;587.8;567;619.8;1;640
3720285;AC;;;1;1;1;1;450.2;538.4;526;442.2;1;440
2745949;RO;;;1;1;1;1;438.9;555.6;529.7;447.6;1;400
1926631;AP;1;1;1;1;1;1;423.6;469.7;487;377.2;1;560
150182;SP;2;1;1;1;1;1;574.7;657;619.4;681.4;1;920
3695428;GO;;;0;0;0;0;;;;;;
3217589;MG;;;1;1;1;1;504.9;507.3;516;442;1;760
2139820;AM;;;1;1;1;1;381.7;435.8;428.6;466.2;1;500
4294087;SP;2;1;0;0;0;0;;;;;;
1298492;CE;2;1;1;1;1;1;409.5;431.6;506.2;621.3;1;780
4124390;RJ;;;0;0;0;0;;;;;;
3429402;AC;1;2;1;1;1;1;491.2;593;575.3;470;1;660
2103949;PR;2;1;1;1;1;1;416;374.1;360.7;413.9;1;680
3918368;PE;;;0;0;0;0;;;;;;
4320698;RS;;;1;1;1;1;407.9;508.2;527.4;521.6;1;540
4104421;RS;;;0;1;1;0;;475.7;482.6;;1;640
2160003;BA;;;1;1;1;1;495.4;490.1;537.7;445.5;1;560
505242;BA;;;1;1;1;1;611.6;700.4;613.9;739.6;1;920
1576902;AM;2;1;1;1;1;1;480.6;451.4;473.7;588.1;1;600
1855316;BA;;;1;1;1;1;464.8;482.8;586.6;385.8;1;600
182131;MA;;;0;1;1;0;;577.5;534.6;;1;520
2464837;SP;2;1;1;1;1;1;449.1;516;515.3;553;1;520
3708928;MG;;;0;0;0;0;;;;;;
2902916;RJ;4;1;1;1;1;1;650.7;725.5;662.6;766.7;1;940
4251649;MS;;;0;0;0;0;;;;;;
2995515;PE;2;1;1;1;1;1;524.1;595.1;558.4;601.1;1;440
879377;MG;;;1;1;1;1;622.1;630.5;607.4;662.4;1;680
1057565;PR;4;1;1;1;1;1;421.4;520.6;500.6;448.5;1;880
3488868;MA;;;0;1;1;0;;461.1;462.8;;1;800
4158413;MG;;;1;1;1;1;546.3;597.7;589;652;1;800
2592837;SP;2;1;0;0;0;0;;;;;;
829662;BA;;;0;0;0;0;;;;;;
1816613;SP;2;1;1;1;1;1;540.5;541.4;538.3;562.9;1;640
4329835;RS;;;0;0;0;0;;;;;;
1815409;MA;;;1;1;1;1;599.5;606.2;596.3;631;1;840
2453402;SP;;;0;0;0;0;;;;;;
2931532;SP;2;1;0;0;0;0;;;;;;
3209257;PR;2;1;1;1;1;1;406.8;478.9;467.8;481.3;1;600
2751191;MG;;;0;0;0;0;;;;;;
1754974;MG;;;1;1;1;1;491.4;374.3;430.3;399.5;1;780
3271787;TO;;;1;1;1;1;359.5;480.5;465.8;612;1;800
2274707;AP;;;1;1;1;1;484.5;528.7;533.9;606.7;1;920
2982238;SP;2;1;1;1;1;1;442;432.2;455.7;403.5;1;620
482907;ES;;;1;1;1;1;457.3;456.2;549.8;674.4;1;840
1156290;SP;;;0;0;0;0;;;;;;
2714743;MA;;;1;1;1;1;401.3;507.4;496.7;479.6;1;640
3551461;SE;;;1;1;1;1;576.3;617.4;622.1;654.1;1;720
2652291;BA;;;1;1;1;1;430.8;419.3;507.4;419.2;1;320
1251390;SP;;;0;0;0;0;;;;;;
186777;RJ;2;1;1;1;1;1;602.8;616.4;574.9;695.2;1;940
3477801;PR;2;1;1;1;1;1;473.2;546.3;529.1;409.2;1;700
176451;ES;2;1;1;1;1;1;511.9;545.6;547.4;527.2;1;880
1297037;SP;2;1;0;0;0;0;;;;;;
3886004;SP;;;1;1;1;1;563.6;577.5;577.2;640.4;1;640
1732236;DF;;;1;1;1;1;534.2;434.8;499.1;418;1;560
2010346;RS;4;2;0;1;1;0;;518.1;458.3;;4;0
783181;BA;1;1;1;1;1;1;537.4;647.9;594.5;708.3;1;860
868606;MG;;;1;1;1;1;569.4;670.4;633.8;595.6;1;460
2005578;PR;;;0;0;0;0;;;;;;
650496;CE;;;0;1;1;0;;0;0;;1;580
458132;SP;2;1;1;1;1;1;465.4;539.6;518.5;501.3;1;660
3110365;SC;2;1;1;1;1;1;508.8;453.8;426.3;487.1;1;420
462802;PI;2;1;1;1;1;1;372.1;361.9;482.6;404.2;1;680
1315521;GO;2;1;1;1;1;1;476.5;561.1;566.7;630.7;1;760
3910250;SP;;;1;1;1;1;533.2;618.8;562.6;600.2;1;780
4187924;SC;;;0;0;0;0;;;;;;
3460917;AL;;;1;1;1;1;651.4;675.3;641.5;752.9;1;920
2337210;SC;;;1;1;1;1;546.8;498.7;565.3;662.3;1;520
1960622;MA;;;1;1;1;1;441.2;443.4;576.7;618.7;1;880
1193908;MA;2;1;1;1;1;1;492.5;438.4;468.1;446.5;1;540
1720401;DF;2;1;1;1;1;1;436.6;473.4;428.8;492.7;1;560
3212511;GO;2;1;0;1;1;0;;441.6;482.1;;8;0
7580;AL;;;1;1;1;1;428.2;539.1;542.4;494.7;1;700
2123339;GO;;;0;0;0;0;;;;;;
3930436;PA;;;1;1;1;1;497.5;557.2;580.6;444.8;1;460
3973366;BA;;;1;1;1;1;382.5;437.9;429.9;423.5;1;600
1800445;RS;2;1;1;1;1;1;457.4;423.8;536.2;535.3;1;700
2872785;TO;1;1;1;1;1;1;518.9;553.8;569.2;638.1;1;580
262113;SP;;;0;0;0;0;;;;;;
337429;SP;2;1;1;1;1;1;445.1;422.6;516.2;475.3;1;760
3033183;SP;2;1;0;0;0;0;;;;;;
2587246;RJ;;;1;1;1;1;627.4;640.6;587.1;730;1;680
2673751;MA;;;0;0;0;0;;;;;;
725383;GO;2;1;1;1;1;1;377.4;394.7;422.5;383;1;560
69864;RS;2;1;1;1;1;1;405.3;440.8;513.7;411;1;360
2774142;RR;1;1;0;0;0;0;;;;;;
3540989;PR;2;1;1;1;1;1;460.4;478.1;499.8;480;1;320
848756;SP;;;1;1;1;1;644.5;695.4;646.3;795;1;820
2980362;SP;;;1;1;1;1;407.6;527.9;530.2;479;1;640
1054504;PR;;;0;1;1;0;;536.3;524.9;;1;560
4035559;PE;;;1;1;1;1;411.9;457.8;403.3;375.7;1;720
2719946;PI;;;1;1;1;1;517.1;520.2;545.6;441.7;1;540
1824120;BA;;;0;0;0;0;;;;;;
2966795;PA;2;1;0;1;1;0;;394.5;363.5;;6;0
3193058;RR;4;1;1;1;1;1;566.9;625.9;574.8;692.9;1;860
443402;PA;2;1;0;0;0;0;;;;;;
4211585;PB;;;1;1;1;1;560.8;588.7;592.2;641.9;1;620
1159642;CE;;;1;1;1;1;548.6;553;554.4;551.8;1;660
736342;PB;;;1;1;1;1;373.5;440.3;522.4;535.9;1;600
3803774;BA;2;1;1;1;1;1;416.7;363.8;373.8;405.8;1;460
3739938;PR;2;1;0;0;0;0;;;;;;
2002942;CE;2;2;1;1;1;1;417.7;384.9;476.4;560.8;1;500
3146384;CE;;;0;0;0;0;;;;;;
3105141;RJ;;;0;0;0;0;;;;;;
3393296;PA;;;0;0;0;0;;;;;;
3720751;RS;;;0;0;0;0;;;;;;
3012359;PE;2;1;0;0;0;0;;;;;;
1035482;SP;2;1;1;1;1;1;565.7;586.5;603.8;669.9;1;800
2670214;PE;2;1;0;0;0;0;;;;;;
2219579;PB;;;1;1;1;1;407.3;408.4;490.5;435;1;420
2371714;PE;;;1;1;1;1;468.9;481.8;509.9;529.3;1;860
2007463;PA;4;1;1;1;1;1;422.5;557.5;532;600.3;1;880
932246;PA;;;0;0;0;0;;;;;;
4167991;GO;2;1;0;0;0;0;;;;;;
3688406;SP;;;1;1;1;1;505.9;654.9;578;471.7;1;680
495195;PE;;;0;0;0;0;;;;;;
2730788;AC;;;0;0;0;0;;;;;;
123277;SP;;;1;1;1;1;648.2;687.7;632;777.7;1;900
2092545;AM;2;1;1;1;1;1;440.2;374.7;393.9;456.4;1;360
1669840;PR;;;1;1;1;1;577;539.8;556;506.9;1;680
2020240;GO;4;1;0;1;1;0;;657.2;561.1;;1;780
3429545;BA;2;1;0;0;0;0;;;;;;
643826;SC;2;1;1;1;1;1;390;496.8;456.1;388.5;1;480
603463;SP;;;1;1;1;1;364.2;394;521.5;433.2;1;560
669908;PE;2;1;1;1;1;1;565.7;565.5;547.1;609.5;1;620
4227570;PB;2;1;0;0;0;0;;;;;;
413771;SP;2;1;0;0;0;0;;;;;;
2600257;PE;;;1;1;1;1;455.3;515.8;500.9;424.6;1;440
89147;PB;;;0;0;0;0;;;;;;
2881193;SC;;;1;1;1;1;594.1;511.9;551.3;658.8;1;780
1225328;PB;;;0;0;0;0;;;;;;
3138454;PR;;;1;1;1;1;657;708.4;703.1;769.9;1;900
2445253;DF;;;0;1;1;0;;523.6;534;;4;0
230545;CE;;;0;0;0;0;;;;;;
4200735;CE;2;1;1;1;1;1;376.5;537;498.4;502.7;1;640
234111;SP;;;1;1;1;1;612.1;706;631.3;733.9;1;760
565967;CE;2;1;1;1;1;1;495.7;466.4;450.6;472.9;1;460
3775404;SP;;;1;1;1;1;404;351.8;455.4;403.4;1;480
1991640;BA;2;1;0;0;0;0;;;;;;
2151991;PE;;;0;1;1;0;;366.8;379.3;;1;420
3044967;SP;2;2;1;1;1;1;595.4;534;556.9;615.8;1;400
2416761;CE;2;1;1;1;1;1;400.9;496.1;509.8;398.2;1;480
601038;SP;;;1;1;1;1;551.1;581.3;583.8;454.6;1;680
1402009;SP;2;1;1;1;1;1;458.1;541.2;574.3;499.8;1;560
2145193;SP;;;1;1;1;1;455.3;491.2;544.3;377.7;1;500
3188;AM;;;1;1;1;1;469.2;461.5;555.6;442.9;1;540
2324473;PA;;;1;1;1;1;442.3;382.7;538.4;392.3;1;640
3326944;RO;2;1;0;0;0;0;;;;;;
1772745;TO;;;1;1;1;1;573.5;573.5;557.1;725.4;1;920
2369229;SC;;;1;1;1;1;498.3;465.9;508.2;547.8;1;360
202503;MT;2;1;1;1;1;1;425.2;464.7;532.5;538.1;1;680
3871770;MG;;;1;1;1;1;582.4;593.9;567.9;494.9;1;540
3261339;SP;;;1;1;1;1;590.8;592.4;640.8;709.6;1;820
1747954;AL;;;1;1;1;1;413.2;487.7;503.7;689.2;1;760
1641674;MT;2;1;1;1;1;1;509.9;508.5;527.7;612.5;1;700
2442055;AL;;;1;1;1;1;426.2;423.5;451.1;576.2;1;480
426987;MA;;;0;0;0;0;;;;;;
1812852;PR;2;1;1;1;1;1;529.3;621.9;602.7;591.5;1;820
1005667;PR;;;1;1;1;1;437.4;452.3;463.1;466.3;1;480
4320563;RS;;;0;0;0;0;;;;;;
3351318;MG;;;1;1;1;1;561.4;517.5;509;540.4;1;600
3634072;SP;;;0;0;0;0;;;;;;
3634855;BA;;;1;1;1;1;467.9;509.8;545.4;424.6;1;580
953119;SE;;;0;1;1;0;;345.7;504.6;;4;0
974584;SP;;;1;1;1;1;437.4;630;658.3;432.2;1;560
4381;RJ;2;1;1;1;1;1;412.9;438.8;499.3;383.4;1;560
1263125;CE;2;1;1;1;1;1;532.6;568.1;545.9;471.4;1;780
3523774;RO;;;1;1;1;1;442.3;532.5;543.2;433.3;1;440
2527065;MA;;;1;1;1;1;448.3;505.1;470.1;423.5;1;860
2054738;BA;2;1;1;1;1;1;557.6;570.4;589.3;447.9;1;740
2987254;MA;2;2;0;0;0;0;;;;;;
1185212;RN;;;1;1;1;1;425.7;398.3;415.6;471;4;0
3618645;TO;;;0;0;0;0;;;;;;
1443489;RN;2;1;1;1;1;1;382.1;432.7;341.9;381.4;1;360
3796782;AL;;;0;0;0;0;;;;;;
960599;PI;;;1;1;1;1;537.8;502.7;561.1;428.2;1;920
3170772;SP;;;1;1;1;1;499.4;457.1;441.6;422.5;1;620
138739;CE;2;1;1;1;1;1;453.7;547.3;552;606.1;1;780
2427544;MG;;;1;1;1;1;438.2;456.1;480.3;475.4;1;520
385985;BA;;;1;1;1;1;452.5;541.2;527.6;549.3;1;660
49335;AP;2;1;1;1;1;1;577.9;501.1;504.8;522.4;1;540
1197507;PI;2;1;1;1;1;1;419.5;437.1;518.8;389.5;1;500
1117384;SP;;;1;1;1;1;486.7;508.3;520.1;416.9;1;660
2546526;SP;2;1;1;1;1;1;572.6;503.5;464.4;519.8;1;500
3693049;MG;;;0;0;0;0;;;;;;
1156860;SP;2;1;1;1;1;1;459.3;490.8;543.4;438.8;1;660
391068;MG;;;0;1;1;0;;479.9;505.4;;1;540
2947273;CE;2;1;0;0;0;0;;;;;;
4058973;AM;2;1;1;1;1;1;452.1;377.5;405.5;497.1;1;420
2201589;PB;2;1;1;1;1;1;412.3;519.8;515.7;409.5;1;680
1666591;CE;2;1;1;1;1;1;356.8;448.9;372;387.6;1;840
439548;RJ;;;1;1;1;1;547.6;637.7;602.9;653;1;920
1755669;RJ;;;1;1;1;1;545.2;557.5;596.2;686.9;1;720
3030094;RS;;;1;1;1;1;558.2;581.4;524.9;604.4;1;520
3943024;RO;;;0;0;0;0;;;;;;
3553525;SP;;;1;0;0;1;464.8;;;507.5;;
163541;BA;2;2;1;1;1;1;375.3;464.2;481.5;391.1;1;480
3137052;PR;4;1;0;0;0;0;;;;;;
2775467;DF;;;1;1;1;1;490.1;546.3;595.6;669.2;1;680
2872322;BA;;;0;0;0;0;;;;;;
2305313;SP;2;1;1;1;1;1;609.7;483.8;571.1;519.2;1;520
2881686;SP;;;1;1;1;1;565.4;537.9;561.7;639.5;1;760
1957072;RS;;;1;1;1;1;482.9;571.7;557.4;470.2;1;460
3826540;MG;2;1;0;0;0;0;;;;;;
1599505;MA;2;1;1;1;1;1;477.7;439.9;417.6;394.9;1;440
4122720;RS;;;1;1;1;1;465.7;324.5;435;456.2;1;400
970113;RN;;;0;0;0;0;;;;;;
3692328;BA;2;1;1;1;1;1;424.3;323.2;468.4;414.1;1;560
3691472;MG;;;0;0;0;0;;;;;;
3378166;MG;;;1;1;1;1;505.4;430.9;550.2;533.5;1;700
168377;RJ;4;1;1;1;1;1;443.4;479;470.2;429.8;1;540
1172273;SP;2;1;0;1;1;0;;388.3;478.3;;4;0
1147406;RN;;;0;0;0;0;;;;;;
2202364;BA;;;1;1;1;1;516.9;482.5;464.5;526;1;640
2232148;SP;2;1;1;1;1;1;616;690.5;599;680.2;1;620
1994380;BA;;;0;1;1;0;;514.1;446.6;;1;740
275861;GO;;;1;1;1;1;654.2;701.8;662.3;837.8;1;940
3972453;AP;;;1;1;1;1;473.4;502.9;451.2;389;1;440
1874129;BA;;;1;1;1;1;454.3;412.8;484;383.1;1;400
157712;SP;;;0;1;1;0;;516;461;;1;720
1208068;BA;;;1;1;1;1;440.1;509.6;444;446.2;1;880
3439452;PI;;;1;1;1;1;365.8;556;569;441.6;1;520
691908;SP;;;1;1;1;1;471.5;610.3;596.6;476.4;1;700
4166695;MG;2;1;0;0;0;0;;;;;;
1192790;MS;;;0;1;1;0;;584.4;541;;1;600
1230175;RS;;;0;0;0;0;;;;;;
861936;MA;2;1;1;1;1;1;438.9;472.2;494.1;532.8;1;580
3470559;BA;;;1;1;1;1;377;340.8;468.3;456.9;1;380
2968095;RN;;;1;1;1;1;436.3;496.3;481.7;381.4;1;580
3975447;SP;;;0;0;0;0;;;;;;
3430258;RJ;4;1;1;1;1;1;632.4;640.7;578.8;734.9;1;900
1765457;RS;;;1;1;1;1;583.7;670.4;603.9;784.4;1;800
617708;ES;2;1;0;1;1;0;;550.2;483.3;;1;360
3419666;SP;2;1;1;1;1;1;518.9;433.8;547.1;441.7;1;500
2873706;SP;;;0;0;0;0;;;;;;
1504222;RJ;;;1;1;1;1;452.5;481.7;476;515.2;1;740
1933823;GO;2;1;1;1;1;1;486;494;561.8;607;1;820
2048369;BA;;;1;1;1;1;535.1;501.4;414.3;395.3;1;440
2921254;SP;;;1;1;1;1;519.6;568.6;537.2;615.2;1;720
3044021;RN;;;1;1;1;1;426.8;524.6;525.7;396.1;1;420
3125820;RJ;;;1;1;1;1;454.6;385.3;488.4;584.3;1;620
3154113;RJ;;;1;1;1;1;550.3;505.1;429.5;477.8;1;820
1597183;RO;;;1;1;1;1;424.7;658.2;523.2;521.9;1;680
2773812;PA;;;0;0;0;0;;;;;;
2812062;RJ;2;1;1;1;1;1;610.1;593.2;564.2;521.3;1;800
1288298;RS;;;1;1;1;1;456.9;550;486.5;407.9;1;860
3304027;SP;;;0;0;0;0;;;;;;
2413709;CE;2;1;0;0;0;0;;;;;;
1507543;MG;2;1;0;0;0;0;;;;;;
2394357;RS;2;1;1;1;1;1;466;511.5;520.7;453.2;1;580
3151088;SP;;;1;1;1;1;588.7;558.4;571.9;701.9;1;940
1973404;AL;2;1;1;1;1;1;378.5;349.7;309.6;422.3;4;0
401;RJ;2;1;1;1;1;1;480.8;385.1;469.5;453.1;1;500
999806;AM;;;0;0;0;0;;;;;;
2012557;SP;;;1;1;1;1;579.6;612.1;594.5;605.3;1;460
1775697;SP;;;0;0;0;0;;;;;;
866126;AL;;;1;1;1;1;441.6;466.8;424.5;378.9;1;560
664879;SE;2;1;0;0;0;0;;;;;;
132683;MG;;;1;1;1;1;608.3;596.8;619.3;768.4;1;940
3924965;PR;;;1;1;1;1;542.7;516.1;537.3;535.3;1;600
493186;PB;;;1;1;1;1;501.1;517.3;562.2;604.1;1;740
3930481;AP;;;1;1;1;1;531;547.7;565.7;528.2;1;700
4055518;RS;;;0;0;0;0;;;;;;
515389;CE;2;1;1;1;1;1;391.8;433.8;476.6;502.8;1;600
771422;MG;2;1;1;1;1;1;366.8;463.8;554.8;501.3;1;700
1576352;RN;;;1;1;1;1;421.1;314.3;369.8;482.2;1;280
2794389;AM;1;1;0;0;0;0;;;;;;
3005717;TO;2;1;1;1;1;1;464.4;369.4;372.5;526.7;1;680
798532;MA;;;1;1;1;1;498.2;341.4;526.8;617.5;1;580
3779386;MG;;;1;1;1;1;543.7;536.2;573.4;712.5;1;680
454686;PE;;;1;1;1;1;605.6;606.9;609.9;549.7;1;760
3562147;AC;;;0;0;0;0;;;;;;
4094393;MG;;;0;0;0;0;;;;;;
3078981;GO;;;1;1;1;1;623.8;558;483;684.1;1;860
1153425;RN;;;1;1;1;1;542.2;556.2;515;589.9;1;760
3683960;RS;;;1;1;1;1;481.3;487.3;474.1;509;1;880
3964877;SC;4;1;0;0;0;0;;;;;;
2780249;SC;;;0;0;0;0;;;;;;
2892108;GO;;;0;0;0;0;;;;;;
1988611;PB;;;1;1;1;1;621.6;598.2;573.7;722.9;1;880
3356225;AM;2;1;0;0;0;0;;;;;;
3345405;SP;4;1;1;1;1;1;611.1;577.4;582.2;679.4;1;760
2734798;MA;2;2;1;1;1;1;449;485.5;518.2;552.8;1;800
2764683;MG;;;1;1;1;1;453;475.9;515.9;463.6;1;540
2131889;CE;;;0;0;0;0;;;;;;
1748851;SP;;;1;1;1;1;530.2;651.8;572.6;557.9;1;720
2630744;SP;;;0;0;0;0;;;;;;
1740749;AL;;;1;1;1;1;392.8;517.5;489.4;441.4;1;480
126621;MG;2;1;1;1;1;1;436.7;443.4;474.8;410.9;1;740
3769401;PR;;;1;1;1;1;562.1;537.3;565.1;660.9;1;700
3303897;SP;;;1;1;1;1;562.2;613.4;595;413.2;1;720
45645;MG;;;0;0;0;0;;;;;;
4057646;TO;;;0;0;0;0;;;;;;
2830641;TO;;;1;1;1;1;426.8;533.8;565.8;526.4;4;0
2429337;PI;;;1;1;1;1;507.2;479.2;490.5;494.5;1;580
2499130;RJ;;;1;1;1;1;624.8;585.2;594.9;622.8;1;760
1406084;CE;;;0;0;0;0;;;;;;
3150061;PA;;;0;0;0;0;;;;;;
3160133;DF;;;0;0;0;0;;;;;;
858800;SP;;;1;1;1;1;409.3;509.9;517.4;599.6;1;780
3983873;AM;;;1;1;1;1;506;537.9;498.1;376.9;1;600
887570;PE;;;1;1;1;1;485.1;555.1;533.6;501.2;1;420
2128892;MA;2;1;1;1;1;1;476.8;421;432.5;395;4;0
2224526;PI;2;1;0;1;1;0;;625.6;526.6;;1;520
255427;RO;;;1;1;1;1;439;389.6;553.3;444.3;1;460
424653;BA;;;1;1;1;1;396.8;401.1;497.5;395.7;1;400
3721070;RS;2;1;0;1;1;0;;534.5;531.9;;4;0
988984;MT;;;1;1;1;1;492.8;380.9;428.8;431.4;3;0
1986592;PA;;;0;0;0;0;;;;;;
3203519;SP;2;1;0;0;0;0;;;;;;
1679153;BA;;;1;1;1;1;446.8;440.9;474.9;397.7;1;700
2900506;SP;;;1;1;1;1;436.7;352.7;350.8;633.4;1;740
136839;BA;;;1;1;1;1;407.2;440.5;535.4;542.9;1;540
2749735;MT;;;1;1;1;1;436.6;380.5;449.5;514.7;4;0
4078579;RS;;;1;1;1;1;466.4;456.4;468.8;462.6;1;920
1274015;BA;1;1;1;1;1;1;536.7;604.8;589.6;663.9;1;840
1536796;BA;2;1;1;1;1;1;373.9;307.8;409.9;521;1;420
2981637;AM;2;1;1;1;1;1;423.9;489.8;505.3;525.9;1;500
286061;BA;;;0;0;0;0;;;;;;
3068096;CE;;;1;1;1;1;513.9;621.1;570.9;700;1;680
3257474;AM;2;1;1;1;1;1;445.9;445.5;465.6;416.3;1;460
2459201;MG;;;0;0;0;0;;;;;;
737182;MG;2;1;1;1;1;1;390.4;521.2;499;457.7;1;640
268574;MA;;;0;1;1;0;;415;482.2;;1;520
2240633;PE;1;1;1;1;1;1;558;565.9;518.9;646.3;1;560
90161;PR;;;1;1;1;1;606.7;585.4;528.7;572.6;1;880
3404816;DF;;;0;0;0;0;;;;;;
1960958;PA;;;0;0;0;0;;;;;;
154268;MA;;;1;1;1;1;370.9;408.1;463.1;412.8;1;440
1842295;PI;;;1;1;1;1;488.1;540.1;544.2;603.9;1;840
1645511;DF;;;0;0;0;0;;;;;;
1715712;PA;2;1;1;1;1;1;541.9;587.2;579.2;640.5;1;840
3893411;PB;;;1;1;1;1;426.1;483.3;512.6;433.8;1;660
2061614;CE;;;1;1;1;1;486.9;515.9;454.5;553.3;1;560
4258653;SP;;;1;1;1;1;580;608.3;645.8;718.2;1;760
3110206;MG;;;1;1;1;1;350.9;435;442.6;398.6;1;500
3909847;RJ;;;0;0;0;0;;;;;;
4051228;RJ;;;0;0;0;0;;;;;;
1819699;SP;;;1;1;1;1;539.1;547;597.9;574;1;760
2953804;AM;2;1;1;1;1;1;404.8;426.7;522;412.2;1;400
4197653;DF;;;1;1;1;1;446.4;438.2;574.5;563.4;1;500
998994;BA;;;1;1;1;1;416.2;530.7;525.3;454.3;1;640
2784271;MG;;;1;1;1;1;414.1;553.3;575;482.6;1;520
1713677;SC;2;1;0;0;0;0;;;;;;
3663074;SP;;;1;1;1;1;484.9;580.1;555.1;486.2;1;800
2143345;BA;;;0;0;0;0;;;;;;
2297116;PI;;;1;1;1;1;535.8;547.9;527.3;493.4;1;340
1107595;AM;;;0;0;0;0;;;;;;
1373337;MA;;;1;1;1;1;432.8;573.8;549.4;387.1;1;540
320038;SP;2;1;1;1;1;1;419;483.4;519.8;423.8;1;600
197475;PA;2;1;1;1;1;1;382.7;426.3;405.4;407.5;1;380
1955057;MA;;;1;1;1;1;436.5;424;511.4;505.4;1;600
3536027;PA;;;0;0;0;0;;;;;;
4288793;RS;2;1;0;0;0;0;;;;;;
1975887;PE;;;1;1;1;1;607.4;668.9;639.9;779.9;1;880
1043574;SP;2;1;0;0;0;0;;;;;;
3726405;BA;;;0;1;1;0;;357.3;342;;4;0
3425690;SC;;;0;1;1;0;;508.9;580.8;;1;580
3977982;MT;;;0;0;0;0;;;;;;
1798005;SC;;;1;1;1;1;594.9;584.3;598.8;599.8;1;800
2559834;PR;4;1;1;1;1;1;664.2;732.3;644;858.9;1;960
1971766;SP;2;1;1;1;1;1;528.8;523.6;572.6;597.6;1;660
3467834;RN;;;1;1;1;1;381.2;506;534.3;444.3;1;760
4060781;PR;;;0;1;1;0;;549.7;571;;1;660
387283;PE;;;0;0;0;0;;;;;;
1894761;MA;;;1;1;1;1;417.8;469.4;506.9;440.4;1;900
1032167;AL;2;1;1;1;1;1;404;357.4;407.8;374.6;3;0
1065202;RN;;;1;1;1;1;644.8;644.2;589.2;715;1;720
1366449;PE;;;0;0;0;0;;;;;;
355779;AL;;;1;1;1;1;492.5;455.2;520.5;400.1;1;600
730495;SP;3;1;1;1;1;1;412.1;507.6;511.3;432.5;1;700
622580;BA;;;1;1;1;1;428.5;502.8;485.8;504.3;1;780
2667578;BA;;;1;1;1;1;553.8;431.9;525.4;595.8;1;760
537284;CE;2;1;0;0;0;0;;;;;;
705982;SP;2;1;0;0;0;0;;;;;;
432274;MA;2;1;0;0;0;0;;;;;;
2121428;SP;1;1;1;1;1;1;532.8;464.6;420.6;505.3;1;680
3871195;MG;2;1;0;0;0;0;;;;;;
1414311;GO;2;1;0;1;1;0;;396.7;492.6;;1;420
799903;GO;2;1;1;1;1;1;388.9;452.4;527.6;586.1;1;820
2350342;BA;;;1;1;1;1;424.4;449.6;443.7;394.7;1;480
1324026;PA;2;1;0;1;1;0;;486.8;484.2;;1;660
3742629;DF;4;1;1;1;1;1;670.4;619.3;594.8;727.7;1;920
669855;PB;;;1;1;1;1;483.9;463.2;484.2;392.2;1;800
3734017;AL;;;1;1;1;1;526.6;461.9;494.6;378.1;1;800
3569565;SP;;;1;1;1;1;563.4;519.7;603.6;739.4;1;660
1999681;MA;;;1;1;1;1;420.8;392.2;364.9;399.6;1;360
4290511;PE;;;1;1;1;1;514.2;442.5;524.3;406.3;1;600
184493;RS;4;1;0;0;0;0;;;;;;
2779593;RJ;;;1;1;1;1;453.2;518.3;514.2;401.4;1;620
1177492;GO;2;1;1;1;1;1;440.4;353.6;358.8;445.6;1;320
3455590;MG;;;1;1;1;1;399.2;417.6;508.6;434.8;1;640
2065358;SE;;;0;1;1;0;;427.8;467.7;;1;540
4043441;SP;;;0;0;0;0;;;;;;
1634668;SC;2;1;0;1;1;0;;495.7;518.2;;1;640
3615099;SP;2;1;1;1;1;1;421.7;394.2;468.7;468;1;620
2994180;MS;;;1;1;1;1;503.7;439.7;464.9;401.1;1;500
3523716;RS;2;1;1;1;1;1;424.9;459.1;488.1;424.8;1;540
817733;SE;;;0;1;1;0;;386.7;431.2;;4;0
271297;MT;2;1;1;1;1;1;374.2;405.6;503.4;441.5;1;620
1992903;MA;;;0;0;0;0;;;;;;
2289847;RJ;2;1;1;1;1;1;505.5;519.4;547.7;476.3;1;760
1653691;SE;2;1;1;1;1;1;397.6;498.3;510.1;434.9;1;820
2936251;PE;;;1;1;1;1;416.6;417.7;472.4;417.6;1;640
3166104;BA;;;0;0;0;0;;;;;;
3621790;RS;2;1;0;0;0;0;;;;;;
2795363;ES;;;1;1;1;1;419.7;438.6;483.4;386.6;1;580
954759;BA;;;1;1;1;1;571.8;605.4;569.5;608.2;1;840
3328077;DF;;;1;1;1;1;586.9;606.6;619.1;671;1;760
1615770;RJ;;;0;0;0;0;;;;;;
3941168;RS;;;1;1;1;1;401.8;470.3;487.9;440.4;1;640
1633453;MG;;;1;1;1;1;504.7;553.6;550.4;633.5;1;880
2954411;GO;2;1;1;1;1;1;390.4;447.5;462;420.1;1;680
3830306;DF;;;0;0;0;0;;;;;;
2925813;SP;;;1;1;1;1;403.7;562.5;508.6;480;1;580
2172743;MA;;;0;0;0;0;;;;;;
1431758;RS;2;1;0;0;0;0;;;;;;
577448;CE;2;1;0;0;0;0;;;;;;
666697;RN;;;0;0;0;0;;;;;;
3203710;MG;;;1;1;1;1;458.6;477;485.8;544.2;1;620
2277157;SP;;;1;1;1;1;410.8;465.2;485.4;483.8;1;420
851038;SP;2;1;1;1;1;1;422.4;445.3;448.4;392.7;3;0
2219127;PR;2;1;1;1;1;1;529.6;538.9;546.7;655.6;1;820
1059252;GO;2;1;0;0;0;0;;;;;;
3004626;PE;2;1;0;0;0;0;;;;;;
3904175;GO;;;0;0;0;0;;;;;;
3256306;BA;;;1;1;1;1;510.3;524.7;476.2;589.6;1;580
1946262;MA;2;1;0;0;0;0;;;;;;
1277342;BA;2;1;1;1;1;1;377.5;443.3;396.2;413.3;1;480
1454390;SP;;;0;0;0;0;;;;;;
3555590;SP;;;0;1;1;0;;560.3;489.4;;1;580
1654222;PA;;;0;1;1;0;;512.6;516.6;;1;600
1343152;AL;;;0;0;0;0;;;;;;
3372201;MG;;;0;1;1;0;;365.4;518.2;;4;0
1212435;PE;2;1;1;1;1;1;487.6;516;577.1;446.8;1;680
1119878;RJ;2;1;1;1;1;1;388.3;463.5;489.3;421.8;1;740
2176434;BA;;;1;1;1;1;379;483.9;494.3;498.3;1;520
4064673;PA;;;1;1;1;1;461.2;401.9;550;498.6;1;440
880719;GO;;;0;0;0;0;;;;;;
628118;RJ;;;1;1;1;1;457.6;576.6;581.7;547.9;1;780
3186041;PA;;;1;1;1;1;366.9;360.3;414;415.4;1;240
2663637;GO;;;1;1;1;1;566.9;560.7;572.2;641.6;1;540
1068670;AL;2;1;1;1;1;1;369.8;357.4;418;451.3;1;520
1414122;PE;;;0;0;0;0;;;;;;
1789998;RS;;;0;0;0;0;;;;;;
1597577;ES;;;1;1;1;1;438.9;423.8;533.8;487.7;1;580
3102996;RJ;;;1;1;1;1;585.9;567.6;594.1;641.5;1;940
3720764;BA;;;0;1;1;0;;311.7;473;;1;480
2005781;MA;2;1;0;0;0;0;;;;;;
2591679;RS;;;1;1;1;1;723.9;667.8;664.1;939.2;1;960
3334777;SP;4;1;1;1;1;1;600.6;602.6;578.7;657;1;760
3437381;AM;;;1;1;1;1;417.3;460.8;536.7;389.8;1;420
3535674;SP;;;1;1;1;1;460.5;526.7;548.2;614.3;1;680
4327833;RS;;;0;0;0;0;;;;;;
3966400;PA;;;1;1;1;1;455.7;361.7;373.3;563.1;1;780
2433273;PA;;;0;0;0;0;;;;;;
32349;MA;;;1;1;1;1;449.1;495.6;515.4;421;1;600
4218421;PE;;;1;1;1;1;428.5;569.1;532.3;383.1;1;600
3174051;PB;;;0;0;0;0;;;;;;
1943298;GO;;;1;1;1;1;517.7;618.4;537;619.9;1;920
78188;RJ;;;1;1;1;1;411.3;388;477;484.9;1;660
2304537;GO;;;1;1;1;1;486.8;346.2;438.7;408.4;1;580
2455643;RJ;;;1;1;1;1;652.5;678.7;601;742.3;1;920
2573701;SP;;;1;1;1;1;671.1;722.4;661.3;772;1;840
1675953;RJ;2;1;1;1;1;1;544.4;316.5;542.2;602.4;1;460
618606;PE;2;1;1;1;1;1;436.6;476.4;482.3;462;1;660
3858923;AL;1;1;1;1;1;1;440;410.9;384.5;443.9;1;600
2689988;PB;2;1;1;1;1;1;462.2;413;491.1;444.6;1;600
3388642;RJ;4;1;1;1;1;1;666.4;770.3;713;778.1;1;920
3357451;SP;2;1;0;0;0;0;;;;;;
2335801;SP;;;1;1;1;1;591;580.9;594.8;585.9;1;720
4267854;MS;;;0;0;0;0;;;;;;
2831295;MA;;;1;1;1;1;427.4;478.1;398.2;407.3;1;480
651781;MA;2;1;1;1;1;1;505.9;518.8;555.3;447.1;1;360
4276127;RS;;;0;0;0;0;;;;;;
231899;PB;2;1;0;1;1;0;;422.4;493.7;;4;0
1617908;MT;2;1;1;1;1;1;540.8;325.7;448.9;409.6;1;380
486125;PB;;;1;1;1;1;610.5;657.2;598.8;730.2;1;900
1786107;MG;;;1;1;1;1;562.7;582.1;541.5;697.6;1;760
3196849;PA;2;1;1;1;1;1;357.9;393;407.1;381.8;1;500
2342933;BA;;;0;0;0;0;;;;;;
2394004;MG;4;1;1;1;1;1;560.5;615.9;551.6;812.7;1;900
3993641;MS;;;0;1;1;0;;421.2;494.7;;1;540
4233884;MA;;;1;1;1;1;397;346.8;360.3;537.1;4;0
1220597;MA;;;1;1;1;1;635.4;628.8;587.5;822.7;1;960
335099;ES;;;1;1;1;1;524.6;532.8;552;547.5;1;800
1743457;BA;2;1;0;0;0;0;;;;;;
2012827;PE;2;1;1;1;1;1;460.6;420.5;484.2;498.9;1;520
2921354;PR;2;1;1;1;1;1;501.9;444.1;513.1;416.1;1;640
1737796;PE;;;1;1;1;1;450.9;336.2;414.1;388.3;3;0
794669;MA;;;1;1;1;1;443.7;496.5;501.9;408.8;1;620
2011939;MG;;;1;1;1;1;494.1;528.7;505.4;386;1;660
3874341;BA;;;1;1;1;1;546.1;520.4;465.9;467.5;1;540
2525075;GO;;;1;1;1;1;558.5;607.7;588.2;673.4;1;880
1406692;RJ;2;1;1;1;1;1;556.7;542.3;528.3;448.6;1;760
439130;AP;;;1;1;1;1;373.3;455;454.2;375.8;1;580
2452749;SE;;;1;1;1;1;381.4;461.1;532;507.8;1;880
158665;RJ;;;1;1;1;1;443;585.4;548.5;384.6;1;680
3423708;RJ;;;0;0;0;0;;;;;;
2695817;SP;;;0;0;0;0;;;;;;
1407123;SC;;;1;1;1;1;539.2;550.9;549.8;632.9;1;900
2313861;RJ;;;0;0;0;0;;;;;;
1464317;SP;2;1;1;1;1;1;560.8;581.4;609.4;710.6;1;640
1811311;MG;;;1;1;1;1;554.8;603.7;578.7;453.3;1;620
3800927;ES;;;0;0;0;0;;;;;;
352374;PA;;;1;1;1;1;575.7;629.1;572.3;536.6;1;920
274755;AC;;;0;0;0;0;;;;;;
2726264;GO;4;1;0;0;0;0;;;;;;
2326510;SP;4;1;1;1;1;1;594.9;644.4;602.1;605.1;1;920
1668760;MA;;;1;1;1;1;523.8;556.8;546.3;623.7;1;680
3286143;PR;;;1;1;1;1;424.1;496.9;506;530.8;1;640
3553030;MG;;;0;0;0;0;;;;;;
915047;RJ;;;1;1;1;1;625.6;520.6;533.8;821.4;1;920
3406812;PE;2;1;0;0;0;0;;;;;;
3059286;AM;;;1;1;1;1;679.8;645.2;626.4;784.3;1;940
2871879;BA;4;1;1;1;1;1;627.1;665.6;590.9;724.9;1;820
1949891;BA;2;1;1;1;1;1;410.6;368.8;496.3;527.5;1;580
3544735;SC;2;1;1;1;1;1;513.8;500.8;567;529.2;1;720
1407022;SC;2;1;0;0;0;0;;;;;;
1742256;MS;;;1;1;1;1;642.3;658.2;595.8;741.6;1;760
3627243;PE;2;1;1;1;1;1;451.2;418.4;376.5;411.4;1;460
4042900;CE;;;0;0;0;0;;;;;;
402388;AM;;;1;1;1;1;437.9;476.5;502.6;445.9;1;560
3983916;MG;;;0;0;0;0;;;;;;
2410082;CE;;;1;1;1;1;385.6;509.3;487.8;429;1;600
900610;PE;;;1;1;1;1;643.7;651;597.3;705.4;1;900
1386996;RJ;;;1;1;1;1;560.2;540.2;566.2;651.8;1;480
691423;BA;2;1;1;1;1;1;457;580.1;543;423.6;1;600
1053258;MG;2;1;1;1;1;1;428.1;487.1;531.8;414.6;1;640
1576141;GO;2;2;0;0;0;0;;;;;;
717675;SE;;;1;1;1;1;528.5;537.4;486;414.2;1;580
3263767;RJ;2;1;0;0;0;0;;;;;;
3809472;PA;2;1;1;1;1;1;481.5;485.8;505.6;568.3;4;0
2039641;PI;2;1;1;1;1;1;457.5;560;537;472.2;1;880
2976539;PI;;;1;1;1;1;392.8;510.8;436.2;508.1;1;660
1527505;PE;;;1;1;1;1;501;506.6;575.8;444.1;1;380
742414;PI;;;0;0;0;0;;;;;;
2751289;CE;2;1;1;1;1;1;419.7;380.3;349.8;404.5;4;0
3298937;SP;;;1;1;1;1;382.9;574.9;581.8;626.3;1;840
3721121;PA;2;1;1;1;1;1;375.6;454.1;387.4;432.3;1;580
60346;GO;2;1;1;1;1;1;441.6;423;501.3;412.8;1;500
3193681;PI;;;1;1;1;1;579.2;632.6;606.1;738.3;1;960
2506626;SP;;;1;1;1;1;631.2;621;625.9;692.5;1;760
820439;RS;2;1;1;1;1;1;533.4;615.4;576.3;606.4;4;0
3298839;RS;2;1;1;1;1;1;437.5;485.5;549;413.4;1;740
647038;SC;2;1;1;1;1;1;506.6;454.2;529.5;551.7;1;420
3577940;RS;;;1;1;1;1;499.1;610.4;553.3;392.9;1;620
1908657;MG;;;1;1;1;1;645;674.1;674.4;883.3;1;840
2143373;RN;2;1;1;1;1;1;484.3;510.8;498.4;401.9;1;760
4077723;PB;;;1;1;1;1;493;566.9;566.1;417.1;1;520
2697065;PA;;;1;1;1;1;450.1;509.3;533.1;417.7;1;640
3099003;RJ;;;1;1;1;1;617.7;621.5;599.3;492.7;1;860
683662;CE;2;1;0;0;0;0;;;;;;
3963843;MA;2;2;0;0;0;0;;;;;;
2925991;DF;2;1;1;1;1;1;567.2;554.7;580.8;634.3;1;680
3647006;BA;2;1;0;0;0;0;;;;;;
4051870;RS;;;1;1;1;1;504.7;506.5;502.7;462.5;1;800
3392641;PB;;;1;1;1;1;349.9;423.5;456.2;401.4;1;760
3031048;MG;;;0;0;0;0;;;;;;
431088;PB;2;1;1;1;1;1;542.5;568.8;590.1;507;1;940
4105239;MT;;;0;0;0;0;;;;;;
58381;SP;2;1;1;1;1;1;394.5;528.4;533.3;568.6;1;760
2374081;RR;;;0;0;0;0;;;;;;
1836029;BA;;;0;0;0;0;;;;;;
23497;PA;4;1;1;1;1;1;542;608.7;550.5;436.5;1;860
212504;PE;2;1;1;1;1;1;366.6;446.9;458.2;402.8;1;360
2044388;DF;4;1;1;1;1;1;601.9;610.4;604.5;713.7;1;660
2594605;MG;;;1;1;1;1;407.8;445.7;387.9;374.6;1;480
688789;RJ;2;1;0;1;1;0;;339.2;482.4;;6;0
3597243;BA;2;1;0;1;1;0;;491.4;459.9;;8;0
888537;MG;2;1;1;1;1;1;402.3;496.1;499.4;522.4;1;640
1875480;MS;;;1;1;1;1;459.5;437.5;525.8;483.2;1;640
3865067;PB;2;1;1;1;1;1;397.6;480.5;463.2;386.6;1;360
3237072;RS;2;1;1;1;1;1;389.7;444.7;473.6;441.5;1;400
620126;RS;;;1;1;1;1;555.5;524.6;542.2;519.2;1;420
1887451;RS;;;0;0;0;0;;;;;;
3807593;GO;;;0;0;0;0;;;;;;
226783;AM;;;0;0;0;0;;;;;;
3477127;RJ;;;1;1;1;1;597.6;564.6;595.9;650.7;1;720
3641833;MG;;;0;0;0;0;;;;;;
1153168;RN;;;1;1;1;1;359.3;410.5;443.6;436.4;1;700
4204750;SP;;;0;0;0;0;;;;;;
3524717;MG;;;0;0;0;0;;;;;;
4069963;PE;2;1;1;1;1;1;547.2;489.2;563.2;662.3;1;740
1371080;SP;2;1;1;1;1;1;508.4;458;519.2;549.5;1;560
4115277;SP;2;1;0;0;0;0;;;;;;
574296;RS;;;0;0;0;0;;;;;;
3519278;PR;2;1;1;1;1;1;457.7;450.1;432.9;414.7;1;540
3672421;SC;;;1;1;1;1;455.1;469.6;469.6;379.7;1;560
793913;CE;;;0;0;0;0;;;;;;
448035;DF;;;1;1;1;1;624.4;609.2;606.6;724.4;1;600
1828950;PR;4;1;1;1;1;1;592.7;624.5;580.5;678.4;1;860
2285303;SP;;;1;1;1;1;603.3;613.4;617.7;633.8;1;660
4314380;RS;;;0;0;0;0;;;;;;
1494568;BA;2;1;1;1;1;1;571.7;552.8;582.5;625.7;1;680
3985113;RN;;;0;0;0;0;;;;;;
3326631;BA;2;2;1;1;1;1;388.2;419.1;497;409.5;1;360
1310127;GO;4;1;1;1;1;1;632.8;643.6;609.6;804.1;1;740
3519927;PE;;;1;1;1;1;489.6;546.1;526;578;1;760
3473298;PR;2;1;0;1;1;0;;439.2;490.2;;1;560
2932491;MG;;;1;1;1;1;391;523.6;531.9;408.4;1;900
3744549;SC;4;1;1;1;1;1;432.4;555.2;547.6;399.9;1;540
3395441;PR;;;1;1;1;1;590.9;576.5;595.3;694.5;1;820
1869387;SP;2;1;1;1;1;1;569.8;569.2;580.1;598.4;1;680
348473;AP;;;1;1;1;1;529.9;483.9;529.5;395.7;1;740
903800;MG;2;1;1;1;1;1;498.3;454.3;470.6;606.8;1;420
2441136;SP;2;1;1;1;1;1;394.4;465.3;521;527.3;1;460
4199127;RJ;2;1;1;1;1;1;470.4;527.6;481.7;401.8;1;280
1683574;MS;;;0;0;0;0;;;;;;
3885414;SP;;;1;1;1;1;563.9;602.1;583;423.2;1;460
1252620;SP;;;1;1;1;1;475;466;518.1;457.8;1;800
2060336;PE;;;1;1;1;1;496;562.7;528.8;426.4;1;420
1940409;RS;;;1;1;1;1;526.3;568.5;630.9;406.7;1;660
1706400;BA;;;0;0;0;0;;;;;;
2911077;SP;;;1;1;1;1;586.7;769.4;645.4;668.6;1;680
3016717;PA;2;1;1;1;1;1;393.6;408.2;447.5;496.2;1;440
3247514;MG;2;1;1;1;1;1;400.7;457;453.7;472.5;1;420
3290766;GO;;;1;1;1;1;483.8;553.5;591.5;460.5;1;640
2684152;MA;2;1;1;1;1;1;505.2;549.5;414.9;655.9;1;920
4191878;BA;;;1;1;1;1;490.7;536.6;475.1;432.2;1;560
3550896;MG;;;1;1;1;1;662.1;614.2;572.9;655.8;1;520
650751;AL;;;1;1;1;1;498.4;521.5;487.4;463.7;1;640
2929827;RR;;;1;1;1;1;561.7;568.7;569;554.3;1;660
1679539;PA;;;1;1;1;1;353.4;509.3;499.2;488.8;1;420
3896593;PE;2;1;1;1;1;1;525.2;606.6;558.1;628.6;1;880
3323816;SP;;;1;1;1;1;473.2;579.5;494.6;574.8;1;640
557477;SP;;;1;1;1;1;601.4;619.5;579.2;629.7;1;840
1784787;BA;;;1;1;1;1;530.1;597.7;547.8;560.5;1;520
301634;RN;;;1;1;1;1;427.9;537.6;540.2;478.2;1;840
3356621;RJ;4;1;1;1;1;1;528.4;567.5;586.2;493.1;1;620
1485406;PI;;;1;1;1;1;516.5;568.5;547.7;669.6;1;540
2638881;PR;;;1;1;1;1;507.8;575.3;522;503;1;620
1263451;AL;;;1;1;1;1;377.3;488;569.8;567.6;1;820
961001;PA;;;1;1;1;1;449.5;502.1;531.8;612.6;1;560
4200318;RS;;;0;0;0;0;;;;;;
2348304;PI;2;1;1;1;1;1;433.9;438.7;445.5;389.3;1;560
4114032;DF;;;0;0;0;0;;;;;;
2517597;DF;4;1;1;1;1;1;546.2;439.2;543.3;544.4;1;480
1574899;RS;;;1;1;1;1;555.8;657;674.1;531.1;1;900
308164;SE;2;1;1;1;1;1;488.5;549;564.1;629.3;1;920
3015251;BA;;;0;0;0;0;;;;;;
3903888;RS;;;0;0;0;0;;;;;;
1324275;SP;;;0;0;0;0;;;;;;
1445690;MA;2;1;1;1;1;1;493.6;574.4;586.2;586.8;1;880
882497;RJ;;;1;1;1;1;367;454.9;536.3;394.7;1;500
2150609;MT;1;2;1;1;1;1;570;569.7;530.7;652.5;1;640
1521338;RJ;4;1;1;1;1;1;502.2;672.2;577.3;718.1;1;600
2689961;PI;2;1;1;1;1;1;368.8;297.8;428.4;457.8;1;660
1747490;AL;2;2;1;1;1;1;375.5;503.3;503.6;424.5;4;0
1159943;PA;2;1;1;1;1;1;383.3;485.8;447.9;508;1;540
4279153;CE;;;0;0;0;0;;;;;;
2304804;SP;;;1;1;1;1;563.4;630.3;617.7;721.1;1;880
690578;RJ;;;1;1;1;1;598.4;597.6;568.2;696;1;720
3075994;SP;4;1;1;1;1;1;408.8;479.7;445.7;582.8;1;620
1403099;MG;2;1;1;1;1;1;536.1;507.1;569.2;571.3;1;800
975563;RN;;;1;1;1;1;447.1;566.7;553.3;564.6;1;660
3718672;CE;2;1;0;0;0;0;;;;;;
60818;PA;;;1;1;1;1;485.9;472;486.5;504;1;500
3672860;MA;;;1;1;1;1;424.2;554.6;492;504.6;1;700
3295869;BA;;;1;1;1;1;521.4;607.5;545.2;632.3;1;820
2078574;SP;2;1;1;1;1;1;545.6;378.7;509.7;505.8;1;640
607444;MG;2;1;1;1;1;1;362.2;406.6;451.2;401.6;1;540
3496279;RS;;;1;1;1;1;391.2;535.7;534.7;480;1;560
3648529;ES;;;0;0;0;0;;;;;;
4257137;PA;2;1;0;0;0;0;;;;;;
2623;BA;;;0;0;0;0;;;;;;
350043;PE;;;1;1;1;1;387.6;424.8;442.2;555.6;1;760
787192;MG;4;1;1;1;1;1;571.2;575.1;614.3;691.7;1;860
3216179;PE;2;1;1;1;1;1;378.1;314.1;477.6;433.5;1;480
3051216;PE;2;2;0;0;0;0;;;;;;
3916865;MG;;;1;1;1;1;478.4;483.1;501.5;519.2;1;600
313040;BA;;;1;1;1;1;391.2;511.1;530.1;520.6;1;880
3635881;RS;;;0;0;0;0;;;;;;
3776499;CE;;;1;1;1;1;586.3;549.5;462;585;1;520
1620762;SP;2;1;0;0;0;0;;;;;;
1796697;DF;;;1;1;1;1;534.9;577.7;451.5;451.8;1;540
2014990;PA;;;1;1;1;1;492.4;579.7;563.3;574.1;1;880
2093884;RJ;;;0;0;0;0;;;;;;
273;SC;;;1;1;1;1;585.5;514;528.4;555.7;1;880
1831499;PB;;;1;1;1;1;395.2;459.6;510.3;627.3;1;960
1133990;MA;2;1;1;1;1;1;483.1;376.1;407.1;384.5;1;420
1723500;PE;;;1;1;1;1;511.3;624.2;518.6;427.1;1;620
64661;PR;2;1;1;1;1;1;491.8;537.5;562.4;565.1;1;800
844702;PA;;;0;0;0;0;;;;;;
1969159;RN;;;1;1;1;1;507.1;605.6;552.7;523.4;1;540
2766843;MG;;;1;1;1;1;671.6;667.4;599.2;785.7;1;940
2240457;AL;;;0;0;0;0;;;;;;
3864742;CE;;;1;1;1;1;519.4;611.8;589.7;689.1;1;900
1722749;RN;1;1;1;1;1;1;422.9;533.3;532;462.1;1;480
2846944;SP;;;0;0;0;0;;;;;;
1105329;PE;;;1;1;1;1;531.7;508.1;578;375.4;1;600
385113;ES;;;0;0;0;0;;;;;;
952653;RN;2;1;1;1;1;1;612.5;690.2;658.9;772.3;1;800
2463911;RR;;;1;1;1;1;429.5;529.4;495.5;608.4;1;580
1521412;RS;;;1;1;1;1;556.1;530.6;561.5;435.1;1;700
2388226;PA;;;1;1;1;1;381.3;396.4;372.4;393;1;560
759748;RO;;;1;1;1;1;452.1;356.6;470.2;408.1;4;0
2375304;RN;;;1;1;1;1;362.3;461.5;450.1;399.2;1;440
2313800;GO;;;1;1;1;1;577.2;652.9;598.2;646.5;1;700
1158315;PR;2;1;1;1;1;1;559.4;490.2;516.6;434.5;1;500
2783778;RJ;;;1;1;1;1;548.1;485.4;521.5;593.3;1;880
3957259;SP;2;1;0;1;1;0;;445.5;584.3;;1;660
4184326;AM;2;1;1;1;1;1;420.6;369.3;450.2;458;1;560
2526983;CE;;;0;0;0;0;;;;;;
999983;RS;;;1;1;1;1;386.2;494.1;484.3;474.4;1;480
3597659;PI;;;1;1;1;1;350.6;459;508.3;439.6;1;780
461244;RN;;;1;1;1;1;463.5;448.2;524.5;405;1;420
601958;SP;;;1;1;1;1;669;629.3;640.7;835.8;1;940
929558;PI;;;0;0;0;0;;;;;;
161148;SC;2;1;1;1;1;1;415.4;490.4;474.2;413.6;1;440
1211122;RS;;;0;0;0;0;;;;;;
1072845;BA;;;1;1;1;1;468.9;435.9;405.1;587.9;1;440
2590374;SP;;;1;1;1;1;494.8;537.6;580;680.2;1;920
1219477;BA;2;1;1;1;1;1;483.2;535.3;513.7;610.6;1;480
253515;ES;4;1;1;1;1;1;589.6;631.8;598.3;723.7;1;840
2460175;RJ;;;1;1;1;1;611.2;615.3;656.9;737;1;880
4248309;RJ;;;0;0;0;0;;;;;;
1377522;CE;2;1;1;1;1;1;388.1;352.4;353.4;461.3;3;0
963194;MG;2;1;1;1;1;1;581.8;544.1;506.1;778.7;1;760
1613154;GO;;;1;1;1;1;374.4;462.8;454.3;402.6;1;480
2293666;PA;;;0;0;0;0;;;;;;
1386273;PI;;;1;1;1;1;496.5;366.9;371.6;451.9;1;480
237983;MA;;;1;1;1;1;635.5;663.3;617.9;718.4;1;800
3768260;RS;;;1;1;1;1;602.7;611;637.3;828.9;1;920
50075;PR;2;1;1;1;1;1;562;590.3;561.7;775.3;1;640
2626063;PB;;;1;1;1;1;618.7;586.2;575.7;583;1;860
1300238;SP;2;1;1;1;1;1;504;586.3;559.5;474.7;1;520
852845;MG;;;1;1;1;1;520.3;552.5;537.5;437.4;1;600
2879102;MA;;;0;0;0;0;;;;;;
1390538;RJ;2;1;1;1;1;1;455.7;457.8;457;450.7;1;620
2432574;BA;3;2;0;0;0;0;;;;;;
2807595;BA;;;1;1;1;1;472.6;553.4;496.3;411;1;580
142311;MG;;;0;0;0;0;;;;;;
2882001;SP;2;1;1;1;1;1;505;542.8;454.1;583.4;1;360
355746;RJ;;;1;1;1;1;591.5;625.6;585.4;677.2;1;560
2264597;MG;;;0;0;0;0;;;;;;
732843;ES;2;2;1;1;1;1;449.1;439.3;468.5;468.9;1;480
1825009;SP;;;1;1;1;1;552.3;441.6;569.9;427.1;1;500
3143687;BA;2;1;0;0;0;0;;;;;;
452904;PA;;;1;1;1;1;522.2;545.3;518.8;430.5;1;620
3971202;RO;;;1;1;1;1;590.6;581.5;563.7;647.2;1;800
1414334;RJ;;;0;0;0;0;;;;;;
3983955;MA;;;0;0;0;0;;;;;;
2668257;AL;;;1;1;1;1;527.6;531.2;565.3;405;1;740
298207;MT;2;1;1;1;1;1;455.9;422.8;392.9;427.5;1;620
365128;CE;;;1;1;1;1;406.2;458.1;409.2;400.8;3;0
3418441;MG;;;1;1;1;1;454.8;453;477.2;452.1;1;440
3501656;MA;;;1;1;1;1;581.8;645.9;606.5;743.7;1;900
2818423;MG;1;1;1;1;1;1;486.3;572.1;559;679.5;1;840
4296256;RS;;;0;0;0;0;;;;;;
1378864;RN;;;0;1;1;0;;473.6;449.4;;1;520
2300947;RJ;;;1;1;1;1;578.4;579.8;586.3;697.7;1;940
4001812;SC;;;0;0;0;0;;;;;;
3215465;PR;;;0;0;0;0;;;;;;
2849578;RN;4;1;1;1;1;1;544.3;498.3;541.8;613.5;1;820
2032217;BA;2;1;1;1;1;1;470.3;498.7;531.4;601.3;1;940
1293310;MA;;;1;1;1;1;573.7;578.7;611.3;665.6;1;580
1483429;MG;;;1;1;1;1;455.2;476.3;513.6;433.9;1;440
3138025;BA;;;1;1;1;1;481.8;346.1;460.3;425.3;1;720
2943309;BA;;;1;1;1;1;368.2;448;490.6;509.8;1;520
2894422;SP;;;1;1;1;1;602.2;603.3;587;691.7;1;720
1302802;RS;4;1;1;1;1;1;478.2;543.7;546.7;491.5;1;720
944149;MG;;;1;1;1;1;624.4;704.6;670;731.3;1;920
2658749;MG;;;0;0;0;0;;;;;;
2699095;SP;;;1;1;1;1;520.1;543.6;551.9;525.7;1;580
1415600;MA;;;1;1;1;1;360.5;449.6;304.5;397.2;1;400
3833744;RJ;;;1;1;1;1;705.1;722.6;670.7;698.9;1;580
3195679;AL;;;1;1;1;1;411;520.7;513.2;404.9;1;720
3330937;MA;;;1;1;1;1;439.2;518.3;468.5;450.6;1;740
1497602;BA;;;0;0;0;0;;;;;;
2699238;PA;;;1;1;1;1;413.2;532;518.5;391.9;1;700
240784;MG;2;1;1;1;1;1;409.6;524.1;542.8;520.7;1;480
2970181;RS;;;1;1;1;1;471.3;522.9;507.8;504.6;1;660
2217846;PB;;;1;1;1;1;395.8;330.6;514.7;380.6;1;800
4024984;CE;;;1;1;1;1;473.8;454;457.6;616.9;1;360
3152190;PA;;;1;1;1;1;418;392;408.7;410.4;1;260
1149983;PI;2;1;1;1;1;1;385.1;423.2;415.4;450.3;1;420
1006290;AC;;;0;0;0;0;;;;;;
129970;RS;;;0;0;0;0;;;;;;
690223;PA;;;1;1;1;1;503.7;509.7;521.9;447;1;540
340231;MS;2;2;1;1;1;1;396.4;316.4;495;383.9;1;800
2286996;RN;;;0;1;1;0;;469.4;495.3;;4;0
2113577;MG;;;1;1;1;1;493.3;489.2;543.1;500;1;720
4231135;BA;2;1;0;0;0;0;;;;;;
2169516;RS;;;1;1;1;1;560.3;473.4;546.8;523.6;1;520
1004389;BA;;;1;1;1;1;522.7;427.9;542.2;390;1;640
2649403;RS;2;1;1;1;1;1;496.6;570;592.7;483.3;1;580
1600673;CE;;;1;1;1;1;593.5;595.3;593.5;508.9;1;700
737529;RJ;2;2;1;1;1;1;371.1;459.7;452.2;404.3;1;580
1067126;MG;;;0;0;0;0;;;;;;
4174853;AL;2;1;0;0;0;0;;;;;;
2270414;RJ;;;1;1;1;1;408.4;484.7;455.4;377;1;360
3119142;DF;4;1;1;1;1;1;478.6;556.9;519.7;450.9;1;760
847959;RJ;;;1;1;1;1;476.5;502.5;552.5;437.4;1;540
2996463;MA;;;1;1;1;1;524.7;604.2;546.6;673.2;1;840
2866171;GO;4;1;1;1;1;1;538.3;453.4;496.9;429.4;1;560
1677422;SP;3;1;1;1;1;1;526.4;582.2;527.1;616.8;1;600
823159;RS;2;1;1;1;1;1;505.1;541.6;588.9;617.1;1;560
4029172;AL;;;1;1;1;1;401.4;379.3;406.2;469.4;1;500
3616686;RN;;;1;1;1;1;655.1;580.8;583.5;560.2;1;480
2962758;PE;2;1;1;1;1;1;426.5;536;537.6;423.7;1;640
2606160;MG;2;1;1;1;1;1;393.2;448.2;467.6;392.6;1;520
2902489;PE;;;0;0;0;0;;;;;;
3515955;MA;;;1;1;1;1;467.9;457.3;472.6;403.5;1;700
1992443;PE;;;1;1;1;1;540.8;453.6;491.8;423.5;1;600
3692831;PR;;;1;1;1;1;446.6;493;530.4;478.4;1;660
2940029;PR;;;0;0;0;0;;;;;;
138791;MG;2;1;1;1;1;1;444.8;523.4;551;506;1;780
3201181;GO;;;1;1;1;1;575.9;660;582.9;671.6;1;480
872175;RJ;2;1;1;1;1;1;497.9;431.4;340.2;431.4;1;580
3828317;SP;2;1;1;1;1;1;411.3;375.2;455.1;453.6;1;320
3872203;SC;;;1;1;1;1;433.7;506.4;464.4;409.6;1;640
2815424;PA;;;1;1;1;1;624.7;658.6;558.1;762.1;1;920
2373134;SP;2;1;1;1;1;1;539.3;583.5;597.5;653.1;1;860
3771251;SP;;;0;0;0;0;;;;;;
233053;AP;;;0;0;0;0;;;;;;
2066533;CE;2;1;0;0;0;0;;;;;;
4200852;MA;;;1;1;1;1;399.9;501.8;556.6;460.8;1;500
1487369;AC;;;1;1;1;1;573.7;641.2;613;683.2;1;820
1867886;SP;4;1;1;1;1;1;677.5;661.7;638.8;833;1;820
3475750;PE;;;1;1;1;1;368.1;484.3;470.5;389.3;1;560
4268188;RS;;;0;0;0;0;;;;;;
177767;BA;;;1;1;1;1;500.8;522.2;431.7;386.3;1;900
2399211;RS;2;1;0;0;0;0;;;;;;
4212228;SP;2;1;0;0;0;0;;;;;;
1561414;PA;2;1;1;1;1;1;379.6;402.1;336.4;405.8;1;580
4217178;RJ;;;0;0;0;0;;;;;;
656763;AL;2;1;0;0;0;0;;;;;;
1802013;PE;;;1;1;1;1;565.5;392.7;500.4;560.2;1;640
839872;GO;2;1;1;1;1;1;582.1;576.5;628.4;663.2;1;900
495240;PA;;;1;1;1;1;451.9;363;399.5;378.6;1;440
3825317;PR;;;1;1;1;1;417.4;502.8;547.8;521.1;1;660
1576251;BA;2;1;1;1;1;1;518.4;480.7;532.6;415.3;1;540
350671;TO;2;1;1;1;1;1;510.3;596.1;602.8;642;1;720
689191;BA;;;1;1;1;1;425.1;502.8;523.8;405.7;1;480
805883;BA;;;1;1;1;1;416;474.7;513.8;551.4;1;800
60115;SP;4;1;1;1;1;1;520.7;625.8;594;624.4;1;780
402514;SP;2;1;1;1;1;1;436;545.3;529.4;632.5;1;520
506154;MA;;;1;1;1;1;481.4;469.4;331.1;392;1;800
3905159;RJ;;;1;1;1;1;561.2;413.8;496.1;557.8;1;680
358587;PE;1;1;1;1;1;1;556.7;367.2;518.7;562.5;1;780
3790854;MG;;;1;1;1;1;532.7;569.1;590.8;459.5;1;560
324556;RJ;;;0;0;0;0;;;;;;
1235497;MG;;;1;1;1;1;730.1;765.6;674;929.2;1;940
2914881;PA;;;0;0;0;0;;;;;;
780917;PA;2;1;1;1;1;1;401;406.7;466.5;420.3;1;480
1494233;AM;;;1;1;1;1;485.7;306.7;424.9;416.4;1;440
142151;SP;;;0;0;0;0;;;;;;
2752846;RR;;;1;1;1;1;567.5;509;509.5;517.6;1;620
2192017;GO;;;0;0;0;0;;;;;;
2415458;PE;2;1;0;0;0;0;;;;;;
3215743;SP;;;0;1;1;0;;485.5;499.6;;1;440
2440873;AM;;;1;1;1;1;391.2;495.5;475.8;417.2;1;560
1129719;BA;;;1;1;1;1;434.4;501.4;460.3;433.3;1;520
3101300;SC;;;1;1;1;1;482.8;416;446.6;483;1;760
84027;GO;;;1;1;1;1;502.2;549.5;574.7;582.1;1;780
128293;PB;;;0;0;0;0;;;;;;
2331546;ES;2;1;0;1;1;0;;578;573.6;;1;520
709371;PR;4;1;1;1;1;1;530.6;665.8;588.4;412.1;1;920
2880222;TO;1;2;1;1;1;1;507.1;401.9;454.5;414.2;3;0
454151;MT;;;1;1;1;1;603.7;605;572.1;655.1;1;740
447713;MS;;;1;1;1;1;526.7;522.4;477.1;407.6;1;480
4191261;DF;;;0;1;1;0;;353.4;493.5;;1;380
1864829;MG;1;1;1;1;1;1;672.8;663;612.7;685;1;880
1398047;RO;2;1;1;1;1;1;402.8;395;460.2;459.4;1;580
1298214;SP;;;1;1;1;1;467.3;528.1;546.3;389;1;680
2144769;DF;4;1;1;1;1;1;637.7;592;655.5;724.4;1;880
4001971;BA;;;1;1;1;1;497.5;409.3;500.1;458.7;1;520
161198;DF;;;1;1;1;1;780.8;705.1;630.7;868.5;1;920
4072731;MG;;;1;1;1;1;607.2;566.8;547;635.1;1;580
3291539;MG;;;1;1;1;1;511.4;591.3;575.8;595.3;1;920
2576614;BA;4;1;1;1;1;1;589.7;592.7;580.7;675.5;1;700
2608429;SP;2;1;1;1;1;1;429.2;458.3;469.4;448.3;1;440
1724197;MT;;;1;1;1;1;427.3;517.6;538.2;480.8;1;920
1934979;SP;;;1;1;1;1;439.7;408.9;488.2;421.3;1;820
4196406;AC;;;1;1;1;1;447.1;526.3;457.9;453.4;1;620
3297668;RJ;;;1;1;1;1;605.9;722.7;664.3;797.1;1;740
2868674;SP;4;1;1;1;1;1;601.2;626.1;585.1;693.4;1;940
361239;GO;2;1;1;1;1;1;517.2;603;565.6;689.2;1;740
1544364;BA;2;1;0;1;1;0;;405.4;479.5;;1;800
1524287;BA;;;0;0;0;0;;;;;;
1439528;GO;4;1;0;0;0;0;;;;;;
1029699;SP;;;1;1;1;1;569.3;501.5;552.4;608.3;1;740
1809309;PE;;;0;0;0;0;;;;;;
1013354;PR;2;1;0;0;0;0;;;;;;
2901038;BA;;;0;0;0;0;;;;;;
3465783;SP;;;0;0;0;0;;;;;;
961796;MG;;;1;1;1;1;444.6;496.1;488.9;453.7;1;440
3149086;MA;;;1;1;1;1;401;495.7;473.8;429.9;7;0
2134185;RJ;2;1;1;1;1;1;425.4;387.4;446.5;383.8;1;520
2608576;RJ;4;1;1;1;1;1;526.8;577.5;557.4;608.9;1;920
918065;AP;;;0;0;0;0;;;;;;
2010170;MG;2;1;1;1;1;1;459.8;444.1;511.3;520.5;1;580
495049;PE;2;1;1;1;1;1;455.2;497.8;466.3;516.9;1;560
3422185;RJ;2;1;0;0;0;0;;;;;;
836049;MS;;;1;1;1;1;418.3;507.5;505.2;391.6;1;500
3673910;SP;2;1;0;0;0;0;;;;;;
385315;BA;2;1;1;1;1;1;403;490.8;508.1;380.8;1;500
4190385;RS;2;1;1;1;1;1;511.8;625.4;567.7;497.1;1;780
3572101;ES;;;1;1;1;1;592.5;573.8;600.5;582.6;1;640
3069681;RN;;;0;0;0;0;;;;;;
738849;SP;;;1;1;1;1;468.8;526.8;541;427.6;1;700
808951;RS;1;1;1;1;1;1;526.2;520.6;535;584.8;1;740
4041727;MA;;;0;1;1;0;;382.7;417;;1;500
3688555;CE;;;0;1;1;0;;444.9;414.7;;1;480
1250366;SP;2;1;1;1;1;1;487.6;470.6;460.9;433;1;640
2633312;DF;;;1;1;1;1;728.1;667.5;646.7;861;1;920
1935876;RJ;;;1;1;1;1;419.9;595.3;559.6;692.8;1;740
2626702;RS;4;1;1;1;1;1;600.3;624.4;614.8;660.2;1;840
3765662;RN;;;1;1;1;1;547.8;517.4;567.4;417;1;600
394061;MA;;;1;1;1;1;374.8;408.7;441;429.6;1;380
933266;MA;2;1;1;1;1;1;461.9;528;558.5;479.1;1;840
1108968;AL;2;1;1;1;1;1;369;357.4;419.3;570;1;360
1270569;RS;;;0;0;0;0;;;;;;
3484805;PR;;;0;1;1;0;;407.2;481.1;;1;440
4013368;PE;;;1;1;1;1;506.7;648.6;592.7;386.3;1;520
569479;RN;;;0;0;0;0;;;;;;
1511286;RS;;;0;0;0;0;;;;;;
1265697;AM;;;0;0;0;0;;;;;;
4202401;RS;;;0;0;0;0;;;;;;
3431678;RJ;2;2;1;1;1;1;429.9;500.9;455.6;453.8;1;560
1418242;SP;;;0;1;1;0;;662.2;646.4;;1;720
218508;SP;2;1;1;1;1;1;420.8;396.5;495.1;437.4;1;520
2472856;MG;;;1;1;1;1;431;529.8;506;464.7;1;720
2362228;BA;;;1;1;1;1;518.3;572.3;556.3;603.6;1;680
1670690;GO;2;1;1;1;1;1;416.4;446.6;441.2;475.3;1;500
2771746;SP;2;1;1;1;1;1;408.1;498.8;471.7;373.7;1;620
3650505;PE;;;1;1;1;1;492.3;333.2;447.3;395.4;1;560
670587;PR;;;1;1;1;1;529.5;432.6;493.2;498.3;1;400
2891472;BA;;;1;1;1;1;454.6;510.7;552.6;635.6;1;740
1849739;SP;;;1;1;1;1;506;550.9;636.2;509.2;1;960
3099870;SP;;;0;1;1;0;;593.7;528.8;;1;560
83756;ES;;;0;0;0;0;;;;;;
4318880;RS;;;1;1;1;1;584.2;614;601.4;601.5;1;520
2044390;AL;1;1;1;1;1;1;416.1;469.7;496.3;462.9;1;880
3977515;CE;;;1;1;1;1;534.6;508.7;496.9;580.9;1;580
409287;PE;;;0;0;0;0;;;;;;
2699146;CE;2;1;1;1;1;1;363.4;447.7;486.7;383.1;1;440
2656317;BA;;;1;1;1;1;519.3;543.6;526.9;581.8;1;600
3081065;BA;;;1;1;1;1;567.6;564.5;564.5;593.7;1;660
2187289;RS;;;0;0;0;0;;;;;;
4174548;PA;;;0;0;0;0;;;;;;
3020909;MG;;;1;1;1;1;401.2;484.8;509.7;378.6;1;440
1143272;SE;;;1;1;1;1;440.9;498.7;517;633.9;1;880
3602385;SP;;;1;1;1;1;646;630.9;667.5;683.5;1;600
2102565;PB;;;0;0;0;0;;;;;;
2728658;PI;;;0;0;0;0;;;;;;
4326677;RS;;;1;1;1;1;577.5;630.4;626.8;613.6;1;640
710681;MA;;;1;1;1;1;366.5;440.8;389.7;439.6;1;560
1724754;PE;2;1;0;0;0;0;;;;;;
4197413;SP;;;1;1;1;1;527.9;534.6;543.5;516.9;1;440
88509;RO;;;1;1;1;1;568.2;570.1;591;654.5;1;900
2010977;GO;;;1;1;1;1;710.7;700.9;670.8;788;1;900
2222507;SP;;;1;1;1;1;556.1;563.3;564;553.2;1;780
2772090;SP;2;1;0;0;0;0;;;;;;
3349695;SP;4;1;1;1;1;1;528;545.9;573.7;660.5;1;840
1350757;SP;2;1;1;1;1;1;433.8;422.8;407.6;422.2;1;480
4186969;AM;;;1;0;0;1;536.6;;;513.4;;
1947886;SP;;;1;1;1;1;406.2;415.2;396.1;481.7;1;480
2523113;CE;2;1;1;1;1;1;380.2;428.3;349.4;415.7;4;0
285828;RN;;;1;1;1;1;427.5;575.1;577;453.3;1;580
3679025;PR;;;0;0;0;0;;;;;;
4045877;SP;;;1;1;1;1;576;586.6;616.8;574.7;1;820
4251673;SE;;;0;0;0;0;;;;;;
2431732;BA;;;1;1;1;1;591.1;546.4;462.2;612.1;8;0
4098005;BA;2;1;1;1;1;1;436.1;355.8;366.8;436.6;6;0
1207633;BA;;;1;1;1;1;419.7;424.7;449.1;397.6;1;580
3279239;SP;;;1;1;1;1;521.3;419.5;492.3;615.9;1;680
2995735;ES;;;1;1;1;1;617.2;534.2;521.8;571.7;1;960
231896;RS;;;1;1;1;1;374.2;509.8;550.7;423.2;1;400
2783782;MA;2;1;0;0;0;0;;;;;;
1201415;MG;;;0;0;0;0;;;;;;
92809;PE;;;1;1;1;1;512.5;499.9;481.2;521.8;1;420
652051;PI;;;0;0;0;0;;;;;;
1763195;RN;2;2;1;1;1;1;489.2;516.6;483.1;404.2;1;720
1778938;RS;;;1;1;1;1;496.2;483.7;557.3;435.7;1;600
3452392;MS;;;1;1;1;1;491.4;387.8;467.9;554.9;1;620
2955417;SP;4;1;1;1;1;1;629.8;645.7;583.3;780.2;1;920
1300924;CE;2;1;1;1;1;1;480.2;488;582.5;682.8;1;360
2536575;RJ;4;1;1;1;1;1;589.6;666.8;634.3;668;1;880
3892621;GO;;;0;0;0;0;;;;;;
2703682;SP;4;1;1;1;1;1;557.5;518.2;544.1;583;1;700
3954150;GO;2;1;0;0;0;0;;;;;;
3747193;PR;;;0;0;0;0;;;;;;
2049085;AL;1;1;1;1;1;1;562.9;536.2;539;642.4;1;880
3334688;MS;;;1;1;1;1;363.9;559.1;555.9;405.8;1;600
3234437;RJ;;;1;1;1;1;527.6;508.4;560.6;496.4;1;860
3280504;RJ;;;1;1;1;1;440.2;523.5;539.8;414.2;1;880
1373828;SP;;;0;0;0;0;;;;;;
4312038;CE;;;0;1;1;0;;629.1;448.1;;1;640
928510;PB;;;1;1;1;1;481.3;555.5;559;560.5;1;820
1473905;MA;;;0;0;0;0;;;;;;
511001;PA;4;1;1;1;1;1;502;473.9;538.9;523.6;1;860
3022527;ES;2;1;0;0;0;0;;;;;;
2469496;SP;;;1;1;1;1;570.6;566.8;536.7;611.6;1;780
2119328;PE;;;1;1;1;1;421.8;474.3;506;495.6;1;520
2051337;PR;;;1;1;1;1;564.3;564.1;569.2;503.1;1;860
314041;MT;;;1;0;0;1;528.9;;;664.9;;
3352889;AL;2;1;1;1;1;1;451.2;587.8;526.6;634.7;1;720
2517285;BA;;;1;1;1;1;567.3;573.1;508.1;549;1;760
904434;MG;1;1;1;1;1;1;700.8;733.5;701.6;888.9;1;940
1770553;PA;;;0;0;0;0;;;;;;
3927732;GO;;;1;1;1;1;408.2;487.4;473.5;434.2;1;520
1783870;RN;;;0;0;0;0;;;;;;
962722;PI;;;1;1;1;1;399.4;555.7;524.3;396.4;1;560
2822534;PR;2;1;1;1;1;1;520.3;558.8;516.7;445.2;1;560
3361184;SP;4;1;1;1;1;1;538.8;596.6;605.8;671.4;1;660
821213;SP;2;1;1;1;1;1;443.7;529.1;557.7;439.6;1;860
1215323;RS;;;0;1;1;0;;477.2;507.9;;1;360
511615;AL;;;1;1;1;1;401.4;548.7;565.8;385.2;1;520
1901721;BA;;;1;1;1;1;366.8;452.5;506.6;491.3;1;580
496793;MA;;;1;1;1;1;422.8;413;522;477;1;860
1639737;PI;;;1;1;1;1;520.2;437.9;480.6;473.7;1;460
2231219;PB;;;1;1;1;1;562;590.8;573.9;599.5;1;640
2308973;SP;;;1;1;1;1;547.3;617.6;562;697.7;1;840
3197135;MG;;;1;1;1;1;643.4;596;594.7;587.6;1;480
3872201;SP;;;0;0;0;0;;;;;;
4105213;AM;;;0;0;0;0;;;;;;
1799643;RS;;;0;0;0;0;;;;;;
3370595;PA;;;0;0;0;0;;;;;;
1845250;RN;;;1;1;1;1;545.5;490.8;536.7;428.1;1;680
1751111;SC;2;1;1;1;1;1;479;556.9;557.4;513.7;1;640
1158813;SP;2;1;0;0;0;0;;;;;;
3276965;SP;4;1;0;0;0;0;;;;;;
1506839;RO;2;1;1;1;1;1;372.4;419.5;403.9;473.4;1;540
1800941;PE;;;1;1;1;1;386.9;528.1;540;427.4;1;320
4100991;BA;;;1;1;1;1;598.9;655.9;621.1;594.8;1;620
2847435;RS;;;1;1;1;1;560.4;605.7;569.7;556.1;1;520
2882555;BA;;;1;1;1;1;478.6;503.3;556;449.7;1;720
1271844;SP;;;1;1;1;1;460.5;310.9;424.9;530.2;1;700
4101295;GO;2;1;0;0;0;0;;;;;;
486030;SP;2;1;1;1;1;1;491.5;500.1;613.4;538.6;1;640
4235126;SP;;;0;0;0;0;;;;;;
1032012;SE;;;1;1;1;1;509.1;462.7;450.8;412.5;1;640
2770909;AL;;;1;1;1;1;376.7;530;529.1;446;1;520
558688;CE;2;2;1;1;1;1;408.3;443.7;551.5;555.6;1;820
2902136;PE;;;0;0;0;0;;;;;;
1908127;GO;;;1;1;1;1;652.7;711.8;609.9;723.9;1;940
74481;AM;2;1;1;1;1;1;452.4;507.9;533.9;495.8;1;440
53032;PB;2;1;1;1;1;1;503.1;457.8;520;515.5;1;620
770051;RJ;;;1;1;1;1;633.6;632.1;587.6;721;1;920
376255;GO;;;1;1;1;1;527;600;556.2;590.8;1;840
2565483;SP;4;1;1;1;1;1;581.5;582.8;567;673.7;1;800
2934589;SP;;;0;0;0;0;;;;;;
610948;RS;;;1;1;1;1;402.1;621.7;599.7;661.5;1;880
2900357;RS;;;0;0;0;0;;;;;;
4280047;MG;;;0;0;0;0;;;;;;
3794710;AM;2;1;1;1;1;1;403.8;404.8;522;398.1;1;520
1303893;CE;2;1;1;1;1;1;439.8;473.5;520.6;453.8;1;680
3364391;RO;;;1;1;1;1;370.1;504.2;487.1;396.9;1;380
1025649;GO;;;0;0;0;0;;;;;;
4059823;MG;;;0;0;0;0;;;;;;
1621595;RJ;;;0;0;0;0;;;;;;
983137;RS;2;1;1;1;1;1;533.2;525;523.1;577;1;740
1070325;MG;;;0;0;0;0;;;;;;
2662683;BA;;;1;1;1;1;487.1;501.8;524.3;559.4;1;600
3258395;AM;2;2;1;1;1;1;378.1;447.4;467.3;471;1;500
3961074;SP;2;1;0;0;0;0;;;;;;
2861913;PA;;;1;1;1;1;517.7;532.3;449.3;508.9;1;600
2167243;PA;;;0;0;0;0;;;;;;
1312134;PE;2;1;1;1;1;1;502.6;489.9;483.2;397.6;1;880
3149038;TO;;;0;0;0;0;;;;;;
3160693;SP;;;1;1;1;1;404.6;506.9;548.4;534.3;1;680
4300826;PR;2;1;1;1;1;1;552.2;463.8;477;529.5;1;480
1658534;GO;4;1;1;1;1;1;576.3;567;542.9;630.2;1;700
1693154;PB;2;1;0;0;0;0;;;;;;
2019903;RN;;;0;0;0;0;;;;;;
1994898;RJ;;;0;0;0;0;;;;;;
3352300;RR;;;1;1;1;1;566.9;590.1;581.7;618.9;1;620
740025;PE;;;1;1;1;1;397.3;426.7;334;449.1;1;280
256713;ES;2;1;1;1;1;1;464.4;509.4;480.5;451.2;1;580
837832;CE;;;1;1;1;1;390.3;581.1;553.6;553.8;1;680
3332548;SP;2;1;0;0;0;0;;;;;;
2896982;PA;4;1;1;1;1;1;558.4;643.1;617.2;715.7;1;900
2874442;RS;2;1;0;1;1;0;;582.3;563.3;;4;0
244975;AL;1;1;1;1;1;1;483.7;497.7;537.2;709.2;1;920
3511720;AM;2;2;0;0;0;0;;;;;;
772391;PI;;;0;0;0;0;;;;;;
1281692;BA;;;0;0;0;0;;;;;;
4326967;RS;;;0;0;0;0;;;;;;
1296368;BA;;;1;1;1;1;440.5;502.3;533.8;452;1;540
2700276;BA;2;1;0;0;0;0;;;;;;
416125;BA;3;1;1;1;1;1;466.4;544.1;504.6;468.9;1;700
216874;MA;2;1;1;1;1;1;489.9;441.2;413.6;465.4;4;0
809981;RO;2;1;1;1;1;1;524.6;446.5;554.1;404.1;1;560
2266766;MA;;;0;0;0;0;;;;;;
2666313;RJ;2;1;1;1;1;1;523.6;588.4;565.1;551.4;1;640
2764664;MG;;;1;1;1;1;602.8;576.9;578.6;695.7;1;800
1076830;MG;2;1;1;1;1;1;482.5;582.1;599.6;674.5;1;860
466830;MG;4;1;1;1;1;1;626.2;626.5;613.7;684.9;1;940
311486;SP;;;1;1;1;1;426.6;452;349.4;445;1;380
1563002;RN;;;0;1;1;0;;0;473.1;;1;960
1288035;MA;;;1;1;1;1;486.5;546.1;535;469.3;1;640
4076243;MA;;;0;0;0;0;;;;;;
2593206;PI;2;1;1;1;1;1;433.3;479.8;467.8;457.3;1;840
69339;PA;2;1;1;1;1;1;389.9;308.2;434.6;405.4;1;520
829511;RN;;;0;0;0;0;;;;;;
1715988;SP;2;1;1;1;1;1;537.3;587.6;629.1;500.7;1;800
2437182;SP;2;1;1;1;1;1;522.5;496.2;515.2;481.4;1;400
2763970;SP;2;1;1;1;1;1;481.5;529.5;540;468.9;1;600
4046939;SC;;;1;1;1;1;542.9;589.6;587.2;588.9;1;660
3830898;PE;;;1;1;1;1;425.3;466.7;348.6;469.1;1;720
2427984;SP;2;1;1;1;1;1;477.2;526.5;405.3;467.1;1;560
4084262;SP;;;0;0;0;0;;;;;;
1948940;SP;2;1;1;1;1;1;450.6;519.1;555.9;405.7;1;640
1939952;MA;;;1;1;1;1;381.1;387.7;433.7;437;1;400
1417285;MA;;;1;1;1;1;412.4;387.3;498.1;401.8;1;620
2315480;MG;4;1;1;1;1;1;626.5;598.2;562;634.4;1;900
2600380;MT;;;1;1;1;1;455.2;544.3;534.5;623.7;1;700
3358775;RN;;;1;1;1;1;362.9;431.5;507;404.5;1;720
1205279;RJ;4;1;1;1;1;1;567.5;472.3;467.3;488.2;1;520
645104;RS;;;1;1;1;1;427.5;532.7;550.6;485.6;1;760
3938205;RS;;;0;0;0;0;;;;;;
600501;MG;2;1;1;1;1;1;481.4;532.4;498.2;513.5;1;520
4069178;PE;;;1;1;1;1;377.8;411.8;351.5;394.5;6;0
441960;SP;3;1;1;1;1;1;431;433.3;547.5;422.1;1;720
3322458;MG;2;1;0;0;0;0;;;;;;
2254681;BA;;;1;1;1;1;495;452.5;576.8;533.9;1;740
120090;RJ;;;0;0;0;0;;;;;;
2267811;GO;;;1;1;1;1;475;470.2;501.9;386.5;1;500
549073;BA;;;1;1;1;1;439.4;461.7;451.6;414.6;1;580
2640309;RO;;;0;0;0;0;;;;;;
3699415;ES;;;1;1;1;1;532.7;534.8;582.1;533.9;1;560
3423450;PA;2;1;1;1;1;1;462.9;433.6;407;448.3;1;260
3953200;MG;2;1;0;0;0;0;;;;;;
45433;BA;2;1;1;1;1;1;428.2;376.6;420;440.2;1;680
1413991;PR;2;1;1;1;1;1;561;569.8;619.8;679.4;1;780
1598839;CE;2;1;1;1;1;1;438.9;471.7;486;410.3;4;0
4012971;PB;2;1;0;0;0;0;;;;;;
65050;SC;2;1;1;1;1;1;441.3;584.5;576;414.9;1;580
3465588;BA;2;1;0;0;0;0;;;;;;
2161011;RJ;;;0;0;0;0;;;;;;
703902;MG;1;1;1;1;1;1;641.6;583.1;541.7;771.2;1;900
663327;RS;2;1;1;1;1;1;531;527.1;515.9;413.4;1;840
321108;MG;1;2;1;1;1;1;556;547.3;518.3;628.6;1;880
1253540;PR;2;1;1;1;1;1;642.2;653.5;629.2;706.3;1;720
1808481;RJ;;;0;1;1;0;;477.8;463;;6;0
1255194;RN;;;1;1;1;1;435.2;472.8;505.3;424.5;1;580
1743975;RN;2;1;1;1;1;1;435.9;450.9;474.1;383.6;1;580
3913669;CE;;;1;1;1;1;550.1;601.6;536.4;688.5;1;820
4015321;SP;;;0;1;1;0;;421.9;546.8;;1;580
3899918;CE;;;0;0;0;0;;;;;;
1452062;AL;;;0;0;0;0;;;;;;
1686215;ES;2;1;0;1;1;0;;379.7;490.5;;1;540
3615658;MG;3;1;0;0;0;0;;;;;;
1027899;CE;;;1;1;1;1;428.7;514.3;503.6;492.9;1;760
222528;SE;;;1;1;1;1;442.7;557.3;553.8;445.3;1;760
2852755;BA;;;1;1;1;1;455.1;485.8;525.7;469.1;1;680
1745618;CE;;;0;0;0;0;;;;;;
2377263;AM;;;1;1;1;1;644.3;631.3;522.4;639.2;1;880
711316;RJ;2;1;1;1;1;1;412.1;413.1;491.3;552.3;4;0
467918;SP;;;1;1;1;1;442;446.1;531.9;599.2;1;660
3769162;MG;2;1;0;0;0;0;;;;;;
2563777;PA;;;1;1;1;1;434.2;474.4;459.2;421.8;1;640
1608809;CE;;;1;1;1;1;624.5;619.2;632.7;742.5;1;820
3552122;RN;2;1;1;1;1;1;577.7;465.7;493.5;582.9;1;900
3359978;PI;;;1;1;1;1;544.1;577.9;497.5;656.2;1;600
828816;RN;;;0;0;0;0;;;;;;
2964919;MG;;;1;1;1;1;403.2;445.8;500.5;531.4;1;600
4069157;DF;;;1;1;1;1;473.8;501.3;523.6;439.8;1;720
63670;MG;4;2;1;1;1;1;349.1;503.4;492.6;491.6;1;780
3758860;PR;4;1;1;1;1;1;578.7;517.7;543.7;546.9;9;0
304376;SP;2;1;1;1;1;1;590.3;532.2;613;618.7;1;620
3393956;SE;;;0;0;0;0;;;;;;
3009509;CE;;;1;1;1;1;390.3;469.6;533.7;387;4;0
208790;PA;;;1;1;1;1;433.8;350.1;426.4;423.2;1;500
1253070;RJ;;;0;0;0;0;;;;;;
2997167;ES;4;1;0;2;2;0;;;;;;
1099491;ES;;;1;1;1;1;407.7;522.2;552.8;376.7;1;440
2063975;CE;;;1;1;1;1;616.7;610.6;658.1;669.1;1;840
2490838;SP;2;1;1;1;1;1;439.7;487.4;527.1;458.4;1;340
433596;RN;;;1;1;1;1;358.2;452.4;471.4;443.2;6;0
280984;MG;;;0;0;0;0;;;;;;
1708297;SP;2;1;0;0;0;0;;;;;;
1378044;CE;;;0;0;0;0;;;;;;
2533599;GO;;;1;1;1;1;598.9;592.3;590.7;661.5;1;720
3382138;MA;;;0;1;1;0;;388.2;482.8;;1;440
1302033;PR;;;0;0;0;0;;;;;;
1937004;BA;4;1;1;1;1;1;452.9;580.3;567.4;555.1;1;740
4188037;RS;;;1;1;1;1;356.6;528.6;510.6;422.1;1;480
3682780;SP;4;1;1;1;1;1;598.1;593.9;565.7;703.7;1;720
3192453;MG;;;0;0;0;0;;;;;;
2001838;BA;2;2;1;1;1;1;604.1;650.9;576.8;728.3;1;880
1119174;PE;2;1;1;1;1;1;538.3;544.8;528.6;413.8;1;600
233942;TO;;;0;0;0;0;;;;;;
2231146;PB;1;1;1;1;1;1;478.1;422.8;490.8;469.9;1;700
569801;SE;;;1;1;1;1;581.2;582.5;604.6;637.9;1;720
3014497;SP;;;1;1;1;1;566;448.7;509.2;607.7;1;680
3131739;PR;4;1;1;1;1;1;647;668;593.1;776.4;1;840
3667801;SP;;;1;1;1;1;544.6;619.4;575.5;580.4;1;480
2562776;CE;;;0;0;0;0;;;;;;
3384085;BA;;;1;1;1;1;422.2;482.6;523.5;426.8;1;320
2073071;MG;2;1;1;1;1;1;380.4;450;483.3;388.2;1;580
167601;RS;2;1;1;1;1;1;402.7;412.4;463.1;530.9;6;0
2330880;MT;;;1;1;1;1;493.4;544.1;571.6;590.6;1;740
940221;AC;;;0;0;0;0;;;;;;
2139958;SP;;;1;1;1;1;412.7;519.2;565.9;433.9;1;700
291754;RJ;4;1;1;1;1;1;592.3;573.6;572.3;636.8;1;900
1467250;RS;;;1;1;1;1;393.6;389.6;432.5;393.5;1;360
2185717;SP;2;1;1;1;1;1;471.9;497.3;582.9;529;1;800
2713830;CE;2;1;1;1;1;1;428.1;467.4;444.3;394;4;0
89252;SE;2;1;1;1;1;1;363.6;407.3;392.8;392.6;1;580
1627915;SP;4;1;1;1;1;1;548.4;657.7;572.5;599.7;1;760
2762052;RJ;;;1;1;1;1;556.8;616;590.4;572;1;620
2552938;SP;2;1;0;0;0;0;;;;;;
1283837;RJ;4;1;1;1;1;1;613.5;716.4;632.4;625.5;1;800
1297802;PA;2;1;1;1;1;1;474.8;434.8;514.8;538.8;1;740
2904690;TO;;;1;1;1;1;397.4;499.1;493;393.9;1;520
1565572;CE;2;1;1;1;1;1;391;394.1;495.9;467.1;1;760
2143946;RJ;;;0;0;0;0;;;;;;
2822326;GO;;;1;1;1;1;539.3;581.3;581;661.6;1;920
297886;RJ;2;1;1;1;1;1;451.7;569.3;459;620.7;1;600
2311423;BA;4;1;1;1;1;1;559.5;588.6;631.8;559.8;1;840
2893710;CE;2;2;1;1;1;1;527.3;535.9;547;493.3;1;560
3363730;PR;2;1;0;1;1;0;;483.4;490.6;;1;400
1364513;SP;4;1;1;1;1;1;520.5;512.3;559;638.3;1;680
3646085;BA;;;1;1;1;1;588.3;608.2;579.5;697.3;1;900
3108315;SP;2;1;1;1;1;1;560.8;417.4;384.6;532.1;1;600
711570;BA;4;1;1;1;1;1;626.7;623.2;601.4;680.9;1;800
1642441;RS;;;0;0;0;0;;;;;;
2757942;MG;2;1;0;1;1;0;;567;560.7;;1;820
1280174;TO;2;1;1;1;1;1;410.1;486.4;415.9;489.2;1;680
960580;PB;;;0;0;0;0;;;;;;
1066238;MG;2;1;1;1;1;1;429.6;529.2;547;399.8;1;740
120416;BA;2;1;1;1;1;1;373.9;356.3;409;434.3;1;440
1786053;MG;;;0;0;0;0;;;;;;
3712165;MG;2;1;1;1;1;1;403.4;522.6;520.7;390.7;1;540
3922079;RJ;;;0;1;1;0;;312.6;535.1;;4;0
638894;AL;2;1;1;1;1;1;364.6;313.9;490.2;418.8;1;760
4103026;BA;2;1;1;1;1;1;425.9;444;449.4;459;1;340
3000436;BA;;;1;1;1;1;376.2;468.8;417.2;424.1;1;500
888194;SP;;;1;1;1;1;406.6;493.3;530.2;574.3;1;540
1684800;PB;2;1;0;0;0;0;;;;;;
4210595;RJ;2;1;0;0;0;0;;;;;;
2533112;BA;;;1;1;1;1;550.8;515.9;550.9;647.8;1;780
1813204;RJ;2;1;1;1;1;1;387.3;305.6;391.6;383.6;1;360
45715;MA;;;0;0;0;0;;;;;;
359806;SE;2;2;1;1;1;1;417.5;427.3;446.8;500.2;1;460
929238;SP;;;1;1;1;1;619.4;623.3;644.5;705.2;1;880
102252;RS;;;1;1;1;1;593.4;608.7;573.9;580;1;900
403329;AL;2;1;1;0;0;1;453.7;;;467.6;;
3036037;CE;;;1;1;1;1;492;635.6;601.8;630;1;940
4268546;PA;;;0;0;0;0;;;;;;
2373465;SP;;;0;0;0;0;;;;;;
3171175;SP;;;0;0;0;0;;;;;;
2015194;RS;;;1;1;1;1;647.2;745.1;640.3;763.3;1;840
3052928;MG;2;1;1;1;1;1;549;559.3;565.9;665.2;1;640
2858902;SP;2;1;0;0;0;0;;;;;;
407619;RN;2;1;1;1;1;1;429.6;404.1;352.9;505.5;1;720
2393601;CE;2;1;1;1;1;1;481.1;526.5;519.9;423.5;1;720
2595470;MG;;;1;1;1;1;579.4;630.3;615.7;694.2;1;640
1002200;RR;2;1;1;1;1;1;456.6;418.5;503.6;536.2;3;0
1426943;TO;;;1;1;1;1;566.7;571.2;571.7;406.8;1;320
3332418;SE;;;1;1;1;1;528.3;537.2;473.8;441.9;1;740
1091933;SP;;;1;1;1;1;511.3;575.6;606.1;604.1;1;900
3111796;SP;2;1;1;1;1;1;376.3;573.5;508.5;489.5;1;600
3949929;PA;;;0;0;0;0;;;;;;
1567868;BA;;;1;1;1;1;379.9;467.4;525;426.4;1;640
137267;AM;;;0;1;1;0;;468.9;440.5;;6;0
2783842;SC;;;0;1;1;0;;495.4;585.9;;1;780
1648532;PA;;;1;1;1;1;542.6;538.2;576.1;690.8;1;800
897116;SC;2;1;1;1;1;1;558.6;573.5;549.3;561.7;1;820
591073;RJ;;;1;1;1;1;485.3;577.4;569.9;581.3;1;660
904571;MG;;;0;1;1;0;;560.4;552.3;;1;600
668734;MA;;;0;0;0;0;;;;;;
2079398;PR;;;1;1;1;1;534.4;541;563.5;630.9;1;580
3667254;PR;2;1;1;1;1;1;398.7;545.5;340.8;456.7;1;500
700104;PB;;;1;1;1;1;531.8;450.4;504;477.9;1;700
85865;PE;2;1;1;1;1;1;427.1;541.4;652.3;513.8;1;840
908982;BA;2;1;1;1;1;1;354.6;499;441.7;417.7;1;660
2927174;BA;;;1;1;1;1;528.6;549.8;529.5;383.4;1;580
2431397;RN;;;1;1;1;1;546.1;537.5;556.5;570.7;1;840
3097075;BA;;;1;1;1;1;357.5;392;371;418;6;0
1211963;MG;;;1;1;1;1;425.1;467.6;501.7;494.8;1;860
3886455;PI;;;0;0;0;0;;;;;;
1029156;PA;;;1;1;1;1;498.3;511.1;517.7;435.3;1;600
3781170;AM;2;1;1;1;1;1;407.1;438.7;521;488.9;1;580
4162304;BA;;;1;1;1;1;395.7;355.7;466.9;421.2;1;320
1042243;PB;;;1;1;1;1;510.7;586.9;564;452.8;1;540
4132856;AC;2;1;1;1;1;1;432.5;475.3;484.6;492.4;1;460
1805238;SP;2;1;1;1;1;1;565.4;603.9;568.5;674;1;900
2403010;SC;2;1;1;1;1;1;369.3;458.4;466.1;416.3;1;560
2294229;PR;;;1;1;1;1;547;556.7;524.9;550.1;1;840
558682;CE;;;1;1;1;1;461.3;537.4;539.9;556.8;1;580
1471871;RR;2;1;1;1;1;1;430.9;469.3;454.9;421.4;1;580
1742164;RS;;;0;0;0;0;;;;;;
3252328;SP;;;0;0;0;0;;;;;;
2489875;BA;2;2;1;1;1;1;366.1;444.7;475.9;383.8;1;540
2355897;PE;2;1;0;0;0;0;;;;;;
3834651;MG;;;0;0;0;0;;;;;;
2553184;PR;;;1;1;1;1;537.8;441.3;511.1;641.9;1;640
4231131;PR;;;0;0;0;0;;;;;;
2861574;RJ;;;1;1;1;1;451.1;528.2;546.1;640.4;1;860
2696669;SP;2;1;1;1;1;1;453.1;538;564;429;1;340
4322708;RS;2;2;0;0;0;0;;;;;;
2906720;MA;;;0;0;0;0;;;;;;
1429838;PB;2;2;1;1;1;1;485.4;549;550.7;564.3;1;740
1878546;MA;;;0;0;0;0;;;;;;
673070;SP;;;0;0;0;0;;;;;;
4282818;RJ;2;1;1;1;1;1;461.1;490;455.3;435.1;1;380
2353579;SP;4;1;1;1;1;1;551.9;622.2;562.1;734.1;1;820
811850;PE;2;1;1;1;1;1;365.2;503;515;388.5;1;740
357086;PE;2;1;1;1;1;1;464.8;425.9;454.6;383.4;1;620
1844185;SP;;;1;1;1;1;633.1;704.4;653.2;792.6;1;920
2464745;MG;;;1;1;1;1;523.8;548.1;587.2;681.8;1;600
985015;MG;4;1;1;1;1;1;478.6;522.6;567;430;1;680
1306182;DF;4;1;1;1;1;1;556.6;496.4;580.5;633.1;1;860
3783256;SC;;;1;1;1;1;523.1;533.9;529.5;625;1;800
2419597;CE;;;1;1;1;1;395.4;440.8;506.4;623.7;1;420
1113042;PE;;;0;0;0;0;;;;;;
622071;MT;;;0;0;0;0;;;;;;
4297904;RO;;;1;1;1;1;349.7;489.7;454.2;478.3;1;440
3465854;SP;2;1;1;1;1;1;459.1;437.2;515.6;444;1;460
2782113;SP;;;0;0;0;0;;;;;;
2822403;PI;4;1;1;1;1;1;546.9;587.3;572.2;629.4;1;840
4269652;RJ;;;1;1;1;1;571;510.5;473.8;554.1;1;800
3438052;ES;;;1;1;1;1;445.6;579;537.1;543.3;1;500
538238;SP;;;1;1;1;1;491.5;569.1;572.7;450.4;1;600
1110414;RJ;;;1;1;1;1;539.1;525.6;575.9;460.1;1;880
2001719;MG;2;1;1;1;1;1;410.9;411.8;503.5;447.4;1;620
2075311;SC;;;1;1;1;1;411;369.8;309.1;533.3;1;400
1283780;BA;;;1;1;1;1;379.8;415.5;481.7;422.3;1;800
2276510;SP;;;1;1;1;1;503.6;418.2;512.2;389.5;1;440
877690;BA;;;1;1;1;1;539.9;596.3;536.5;628.3;1;480
1807834;PB;;;1;1;1;1;561;585.9;581.8;626;1;840
3290789;RS;;;0;0;0;0;;;;;;
2421812;DF;;;1;1;1;1;595.3;651.5;616.8;629.8;1;840
3701609;PR;2;1;0;0;0;0;;;;;;
2207025;CE;;;1;1;1;1;481.1;564.4;609.9;690.1;1;880
4256790;SP;2;1;1;1;1;1;507.4;568.9;630.3;417.8;1;680
3545099;AM;;;1;1;1;1;607.9;638.3;586.2;688;1;900
272779;RJ;;;1;1;1;1;528.4;341.8;442;415.1;1;880
2306794;RS;;;1;1;1;1;494.3;557.3;553.7;552.5;1;940
871669;RO;;;1;1;1;1;639.5;666.1;631.5;783.6;1;960
173078;MG;;;1;1;1;1;421.5;557.6;599.9;515.4;1;580
2697408;SP;;;1;1;1;1;548.5;566.5;558.8;401.4;1;500
1572318;CE;4;1;1;1;1;1;474;365;420.7;436.8;1;580
2734728;SP;2;1;0;0;0;0;;;;;;
1011077;CE;2;1;1;1;1;1;435.4;459.8;527;438.5;1;580
3973215;SP;;;1;1;1;1;590.8;549.1;543.9;680.1;1;580
3223559;MA;2;1;0;0;0;0;;;;;;
1841867;GO;2;1;1;1;1;1;597.7;613.3;616.9;639.2;1;820
2647635;PA;;;1;1;1;1;495.1;582.9;568.4;390;1;560
3546931;SP;2;1;0;0;0;0;;;;;;
3431284;RN;;;1;1;1;1;613.5;631.9;598.9;723.1;1;880
2890243;PE;;;1;1;1;1;458.3;511.6;541.9;411.7;1;580
621978;RJ;;;1;1;1;1;351.4;486.9;505.1;420.7;1;640
1872543;AL;;;1;1;1;1;614.1;512.6;539.6;678;1;760
1407366;PB;;;1;1;1;1;497.8;577.1;563;427.4;1;620
3099660;MG;;;1;1;1;1;527.8;575.5;609.9;576.1;1;640
2861771;ES;;;1;1;1;1;550;593.9;557.5;680.6;1;860
1291988;MA;2;1;1;1;1;1;615.4;471.1;465.2;561.6;1;860
3628536;DF;2;1;1;1;1;1;402.2;494.2;508.7;471.6;1;400
2969447;DF;4;1;0;0;0;0;;;;;;
3957402;MA;;;0;0;0;0;;;;;;
3616098;AP;;;0;0;0;0;;;;;;
1930473;MA;2;1;1;1;1;1;448.2;519.4;496.8;446.7;1;720
4057713;GO;;;0;0;0;0;;;;;;
1643740;GO;;;1;1;1;1;382.5;527.4;524.7;482.3;1;720
3589097;BA;;;0;0;0;0;;;;;;
3919922;AM;2;1;0;0;0;0;;;;;;
2432405;CE;2;1;1;1;1;1;475.9;329;438.4;457.4;1;680
2343790;SC;4;1;1;1;1;1;560.6;575.3;633.8;675;1;800
3638254;BA;2;1;0;0;0;0;;;;;;
3340955;PE;;;0;0;0;0;;;;;;
786683;SP;;;1;1;1;1;495.3;427;476.1;481.1;1;660
1567690;SP;2;1;1;1;1;1;583.8;518.4;538.6;686.5;1;540
3199019;SP;;;0;0;0;0;;;;;;
2206837;RJ;;;1;1;1;1;511.6;478.8;487.8;438;1;920
311521;RN;;;0;0;0;0;;;;;;
715684;PE;2;1;1;1;1;1;376.9;339.2;414.8;462.8;1;560
1156818;BA;4;2;1;1;1;1;583.9;323.9;606.1;605.9;1;880
3606181;BA;;;1;1;1;1;403.5;480.6;491.2;407.9;1;500
2249009;AC;2;1;1;1;1;1;418.8;486.8;474.1;425.1;1;360
2403611;CE;2;1;0;0;0;0;;;;;;
794598;PI;;;0;0;0;0;;;;;;
601480;PA;;;1;1;1;1;519.8;447.6;461.4;457.1;1;520
2837405;AM;;;0;0;0;0;;;;;;
374253;MS;;;1;1;1;1;552.2;612;571.1;431;4;0
1235712;PE;;;1;1;1;1;353.6;440.8;449.9;479.4;1;740
86642;PA;2;1;1;1;1;1;364.2;454;418.1;384.7;1;500
3447082;PB;;;1;1;1;1;602.9;648;607.1;560.2;1;960
3514055;DF;;;0;0;0;0;;;;;;
3352681;RS;;;0;0;0;0;;;;;;
2672010;PR;;;0;0;0;0;;;;;;
3610961;MA;;;0;0;0;0;;;;;;
2893732;MG;;;1;1;1;1;457;558.7;570.5;655.9;1;600
2696588;CE;;;1;1;1;1;473.5;526.1;592.2;671.2;1;880
3064545;MA;;;1;1;1;1;440;479.8;466.7;406.2;9;0
3520233;ES;2;1;0;0;0;0;;;;;;
4312133;PB;;;0;0;0;0;;;;;;
3801822;SP;;;0;0;0;0;;;;;;
204344;RJ;4;1;1;1;1;1;575.2;527.3;566.3;579.9;1;760
3889391;SP;2;1;1;1;1;1;538.1;547;557.9;620.5;1;600
4049110;MT;;;0;0;0;0;;;;;;
4232001;RJ;;;0;0;0;0;;;;;;
2196323;SE;;;1;1;1;1;562.7;651.5;623.7;745.9;1;960
1031794;ES;2;1;0;0;0;0;;;;;;
2481293;PB;;;1;1;1;1;405.4;480;471.1;414.8;1;420
2136280;SP;2;1;1;1;1;1;577.7;540;589.7;686.7;1;480
1743303;AM;;;0;0;0;0;;;;;;
2714466;CE;2;1;0;0;0;0;;;;;;
3324275;GO;;;1;1;1;1;643.3;574.5;600.6;640;1;440
1396212;BA;;;0;0;0;0;;;;;;
692502;AM;;;1;1;1;1;650.8;643.6;670.5;765.1;1;760
863827;PB;;;1;1;1;1;537.3;583.2;602.9;644.9;1;860
4043006;DF;;;1;1;1;1;526.1;528.1;470.6;490.9;1;640
4060115;MA;;;0;0;0;0;;;;;;
1510713;PB;;;1;1;1;1;355.9;452.4;469.5;450.2;1;500
793956;MT;2;1;0;0;0;0;;;;;;
2605595;AL;;;1;1;1;1;469.4;436;431;404.4;1;500
2324850;SP;;;0;0;0;0;;;;;;
3755191;SP;;;1;1;1;1;602.7;616.8;627.6;691;1;580
35786;PB;2;1;1;1;1;1;347.5;437.2;466;382.3;1;480
620377;BA;;;0;0;0;0;;;;;;
2272171;RJ;4;1;1;1;1;1;548.2;554.7;619.8;707.8;1;600
3716197;RJ;;;1;1;1;1;361.8;401;473.1;447.1;1;860
1712589;MG;;;1;1;1;1;535.5;554.5;563;702.5;1;620
3322684;MG;;;1;1;1;1;712.5;688.6;582.7;780.3;1;900
1232557;SC;2;1;1;1;1;1;463.3;495.8;522.5;443.2;1;840
2648771;GO;2;1;1;1;1;1;453.9;437.1;556.8;519;1;640
2821985;SP;2;1;1;1;1;1;521.1;575.9;599.9;609.9;1;720
3784828;PA;;;0;0;0;0;;;;;;
1449256;MA;;;1;1;1;1;642.1;632.4;562.6;676.5;1;720
2982443;AC;;;0;0;0;0;;;;;;
3892012;SP;2;1;0;0;0;0;;;;;;
461860;SP;;;1;1;1;1;423.5;476.3;574.2;470;1;720
2324856;MG;2;1;1;1;1;1;502.7;603.3;551.7;542.3;1;560
1115990;BA;;;0;1;1;0;;295.2;409.1;;6;0
2009470;PE;;;0;0;0;0;;;;;;
1738514;PA;;;1;1;1;1;391.1;436.2;510.5;412.3;1;460
1456439;PE;;;1;1;1;1;512.5;549;527;375.8;1;620
1823595;MA;;;0;1;1;0;;384.3;519.7;;1;620
1561466;CE;;;0;0;0;0;;;;;;
1876994;SP;;;1;1;1;1;505.6;518.1;553.3;541.7;1;680
355467;AL;;;1;1;1;1;560.6;474.8;585;514.6;1;740
1055350;GO;2;1;0;1;1;0;;431;471.8;;1;380
1112428;SP;;;0;0;0;0;;;;;;
723655;PA;;;1;1;1;1;461.9;305.9;387.2;513.2;6;0
2036436;SP;;;1;1;1;1;599.3;599.6;614.5;675.9;1;840
834080;BA;;;1;1;1;1;466.7;507.8;501.9;447.9;1;560
23549;MA;;;1;1;1;1;457;429.4;477.4;412.1;1;600
3765533;CE;;;0;0;0;0;;;;;;
4133462;BA;;;1;1;1;1;423.8;496.7;503.2;618.5;1;800
1333306;AM;;;0;0;0;0;;;;;;
876416;SP;2;1;1;1;1;1;415.7;494.9;465.6;433.8;1;600
1260404;GO;2;1;1;1;1;1;478.9;478.9;512.8;426.2;1;760
3588082;DF;;;0;0;0;0;;;;;;
3544813;PI;;;1;1;1;1;379;431.2;493.1;417.9;1;760
41385;RJ;2;1;1;1;1;1;403.3;428.3;543;477.8;1;700
4032132;MG;;;0;0;0;0;;;;;;
4163579;AC;;;1;1;1;1;420.5;590.7;567.7;522.2;1;440
587883;MG;;;1;1;1;1;419.4;517.8;492.3;419.3;1;460
3295813;SE;;;1;1;1;1;480.1;439.2;521.1;376.2;1;760
1212295;BA;2;1;1;1;1;1;490.8;442;518.1;413;6;0
4196285;PA;;;1;1;1;1;590.1;522.7;478.7;570.8;1;680
1622747;SP;4;1;1;1;1;1;607.4;629.3;593.3;731.5;1;900
1486558;RS;;;1;1;1;1;568.6;535.8;536.4;606.4;1;520
1870532;GO;;;1;1;1;1;406.5;438;518.1;541.4;1;600
3952085;RJ;;;1;1;1;1;540.1;509.5;470.4;445;1;500
3926000;MG;;;0;0;0;0;;;;;;
28202;SE;;;1;1;1;1;425.5;476.1;442.2;446;1;460
1862191;PA;;;1;1;1;1;377;403.8;459.4;442.6;1;680
1222690;PE;2;2;1;1;1;1;564;567.5;533.8;488.8;4;0
2037774;MG;2;1;1;1;1;1;431.5;424.8;439.7;453.5;6;0
1461192;PB;4;1;1;1;1;1;624.9;658.2;595.3;717.7;1;860
3175178;MG;;;1;1;1;1;636.5;637.3;538.7;765.5;1;940
1375679;DF;;;1;1;1;1;484.3;479.4;441.4;571.3;1;440
2359985;MG;4;1;1;1;1;1;591.5;689.8;583.6;771;1;940
1128657;BA;;;1;1;1;1;450.4;540.5;503;469.1;1;840
123195;RJ;;;0;0;0;0;;;;;;
2566490;PE;;;1;1;1;1;439;392.7;435.2;488.3;1;580
4243507;RS;;;0;0;0;0;;;;;;
3668251;RS;;;0;0;0;0;;;;;;
3066240;PE;;;1;1;1;1;484.4;507.3;522.1;669.4;1;580
173846;CE;;;0;0;0;0;;;;;;
3175744;SP;4;1;1;1;1;1;525.9;634.1;595;495.8;1;900
2987332;SC;;;1;1;1;1;366.1;542.4;556.5;471.1;1;800
2867891;PB;;;1;1;1;1;432.3;353.2;476.2;475.3;1;520
1280270;SE;2;1;1;1;1;1;495.9;510.1;531;502.7;1;800
2110071;RN;2;1;1;1;1;1;497.8;412;464.5;409.7;1;360
2500596;GO;;;1;1;1;1;509.1;514.9;547.3;554.7;1;640
3873434;PI;;;1;1;1;1;392.7;533.4;487.3;388.6;6;0
1562140;DF;4;2;1;1;1;1;466.5;509.3;493.8;506.4;1;680
3018531;MS;4;1;0;1;1;0;;298.9;450.9;;1;400
2991902;RS;;;0;0;0;0;;;;;;
1136914;ES;;;0;0;0;0;;;;;;
3717475;DF;;;0;1;1;0;;482.2;513;;1;420
1284859;GO;2;1;1;1;1;1;572.6;602.2;608.4;626.6;1;600
4202199;PR;;;1;1;1;1;599;636.4;606.5;656.4;1;740
1901924;SE;;;0;0;0;0;;;;;;
3746705;SP;;;1;1;1;1;441.7;524.2;492.9;511.2;1;620
1019557;RS;;;1;1;1;1;557.2;605.8;560.2;467;1;480
1031000;TO;2;1;1;1;1;1;467.5;415.4;501.9;415.4;1;520
795622;SP;;;0;0;0;0;;;;;;
2896303;SC;;;0;0;0;0;;;;;;
1731852;RO;;;1;1;1;1;441.6;542.2;536.3;513.1;1;580
1689574;CE;2;1;0;0;0;0;;;;;;
3863475;BA;;;0;0;0;0;;;;;;
2665071;RJ;4;1;0;0;0;0;;;;;;
337525;RJ;;;1;1;1;1;404.7;482.8;490.7;419.8;1;600
4062754;SP;;;1;1;1;1;423.5;491.5;511.5;528.4;1;740
3532882;DF;;;0;0;0;0;;;;;;
1570588;AL;2;1;0;1;1;0;;385.2;422.9;;6;0
3389302;BA;4;1;1;1;1;1;423.8;564.6;546.2;573.5;1;680
3921691;PE;;;0;0;0;0;;;;;;
3350883;AP;4;1;1;1;1;1;527;655.7;603;647.5;1;840
1086199;MA;;;1;1;1;1;502.7;550.4;546.6;377.7;1;720
1602387;PB;;;0;0;0;0;;;;;;
620198;PR;2;1;1;1;1;1;418.9;610.9;576.5;557.4;1;680
3418794;MG;4;1;1;1;1;1;590.1;600.8;595.1;683.2;1;880
3192901;BA;;;1;1;1;1;552.7;524.4;544.1;643.2;1;600
4236092;AM;;;0;0;0;0;;;;;;
3970531;RO;;;0;0;0;0;;;;;;
520120;SP;2;1;1;1;1;1;453.2;358.7;499;526;1;800
2823388;MA;;;1;1;1;1;592.6;674.8;647.9;543.8;1;880
2531013;BA;;;0;0;0;0;;;;;;
392314;AL;;;0;0;0;0;;;;;;
3554000;PA;2;2;0;0;0;0;;;;;;
1554040;MG;;;1;1;1;1;508;509.7;528.3;564;1;540
1521500;BA;;;1;1;1;1;503.4;579.6;509;409.2;1;940
3319692;RJ;;;0;0;0;0;;;;;;
3750330;TO;2;1;1;1;1;1;574.4;548;560.9;639.4;1;940
2941209;DF;;;1;1;1;1;493;531.7;543.4;591.6;1;520
2927405;MG;;;0;0;0;0;;;;;;
4313473;RJ;;;0;0;0;0;;;;;;
3781472;MS;;;1;1;1;1;622;563.4;570.8;741.1;1;720
4034759;SP;;;1;1;1;1;430.3;452.8;459.1;458.4;1;440
2193870;BA;;;1;1;1;1;458.9;479.7;509.2;423.2;1;600
1498714;AC;;;0;0;0;0;;;;;;
740095;TO;;;1;1;1;1;408.2;395.3;481.9;486.7;1;680
1963319;MG;;;1;1;1;1;441.4;356.6;514.3;422;6;0
2501310;MG;2;1;0;0;0;0;;;;;;
3472775;AP;;;0;0;0;0;;;;;;
27459;BA;2;1;1;1;1;1;387.7;468.9;441.3;392.8;1;480
3709832;SP;;;1;1;1;1;599.7;601.8;577.6;702.4;1;680
1379804;SC;;;1;1;1;1;425;390.6;438.5;450.8;1;460
1743760;SP;2;1;1;1;1;1;452.5;506.9;543.8;536.5;1;780
1349329;PA;1;1;1;1;1;1;456.6;439.5;478.3;412.6;1;900
4262587;RJ;;;0;0;0;0;;;;;;
144871;CE;2;1;1;1;1;1;566.7;548.9;542.7;545;1;620
830596;CE;;;1;1;1;1;424.6;570.1;514.7;666.6;1;560
2900951;BA;1;1;1;1;1;1;598.6;597.7;537.8;637;1;720
1642839;BA;;;1;1;1;1;401.5;381.3;392.6;417.5;1;340
3641862;SP;;;0;0;0;0;;;;;;
3526935;GO;;;1;1;1;1;367.7;428.8;472;412.6;1;500
3577416;MT;;;1;1;1;1;585.5;621.4;581.5;731.3;1;760
1744874;RS;;;1;1;1;1;494.1;454.4;531.6;400.4;1;720
868725;SP;2;1;1;1;1;1;543;553.2;565.4;582.6;1;600
887069;MG;;;1;1;1;1;503;616.9;598.6;631.3;1;620
1501522;SP;2;1;1;1;1;1;481.5;550.4;517.3;566.2;1;580
446067;MG;;;1;1;1;1;479.4;516;462.3;423.9;1;600
3718216;PE;2;1;0;0;0;0;;;;;;
2397642;SP;2;1;1;1;1;1;429.1;527.9;520.3;391.5;1;620
2659269;SP;2;1;0;0;0;0;;;;;;
3690719;DF;;;1;1;1;1;592.8;557.8;554.7;702.8;1;840
2098864;SE;;;1;1;1;1;448;425.8;514.9;445;1;660
508315;SP;2;1;1;1;1;1;423;508.4;505.7;485.2;1;480
891226;PE;4;1;1;1;1;1;427.9;388.9;422.5;420.8;1;780
4159728;GO;;;1;1;1;1;459.2;438.4;498;462.1;1;400
3597583;PR;4;1;0;0;0;0;;;;;;
94119;PR;2;1;1;2;2;1;469.8;;;474.1;;
2157108;SP;;;1;1;1;1;569;591.4;564.2;598.9;1;580
2997951;SP;;;1;1;1;1;507.5;444.4;561.1;510;1;540
2419818;CE;;;1;1;1;1;407.6;579;503.4;433.6;1;580
2521539;BA;;;1;1;1;1;540;568.4;539.5;687.4;1;880
3566178;RS;;;0;0;0;0;;;;;;
3682978;MG;2;1;1;1;1;1;419.2;343.7;460.4;444.3;1;580
2414245;SP;;;0;0;0;0;;;;;;
4252071;SP;2;1;0;0;0;0;;;;;;
15589;MA;;;1;1;1;1;479.7;546.3;571.1;384.5;1;860
2746185;RS;;;0;0;0;0;;;;;;
2108247;SC;;;0;1;1;0;;479.7;558;;1;680
2059347;GO;;;0;1;1;0;;533.9;567.3;;1;780
3050522;PA;;;0;0;0;0;;;;;;
514454;PE;2;1;1;1;1;1;452.9;387;499.1;441.2;1;640
4000881;RS;2;1;1;1;1;1;440.3;484.7;520.9;527.6;1;700
3693574;PA;2;1;1;1;1;1;469.5;577.5;536.2;425.9;1;460
2319251;SP;2;1;1;1;1;1;495;538.5;511.6;430.1;1;660
1063808;PE;;;1;1;1;1;448;388.3;487.8;588.8;1;680
539124;PE;;;0;0;0;0;;;;;;
116516;SC;2;1;1;1;1;1;384;506.4;461.6;406.7;4;0
901735;SP;2;1;1;1;1;1;488.6;350.3;507.4;491;1;780
1539866;BA;2;2;1;1;1;1;454.4;519.9;510.4;531.5;1;760
873849;PA;;;1;1;1;1;395.5;415.6;526.9;455.9;1;740
4205848;MA;;;0;2;2;0;;;;;;
48070;PE;2;1;1;1;1;1;442.3;476.1;529.8;527.1;1;760
1177013;RS;2;1;1;1;1;1;604.9;616.2;550.6;711.4;1;680
2359814;PR;;;1;1;1;1;603;639.9;539.6;690.9;1;840
1108913;PI;2;1;1;1;1;1;467;542.3;511.5;412.1;1;560
329671;AL;2;1;0;0;0;0;;;;;;
954040;RJ;;;1;1;1;1;403.8;457.1;396.2;586.3;1;560
2335940;RJ;;;1;0;0;1;537.9;;;660.6;;
2977490;MA;1;1;1;1;1;1;467.2;461.3;417.2;517.9;1;780
1232918;PE;2;1;1;1;1;1;405.2;329.8;491.6;400;1;480
4000198;RR;;;0;0;0;0;;;;;;
4058887;SP;;;1;1;1;1;449.6;501.6;520.1;401.1;1;720
2720504;PB;;;1;1;1;1;433.9;380.4;462.8;383.1;1;700
177719;RO;;;0;0;0;0;;;;;;
1219075;PB;;;1;1;1;1;508.4;614.7;606.2;606.1;1;560
3207129;BA;4;1;1;1;1;1;437.4;403.2;477.6;535.2;1;720
2543705;SE;;;1;1;1;1;444.1;414.2;472.6;405.3;1;580
2776114;CE;2;1;1;1;1;1;376;394.4;431.5;438.4;4;0
2174508;MG;;;0;0;0;0;;;;;;
461117;AM;;;0;0;0;0;;;;;;
1847314;MA;;;1;1;1;1;521.8;371;491.3;390.6;1;640
2184607;RN;;;1;1;1;1;465.3;496.7;533.3;465.7;1;600
2219762;SP;;;1;1;1;1;517;414.1;398.9;375.5;1;600
2832511;MG;4;1;1;1;1;1;416.8;469.3;533;445.4;1;680
949312;PA;;;1;1;1;1;435.9;463.7;489.6;395.6;4;0
2855024;SP;2;1;1;1;1;1;406.7;553;542.2;402.8;1;800
342830;CE;;;1;1;1;1;531.7;589;550.7;506.4;1;600
2121953;MG;;;0;0;0;0;;;;;;
3590626;CE;;;0;0;0;0;;;;;;
467621;RJ;;;1;1;1;1;619.3;659.1;625.5;682.3;1;820
2143377;MT;;;1;1;1;1;431.2;526.7;551.5;433.5;1;640
1582332;SP;4;1;1;1;1;1;557;641.8;594.4;674.6;1;860
2109273;CE;;;1;1;1;1;419.5;450.5;424.4;424.2;1;700
1191787;RJ;;;0;0;0;0;;;;;;
1503359;PA;;;0;0;0;0;;;;;;
648055;SP;;;0;0;0;0;;;;;;
3608413;GO;;;1;1;1;1;448;336.1;506.2;449.4;1;520
505559;CE;1;1;1;1;1;1;595;546.3;547.6;613.2;1;780
3334164;SE;2;1;1;1;1;1;440.8;415.2;454.8;401.4;6;0
1853237;SP;4;1;1;1;1;1;549.3;581;557.1;662.1;1;920
3686772;RN;;;1;1;1;1;482.8;563.4;532.4;419.7;1;760
1646150;MG;2;1;1;1;1;1;387.7;424.4;494.6;430.4;1;600
1845157;PA;2;2;1;1;1;1;422.7;409.8;529.3;535.1;1;680
2060034;BA;2;1;1;1;1;1;446.6;537.5;495.6;382;1;520
1762778;SP;;;1;1;1;1;557.1;547.8;587.3;610.9;1;800
718885;PB;;;1;1;1;1;603.4;545.2;552.1;707.6;1;820
889560;SP;;;0;0;0;0;;;;;;
1597512;BA;2;1;1;1;1;1;453.4;568.8;569.7;521.7;1;880
3055527;PB;;;0;0;0;0;;;;;;
584343;AL;;;1;1;1;1;422.6;450.5;515.5;431.4;1;760
3414772;RJ;2;1;0;0;0;0;;;;;;
4201575;SE;;;0;0;0;0;;;;;;
1273718;SC;;;0;0;0;0;;;;;;
2281601;CE;;;0;0;0;0;;;;;;
46266;SP;;;1;1;1;1;405.5;572.7;532.4;409.4;1;540
2496935;SP;;;1;1;1;1;360.4;412.8;510;441.4;8;0
505555;MA;2;2;1;1;1;1;445.9;407.5;516;376.5;1;580
4119575;RR;;;1;1;1;1;470.2;403.3;528;471.6;1;400
505014;SP;;;1;1;1;1;496.8;507.2;475.1;500.9;1;680
1761135;MG;;;1;1;1;1;504.4;571.4;628.8;686.2;1;900
4178369;RS;;;1;1;1;1;557.8;606.5;608.1;553.7;1;480
852746;PE;;;1;1;1;1;448.7;547.9;564.3;518.4;1;660
3037772;BA;;;1;1;1;1;526.9;564.6;545.3;507.4;1;520
3006504;BA;2;1;0;1;1;0;;464.6;470.3;;1;740
57788;RJ;4;1;1;1;1;1;579.8;543.8;521.6;508.3;1;720
3848133;BA;;;1;1;1;1;629.5;621.3;604.2;717.8;1;860
2858694;PA;;;1;1;1;1;408.6;356.5;457.1;392.4;1;520
4124594;AM;2;2;0;0;0;0;;;;;;
3598592;MG;;;1;1;1;1;453.4;514.2;504.3;448.8;1;500
3095013;SC;;;1;1;1;1;651.2;659.4;664.6;827.8;1;780
3146412;SP;4;1;1;1;1;1;667.8;579.8;608.1;682;1;920
657934;RJ;;;1;1;1;1;431.9;523.6;525;574.5;1;700
315315;BA;2;1;1;1;1;1;510.7;441.1;499.3;481.3;1;540
570807;MG;;;0;0;0;0;;;;;;
1741330;MG;;;1;1;1;1;420.1;523.5;547.7;553.3;1;720
15918;MG;2;1;1;1;1;1;465;573.1;547.8;613.7;1;760
466329;MA;2;1;0;0;0;0;;;;;;
1264643;RJ;;;1;1;1;1;405.9;461.3;502.2;394.4;1;720
3718679;SE;;;0;0;0;0;;;;;;
2042934;SP;;;0;0;0;0;;;;;;
101110;TO;;;1;1;1;1;398.2;574.6;566.6;403;1;640
967720;PA;2;1;1;1;1;1;563.6;518.7;544;549.1;1;780
1499230;MG;2;1;1;1;1;1;365.8;445.2;422.8;387.7;1;460
2391680;SP;;;1;1;1;1;491.5;339.2;421.6;551;1;520
2339599;SC;4;1;1;1;1;1;487.4;433.6;417;460.5;1;660
3661755;SC;2;1;1;1;1;1;436.6;454.5;542.5;512.6;1;700
2434434;ES;2;2;1;1;1;1;419.7;423.1;461.2;423.3;1;660
2263418;ES;;;1;1;1;1;538.5;541.3;518.3;606.2;1;760
965523;RS;;;1;1;1;1;643.4;678;657;844.4;1;860
3543402;GO;2;1;1;1;1;1;514.1;602.9;558.3;677.6;1;800
2377071;PE;;;0;0;0;0;;;;;;
4147566;PI;2;1;0;0;0;0;;;;;;
3988082;BA;;;0;0;0;0;;;;;;
1630775;SP;;;1;1;1;1;397.7;352.7;489;414.4;1;660
280844;SP;1;1;1;1;1;1;518.3;544.9;552.2;640.6;1;820
3406437;DF;;;1;1;1;1;427.8;355;398.3;518;6;0
516126;BA;;;0;0;0;0;;;;;;
2635711;RJ;;;1;1;1;1;542.8;491.2;526.2;625.1;1;560
1630603;CE;2;1;1;1;1;1;405.5;365.5;403.5;432;8;0
1623184;PA;;;0;0;0;0;;;;;;
2749961;CE;2;1;1;1;1;1;414.9;539.8;512.7;587.8;1;720
1622477;GO;;;0;0;0;0;;;;;;
3100877;PI;;;1;1;1;1;379.3;423.5;528.8;468.8;1;560
1443251;SP;;;1;1;1;1;570.9;619.3;571.1;734.3;1;920
2190550;MA;;;0;0;0;0;;;;;;
1040264;SP;;;1;1;1;1;537.1;639.8;581.1;627.5;1;840
2823709;MG;;;1;1;1;1;579.9;619;617.2;604.2;1;840
1954457;MG;2;1;1;1;1;1;488;396.6;460;478.5;1;460
2324485;PA;;;1;1;1;1;395.9;296.8;344.1;374.2;1;460
309198;RS;;;0;0;0;0;;;;;;
2453178;MG;;;1;1;1;1;473.6;573.6;596.3;394.1;1;620
2279008;PR;;;0;0;0;0;;;;;;
3048827;MT;;;0;0;0;0;;;;;;
1314793;MG;2;1;1;1;1;1;383.4;557.9;548.3;516.6;1;880
1487669;RS;;;1;1;1;1;558.5;553.6;551.4;688.1;1;840
1980212;RJ;;;1;1;1;1;399.1;503.9;416.8;412;1;400
4206408;RS;;;0;0;0;0;;;;;;
4117585;MG;;;0;0;0;0;;;;;;
2794104;PA;;;1;1;1;1;412.4;469.6;500;442.7;1;440
152392;SC;2;1;0;0;0;0;;;;;;
2958480;AM;;;1;1;1;1;460.3;449;447.5;440.4;1;440
3829876;BA;;;1;1;1;1;535.3;552.7;550.9;489.9;1;720
3319540;AL;;;1;1;1;1;508.7;531.1;555.7;514.8;1;500
2963324;RS;4;1;0;0;0;0;;;;;;
1550267;RJ;;;0;0;0;0;;;;;;
328943;RO;;;1;1;1;1;408.2;363.7;438.8;430.5;1;480
3373821;SP;;;1;1;1;1;580.6;548.2;568;584.2;1;460
3517283;ES;;;1;1;1;1;501.1;430.4;462.9;497.8;1;780
1032063;PE;;;1;1;1;1;381.2;407.9;431.8;487.1;1;400
318532;PR;2;1;0;1;1;0;;456.2;373.9;;1;560
854815;PE;;;0;0;0;0;;;;;;
1955383;PE;;;1;1;1;1;457.2;572.6;603.6;692.2;1;900
3927013;RO;2;1;0;0;0;0;;;;;;
3575447;PA;;;1;1;1;1;450.3;500.9;462.4;595.6;1;460
3172127;SP;;;1;1;1;1;488.2;518.4;554;561.5;1;860
2835318;BA;;;1;1;1;1;534.9;605.2;553.2;412.3;1;640
3120000;BA;2;2;0;0;0;0;;;;;;
1652567;MT;4;1;1;1;1;1;490.5;561.6;538.2;525;1;680
702813;PE;2;1;1;1;1;1;409.6;490.7;520;392.4;1;700
1701897;MG;;;0;0;0;0;;;;;;
3819400;RN;;;1;1;1;1;555.4;620.6;539.3;681;1;680
3747604;PR;;;1;1;1;1;556.7;559.6;616.4;611.3;1;660
2899140;PR;2;1;1;1;1;1;484.2;445.2;520.4;467.1;1;680
1662254;PA;2;2;1;1;1;1;377;458.2;461;380.2;1;500
3176047;PE;;;1;1;1;1;530;573.8;546.2;471.5;1;660
3743363;PE;;;1;1;1;1;465.1;433.8;518.7;650.4;1;860
2396876;PB;;;1;1;1;1;524.8;513.5;497.4;454.9;1;520
151524;PR;2;1;1;1;1;1;487.3;513;535.4;540.6;1;640
1354786;AL;2;1;1;1;1;1;380.9;395.7;367.2;517.4;1;340
3734480;PA;;;1;1;1;1;549.1;507;481.6;589.3;4;0
3280512;AP;;;1;1;1;1;574;590.6;594.9;515.7;1;560
3478104;BA;2;1;0;0;0;0;;;;;;
1997650;SP;;;1;0;0;1;567.9;;;508.4;;
3342824;PB;;;1;1;1;1;475.2;380.5;479.1;426.8;1;580
1570734;PA;;;1;1;1;1;433.4;513.7;526.3;501.5;1;740
3367041;RJ;2;1;0;0;0;0;;;;;;
1333426;RN;;;1;1;1;1;533;579.1;512.4;465.7;1;380
3394908;SP;4;1;1;1;1;1;623;470.4;579.6;684.5;1;680
1410123;MT;;;1;1;1;1;583.3;569.5;558.6;721.8;1;620
4114781;SP;;;1;1;1;1;550.4;506;536.6;612;1;480
1734604;MG;2;1;1;1;1;1;459.2;410.2;487.1;453.5;1;480
4049830;RS;2;1;0;1;1;0;;349.2;464;;1;460
2226667;AM;;;1;1;1;1;527.1;605.4;617.9;455.7;1;780
512145;CE;2;1;0;0;0;0;;;;;;
1617749;PB;;;1;1;1;1;561.8;605.4;567.7;492;1;620
1920834;MT;2;1;1;1;1;1;515.3;603.4;588;456;1;840
2683583;MG;;;1;1;1;1;451.3;556.5;515.7;383.5;1;600
471988;RJ;1;1;1;1;1;1;567;644.8;593.2;573.5;1;840
747219;SP;;;1;1;1;1;569.2;620.8;417.5;637.4;1;520
366470;BA;;;0;1;1;0;;440.7;497.7;;1;800
252075;MA;;;1;1;1;1;602.7;523.2;552.3;586.8;1;560
1469728;PR;;;1;1;1;1;562.5;637.5;564.7;596.6;1;720
96600;RR;2;1;1;1;1;1;394.1;513.5;556.9;565.5;1;780
4118652;SP;2;1;1;1;1;1;386.8;513.2;553.4;402.6;1;380
2508525;MA;;;0;0;0;0;;;;;;
1166404;PR;2;1;1;1;1;1;475;536;558.4;446.6;1;660
675282;SP;2;1;1;1;1;1;539.5;580.2;586.9;526.9;1;940
1945192;MA;;;1;1;1;1;545.8;592.7;621.1;699.9;1;920
328033;MG;2;1;1;1;1;1;422.3;333.3;470;401;1;520
3325682;MT;;;1;1;1;1;582;598.9;625.2;450.4;1;800
2839407;BA;2;1;1;1;1;1;452.5;481.1;384.8;513.1;6;0
3531960;PR;2;1;1;1;1;1;451.5;563.4;547.3;374.3;1;580
3867603;BA;;;0;0;0;0;;;;;;
3523776;SP;4;1;1;1;1;1;650.5;669.9;664.5;716.1;1;940
1043443;BA;;;1;1;1;1;352.9;475.1;524.3;471.8;1;840
2132876;SC;2;1;0;0;0;0;;;;;;
4224780;AM;2;1;0;0;0;0;;;;;;
742832;AM;2;1;1;1;1;1;498;490.1;502.8;429.4;1;560
3736196;MA;;;1;1;1;1;422.2;295.7;457;462.3;4;0
2374325;AM;2;1;1;1;1;1;509.3;591.1;536.4;494.2;1;740
669759;AM;;;0;0;0;0;;;;;;
2259427;RS;2;1;1;1;1;1;595.5;560.1;556.3;746.1;1;920
2497893;MG;4;1;1;1;1;1;616;656;630.8;719.2;1;880
4127918;CE;;;0;0;0;0;;;;;;
3096456;SC;;;1;1;1;1;535.8;575.1;570.3;609.9;1;620
2904810;SP;;;0;1;1;0;;393.9;491.3;;1;800
823139;PA;2;1;1;1;1;1;515.5;566.4;540.8;462.8;1;640
1973379;AM;;;1;1;1;1;412.3;467.5;497.8;428.1;1;440
2029828;DF;;;1;1;1;1;595.1;542.4;550.8;672.4;1;680
3168971;PB;;;1;1;1;1;394;479;564.3;452.9;1;600
2447111;MA;2;1;0;1;1;0;;476;430.1;;4;0
2048669;SP;2;1;1;1;1;1;573.6;672.1;618.2;717.1;1;700
3076362;SP;;;0;0;0;0;;;;;;
590760;MG;2;1;0;1;1;0;;490;489.4;;1;680
4066013;SP;;;1;1;1;1;550.4;412.5;560;560.4;1;480
1119501;GO;2;1;1;1;1;1;429.6;443.6;480.9;392.9;1;660
3299009;MA;;;0;0;0;0;;;;;;
133938;CE;;;1;1;1;1;652.4;705.4;643.8;828.6;1;940
181875;BA;;;1;1;1;1;465.7;558.4;535.3;498.9;1;900
1168578;DF;;;1;1;1;1;456.4;466;516;449.1;1;860
694894;MA;;;1;1;1;1;400.5;457.6;563;579.5;1;720
2406426;PA;;;1;1;1;1;603.6;609.4;584.6;730.8;1;940
137666;SE;2;1;1;1;1;1;460.2;469.3;348.2;532.7;1;420
3557380;BA;;;1;1;1;1;586.7;707.7;636.9;728.6;1;960
895753;RN;;;1;1;1;1;573.5;646.2;604;664.6;1;920
1720140;CE;2;1;1;1;1;1;483.2;495.6;551.7;417.7;1;640
3523789;BA;;;1;1;1;1;432.6;431;506;376.7;1;540
1570712;ES;;;1;1;1;1;436.9;527.4;548.6;497.5;1;660
3452361;PA;2;1;1;1;1;1;401.5;403.7;299.2;417.5;1;540
346872;SP;;;1;1;1;1;397.3;413.2;489.2;438;1;420
3248013;SP;2;1;0;0;0;0;;;;;;
265986;AM;;;0;0;0;0;;;;;;
3739361;RN;;;0;0;0;0;;;;;;
2525214;BA;2;2;1;1;1;1;378.8;432.3;440.9;457.8;1;460
822434;PR;2;1;1;1;1;1;450.5;494.8;505.8;468.2;1;720
3004171;SP;;;1;1;1;1;672;713.4;673.1;742.8;1;920
2448838;PI;2;1;1;1;1;1;387.4;432.8;346.1;559.6;3;0
2168469;SP;;;1;1;1;1;458.2;472.2;551;399.8;1;580
3908844;MA;;;0;0;0;0;;;;;;
2641809;SP;3;1;0;0;0;0;;;;;;
1880468;SP;;;1;1;1;1;526.5;651.7;587.8;736;1;900
851125;SP;2;1;1;1;1;1;598.9;608.1;645.1;656.3;1;940
2574338;RS;4;1;1;1;1;1;419.8;435.5;506;487.7;1;720
3946676;MT;;;0;0;0;0;;;;;;
2087049;AC;2;1;1;1;1;1;392.6;473.7;530.8;488.3;1;540
1790238;RJ;4;1;1;1;1;1;566.7;615.8;625.6;698.5;1;780
1845694;BA;;;1;1;1;1;406.9;345.6;408.3;458.7;1;280
2566090;CE;4;1;1;1;1;1;580.8;590.8;564.2;610;1;820
1873153;AM;;;0;0;0;0;;;;;;
2178794;ES;2;1;1;1;1;1;468.5;340.5;466.8;473.3;1;460
1304489;SP;;;1;1;1;1;483.1;545.2;555.2;385.1;1;860
3863887;MG;2;1;1;1;1;1;420.8;512.5;539.1;401.9;1;500
2783945;SE;2;1;1;1;1;1;403.2;471;351.4;510.2;1;440
3073637;PA;2;1;0;0;0;0;;;;;;
742317;SE;;;1;1;1;1;420.1;433.7;514.5;486.3;1;760
2425522;PB;1;1;1;1;1;1;667.4;655.3;693.9;845.4;1;820
2868893;RS;;;1;1;1;1;508.1;557.8;511.5;481.4;1;920
424219;MG;2;1;1;1;1;1;556.6;650.9;621.7;645.2;1;960
3552831;SP;2;1;0;0;0;0;;;;;;
2915913;SP;;;1;1;1;1;575.9;523.9;529.7;458.4;1;800
4210319;RS;;;1;1;1;1;599.1;494.5;556.5;621;1;660
2519509;PE;;;1;1;1;1;493;391.3;528.6;557.2;1;620
3569697;SP;2;1;1;1;1;1;566.6;525;557.3;593.2;1;600
2512966;PE;2;1;1;1;1;1;383.5;488.7;497.8;581.1;1;540
1386008;MG;;;1;1;1;1;544.4;554.5;579.7;658;1;840
4106866;RJ;;;0;0;0;0;;;;;;
303468;BA;;;1;1;1;1;511.7;446.6;509.6;400.4;1;640
2577888;AM;2;1;1;1;1;1;425.5;482;552.4;402.5;1;640
1043977;RJ;;;0;0;0;0;;;;;;
1089262;TO;;;1;1;1;1;499;514.9;536.6;379.9;1;600
4295936;PA;;;0;0;0;0;;;;;;
2298045;BA;;;0;0;0;0;;;;;;
1140213;BA;;;0;1;1;0;;334.1;471.2;;1;620
3499494;SP;2;1;1;1;1;1;394.2;483.6;438;377.4;1;480
3028582;AM;;;0;0;0;0;;;;;;
3909706;RJ;2;1;0;0;0;0;;;;;;
2235636;MA;2;1;1;1;1;1;389.7;433.4;500.3;429.9;1;680
4308331;RN;;;1;1;1;1;368.9;381.7;456.8;404.9;1;660
4062222;MA;;;1;1;1;1;458.8;507.7;459.3;497.1;1;620
2888049;SC;2;1;1;1;1;1;454.8;486.8;505.3;461.4;1;580
3219149;SE;;;1;1;1;1;525.4;491;493.3;728.3;1;600
2037247;CE;;;1;1;1;1;710.1;644.3;631.3;764.9;1;780
258501;SP;;;1;1;1;1;436.7;445.3;465.3;554.8;1;480
2597023;BA;;;0;0;0;0;;;;;;
3296555;AC;;;1;1;1;1;530.9;533.1;548.8;607.8;1;880
3935855;PI;;;1;1;1;1;509.5;350.5;406.3;446.2;1;600
1173835;SP;4;1;1;1;1;1;569.1;603.3;560.8;613.7;1;880
439679;CE;;;1;1;1;1;491.2;515.2;579.5;506.8;1;580
818581;SP;2;1;1;1;1;1;432.2;369.7;540.9;581.2;1;560
208713;BA;;;1;1;1;1;673;652.3;617.8;795.4;1;960
119339;RS;;;1;1;1;1;518.4;495.4;579.8;451.3;1;660
4013282;PA;2;1;1;1;1;1;465.1;491.8;451.2;609.2;1;540
1804896;RJ;4;1;1;1;1;1;597.3;692.6;614.1;680.6;1;880
4230407;RS;;;1;1;1;1;579.7;649.2;636;485.3;1;560
1225833;BA;;;1;1;1;1;590.6;637.4;559.4;727.5;1;940
4228553;PB;;;1;1;1;1;475.3;344.9;479.5;441.5;1;460
2770122;SP;;;0;0;0;0;;;;;;
4248534;SP;3;1;1;1;1;1;407.2;466.4;473.1;411.2;1;520
3024700;RJ;;;1;1;1;1;472.4;436.7;378.6;404.2;1;700
1871629;PE;2;2;1;1;1;1;471.6;498.2;500.6;441.8;1;540
1166482;MG;;;0;0;0;0;;;;;;
532104;RR;;;1;1;1;1;382.7;456;458.1;434.1;1;660
1728311;MS;4;1;1;1;1;1;624.1;613.1;613.5;786.5;1;880
3158671;SP;2;1;1;1;1;1;508.4;521.5;527;585.3;1;520
2775901;PE;2;2;0;0;0;0;;;;;;
2862033;BA;;;0;0;0;0;;;;;;
1555736;CE;2;1;1;1;1;1;405.8;415.3;339.8;383.8;1;620
3798336;PB;;;1;1;1;1;523.8;289.3;511.7;627.9;1;700
1573057;AL;2;1;0;0;0;0;;;;;;
3086631;SP;;;1;1;1;1;561.1;578.7;633.9;573.9;1;720
546571;CE;;;0;0;0;0;;;;;;
3915262;MA;;;1;1;1;1;430.2;526.6;536.3;464;1;600
3068338;MG;2;1;1;1;1;1;459;511.5;503.6;545.6;1;520
364790;PB;;;1;1;1;1;406.8;389.9;457.1;472.2;1;640
4096467;SP;;;1;1;1;1;487.2;565.3;567.4;575.3;1;600
2307125;RJ;2;1;0;0;0;0;;;;;;
2693031;SP;;;0;0;0;0;;;;;;
4296015;SP;2;1;1;1;1;1;497.9;533.9;571;599.3;1;620
2125310;CE;2;1;0;0;0;0;;;;;;
525233;MS;;;1;1;1;1;524.2;517;528.2;580.4;1;720
544702;CE;2;1;1;1;1;1;409.1;405.9;445;441.9;1;420
384506;PE;2;1;1;1;1;1;564.9;517.9;544;629.1;1;860
2508121;GO;4;1;1;1;1;1;659.3;571.8;556.4;534.6;1;840
2459543;SP;;;0;0;0;0;;;;;;
2108325;DF;2;1;1;1;1;1;557.8;462.6;551.8;486.5;1;760
2102808;BA;;;1;1;1;1;375.3;397.2;368.8;429.5;1;520
1434730;DF;;;1;1;1;1;563.4;671.5;626.8;730.7;1;720
2219849;ES;;;0;1;1;0;;538.6;550.9;;1;420
2494674;SP;2;1;0;0;0;0;;;;;;
3864828;SP;;;1;1;1;1;434.4;389.5;463.3;523.3;6;0
732870;MA;;;1;1;1;1;473.6;438.9;468.3;565.5;1;800
1572186;GO;2;1;0;0;0;0;;;;;;
2251596;GO;1;1;1;1;1;1;514.4;452.9;557.8;449.5;1;460
3190582;RS;;;1;1;1;1;400.5;445.5;516.3;383.5;1;560
742936;SP;2;1;1;1;1;1;477.2;535.4;518.8;495.4;1;680
1210724;MA;;;1;1;1;1;515.8;392.9;502.5;469.4;1;620
780606;SC;;;1;1;1;1;609.8;577.7;600.3;661.8;1;900
4100978;RS;;;0;0;0;0;;;;;;
3837682;PB;1;1;1;1;1;1;429.5;478.5;453.6;530.2;1;640
4197954;BA;;;1;1;1;1;408;422.4;443.6;432.9;1;560
3901;CE;;;0;0;0;0;;;;;;
2617457;RJ;4;1;1;1;1;1;539.8;558.5;581.4;708.1;1;700
2929215;SE;;;0;0;0;0;;;;;;
1185368;BA;;;1;1;1;1;546;505.4;569.3;536.2;1;700
3517762;CE;;;1;1;1;1;509.7;578.7;548.2;634.1;1;640
3627643;PA;2;1;1;1;1;1;369.2;436.8;390.8;388.8;1;740
4053710;BA;;;1;1;1;1;454.3;426.7;479;405.7;1;480
1723679;SP;;;1;1;1;1;560.3;583.9;582.2;702.5;1;840
976597;PI;;;1;1;1;1;567.8;562.1;573.3;624.3;1;440
2548249;RJ;4;1;1;1;1;1;539.9;568.6;594;568.8;1;840
3994297;RS;;;1;1;1;1;454.6;495.5;484;392.9;1;700
323150;PA;2;1;1;1;1;1;422.2;585.2;598.9;548.6;1;780
238052;GO;2;1;1;1;1;1;445.3;502.3;556.4;501.5;1;680
2334687;BA;;;1;1;1;1;541.7;437.8;589.1;422.5;1;700
199517;BA;2;1;0;0;0;0;;;;;;
138174;SP;2;1;1;1;1;1;508.4;493.8;525.4;526.6;1;620
3754764;GO;;;1;1;1;1;425.5;602.8;572;416.5;1;660
3415883;SP;2;1;0;0;0;0;;;;;;
3174868;RJ;4;1;1;1;1;1;540.2;520;552;697.4;1;800
3710272;MG;;;1;1;1;1;393.3;480.8;496.5;453;1;520
4061635;PI;;;0;0;0;0;;;;;;
4116882;DF;2;1;1;1;1;1;563.4;531.4;572.7;610.2;1;600
735031;PI;;;1;1;1;1;572.3;511.9;565.1;565.9;1;920
2612893;SP;2;1;1;1;1;1;532.4;530.6;529.8;605.9;1;660
2977744;SP;;;0;0;0;0;;;;;;
1596377;PE;2;1;1;1;1;1;478.4;483.3;510.9;529.1;4;0
3787992;MS;;;1;1;1;1;459.4;539.4;572.8;463.2;1;620
878955;PB;;;0;1;1;0;;399.8;318.3;;1;360
1618277;DF;2;1;1;1;1;1;506;534.6;535.2;493.2;1;420
214317;AM;2;1;1;1;1;1;432.6;517.3;569;458;1;740
1257275;AP;;;1;1;1;1;429;433.9;460;408.2;1;520
1936479;MG;;;1;1;1;1;465.7;388.9;464;409.6;1;440
4323352;RS;;;0;0;0;0;;;;;;
172282;AM;2;1;0;1;1;0;;436.1;433.4;;1;360
1609420;CE;;;1;1;1;1;369.8;527.9;526.3;392.7;1;800
464523;RS;;;1;1;1;1;412.2;466.4;428.2;412.2;1;600
1439675;PI;2;1;1;1;1;1;468.6;478.3;478.2;399.6;1;500
390550;MG;4;1;1;1;1;1;540.1;596.8;549.7;696.5;1;720
3879891;GO;;;0;0;0;0;;;;;;
3394047;AC;;;1;1;1;1;451.8;441.2;417.8;425.8;1;380
516372;BA;2;1;1;1;1;1;396.5;621.4;531.6;619.1;1;920
3456166;PR;;;1;1;1;1;545;553.5;525.3;604.2;1;820
3546863;GO;1;1;1;1;1;1;555.2;545.5;560.9;609.5;1;760
2190577;PR;;;1;1;1;1;516.1;566.8;520.6;522.7;1;920
757160;AM;;;1;1;1;1;386.8;381.5;512.8;484.9;1;500
3842839;SC;;;0;1;1;0;;303.9;368.9;;1;340
1833781;PA;;;1;1;1;1;488.1;487.7;563.7;401.2;1;740
3674673;PR;;;0;0;0;0;;;;;;
996137;MT;2;1;0;0;0;0;;;;;;
2413358;RJ;;;1;1;1;1;586.5;496.4;548.3;691.3;1;840
2960926;RJ;2;1;0;0;0;0;;;;;;
1590120;MG;;;1;1;1;1;630.3;603.7;578.2;718.7;1;920
4094628;PI;;;0;0;0;0;;;;;;
3452053;SP;;;1;1;1;1;569.9;500;519.9;424.2;1;520
3682633;AM;;;0;0;0;0;;;;;;
4034026;RJ;;;1;1;1;1;448.2;443.8;470;462;1;480
645969;SP;4;1;1;1;1;1;625.1;580.8;633.3;624.3;1;740
1040037;SE;;;1;1;1;1;459.2;368.5;383.4;424.6;1;520
709855;PI;;;1;1;1;1;433.1;385.4;465.2;476.1;1;480
2122037;AL;4;1;1;1;1;1;579.5;565.3;616;704.4;1;940
1462792;MG;;;1;1;1;1;638.8;718.8;762.5;799.7;1;840
2706068;MG;;;1;1;1;1;410.6;502.8;490.4;448.9;1;620
1152774;PE;;;1;1;1;1;676.8;724.5;683.7;796.8;1;780
2009159;MG;2;1;1;1;1;1;507.5;463.5;528.5;411;1;680
2582182;RJ;2;1;0;0;0;0;;;;;;
2510553;MG;;;1;1;1;1;480.7;510.1;522.9;376.1;1;460
83629;SP;;;1;1;1;1;430.9;360.1;453.4;428.2;4;0
3979891;SE;;;1;1;1;1;394.8;331.8;341.4;434.8;1;720
2288082;GO;2;1;1;1;1;1;481.7;319.2;433.2;437.7;1;480
454247;RJ;;;1;1;1;1;443;555.6;543.2;458.3;1;840
1777018;PE;1;1;1;1;1;1;610;567.7;570.5;665.4;1;780
4037988;AL;;;1;1;1;1;594.3;585.7;605.6;692.5;1;900
3174452;PA;2;1;1;1;1;1;462.5;397.1;458.2;382;1;580
4219142;PE;;;1;1;1;1;408.6;460;497.3;398.1;1;400
534390;DF;2;1;1;1;1;1;539.8;553.9;568.2;663.5;4;0
2531769;MA;;;1;1;1;1;513.8;294.2;366.2;514.4;1;880
2882394;PA;;;0;0;0;0;;;;;;
2486708;GO;;;0;0;0;0;;;;;;
3611427;SC;2;2;0;0;0;0;;;;;;
4021655;RS;;;1;1;1;1;592.5;527.9;562.8;464.6;1;920
2209227;RS;;;0;0;0;0;;;;;;
568344;PB;2;1;1;1;1;1;459.1;431.9;441.2;404.1;1;600
2815234;MG;;;1;1;1;1;557;520.5;535.3;512.9;1;660
2941992;RS;;;1;1;1;1;488;401.5;549.5;662.3;1;600
4221868;RS;;;0;0;0;0;;;;;;
2367842;RJ;;;0;0;0;0;;;;;;
2320446;SP;;;1;1;1;1;611.5;580.8;589.7;690.9;1;880
1762105;CE;;;1;1;1;1;707.7;706.3;644.7;846.6;1;920
1096247;AM;2;1;1;1;1;1;488.1;456.4;461.6;483.2;3;0
2343410;RS;;;0;1;1;0;;556.5;559.2;;1;680
3936230;MG;;;1;1;1;1;513;583.2;585.8;488;1;440
198294;BA;2;1;0;1;1;0;;436.6;566;;1;600
3475291;SP;;;0;0;0;0;;;;;;
2607975;SP;4;1;1;1;1;1;635.5;502.9;624.5;585.2;1;780
1387841;RJ;;;0;2;2;0;;;;;;
1778338;SP;;;0;1;1;0;;535.4;548.2;;1;680
1199375;SP;4;1;1;1;1;1;537.4;607.6;599.2;678.8;1;720
4169542;AM;;;1;1;1;1;549.5;589.1;540.9;387.8;1;620
2691782;RN;;;1;1;1;1;464.2;547.2;527.5;624.4;1;720
1478164;SP;4;1;1;1;1;1;618.6;519.5;582.1;539.2;1;580
233975;CE;2;1;1;1;1;1;373.8;330.9;388.2;457.6;1;320
2079795;MG;4;1;1;1;1;1;487.2;548;573.9;706.5;1;820
1976694;PI;;;1;1;1;1;401.3;449.2;430.9;377.6;1;700
2294698;SP;;;1;1;1;1;553;628.7;548.6;581.8;1;720
1763864;SP;4;1;1;1;1;1;575.6;522.3;551.1;690.8;1;900
3388946;SC;2;1;1;1;1;1;396.3;464;439.6;399.1;1;440
563252;PR;2;1;0;0;0;0;;;;;;
4314913;RS;;;1;1;1;1;429.4;553.8;566.5;424.2;1;560
1253764;CE;2;1;1;1;1;1;376.5;379;403.5;442.3;4;0
3143844;PR;;;1;1;1;1;499.4;416.3;523.6;468.3;1;560
3385346;SP;4;1;0;0;0;0;;;;;;
390141;RS;;;1;1;1;1;526.8;584.6;611.2;577.9;1;860
4028184;RS;;;0;0;0;0;;;;;;
3428710;DF;2;1;0;1;1;0;;505;480.3;;4;0
1192202;PE;;;1;1;1;1;480.1;511.9;545.4;519.7;1;700
2592769;SC;4;1;1;1;1;1;606.4;614;581.7;730.1;1;900
1714940;CE;2;1;1;1;1;1;587.9;405.2;532.3;571.4;1;780
628264;SP;;;1;1;1;1;586.6;614.9;587.7;589.7;1;480
637055;GO;4;1;1;1;1;1;434;537.1;494.8;535.4;1;620
176305;RJ;;;1;1;1;1;539;583.3;579.8;558.7;1;700
1943044;PB;2;2;0;0;0;0;;;;;;
3363199;AP;2;1;1;1;1;1;401.6;397;390.8;418.9;1;360
3932714;BA;;;0;0;0;0;;;;;;
4297858;BA;;;0;0;0;0;;;;;;
4258924;AM;2;2;0;0;0;0;;;;;;
3100857;SC;4;1;1;1;1;1;609.3;609.9;620;685.1;1;880
1755549;SE;;;1;1;1;1;355.7;424.5;422.8;388.1;1;480
2004505;MG;;;1;1;1;1;460.5;443;465;459;1;440
3833288;PI;;;0;0;0;0;;;;;;
2593614;AM;1;1;1;1;1;1;523.9;542.4;565.3;611.4;1;680
2108499;RS;;;0;0;0;0;;;;;;
3665638;SP;;;1;1;1;1;576;675.1;648.9;658;1;780
3320855;BA;;;0;0;0;0;;;;;;
3797730;BA;2;1;1;1;1;1;491.3;395.7;534.1;450.4;1;380
3353434;SP;;;0;0;0;0;;;;;;
3915587;TO;;;0;0;0;0;;;;;;
3969286;AL;;;1;1;1;1;422.5;552.9;553.9;599.6;1;660
3025109;SP;4;1;1;1;1;1;543.8;434.2;515.7;609;1;540
3496635;PA;2;1;1;1;1;1;423;348.1;490.6;437.7;1;800
506335;BA;;;1;1;1;1;574.1;548.8;572.5;557;1;660
475950;PB;;;1;1;1;1;448.1;451.6;470.2;468.2;1;600
4182558;MG;;;1;1;1;1;381.8;546.9;574.5;569;1;700
555029;MA;2;1;1;1;1;1;402.1;521.6;550.5;390;1;820
2450204;RJ;;;1;1;1;1;501.1;601.7;582.5;513.6;1;540
1336503;PI;;;1;1;1;1;484.9;523.9;561.1;746;1;940
3951528;SC;;;1;1;1;1;540.2;444.6;534.8;390.3;1;460
3805821;SP;;;0;0;0;0;;;;;;
3539684;GO;;;1;1;1;1;371.6;375.6;385.2;384;1;540
3305889;ES;;;0;0;0;0;;;;;;
1439203;RS;;;0;1;1;0;;406.9;426.8;;6;0
2619926;AL;4;1;1;1;1;1;497.8;474.4;534;577.5;1;860
3689239;PA;;;1;1;1;1;425.8;544.3;557.1;440.3;1;760
1603927;AM;2;1;1;1;1;1;406.6;380.7;381.5;432.4;1;560
2863665;BA;;;1;1;1;1;382.5;495.7;499.6;392.7;1;400
2125196;GO;4;1;1;1;1;1;592.6;600.5;587.3;460;1;520
1876680;SP;;;1;1;1;1;481.7;527;537.6;654;1;780
469379;MG;;;1;1;1;1;498.6;575.3;647.9;450.8;1;820
3752355;RN;;;0;0;0;0;;;;;;
1237814;ES;2;2;1;1;1;1;468.5;460.6;478.9;444.6;1;760
2165098;MA;;;1;1;1;1;376.7;566.7;530;410.3;1;720
4180612;CE;2;1;0;0;0;0;;;;;;
3679259;BA;;;1;1;1;1;470.7;581.9;579.2;548.6;1;780
3419908;DF;;;1;1;1;1;480.7;576.8;580.7;421.7;1;600
2794340;SP;2;1;0;0;0;0;;;;;;
3127450;PI;;;1;1;1;1;348.3;341.1;313.8;515.5;1;360
656513;RJ;2;1;0;1;1;0;;483.8;512.3;;1;580
3219566;PR;;;1;1;1;1;424.3;486.6;492.2;455.3;1;720
3269783;PR;2;1;1;1;1;1;512.4;599.1;540.5;707.8;1;560
2397914;PE;;;0;0;0;0;;;;;;
4143908;RS;;;0;0;0;0;;;;;;
53492;MG;;;0;0;0;0;;;;;;
3734145;MG;;;0;0;0;0;;;;;;
2122792;GO;;;1;1;1;1;398.8;518.8;547.3;422.2;1;640
3892941;MG;;;0;0;0;0;;;;;;
1710458;BA;;;1;1;1;1;530.4;512;553.5;496.5;1;620
4218598;CE;;;0;0;0;0;;;;;;
3741771;PA;;;0;0;0;0;;;;;;
185302;CE;2;1;1;1;1;1;623.9;581.3;631.2;643.5;1;800
699519;SE;4;1;1;1;1;1;496.5;495.9;574.5;501.2;1;700
2091414;PI;2;1;1;1;1;1;533.2;589.5;580.6;689;1;860
70366;CE;2;1;1;1;1;1;483.2;349.6;507.6;424.3;1;460
1610028;MG;2;1;1;1;1;1;500.8;530.7;593.6;664.3;1;860
334541;RJ;2;1;1;1;1;1;605.3;545.1;540;544.1;1;880
208761;CE;2;1;1;1;1;1;415.6;570;397.5;652.1;1;460
2784786;MG;2;1;1;1;1;1;439.2;422.5;482.9;464.3;1;600
870191;RS;;;0;0;0;0;;;;;;
869409;MA;;;1;1;1;1;517.5;609.7;538.4;636.9;1;760
740971;RS;;;0;0;0;0;;;;;;
750046;SP;;;1;1;1;1;446.7;358.8;403.4;468.8;1;500
1476188;CE;;;0;0;0;0;;;;;;
3423707;PE;2;1;1;1;1;1;492.8;411.8;477.6;462.4;1;520
884888;ES;;;1;1;1;1;546.3;530.7;542.1;562.5;1;740
424357;RJ;2;1;1;1;1;1;415.4;482.4;528.6;497.9;1;740
1036254;MG;;;1;1;1;1;444.6;524.9;469.3;396.4;1;520
2394541;CE;;;1;1;1;1;586.3;601.1;602.8;739.4;1;880
3369040;AL;;;1;1;1;1;372.1;421.5;405.3;485.8;1;640
2997268;MG;;;1;1;1;1;558.8;541.5;556.8;663.2;1;820
2251613;SC;;;0;0;0;0;;;;;;
2281237;PE;2;1;1;1;1;1;419.6;462.9;514.3;422.1;1;680
886566;CE;;;1;1;1;1;484.4;462.4;505.6;481.4;1;640
357531;MG;;;1;1;1;1;429.3;399.3;445.5;475.5;1;580
3447364;SP;;;1;1;1;1;353.8;385.6;477.2;393.8;4;0
4071322;RS;;;0;1;1;0;;528.7;572.4;;1;820
1257074;CE;;;0;0;0;0;;;;;;
1725166;AL;;;0;0;0;0;;;;;;
3336989;MA;;;1;1;1;1;464.9;587.8;508.5;406.5;1;540
1839715;SP;;;1;1;1;1;523.3;525.8;550.3;564;1;860
1489107;RS;;;1;1;1;1;388.2;593.6;531.8;573;1;800
3696518;PA;;;1;1;1;1;408.7;368.4;377.4;411.4;3;0
2562685;RS;2;1;0;0;0;0;;;;;;
278202;BA;;;1;1;1;1;433.1;365.9;351.5;480.7;3;0
3450211;MG;;;1;1;1;1;478;575;569.9;416.8;1;680
1596031;PI;;;1;1;1;1;360;384.4;445.2;401.4;1;480
2789908;PI;2;2;0;0;0;0;;;;;;
588965;PR;;;0;0;0;0;;;;;;
3081044;CE;;;1;1;1;1;484.8;554.1;574.6;589.5;1;840
2864721;SP;2;1;0;0;0;0;;;;;;
3152873;RJ;;;0;0;0;0;;;;;;
2205206;RJ;;;1;1;1;1;400.9;362.1;546.9;391.6;1;800
3123929;RR;;;1;1;1;1;436.1;423.9;415.2;402.2;1;340
478270;RS;;;1;1;1;1;484.8;529;541.1;452.5;1;680
2925750;CE;;;1;1;1;1;432.6;396.5;486.9;421.5;1;480
3784790;SP;;;1;1;1;1;536.6;556.9;529.7;670.4;1;620
1307802;PA;2;1;1;1;1;1;496.6;495.8;534.6;510.6;1;580
1920389;SP;;;1;1;1;1;433.9;569.1;546.7;483.6;1;500
3235646;RS;2;1;1;1;1;1;483.8;542.3;571;617.9;1;920
3629361;MG;;;1;1;1;1;422.2;609.3;571.1;413.9;1;780
2638921;MG;;;0;1;1;0;;428.4;420;;1;460
542089;RN;;;0;0;0;0;;;;;;
2687047;MG;;;0;0;0;0;;;;;;
3132782;SP;;;1;1;1;1;489.5;480.5;522.3;387.7;4;0
3417159;RS;2;1;1;1;1;1;460.9;528;419.7;573.8;1;660
1597509;RS;2;1;0;1;1;0;;450.9;486.9;;1;300
1253750;RJ;;;1;1;1;1;466.2;559;560.5;556.7;1;640
3455814;MG;;;0;0;0;0;;;;;;
3171744;MG;;;0;1;1;0;;497.2;550.4;;4;0
2769190;GO;;;1;1;1;1;481.2;610;623.1;495.5;1;940
1780069;RS;;;1;1;1;1;559.7;540.7;564.1;500;1;620
2576378;BA;2;1;1;1;1;1;484.7;516.2;572.5;658.4;1;540
2056299;SP;4;1;1;1;1;1;581.3;606.3;553;660.7;1;700
4313767;SP;;;1;1;1;1;408.7;412.1;513.4;452.2;1;300
1344899;PI;2;1;1;1;1;1;520.8;577.3;634.2;633.9;1;820
851868;PE;4;1;1;1;1;1;450.9;472.4;489.2;574;1;840
2630729;MG;2;1;0;0;0;0;;;;;;
2873982;PE;4;1;1;1;1;1;556.2;554.1;572.9;650.2;1;820
2576891;RS;;;0;0;0;0;;;;;;
1928613;BA;;;0;1;1;0;;538.2;531.8;;1;600
2807532;BA;;;0;0;0;0;;;;;;
1010884;PA;;;1;1;1;1;506.1;454.2;522.9;460.9;1;640
590486;PB;1;1;1;1;1;1;422.6;554;563.9;633.7;1;960
978659;RS;;;1;1;1;1;535.8;595.5;598.4;561.3;1;640
3386522;PR;2;1;1;1;1;1;454.3;481.4;524.8;483.1;1;420
1210780;MG;1;2;1;1;1;1;592.4;597.3;611.7;755.1;1;920
1274072;RJ;2;1;1;1;1;1;492.8;511.5;518.8;413.5;1;900
2556137;PA;2;1;1;1;1;1;413.2;424.9;451.1;379.4;1;580
3305097;RS;;;1;1;1;1;408.3;359.3;515.8;524.5;1;560
326029;CE;;;1;1;1;1;528.4;608.1;660.5;523.4;1;700
2990493;PR;2;1;0;0;0;0;;;;;;
4304209;TO;;;1;1;1;1;511.4;625.6;604.9;669;1;840
2534121;RS;;;0;0;0;0;;;;;;
3324666;PI;;;0;0;0;0;;;;;;
413819;BA;;;1;1;1;1;483.6;583.4;509.6;529.1;1;440
4253782;PE;;;0;0;0;0;;;;;;
400423;MA;;;1;1;1;1;418.7;489.6;545;386.6;1;480
1150238;PI;;;1;1;1;1;627.2;655.3;606.4;796;1;780
2331880;SE;;;1;1;1;1;485.2;337.9;483.5;395.9;1;400
2904763;SE;2;1;1;1;1;1;355.2;328.1;374;404.6;1;520
3064057;SP;;;1;1;1;1;393.9;551.3;548.2;595.3;1;760
3538830;CE;;;1;1;1;1;394;528.6;489.2;597.4;1;920
2111311;SP;;;1;1;1;1;465.9;515;484.9;450;1;520
2173404;PE;;;1;1;1;1;491;475.3;535.6;518.7;1;500
4077536;BA;2;1;1;1;1;1;394.6;459.3;372.7;437.1;1;360
657927;MA;;;0;1;1;0;;371.4;521;;1;480
1427180;PE;;;1;1;1;1;508.8;531;580;521.9;1;920
392577;AM;;;1;1;1;1;384.5;376.8;493.1;403.7;1;740
3616880;GO;;;1;1;1;1;467.5;336.7;488.3;414.6;1;640
2663840;MA;2;1;1;1;1;1;407.7;387.1;330.7;399.4;6;0
403836;AC;;;1;1;1;1;508.4;545.9;540.5;454.3;1;660
2498400;RJ;;;1;1;1;1;580.1;699.4;631.7;711.1;1;900
3050906;BA;;;1;1;1;1;499.5;553.3;568.7;629.2;1;880
411209;BA;;;1;1;1;1;426.6;396.3;347.5;456;1;280
1500612;SP;2;1;1;1;1;1;497.2;532.4;538.1;431.8;1;600
667983;PR;2;1;1;1;1;1;462.8;486.4;464.2;383.4;1;440
3179710;MS;;;1;1;1;1;584.8;628.9;530.7;651.3;1;600
3295892;BA;;;0;0;0;0;;;;;;
81734;CE;2;1;1;1;1;1;370;465.3;465;374.7;1;600
3545741;PR;;;0;0;0;0;;;;;;
987866;PR;;;1;1;1;1;381.4;431.7;420.9;419.5;1;440
1581489;AL;;;1;1;1;1;527.8;515.6;538.6;505.1;1;700
4179810;DF;2;1;1;1;1;1;426.2;448.2;432;406.1;4;0
1907533;ES;;;1;1;1;1;512.1;570.5;589.6;645.4;1;680
647019;MG;2;1;1;1;1;1;555.7;563.1;555.9;413.5;1;760
1252137;BA;2;1;1;1;1;1;417.6;442.2;416.7;414.2;1;580
3889569;PR;;;0;0;0;0;;;;;;
1904112;MA;;;1;1;1;1;501.2;397.2;421.1;402.4;1;460
3000300;SP;;;1;1;1;1;534.3;527.5;553.9;578.7;1;820
1694077;PA;;;1;1;1;1;417.6;525.2;483.3;439.3;1;640
3348474;MS;4;1;1;1;1;1;593;518.4;584;642.1;1;780
3181026;SP;2;1;0;0;0;0;;;;;;
434975;RJ;;;1;1;1;1;498.8;461.8;472.7;470.5;1;560
2024690;RS;;;0;1;1;0;;474.4;581.2;;1;620
1788363;MG;;;1;1;1;1;401.9;421.3;382.1;442.4;6;0
4321720;RS;;;0;0;0;0;;;;;;
2968410;MG;;;1;1;1;1;400.1;434.4;428.2;395.2;1;420
3213622;MS;;;0;0;0;0;;;;;;
3272464;SP;;;0;0;0;0;;;;;;
1772565;MG;;;0;0;0;0;;;;;;
734878;PB;;;1;1;1;1;398.3;428.1;517.7;569.4;1;640
1347740;RN;;;1;1;1;1;434.2;411.4;538.9;491.1;1;860
589052;MG;2;1;1;1;1;1;472.7;433.2;557.3;426.4;1;680
2026081;SP;;;1;1;1;1;651;665.7;583.6;645.4;1;960
327666;PE;;;0;0;0;0;;;;;;
2033871;MA;;;1;1;1;1;451.7;429.3;473.9;374.5;1;640
3567577;RS;;;0;0;0;0;;;;;;
3023591;SP;2;1;0;0;0;0;;;;;;
2400287;PA;;;1;1;1;1;463.1;400.5;366.7;483.9;1;400
2918152;MG;;;1;1;1;1;559.1;484.7;485.9;472.7;1;600
3144833;PR;;;1;1;1;1;475.9;547;541.7;565.4;1;600
531334;MA;2;1;1;1;1;1;430.5;416.2;451.3;388.1;1;660
2907516;MG;4;1;1;1;1;1;416;526.6;507.5;384.3;1;840
3554782;BA;;;1;1;1;1;525.8;622.5;539.3;598.7;1;860
3483303;SP;4;1;1;1;1;1;634.6;636.9;599.4;706.9;1;600
2186936;SP;4;1;1;1;1;1;571.2;621.4;619.5;631.8;1;760
2535000;SP;4;1;1;1;1;1;597.1;543.4;567.4;588.4;1;820
3232065;BA;;;1;1;1;1;633;647.6;640.7;661.8;1;660
2942788;SP;4;1;1;1;1;1;574.2;557.7;524.4;405.9;1;620
1263919;PI;2;1;0;0;0;0;;;;;;
1731205;PA;2;1;1;1;1;1;380.3;454.4;519.8;505.7;1;620
3106274;MG;;;1;1;1;1;477.8;435.1;439.9;472.6;1;640
4247979;SP;;;0;0;0;0;;;;;;
2978853;CE;;;0;0;0;0;;;;;;
3015512;AM;;;0;0;0;0;;;;;;
3202445;PE;;;1;1;1;1;590.4;583.7;522.8;630.8;1;840
3024635;MG;;;1;1;1;1;428;464.6;493.2;458.9;1;540
3958276;ES;;;1;1;1;1;506;555.7;560;457.9;1;560
1233943;SC;;;1;1;1;1;403.4;612.6;573.5;483.1;1;840
2569663;RS;;;1;1;1;1;718.3;674.9;644.8;822.7;1;860
630599;PB;;;0;0;0;0;;;;;;
1489747;PA;;;1;1;1;1;451;383.1;419.1;381.6;6;0
949851;BA;;;0;0;0;0;;;;;;
2378694;MG;;;0;0;0;0;;;;;;
1630853;RS;;;0;1;1;0;;373.9;460.9;;1;360
3679730;BA;;;1;1;1;1;487.4;577.8;558.1;566.6;1;400
1440249;MA;2;1;1;1;1;1;394;426.6;447.9;429.5;1;520
4073462;PA;;;1;1;1;1;469.4;453.9;436.7;401.7;1;500
4271865;RJ;;;1;1;1;1;643.5;640.6;590.3;820.6;1;580
580316;RJ;;;1;1;1;1;683.6;705.9;615;743.9;1;860
2818004;PA;;;1;1;1;1;407.4;527.1;482.4;404.3;1;520
1741388;SE;2;1;1;1;1;1;481.9;436.4;373.7;449.2;1;300
1182792;PE;;;1;1;1;1;550.3;397.5;543;473.9;1;560
3634609;BA;2;1;0;0;0;0;;;;;;
2036515;CE;;;1;1;1;1;544.6;571.1;374.9;490.4;1;640
4154360;SP;;;0;1;1;0;;540.8;507.8;;1;520
1455335;MA;;;1;1;1;1;511.5;405.7;498.9;414.7;1;540
2475821;RJ;;;1;1;1;1;430.6;491.1;431.4;499.3;1;460
219957;AL;;;1;1;1;1;462.9;468.5;470.6;508.9;1;440
1364345;RS;4;1;1;1;1;1;624.2;653.1;636.5;714.6;1;900
1766961;BA;2;1;1;1;1;1;469.6;460.5;477.8;498.9;1;860
944757;SC;2;1;0;0;0;0;;;;;;
3494778;MG;;;1;1;1;1;468.2;374.4;426;422.4;1;640
2649516;SP;;;0;0;0;0;;;;;;
3233808;SC;2;1;0;0;0;0;;;;;;
2295088;SP;;;0;0;0;0;;;;;;
436027;ES;2;1;1;1;1;1;512.2;546.5;621.3;600.6;1;880
1272769;CE;;;1;1;1;1;598.7;594.8;522.1;642.2;1;760
1101944;RN;;;1;1;1;1;603.5;564.5;585.4;658.3;1;660
1451095;RS;2;2;1;1;1;1;481.4;414.2;400.6;461;1;620
212298;CE;;;1;1;1;1;611.9;587;600.5;663.1;1;800
473126;AL;;;0;0;0;0;;;;;;
1294115;SP;2;1;1;1;1;1;559.7;566.9;526.9;540.7;1;640
538497;RS;;;1;1;1;1;512.7;575;526.5;632;1;840
1579616;GO;2;1;1;1;1;1;507.5;500.9;531.1;426.4;1;540
3594109;PE;;;1;1;1;1;385.4;610;540.4;651.4;1;600
4019610;BA;;;0;0;0;0;;;;;;
107982;SE;;;2;1;1;2;;477;500.6;;1;640
3030802;RS;;;1;1;1;1;475;603.8;559.9;562.3;1;700
3235641;AP;;;1;1;1;1;465.3;545.7;570.1;436.4;1;780
2580275;PE;;;0;0;0;0;;;;;;
4295299;MG;;;1;1;1;1;504.4;526.3;559.5;395.7;1;640
3392914;SP;2;1;1;1;1;1;531.4;521;476.3;468;1;540
459454;PA;2;1;1;1;1;1;492.9;515.7;523.1;621;1;860
2417841;PE;;;0;1;1;0;;397.9;408.3;;1;520
2241121;DF;;;0;1;1;0;;331.7;473.6;;1;380
2163446;SP;1;1;1;1;1;1;499;547;552.5;731.6;1;760
242534;PR;2;1;1;1;1;1;398;533.1;592.9;602.1;1;540
4044816;SP;;;0;0;0;0;;;;;;
1797711;RN;;;1;1;1;1;401.9;465.2;484;548.4;1;700
1998499;TO;2;1;1;1;1;1;396.2;453.6;526.6;415.5;1;500
556222;PR;4;1;1;1;1;1;545.7;613.9;593.8;489.2;1;720
392814;PE;;;0;0;0;0;;;;;;
1924459;SC;2;1;1;1;1;1;477;527.1;567.2;569.3;1;560
3616060;GO;;;1;1;1;1;473.4;529.7;521.9;507.1;1;660
3733062;MT;;;1;1;1;1;535.6;507.1;540.7;424.7;1;300
1485841;PI;;;0;0;0;0;;;;;;
829402;DF;;;0;0;0;0;;;;;;
609035;MA;;;1;1;1;1;386.1;392.3;450.5;419.9;1;680
512912;BA;2;1;1;1;1;1;461.5;373.7;545.8;477.6;1;700
3241896;RJ;4;1;1;1;1;1;486;533.9;569.2;432.7;1;880
3213691;MG;;;0;0;0;0;;;;;;
1004362;BA;;;1;1;1;1;663.4;700.2;649.1;751.7;1;900
2483099;DF;;;1;1;1;1;395.7;482.4;508.1;402;1;480
2577699;GO;2;1;0;0;0;0;;;;;;
3545593;TO;;;1;1;1;1;450.8;421.7;492.6;413.5;1;680
3520150;RJ;;;1;1;1;1;580.2;644.3;611.4;703.3;1;840
429066;CE;2;1;1;1;1;1;508.7;528.1;514.7;428.8;1;520
2274568;MG;;;1;1;1;1;557.9;609.1;586.7;565.7;1;620
2896000;MG;;;1;1;1;1;504.5;548.6;600;653.3;1;840
1539052;PE;;;1;1;1;1;501.8;529;550.8;552;1;640
1292987;CE;2;1;0;0;0;0;;;;;;
1534495;AM;;;1;1;1;1;479.7;515.9;494.7;471.7;1;520
3402971;PR;;;0;1;1;0;;300.3;555.7;;1;620
523429;DF;2;1;1;1;1;1;423.1;500.3;468.2;404.8;1;640
2285220;PI;;;0;0;0;0;;;;;;
3759575;SP;4;1;1;1;1;1;497.5;474.2;503.3;411.1;1;560
931710;SP;;;1;1;1;1;528.9;495.9;539.4;424.1;1;580
1410826;RS;;;0;0;0;0;;;;;;
44379;SP;2;1;1;1;1;1;500.2;443;564.2;512.6;1;680
3938231;MS;;;0;0;0;0;;;;;;
3329349;SP;;;0;0;0;0;;;;;;
2028983;PE;;;0;1;1;0;;478.1;498.3;;1;460
3545851;PE;;;1;1;1;1;456.5;512.5;437.6;536;1;600
2009017;AL;;;1;1;1;1;476.6;571.7;569.7;693.7;1;940
3197510;MG;;;0;0;0;0;;;;;;
1629328;DF;4;1;1;1;1;1;642.7;691.5;602.9;684.3;1;880
228694;GO;;;0;0;0;0;;;;;;
3356258;ES;;;1;1;1;1;499.9;373;543.5;435;4;0
1807828;CE;;;1;1;1;1;624;679.8;626.7;782.8;1;960
4121661;BA;2;1;1;1;1;1;394.2;492.4;496.7;463.5;1;660
2829631;MG;;;1;1;1;1;577.9;632.4;623.5;677.8;1;700
3778458;MG;;;1;1;1;1;532;628.5;581.4;503.9;1;580
2372893;SP;2;1;1;1;1;1;399.1;485.7;515.4;421.1;1;560
1637625;CE;2;1;1;1;1;1;474.1;587.2;470.7;384.4;1;720
672921;BA;;;0;0;0;0;;;;;;
2502047;SP;2;1;0;0;0;0;;;;;;
3916407;PE;;;0;0;0;0;;;;;;
2336940;SP;;;0;0;0;0;;;;;;
1738917;RJ;;;1;1;1;1;496.7;532.3;565.3;607;1;680
2972004;SP;2;1;0;0;0;0;;;;;;
1252357;AL;;;1;1;1;1;489.9;402.4;421.1;453.2;1;680
695516;GO;4;1;1;1;1;1;607.3;644.6;555.2;643.8;1;920
2374536;AL;;;1;1;1;1;607.8;536.3;567.4;683;1;880
4162921;SP;2;1;1;1;1;1;519.8;485.7;522;530.3;1;680
394551;BA;2;1;1;1;1;1;460.5;525.2;516.4;443.3;1;800
3822329;PI;;;1;1;1;1;548.7;581.5;538.7;625;1;600
2767714;GO;;;0;0;0;0;;;;;;
2871784;PE;;;1;1;1;1;431.4;501.6;506.5;492.3;1;580
367079;RJ;;;1;1;1;1;429.2;456.9;544.1;384;1;900
2561447;PE;;;0;0;0;0;;;;;;
1484736;SC;;;1;1;1;1;444.1;493.9;496.1;649.3;1;760
4080907;BA;2;1;0;0;0;0;;;;;;
2769185;BA;;;1;1;1;1;401.2;369;378.3;467.6;1;380
1412742;SP;;;1;1;1;1;422.7;533.5;583.5;548.8;1;760
86317;PA;;;1;1;1;1;445.3;489.2;464.3;501.3;1;720
703189;PE;2;1;1;1;1;1;570.6;587.8;582.8;540.8;1;760
789080;ES;4;1;1;1;1;1;657.4;613.9;621.1;731.1;1;860
2277714;RS;;;1;1;1;1;545;623.2;605.4;612.6;1;800
2517230;MG;2;1;1;1;1;1;393;335.9;433;428;3;0
1213293;TO;;;1;1;1;1;554.3;487.9;516.5;389.3;1;620
3337350;MG;2;1;1;1;1;1;515.8;499.2;549.5;433.3;1;820
3406657;GO;;;1;1;1;1;614.6;662.5;634.1;783;1;900
4269860;PR;;;1;1;1;1;458.1;327.9;327.6;384.8;1;380
1713118;SC;;;0;0;0;0;;;;;;
986695;PE;;;0;0;0;0;;;;;;
3958186;PA;;;1;1;1;1;440.2;495.7;386.5;439.8;1;540
54383;SP;;;0;0;0;0;;;;;;
2189481;MS;4;1;1;1;1;1;583.6;601.9;558.4;490.6;1;940
2532291;SP;4;1;1;1;1;1;376.8;298.7;342.5;381.4;4;0
4198462;SP;2;1;0;0;0;0;;;;;;
3354997;RJ;;;0;0;0;0;;;;;;
2061797;PB;;;1;1;1;1;570.2;432.5;437.5;593.4;8;0
2321798;RJ;2;1;0;0;0;0;;;;;;
2082350;SC;;;1;1;1;1;412;532.6;537;577.2;1;740
2075655;PI;;;1;1;1;1;602.5;619.9;552.3;691.2;1;900
1823219;RJ;;;1;1;1;1;543.7;580.1;534.1;446.7;1;820
2148808;SP;2;1;1;1;1;1;585.2;621.8;564;601.1;1;680
4099827;MG;2;1;0;0;0;0;;;;;;
1780048;SP;;;0;0;0;0;;;;;;
469840;PE;2;1;0;0;0;0;;;;;;
141075;ES;;;0;0;0;0;;;;;;
2474282;MT;2;1;1;1;1;1;402.2;504.7;411.6;432.5;6;0
896830;PR;;;1;1;1;1;644.2;618.6;581.9;669.6;1;700
2744791;SP;;;1;1;1;1;493.7;555.9;620.4;588.1;1;660
37445;PE;;;1;1;1;1;546.5;587;616.6;597.3;1;780
1856701;CE;;;0;0;0;0;;;;;;
4322730;RS;;;0;0;0;0;;;;;;
3363107;MG;2;1;1;1;1;1;478.5;480.8;490;555.3;1;740
2217861;PA;;;1;1;1;1;463.2;507.5;513;452.7;1;780
2586959;AM;;;1;1;1;1;420.1;408.5;391.7;457.1;1;480
3007012;DF;;;0;0;0;0;;;;;;
3720935;SC;4;2;1;1;1;1;551;521.5;536.9;655.1;1;700
3060229;SP;;;0;1;1;0;;383;613.3;;1;640
136194;CE;;;1;1;1;1;452.5;473.7;467.6;519.3;1;540
1121489;CE;2;1;1;1;1;1;484.2;516.3;513.9;650.1;1;760
3085143;PR;2;1;1;1;1;1;445.6;415.9;533.2;529.9;1;520
3204912;BA;4;1;1;1;1;1;584.5;536.1;493.4;652.4;1;880
2912056;RS;;;1;1;1;1;540.5;489.6;561;530.7;1;760
2919043;MA;2;1;0;0;0;0;;;;;;
1781515;RS;2;1;1;1;1;1;578.1;553;574.6;652.8;1;660
2754628;AM;;;0;0;0;0;;;;;;
456912;GO;;;0;0;0;0;;;;;;
3419426;SP;4;1;1;1;1;1;626;635.5;643;634.7;1;900
1580057;PA;4;1;1;1;1;1;518.8;538;507.6;574.3;1;620
2566707;MG;;;1;1;1;1;538.3;534.9;503;444.4;1;640
2005139;PR;2;1;1;1;1;1;472;419.9;533.2;418.4;1;540
1703044;MA;;;1;1;1;1;508.8;417;452.4;417.5;1;560
4162988;SP;;;1;1;1;1;494.7;368.8;510.6;480.4;1;260
3219309;PR;2;1;0;0;0;0;;;;;;
158312;PE;;;1;1;1;1;561.6;654.4;573.7;636.6;1;880
3614706;PA;;;1;1;1;1;496.7;470.4;441;382.6;1;520
1689814;PE;;;0;0;0;0;;;;;;
1489439;PA;;;0;0;0;0;;;;;;
1275047;MA;;;1;1;1;1;400.1;512;536.2;451.3;1;460
3417797;PR;;;1;1;1;1;466.8;351.9;476.9;420;1;520
3974649;PA;;;1;1;1;1;440.2;502.3;545.3;552.5;1;540
3079001;BA;;;0;0;0;0;;;;;;
1622383;PE;;;0;0;0;0;;;;;;
3729935;MG;;;1;1;1;1;616.7;616.4;608;688.8;1;720
1255585;SP;;;1;1;1;1;561.3;580.2;578.5;631.3;1;720
4210026;PR;2;1;0;0;0;0;;;;;;
1184355;SP;4;1;1;1;1;1;514.6;324.7;471.3;413.7;1;520
3254424;SP;;;1;1;1;1;522.7;512.9;444.8;578.4;1;640
1063916;CE;;;0;0;0;0;;;;;;
1594843;RJ;1;1;1;1;1;1;558.3;444.8;523.8;667.1;1;860
3924484;SP;;;0;0;0;0;;;;;;
2744511;MG;;;1;1;1;1;581.5;662.4;610.4;680.6;1;620
618528;CE;2;1;1;1;1;1;492.3;355.7;526.6;443;1;860
2794262;PI;;;1;1;1;1;529.1;504;528.7;581.3;1;800
1970715;RS;;;1;1;1;1;601.5;695.6;631.2;680.1;1;580
2611533;GO;2;1;0;0;0;0;;;;;;
3396050;PR;2;1;1;1;1;1;427.8;501.5;528.2;630.4;1;600
2847970;PE;2;1;1;1;1;1;400.8;536.4;476.3;426.9;1;340
3448774;RS;;;1;1;1;1;430.9;532.6;533.6;376.7;1;460
1697356;PE;;;1;1;1;1;442.2;482.8;508.5;484.9;1;560
1219196;MG;;;1;1;1;1;518.9;414.2;495.4;522.2;1;520
244587;BA;;;0;0;0;0;;;;;;
656457;MT;2;1;1;1;1;1;566.7;574.6;576.7;463.6;1;780
2241094;RJ;;;1;1;1;1;485.4;577.1;558;593.7;1;600
347320;RS;;;0;0;0;0;;;;;;
2503464;SC;;;1;1;1;1;521.7;578;568.6;576.1;1;820
2539840;SP;;;1;1;1;1;545.2;661.8;620.1;439.2;1;460
1267137;SP;4;1;1;1;1;1;534.5;422.1;515.2;446.4;1;740
528877;AM;2;2;1;1;1;1;373;458.5;456.2;383.9;9;0
2271358;DF;;;1;1;1;1;473.8;557.6;568.6;447.1;1;540
2945705;MG;;;1;1;1;1;513.9;547.1;570.6;413.3;1;480
3063030;RJ;;;1;1;1;1;566.6;458.6;530.4;561.6;1;820
115532;GO;2;1;0;1;1;0;;371.5;516.8;;1;440
1033893;PR;2;1;1;1;1;1;449;437.6;538.7;571.3;1;640
3583073;SP;;;0;0;0;0;;;;;;
483839;MA;2;1;0;0;0;0;;;;;;
327688;AM;;;1;1;1;1;469.6;477.3;490.4;593.1;1;880
2706187;CE;2;1;1;1;1;1;424.5;413.1;514.2;544.4;1;800
4285993;RJ;;;1;1;1;1;600.4;534.5;546.9;674.8;1;560
1450392;AP;2;2;1;1;1;1;498.4;551.6;531.7;390.6;1;500
4288181;RS;2;1;0;0;0;0;;;;;;
3458209;PB;;;1;1;1;1;481.9;613.7;541.5;384.8;1;620
2945855;BA;2;1;1;1;1;1;420.3;418.5;501.2;435.1;1;500
4010969;PR;4;1;1;1;1;1;565.3;648;596.9;549.5;1;820
2477758;TO;2;1;1;1;1;1;494.1;455;492.4;435.1;1;700
1304493;PB;;;1;1;1;1;668.7;634.5;628.4;794;1;860
4192188;SP;2;1;1;1;1;1;393.2;398.5;350.1;393.2;1;480
1906322;MG;1;1;1;1;1;1;482.5;546;523.6;379.8;1;660
3969674;PE;;;1;1;1;1;448.2;520.4;543.4;518.8;1;380
2155985;PR;4;1;1;1;1;1;557.8;562.6;559.1;668.4;1;820
362128;PI;2;1;1;1;1;1;406.9;394.7;470.1;439.2;1;560
334692;PR;;;1;1;1;1;596.4;574.1;591.2;693.6;1;680
876873;BA;;;1;1;1;1;506.3;473;399.3;390.4;1;300
2194483;BA;;;0;0;0;0;;;;;;
2076743;PA;;;1;1;1;1;362.9;487;504.3;461.4;1;540
387528;BA;;;1;1;1;1;508.9;556.9;556.9;638.4;1;600
1946623;SP;;;1;1;1;1;513.2;387.9;550.9;662;1;620
3647450;MA;;;1;1;1;1;397.4;458.9;470.4;524.8;1;520
3197729;SP;;;1;1;1;1;602;633.1;610.9;668.1;4;0
859982;SP;2;2;1;1;1;1;532.7;562.1;516.4;608.4;1;900
2638698;MG;;;0;0;0;0;;;;;;
4311533;RS;;;1;1;1;1;429.7;474.9;452.1;430.4;1;500
2317906;MG;;;0;0;0;0;;;;;;
2618280;SP;;;0;1;1;0;;450.8;585.9;;4;0
3612316;SP;2;1;0;0;0;0;;;;;;
2242005;AP;;;1;1;1;1;521;571.8;550.3;543.2;1;580
2696427;MA;;;1;1;1;1;369.6;503.8;513.3;423.3;1;600
987009;AL;;;0;0;0;0;;;;;;
135586;MS;;;1;1;1;1;524.2;546.5;531.1;536.4;1;860
2958225;BA;2;1;1;0;0;1;438.4;;;405.9;;
1802865;RJ;;;0;0;0;0;;;;;;
1393900;PA;2;1;1;1;1;1;439.3;435.1;451;460.9;1;600
2560231;BA;;;1;1;1;1;480.8;513;542.4;451.8;1;760
2026748;RJ;;;1;1;1;1;439.4;355.9;389.3;385.6;1;420
917770;MA;1;1;0;0;0;0;;;;;;
3330578;ES;;;1;1;1;1;448;443.7;534.5;415.4;1;540
2820878;RJ;;;1;1;1;1;378;437;427.4;548.6;1;560
3709667;MG;;;0;0;0;0;;;;;;
3414179;AM;;;1;1;1;1;402.6;502.1;526.8;500.3;1;560
451097;PE;2;1;0;0;0;0;;;;;;
2564788;RJ;;;0;0;0;0;;;;;;
3773920;PR;;;0;0;0;0;;;;;;
3122647;PA;;;1;1;1;1;466.4;511.5;499.6;473;1;840
1123620;MG;;;1;1;1;1;496.6;598.8;585.9;718.3;1;540
3675417;RJ;;;1;1;1;1;549.4;390.3;460.6;475.4;1;540
2045168;SP;4;1;1;1;1;1;501.9;611.4;582.4;491.6;1;880
356344;PE;;;1;1;1;1;461.6;427.1;559.2;584.8;1;880
3993375;SP;4;1;0;0;0;0;;;;;;
883486;RN;;;1;1;1;1;565.8;594.4;576.5;450.6;1;500
4235451;AC;;;0;0;0;0;;;;;;
640276;MG;2;2;0;0;0;0;;;;;;
67212;RJ;4;1;1;1;1;1;371.6;536.6;534.7;469.8;1;500
3854910;AM;;;1;1;1;1;517.4;527.8;516;451.3;1;280
1707808;RN;2;1;1;1;1;1;451.4;399;397.8;378.9;1;440
3066107;SP;;;0;0;0;0;;;;;;
3695339;RJ;;;0;0;0;0;;;;;;
2917793;PE;;;0;1;1;0;;555.5;607.8;;1;640
1277910;ES;2;1;1;1;1;1;438.6;458.5;523;416.7;1;700
976476;AL;;;1;1;1;1;512;553.1;549.1;498.2;1;700
675551;RJ;2;1;1;1;1;1;381.5;486.8;462.4;382.1;3;0
4204658;SP;2;1;1;1;1;1;551.2;601.2;604.8;685.1;1;920
3724154;PA;;;0;0;0;0;;;;;;
783619;SE;;;1;1;1;1;539.7;683.4;529.1;718.8;1;880
2000786;SP;4;1;1;1;1;1;586.6;547.8;550.3;703.9;1;580
1453432;BA;;;0;0;0;0;;;;;;
572395;AP;;;1;1;1;1;436;624.9;630.3;588.3;1;720
1033498;GO;2;1;1;1;1;1;420.4;357.6;384.9;423.3;3;0
409178;SP;;;1;1;1;1;556.3;566.7;550.1;611.2;1;600
3974892;RN;;;1;1;1;1;431;451.3;493.2;498.3;1;720
4297485;MS;;;1;1;1;1;500.1;477.5;475.9;492.4;1;520
2363060;CE;;;1;1;1;1;435;571.2;569.6;527.8;1;720
2911248;RJ;;;0;0;0;0;;;;;;
2373677;SP;4;1;1;1;1;1;639.7;626.5;608.3;716.1;1;920
3316704;SP;;;1;1;1;1;527.9;519.9;568.4;645;1;580
1485868;PA;;;1;1;1;1;404.4;504.4;530.6;484.1;1;460
827578;PE;;;1;1;1;1;374.2;425.3;399.9;426.7;4;0
3350946;AC;;;1;1;1;1;491;545.3;586;506.3;1;940
2416218;SP;2;1;1;1;1;1;517.9;536.2;453.2;402.9;1;520
724375;PR;;;1;1;1;1;485.8;534.4;513.9;409.9;1;480
48312;MG;;;1;1;1;1;596.1;626.5;560.9;694.9;1;680
2995569;MG;;;0;0;0;0;;;;;;
3541155;PR;2;1;0;0;0;0;;;;;;
3545135;GO;;;1;1;1;1;368.9;414.2;418.9;453.7;1;580
2678118;PA;;;1;1;1;1;595.5;636.9;593.3;601.9;1;680
306248;AM;2;1;1;1;1;1;368.4;489.3;496.4;448.4;1;520
1851797;GO;;;1;1;1;1;627.1;597.8;575.5;719.7;1;840
3429454;SP;4;1;1;1;1;1;524.3;455;521.8;476.5;1;580
1267662;AL;2;1;1;1;1;1;461.1;317.5;524.5;430.1;1;800
339272;GO;;;1;1;1;1;536;561.2;575.8;503.7;1;560
2647050;RN;;;1;1;1;1;593;393.8;386.7;433.1;1;720
4263261;MG;;;0;0;0;0;;;;;;
3711199;RJ;4;1;1;1;1;1;637.8;625.7;629.9;698.2;1;600
3579972;MG;;;0;1;1;0;;498.3;422;;1;480
3615790;PE;;;0;0;0;0;;;;;;
426707;CE;2;1;1;1;1;1;454.7;520.8;513.7;517;1;740
2329722;AL;4;1;1;1;1;1;400.1;359.2;454.8;509;1;420
3926867;RJ;2;1;1;1;1;1;492.4;300.9;466.8;385.7;1;480
4024772;DF;;;1;1;1;1;431.5;532.2;524;404.3;1;640
4266940;SE;;;0;0;0;0;;;;;;
4148455;AM;;;0;1;1;0;;433.8;528.4;;1;440
1590493;SP;2;1;1;1;1;1;527.7;520.2;546.5;481;1;660
3515654;PE;;;1;1;1;1;616.2;662.6;660.9;782.7;1;840
2476272;AC;2;1;1;1;1;1;496.9;483.5;486.3;516;1;680
4190083;RJ;;;0;0;0;0;;;;;;
755405;AL;;;1;1;1;1;440;508.6;497.8;532;1;880
3098511;RN;4;1;1;1;1;1;549.1;578.6;528.2;566.3;1;580
1824152;BA;;;1;1;1;1;396.9;410.2;490.8;427;1;420
2143936;PR;;;1;1;1;1;477.2;476.8;533.1;402;1;740
3490130;RJ;;;1;1;1;1;549;581.2;569.4;559.5;1;400
3427177;PB;;;1;1;1;1;421.8;350.7;473.3;430.7;1;400
837540;SP;;;0;0;0;0;;;;;;
3692551;SP;;;1;1;1;1;643.9;608.8;541.8;685.6;1;800
2440573;SP;2;1;1;1;1;1;383.9;537;482.8;425.6;1;480
2084783;RJ;;;1;1;1;1;521.5;632.8;564.2;652.3;1;900
3219008;MS;2;1;1;1;1;1;397.2;449.9;536.2;416.7;4;0
3082047;CE;;;1;1;1;1;588.3;594.1;543;663.6;1;480
1768843;SP;;;0;1;1;0;;427.1;523.3;;1;640
2040286;MG;3;1;0;0;0;0;;;;;;
2514112;SP;;;0;0;0;0;;;;;;
854675;MG;;;1;1;1;1;384.2;464.1;489.4;441.3;1;720
3675137;RJ;2;1;1;1;1;1;400.9;329;358.4;400.7;1;480
2327652;SP;;;1;1;1;1;489.5;506.6;485.7;483.3;1;520
165594;RJ;2;1;1;1;1;1;488.6;498.9;509;530.9;1;580
1758060;SP;2;1;0;0;0;0;;;;;;
3731894;SP;;;0;0;0;0;;;;;;
2404349;GO;2;1;1;1;1;1;483.5;481.8;463.7;434.9;1;600
4052858;BA;;;0;1;1;0;;401.9;419.7;;1;460
2549236;MG;;;1;1;1;1;660.2;636.8;584.1;767.3;1;860
3339903;MG;;;1;1;1;1;611.5;640.3;614.3;758.7;1;820
301112;PI;1;1;1;1;1;1;525.7;585.3;580.2;577.6;1;840
2975894;SP;;;1;1;1;1;499.1;509.2;529.9;486.5;1;700
3966634;RN;;;0;0;0;0;;;;;;
2432145;GO;2;1;1;1;1;1;460;515.8;504;481.5;1;800
3910580;PR;;;1;1;1;1;390.1;454.9;530.9;630.5;1;540
3579472;SP;2;1;1;1;1;1;541.9;525.5;560.2;476.6;1;600
1621039;MG;2;1;1;1;1;1;561.1;528.2;480.1;478.4;1;640
4130950;BA;2;1;1;1;1;1;372.9;349.8;356.1;409.4;1;460
1157741;RN;1;1;1;1;1;1;472.1;502.8;526.8;574.2;1;620
339102;BA;;;1;1;1;1;625.8;603.9;612.8;710.6;1;780
1066694;CE;;;1;1;1;1;394.2;436.8;512.4;396.4;1;580
826310;MG;1;1;1;1;1;1;395.1;472.3;436.3;553.3;1;820
1053865;AP;;;0;0;0;0;;;;;;
49193;SC;2;1;1;1;1;1;504.4;568.5;571.5;413.6;1;600
2698860;SP;2;1;0;0;0;0;;;;;;
4091793;MG;2;1;1;1;1;1;512.8;497.6;532.8;452.1;1;560
3326201;PA;;;1;1;1;1;511.6;559.6;541.1;462.7;1;800
2659131;RJ;;;1;1;1;1;562.6;596.8;588.8;735.2;1;860
4152849;SP;;;1;1;1;1;390.4;411.7;481.5;437;7;0
3760614;SP;2;1;0;0;0;0;;;;;;
2217766;MG;;;1;1;1;1;408.2;426.3;439.1;376;1;620
14851;DF;;;0;0;0;0;;;;;;
2312358;RJ;;;1;1;1;1;452.4;558.4;514.4;428.3;1;760
2394026;SP;4;1;1;1;1;1;675.2;699.4;651.5;792.3;1;720
138557;RS;;;1;1;1;1;602.9;629.1;668.3;590;1;280
1470540;AL;;;1;1;1;1;376.4;416.9;380.9;457.7;1;480
3748941;PE;;;1;1;1;1;427.9;402.1;463;461.4;1;340
1633218;MG;;;1;1;1;1;460.8;491.1;495.7;607.5;1;680
2211078;SP;2;1;1;1;1;1;386;497.1;528.1;613.5;1;660
367622;RJ;2;1;1;1;1;1;374.6;494.4;506.1;384.9;1;660
210726;PI;;;1;1;1;1;494.5;503.8;555.5;527.9;1;700
2341858;GO;;;1;1;1;1;439.3;614.6;574.1;512.4;1;760
2101160;MG;;;1;1;1;1;516.6;538.4;517.4;512.6;1;560
1332068;SC;;;0;0;0;0;;;;;;
2782456;SP;;;0;0;0;0;;;;;;
1652874;PA;2;1;1;1;1;1;472.7;389.2;481.9;521;1;580
3310832;MG;;;1;1;1;1;393.7;468;555.8;404.8;1;560
1760274;MG;4;1;1;1;1;1;450.4;494;541.7;480.5;1;460
1671418;SE;;;0;1;1;0;;482.9;526.4;;1;560
1223571;PI;;;1;1;1;1;435.9;468.3;462;414.9;1;820
2821516;PI;;;1;1;1;1;392.7;312.8;450.8;387.8;6;0
911354;PA;2;1;0;0;0;0;;;;;;
3835279;SP;;;1;1;1;1;490.6;548.7;507.6;546.8;1;680
1001498;RJ;2;1;1;1;1;1;546.4;572.7;557.1;545.8;1;900
2768791;MG;1;2;1;1;1;1;370.4;470.3;521.6;405.6;4;0
1722363;RR;2;1;0;1;1;0;;554.7;543;;4;0
1369628;AM;;;0;1;1;0;;581.7;575.2;;1;660
1739576;PE;4;1;1;1;1;1;440.1;568.5;545.9;563.7;1;720
1163191;CE;2;1;0;0;0;0;;;;;;
3711250;MA;2;1;1;1;1;1;392.3;422.8;398.5;392.1;1;440
1118254;BA;;;1;1;1;1;433.1;568;478;498.2;1;720
417031;RJ;;;1;1;1;1;408.6;489.9;542.2;596.6;1;680
4245086;SE;;;1;1;1;1;564.6;510.1;500;473.6;1;500
3600335;BA;2;1;1;1;1;1;375.2;420.3;513.7;422.6;1;480
724673;SP;;;0;0;0;0;;;;;;
900567;RJ;2;1;1;1;1;1;462.8;495.9;516;413.9;1;720
4249678;RS;;;0;0;0;0;;;;;;
1117682;RO;2;1;1;1;1;1;400.5;361;481.4;408;1;680
4311993;PA;2;1;0;0;0;0;;;;;;
4122670;BA;;;1;1;1;1;533.1;586.4;546.6;415.9;1;620
1222438;BA;;;1;1;1;1;389.1;393.5;473.8;436.6;1;460
2753979;CE;;;1;1;1;1;497.9;508.4;417.3;459.1;1;700
2699499;RJ;;;0;0;0;0;;;;;;
2779970;PB;;;1;1;1;1;425.7;487.2;481.9;391.6;1;480
3059131;MA;2;1;1;1;1;1;420.5;403.1;508.4;383;1;400
1394812;BA;;;1;1;1;1;418.6;345;470.2;398.8;1;640
3211274;PA;;;1;1;1;1;465;541.6;524.6;444.5;1;580
4138859;SP;2;1;1;1;1;1;372.4;499.2;494.5;439.3;1;500
1617901;RO;;;1;1;1;1;550.4;565.5;543.5;664.2;1;780
1515157;PE;;;1;1;1;1;508.7;439.6;503.4;416.5;1;460
1296603;PE;;;1;1;1;1;586;591;581.8;740.8;1;880
2620984;RJ;;;1;1;1;1;493.2;513.2;568.6;418.1;1;560
2013761;PA;2;1;1;1;1;1;392.8;396.4;308.6;465.3;1;600
2639412;RS;;;1;1;1;1;571.7;629.2;585.9;666.5;1;840
1282125;BA;;;1;1;1;1;385.5;396.3;421;422.6;1;540
3545240;MA;;;0;0;0;0;;;;;;
2833315;RJ;;;1;1;1;1;654.3;650.1;627.4;716.6;1;840
3139375;RJ;2;1;1;1;1;1;351.2;512.7;485;448.5;1;400
2041942;PA;;;0;0;0;0;;;;;;
3236379;BA;;;1;1;1;1;436.3;461.5;518;482.6;1;600
2261345;CE;;;1;1;1;1;510.3;544.4;549.4;700.2;1;720
1379364;PE;2;1;1;1;1;1;454.9;359.9;459.8;406.1;1;640
230588;BA;2;1;1;1;1;1;358.9;470.3;440.9;445.3;1;820
973295;BA;;;1;1;1;1;429.2;443;476.7;499;1;620
2734833;PI;2;1;1;1;1;1;366;450.2;468.3;437.6;1;320
1406235;BA;;;1;1;1;1;476.9;453.3;434.2;470.2;1;560
300538;RS;;;0;0;0;0;;;;;;
3697879;RS;;;1;1;1;1;606.4;656.3;618;544.6;1;480
2763180;BA;;;1;1;1;1;559.5;547.6;561.6;421.8;1;560
1341080;AL;1;1;1;1;1;1;410.7;404.9;449.4;520.3;1;800
4295485;PE;;;1;1;1;1;362.6;300.8;453.9;416.9;1;280
893055;PR;2;1;1;1;1;1;541.5;573.4;606.8;621;1;680
485089;DF;2;1;1;1;1;1;442;432;543.9;378.7;1;680
3033390;SP;;;1;1;1;1;566.2;636.9;581.7;681.3;1;860
3679157;SC;;;0;0;0;0;;;;;;
450896;RS;2;1;1;1;1;1;384.1;467.8;471.4;514.4;1;600
3866622;RJ;;;1;1;1;1;436.3;427.3;486;424.1;4;0
2595951;GO;;;0;0;0;0;;;;;;
1097907;PA;;;1;1;1;1;438.9;502.8;509.1;480.5;1;860
794965;PB;;;1;1;1;1;401.3;401.1;497;393.2;1;780
584069;PR;;;1;1;1;1;465.1;517.2;555.6;588.7;1;620
3881565;SP;;;1;1;1;1;547.6;547.7;541.8;637.5;1;580
3431551;TO;;;0;0;0;0;;;;;;
258212;SP;;;1;1;1;1;582.5;625.5;596.5;613.8;1;880
1697266;SP;;;1;1;1;1;592.8;629.2;600.3;649.7;1;880
4004163;MG;;;0;0;0;0;;;;;;
2731145;SP;;;0;0;0;0;;;;;;
1670739;PE;;;0;0;0;0;;;;;;
2534480;MG;2;1;1;1;1;1;408;448.3;493.7;510.8;1;680
1804073;PA;;;1;1;1;1;349.1;548.6;456.3;414.2;1;560
345543;MT;2;1;1;1;1;1;484;504.2;520.9;388.3;1;700
1025654;CE;2;1;1;1;1;1;396.5;601.1;533.2;566.7;1;640
3000872;GO;;;0;0;0;0;;;;;;
3760963;RS;;;1;1;1;1;477;540.3;538.7;442.2;1;380
3055909;RS;2;1;1;1;1;1;534.9;517.4;551.7;515.1;1;780
3756426;SC;;;0;0;0;0;;;;;;
1648437;SP;2;1;1;1;1;1;409.6;323.6;399;427.9;1;560
2075020;RS;;;1;1;1;1;528.6;576.5;539.5;704.4;1;780
3862077;PI;;;1;1;1;1;483.3;383.1;477.8;419.5;1;720
2741289;SP;;;1;1;1;1;520.3;550.8;583.1;396.9;1;680
2648447;RS;;;1;1;1;1;511.3;496;429.3;496.9;1;820
2622414;PA;4;1;0;1;1;0;;384.8;429.1;;1;760
3936247;ES;;;1;1;1;1;431.5;425.2;518.3;434.3;1;480
2241515;RJ;;;1;1;1;1;473.6;599.1;590.4;623.4;4;0
2382968;PE;;;1;1;1;1;436.7;521.4;422.1;442.8;1;520
4282495;AM;;;0;0;0;0;;;;;;
2320914;RJ;;;1;1;1;1;532.8;584;527.5;544.1;1;420
2949897;SP;2;1;1;1;1;1;530.7;573.3;605.3;426.5;1;620
2169416;SC;;;0;1;1;0;;573.6;568.9;;1;620
3339289;PA;;;1;1;1;1;364.7;519.1;539.5;396;1;640
513325;PA;;;1;1;1;1;392.4;512.5;519.8;389.1;1;540
1444065;AM;2;1;1;1;1;1;386.6;482.6;502;384;1;560
4220376;MG;;;0;0;0;0;;;;;;
2432994;SP;4;1;1;1;1;1;567.9;605.9;611.9;673;1;940
2912771;PA;;;1;1;1;1;455.7;518.4;563.2;582.1;1;380
3962330;SC;;;1;1;1;1;383;445.6;453.8;421.7;4;0
357377;RS;;;0;0;0;0;;;;;;
2361832;RS;;;1;1;1;1;421.5;577.8;572.6;556.8;1;500
2091228;MA;;;1;1;1;1;502.7;639.4;515.4;508.7;1;540
2509301;AC;;;1;1;1;1;375.3;421.8;384.8;406.6;1;600
4091418;TO;;;0;1;1;0;;438.7;427.8;;4;0
3507159;SP;;;1;1;1;1;594.5;566.2;545.1;537;1;620
2276444;SE;;;0;0;0;0;;;;;;
1710734;RJ;4;1;1;1;1;1;546;598.9;604.9;687.5;1;760
4121490;PB;;;1;1;1;1;422.6;529.6;508.8;535.7;1;700
1821769;SP;;;1;1;1;1;672.8;677.5;622;749.3;1;860
2459323;MG;2;1;1;1;1;1;593.4;619;546.6;676;1;840
637466;MG;;;0;0;0;0;;;;;;
4127912;PB;2;1;0;0;0;0;;;;;;
1001880;PE;;;0;0;0;0;;;;;;
4271283;SE;;;0;0;0;0;;;;;;
4074504;AC;;;1;1;1;1;573.8;621.9;530.8;403.1;1;940
1824318;AM;;;0;0;0;0;;;;;;
1311999;MA;;;0;0;0;0;;;;;;
3272619;SP;;;1;1;1;1;756.9;675;628.1;920.8;1;880
191445;RN;;;0;1;1;0;;473.3;498.8;;1;700
961267;PE;2;1;1;1;1;1;424;420.4;500;597.2;1;660
3550313;GO;;;1;1;1;1;464.9;489.5;417;401.5;1;720
3223923;MA;;;1;1;1;1;483.4;463;506.9;514.1;1;760
3336249;MG;2;1;0;0;0;0;;;;;;
85536;MS;2;1;1;1;1;1;516.2;522.7;547.6;672.7;1;720
3721011;PB;;;0;0;0;0;;;;;;
4199678;RS;;;1;1;1;1;459.2;454;425.2;433.7;1;720
2817905;PA;2;2;1;1;1;1;442.5;519;514.8;581.2;1;580
793072;MT;1;2;1;1;1;1;551.5;550.3;572.2;540.1;1;800
1509732;MA;;;1;1;1;1;532.2;613.8;554.8;634.9;1;940
1110885;RN;;;1;1;1;1;551.1;566.2;544.7;425.7;1;600
2618915;MA;2;1;0;0;0;0;;;;;;
1942333;RJ;4;1;1;1;1;1;456.2;415.8;574.3;421;1;480
770444;RS;;;0;0;0;0;;;;;;
3165328;SP;;;0;0;0;0;;;;;;
893227;PB;2;1;1;1;1;1;386.6;455.2;467.2;397.5;1;680
1910107;RS;4;1;1;1;1;1;421.1;427.6;439.1;380.7;1;580
2520674;PE;;;1;1;1;1;499.5;476.8;558.4;426;1;860
2963239;GO;4;1;0;0;0;0;;;;;;
3750797;SP;;;1;1;1;1;576.4;496.4;554.4;562.7;1;860
1612303;SP;;;0;0;0;0;;;;;;
3696981;MA;2;1;0;0;0;0;;;;;;
2841714;PE;;;0;0;0;0;;;;;;
1284921;RO;;;0;0;0;0;;;;;;
1735443;CE;;;0;0;0;0;;;;;;
334136;AL;;;0;0;0;0;;;;;;
26605;MA;2;1;1;1;1;1;408.1;386.7;536.5;559.7;1;900
1158176;MS;;;1;1;1;1;630.1;700.5;662.6;596.1;1;860
30540;CE;2;1;0;0;0;0;;;;;;
3234486;PI;2;1;1;1;1;1;368.9;306.1;374.1;406.9;1;360
277767;BA;;;1;1;1;1;679.9;699.9;600.7;698.9;1;920
4063947;PA;2;1;1;1;1;1;457.4;477;557.9;497.5;1;640
1349302;BA;2;1;1;1;1;1;496.5;506.2;553.6;404.8;1;620
1739016;MA;;;1;1;1;1;608.7;686.6;608.4;753.5;1;860
4070103;SC;;;1;1;1;1;511.6;535.6;534.7;627.8;1;580
2230587;PR;;;1;1;1;1;574.7;548;574.3;595.3;1;680
1929212;RJ;;;1;1;1;1;549;599.6;617.8;651.2;1;940
462238;SP;;;1;1;1;1;577.1;577.9;567.7;638.2;1;960
2475811;SP;2;1;1;1;1;1;386.5;436.9;497.9;405;6;0
3285663;RJ;2;1;0;0;0;0;;;;;;
312414;BA;;;1;1;1;1;484.9;443;533.6;445.2;1;820
4195214;PA;;;0;0;0;0;;;;;;
2468362;SP;;;1;1;1;1;489;536.1;550.7;605.9;1;800
3921374;PI;;;0;0;0;0;;;;;;
546042;MG;;;1;1;1;1;481.6;589;596.2;438.2;1;920
1115567;AM;;;0;0;0;0;;;;;;
1602045;PE;2;1;1;1;1;1;432.6;347.5;402.7;467.5;1;520
4118436;RS;;;1;1;1;1;383.9;445;436.1;428;1;580
190741;RS;2;1;0;0;0;0;;;;;;
3396868;PR;;;1;0;0;1;504.5;;;622;;
3134926;DF;4;1;1;1;1;1;579.5;596.5;613;667.9;1;860
1779785;PR;2;1;0;0;0;0;;;;;;
2915834;BA;;;1;1;1;1;430.5;554.7;530.7;479.6;1;320
2904843;SC;;;1;1;1;1;575.7;565.5;599.5;671.2;1;400
3649670;RJ;;;1;1;1;1;544.5;585.7;600.7;708.1;1;900
2100895;RS;;;0;0;0;0;;;;;;
4177497;SP;;;0;0;0;0;;;;;;
2499473;SP;;;1;1;1;1;630.8;627;543.9;738.7;1;900
1600731;SE;;;0;1;1;0;;386.2;450.1;;1;460
2814379;MG;4;1;1;1;1;1;595.4;661.3;622.4;766.8;1;940
2227951;RS;;;0;0;0;0;;;;;;
2268892;SP;2;1;1;1;1;1;570.8;578.3;577.1;562.5;1;440
3015163;PR;;;0;0;0;0;;;;;;
1897670;BA;2;1;1;1;1;1;429;443.4;459.4;404;1;600
2494049;RJ;;;1;1;1;1;653.1;719.1;715.4;796.8;1;960
861081;PB;;;1;1;1;1;389.2;549.1;546.3;434.7;1;540
4064884;RJ;2;1;1;1;1;1;443.7;391;508.2;404;1;420
513459;RJ;;;0;0;0;0;;;;;;
1237142;PE;;;1;1;1;1;522.4;363.2;476.1;509.6;1;560
123643;CE;2;1;1;1;1;1;547.6;436.5;524.2;437;1;560
1395794;SP;;;1;1;1;1;544.9;485.6;548.5;671.7;1;620
3095432;PB;;;0;0;0;0;;;;;;
1004691;RN;2;1;1;1;1;1;439.3;527.8;509.3;449.7;1;700
2994969;CE;;;0;0;0;0;;;;;;
38532;PE;;;1;1;1;1;559.3;614.2;518.1;559;1;600
3488912;RJ;;;1;1;1;1;500.1;349.4;465.2;460.1;1;460
2321542;SE;;;0;0;0;0;;;;;;
2671964;RJ;;;1;1;1;1;551.1;570.3;604.9;695.8;1;500
1367872;PE;;;1;1;1;1;388.2;430.2;499.8;390.8;4;0
2452130;MT;;;1;1;1;1;410.7;540.6;497.1;446.5;1;560
231606;PR;4;1;1;1;1;1;443.7;534.9;488.7;475.9;1;520
3210725;SP;2;1;1;1;1;1;532.8;530.2;541.8;456.1;1;760
3083977;PR;;;1;1;1;1;621.3;631.6;584.7;697.4;1;720
413482;SE;2;1;1;1;1;1;468.7;354.6;331;385.2;1;480
981190;BA;;;1;1;1;1;419.5;478;534.5;378;1;640
4114621;PR;;;0;0;0;0;;;;;;
2921631;MG;;;0;0;0;0;;;;;;
1834443;SP;;;0;1;1;0;;324.1;450.7;;1;460
2259271;PE;;;0;1;1;0;;533.4;563.8;;1;620
1976007;SP;;;1;1;1;1;567.8;536.8;559.9;577.4;1;740
96395;BA;2;1;1;1;1;1;483;506;529.7;489.1;1;660
4298235;MG;;;0;0;0;0;;;;;;
1903150;PE;;;0;0;0;0;;;;;;
1053801;RS;;;1;1;1;1;477.9;570.7;575.9;573.2;1;680
1951473;SP;;;1;1;1;1;528.3;498.6;525.1;483.1;1;500
314949;PE;;;1;1;1;1;428.9;455;508;477.9;1;740
4313095;AP;;;1;1;1;1;543.4;654.7;608.2;585.8;1;460
3305431;PI;;;1;1;1;1;407.4;470.4;473.3;445.1;1;560
3024656;BA;2;1;1;1;1;1;404.3;394.9;474.1;428.7;6;0
4128206;SP;;;1;1;1;1;585.7;586.6;587.2;468.4;1;620
420639;RS;2;1;1;1;1;1;424.7;410.2;476.2;399.5;1;600
1335214;AL;2;1;1;1;1;1;360.9;449;477.5;390;1;520
3732658;DF;;;0;0;0;0;;;;;;
1980096;SP;;;1;1;1;1;581;494.4;598.8;664.8;1;920
3604344;PR;;;0;0;0;0;;;;;;
243588;BA;;;0;0;0;0;;;;;;
3968864;PE;;;0;0;0;0;;;;;;
2004999;CE;4;1;1;1;1;1;570.4;557.1;540.7;713.7;1;540
400157;GO;;;1;1;1;1;367.4;444.7;319.2;513.2;1;560
2629594;ES;;;0;0;0;0;;;;;;
2320217;ES;;;1;1;1;1;583.8;576.5;572.8;659.3;1;760
2187545;MG;;;1;1;1;1;541.6;504;453.2;408;6;0
503721;BA;2;1;1;1;1;1;420.4;457.9;520.8;496.2;1;600
3485283;CE;;;1;1;1;1;365;577.6;521.6;493;1;700
3862129;MT;;;1;0;0;1;654.6;;;661.6;;
1934585;PR;2;1;0;0;0;0;;;;;;
2905104;AM;2;2;0;0;0;0;;;;;;
3618677;PE;;;1;1;1;1;380.7;467.8;498.8;445.9;1;480
2274501;BA;;;0;0;0;0;;;;;;
437576;CE;2;1;1;1;1;1;480.9;422.6;453.4;572.3;1;740
3029711;SP;2;2;0;0;0;0;;;;;;
2486029;RS;;;1;1;1;1;512.3;445.7;452.5;567.7;1;580
2145483;BA;;;1;1;1;1;448.8;586.7;582.1;611.7;1;760
461124;SE;;;1;1;1;1;535.2;553.8;500;481.2;1;800
2018444;MG;2;1;1;1;1;1;414.5;600.9;529.6;462.6;1;740
551707;AL;2;1;1;1;1;1;540;519.2;589.6;632.2;1;620
2784437;SP;;;1;1;1;1;553.8;614.3;649;544.3;1;880
4056709;PA;;;0;0;0;0;;;;;;
3442157;MG;;;0;0;0;0;;;;;;
518496;SP;4;1;1;1;1;1;491.2;582.4;539.3;593;1;840
1203564;PE;;;1;1;1;1;476.7;538;515.8;499.9;1;800
188606;RJ;1;1;1;1;1;1;750.6;694;676.9;855.7;1;920
3050539;MS;;;0;0;0;0;;;;;;
1108440;PI;2;2;0;0;0;0;;;;;;
3420410;GO;;;0;0;0;0;;;;;;
3476914;PA;;;1;1;1;1;566.2;621.9;571.2;605.3;1;700
3207203;RJ;;;1;1;1;1;530.9;565.3;586.2;521.7;4;0
1201068;PE;2;1;1;1;1;1;581.4;561.2;512.9;539.4;1;440
2515170;TO;;;0;1;1;0;;448.2;498.9;;1;520
2813634;CE;;;0;0;0;0;;;;;;
1326941;GO;;;0;0;0;0;;;;;;
3655577;CE;;;0;0;0;0;;;;;;
1137655;PE;;;1;1;1;1;362.3;398.4;504.7;390.8;1;760
3108732;SP;;;0;0;0;0;;;;;;
1830279;PI;2;1;1;1;1;1;541.4;443.2;463.5;625.7;1;740
3836076;SP;2;1;0;0;0;0;;;;;;
2501859;CE;;;1;1;1;1;486;325.9;443;504.7;1;740
4021077;ES;;;0;0;0;0;;;;;;
4106918;RO;;;0;0;0;0;;;;;;
282050;SP;;;1;1;1;1;557.3;669.8;653.8;731.9;1;780
4209035;RS;2;1;0;0;0;0;;;;;;
1832936;MG;;;1;1;1;1;407.5;478.8;460;416.6;1;600
3667824;AC;;;0;0;0;0;;;;;;
3425651;BA;;;0;0;0;0;;;;;;
393252;SE;2;1;0;1;1;0;;401.8;498.5;;1;760
1698407;SP;4;1;1;1;1;1;534.4;581.7;634.7;640.9;1;860
1190229;RN;;;1;1;1;1;425.7;554.1;539.4;487.3;1;560
3637984;MG;;;1;1;1;1;457.8;625.9;585.7;581.1;1;680
679625;MS;;;1;1;1;1;617;640.8;619;731.6;1;520
3064851;MG;4;1;1;1;1;1;623.6;643.4;607;765.4;1;840
746189;PA;;;0;0;0;0;;;;;;
122142;RJ;2;1;0;1;1;0;;425.4;403.1;;6;0
4265124;RS;;;1;1;1;1;427.1;591.4;550.1;397.5;1;680
435874;CE;2;1;1;1;1;1;551.2;543.2;568.2;554.2;1;620
1622664;CE;2;1;1;1;1;1;511.6;318.6;472.5;437.5;1;340
2021958;PE;;;1;1;1;1;425.9;433.6;375.8;482.2;1;860
4138216;PB;;;1;1;1;1;447.4;304.2;350.9;428.5;1;560
3621176;BA;2;1;1;1;1;1;363.3;509.1;441.6;410.9;1;480
2040113;SC;;;0;1;1;0;;511;565.2;;1;500
590031;GO;2;1;1;1;1;1;535.5;635.9;590.1;546.1;1;600
2134063;SP;2;1;0;0;0;0;;;;;;
2869504;GO;2;1;1;1;1;1;494.4;552.6;540.5;523.1;1;760
2787226;CE;;;0;0;0;0;;;;;;
4246089;BA;2;1;0;0;0;0;;;;;;
2772549;BA;;;1;1;1;1;450.9;337.2;394.5;407.7;1;440
520445;MG;;;0;0;0;0;;;;;;
3914270;SP;4;1;1;1;1;1;451.1;453.3;511.4;510.5;1;860
812502;AP;;;1;1;1;1;529.7;504.4;511.5;452.5;1;560
3449000;PA;2;1;1;1;1;1;399.4;451.9;476;583;1;560
2995540;CE;;;0;0;0;0;;;;;;
3467086;MG;;;0;1;1;0;;328.2;465.1;;1;480
2397392;MG;2;1;0;0;0;0;;;;;;
3064758;PA;;;0;0;0;0;;;;;;
1618975;RS;;;1;1;1;1;592.7;569.4;559.5;642.9;1;760
2888945;PE;;;0;0;0;0;;;;;;
4050909;RS;;;0;0;0;0;;;;;;
295542;SP;2;1;1;1;1;1;507.1;547.4;573.3;594.6;1;720
636868;BA;;;0;0;0;0;;;;;;
3010598;CE;;;0;0;0;0;;;;;;
685632;SP;2;1;1;1;1;1;525.5;507.4;558.8;562.1;1;720
2702129;RJ;;;1;1;1;1;561.2;590;522.4;505.6;1;640
753448;RS;;;1;1;1;1;561.2;580.6;566.4;552.5;1;720
3749315;SE;;;1;1;1;1;580.6;599.2;598.5;601.2;1;500
47479;BA;;;1;1;1;1;448.5;514.5;463.4;417.3;1;860
2281917;BA;4;1;1;1;1;1;611.6;657.2;636.5;699.7;1;960
523661;CE;2;1;1;1;1;1;423.1;437.3;414.7;436.8;1;540
203309;PE;2;1;1;1;1;1;468.1;534.4;499.7;398.7;1;680
2048467;SC;2;1;1;1;1;1;585.1;625.8;583.4;577.6;1;600
3392344;MA;;;1;1;1;1;497.2;637.9;614.6;558.7;1;640
3852440;GO;4;1;1;1;1;1;513.3;562;531.4;612.4;1;560
2045666;PR;;;1;1;1;1;503.1;520.6;591.6;453;1;620
3152548;SP;;;1;1;1;1;484.4;546.7;545.1;674;1;920
2715533;PI;2;1;0;1;1;0;;484.1;524;;1;540
1788251;SP;;;1;1;1;1;512.8;525.6;541.4;566;1;580
2629640;RJ;2;1;1;1;1;1;506.4;543;546;523.8;1;700
1838916;MT;;;1;1;1;1;553.8;406.2;550.7;521.9;1;640
2603078;SP;4;1;1;1;1;1;573;631.1;612.1;635.5;1;620
2396239;SP;4;1;1;1;1;1;557.7;573.7;503.5;692.3;1;900
3960622;RS;;;0;1;1;0;;380.4;459.3;;1;520
803275;SP;2;1;1;1;1;1;471.5;592.1;596.9;638.1;1;620
417921;MG;2;1;1;1;1;1;450.5;366.5;487.1;474;1;600
1420009;RS;1;2;1;1;1;1;588.3;554.4;576.2;696.1;1;460
3055955;MG;;;1;1;1;1;576.6;535.2;577.4;606.9;1;680
4115540;MG;;;0;0;0;0;;;;;;
1838603;SP;;;1;1;1;1;456.4;552.7;516.1;479.5;1;640
1218622;MG;;;1;1;1;1;465.9;503.5;540.6;513.2;1;520
3506517;MT;;;0;0;0;0;;;;;;
2215042;PA;;;1;1;1;1;431.3;457.1;364.2;527.9;1;520
744874;RS;2;1;1;1;1;1;539.9;557.8;550;633.5;1;520
4083976;AM;;;0;0;0;0;;;;;;
1841993;BA;;;1;1;1;1;634.9;670;633.4;701.8;1;960
2287478;RJ;1;1;1;1;1;1;595.8;448.9;502.6;522.8;1;660
1709266;MA;;;1;1;1;1;694.2;682.4;642.5;804.7;1;920
2119233;PI;;;1;1;1;1;624;729.8;645.4;785;1;880
540978;RS;4;1;0;1;1;0;;352.3;452.6;;1;760
1166044;PA;;;1;1;1;1;503;544.4;524.5;625.6;1;660
4273270;RS;;;0;0;0;0;;;;;;
2442612;RJ;4;1;1;1;1;1;572.2;609.4;572;686.9;1;760
2350315;SP;4;1;1;1;1;1;643.9;653.6;622.8;750.8;1;660
2959103;PA;;;1;1;1;1;561.5;571.8;554;425.3;1;500
1307255;SP;2;1;0;0;0;0;;;;;;
1130130;AL;2;1;0;0;0;0;;;;;;
1455399;PA;2;1;1;1;1;1;515.2;551.9;556.7;404.6;1;660
2607761;RS;;;0;1;1;0;;518.8;457.6;;1;400
2913392;SP;;;1;1;1;1;552.1;616.6;606.1;619.3;1;560
503443;PE;2;1;0;0;0;0;;;;;;
3354220;AC;;;1;1;1;1;463.3;536.6;603.1;525.6;1;420
254767;MS;;;1;1;1;1;554.1;552.1;537.1;474.4;1;840
642918;TO;;;1;1;1;1;539.3;580;605.3;697;4;0
2918491;MG;;;0;0;0;0;;;;;;
1664402;CE;;;1;1;1;1;505.6;558.8;569.2;649;1;500
2338881;SP;4;1;1;1;1;1;607.9;683;650.8;763;1;700
3563910;DF;4;1;1;1;1;1;662.9;590.5;625.4;775.9;1;700
127511;SP;4;1;1;1;1;1;613.1;650.8;623.2;785.5;1;920
2463980;PR;;;0;0;0;0;;;;;;
410203;SP;;;0;0;0;0;;;;;;
1036405;BA;;;1;1;1;1;432.9;492.2;465.8;385.2;1;500
783297;MG;;;1;1;1;1;492.5;350.5;500;445.3;1;580
974355;SP;4;1;1;1;1;1;587.9;614.8;579.8;722.5;1;580
1877284;MA;4;1;0;0;0;0;;;;;;
68964;RJ;2;1;0;0;0;0;;;;;;
655367;BA;;;1;1;1;1;495.8;460;473.5;432.9;1;460
2160679;BA;2;1;1;1;1;1;540.7;559.2;536.8;421.1;1;320
3605437;CE;;;0;0;0;0;;;;;;
84971;RS;;;1;1;1;1;548.3;604;643.2;550.2;1;760
276007;MA;;;1;1;1;1;371.4;468.8;505.8;504.9;1;700
1943291;RS;;;0;0;0;0;;;;;;
3331460;PE;2;1;1;1;1;1;369.8;549.9;543;402.1;1;480
1859353;MS;2;1;1;1;1;1;462.3;549;581.8;627.2;1;660
3687436;MA;;;1;1;1;1;597.6;702.6;660.3;669.5;1;820
615028;MA;;;1;1;1;1;421.9;485.4;474.8;419.4;4;0
2528238;RJ;;;0;0;0;0;;;;;;
653338;BA;2;1;1;1;1;1;475.7;519.7;573.5;550.2;1;740
4091467;PE;2;1;1;1;1;1;486.5;435.8;538.6;478.7;1;760
455260;PR;;;1;1;1;1;468.6;512.7;534;516;1;580
3794253;PR;;;0;0;0;0;;;;;;
1028258;PE;;;1;1;1;1;472.3;344.2;468;393;1;420
2958644;CE;2;1;1;1;1;1;475.2;350.8;502;434.1;1;400
3729377;RS;;;0;0;0;0;;;;;;
2486207;PI;;;1;1;1;1;508.9;562.1;547.5;486.5;1;760
1427396;SP;2;1;0;0;0;0;;;;;;
491179;MA;;;0;0;0;0;;;;;;
4031958;ES;;;0;0;0;0;;;;;;
4164100;AC;;;1;1;1;1;511;567.9;581.7;497.4;1;500
766275;PR;2;1;1;1;1;1;560;621.1;578.5;666.8;1;680
1433744;PE;;;0;1;1;0;;492.7;524.8;;1;740
2409685;SC;4;1;1;1;1;1;684.9;642.4;640.5;702.1;1;960
3678996;SP;;;1;1;1;1;563.5;512.4;490.6;529.1;1;600
575526;DF;2;1;1;1;1;1;552.3;642.9;586.2;774;1;900
2738882;PA;;;0;0;0;0;;;;;;
1787987;BA;;;1;1;1;1;467.8;477.8;520;505;1;560
286745;AM;;;1;1;1;1;376;430.2;416.9;388.2;1;640
2097104;MS;;;0;0;0;0;;;;;;
3130389;BA;2;1;0;0;0;0;;;;;;
4229432;MG;;;1;1;1;1;405.5;577.4;570.7;374.4;1;680
1704641;AL;;;1;1;1;1;402.1;504.3;505.1;395.1;1;620
1374744;MG;4;1;1;1;1;1;557.6;568.1;510.7;607.9;1;940
559646;MG;2;1;1;1;1;1;522.1;597.7;559.3;492.2;1;760
3497955;SP;;;1;1;1;1;655.9;663.1;601.9;747.6;1;560
3942198;RJ;;;1;1;1;1;440.1;603.1;564.7;566.4;1;680
1048994;SP;2;1;1;1;1;1;505.4;567.7;574.5;658.5;1;680
1386639;BA;;;0;0;0;0;;;;;;
2184305;BA;;;1;1;1;1;528.3;452.9;432.2;595.6;1;620
466852;PB;;;0;0;0;0;;;;;;
918181;CE;;;1;1;1;1;598;612.1;553.8;656;1;900
3002260;SP;2;1;1;1;1;1;520.9;553.2;503.2;388.3;1;400
52491;RS;;;1;1;1;1;657.9;649.7;675.4;786.3;1;820
989233;PA;;;0;0;0;0;;;;;;
57231;BA;;;1;1;1;1;469.1;463.9;539.5;422.5;1;660
3989966;PI;;;0;1;1;0;;522.3;551.3;;1;600
111369;MG;;;1;1;1;1;639.8;660.6;627;736;1;840
1529660;CE;;;1;1;1;1;360.5;299.4;418.1;442.4;1;500
2470711;MA;;;0;0;0;0;;;;;;
1185255;RJ;;;1;1;1;1;461.1;596.8;613.5;448.4;1;700
3433987;SP;;;1;1;1;1;607.5;675.6;616.3;668;1;620
1943746;SC;2;1;1;1;1;1;461.5;506.2;519.6;420.5;1;560
2203958;PI;2;1;1;1;1;1;384.2;471.7;396.3;441.6;1;600
386453;RJ;4;2;1;1;1;1;573.4;624.3;638;517.6;1;800
3308421;RJ;;;1;1;1;1;415.4;552.5;548.8;406.3;1;460
1742681;PI;;;0;0;0;0;;;;;;
865599;PB;2;1;1;1;1;1;403.7;349.9;420.3;596.3;1;480
1008002;RS;;;1;1;1;1;518;569.2;562.6;634.9;1;560
3636358;SP;;;0;1;1;0;;539.7;567;;1;580
3263950;CE;;;0;0;0;0;;;;;;
4207065;RS;;;0;0;0;0;;;;;;
687097;PR;;;1;1;1;1;707.4;647;608.6;800.3;1;940
3418214;DF;2;1;1;1;1;1;391.5;395.5;524.2;447.9;1;820
1590769;MT;;;1;1;1;1;421.5;535.2;534.7;572.8;1;700
1503732;RJ;4;1;1;1;1;1;452.4;504.8;563.9;526.7;1;880
442527;RO;;;1;1;1;1;405.1;555.3;502.4;515.8;1;580
3718887;MG;;;1;1;1;1;447.1;393.7;567.6;518.7;1;780
533370;SP;;;1;1;1;1;604.5;598.8;554.3;666.6;1;780
2840014;GO;2;1;0;0;0;0;;;;;;
2523569;MS;;;1;1;1;1;579.1;652;588.3;489.9;1;760
2197196;PA;;;1;1;1;1;483.1;548.4;528.3;476.6;1;720
70349;SP;4;1;1;1;1;1;578.9;632.2;617;656.4;1;860
830029;MA;;;1;1;1;1;500;561;576.7;422.5;1;820
2975801;PE;2;1;1;1;1;1;489.9;442.8;504.8;430.4;7;0
2968102;MG;;;1;1;1;1;381.3;431.9;498.1;477.2;1;560
3711725;DF;;;0;0;0;0;;;;;;
1972721;MA;;;0;0;0;0;;;;;;
2357173;MT;2;1;1;1;1;1;431;386.4;456.3;513.8;1;880
3505322;RS;;;1;1;1;1;470.4;464.9;469.7;442.2;1;460
1205862;BA;;;0;0;0;0;;;;;;
2751774;CE;;;1;1;1;1;458.1;502.4;506.7;445.3;1;460
1921852;SC;4;1;1;1;1;1;651.5;704.8;616.9;851.3;1;680
303932;PR;1;1;1;1;1;1;372.3;593.9;588;645.4;1;680
3421756;PA;;;0;0;0;0;;;;;;
3570775;SC;2;1;1;1;1;1;521;512.9;585.7;508.2;1;540
2514924;SP;;;1;1;1;1;508.6;585.2;507.2;476.8;1;840
608457;RJ;2;1;1;1;1;1;430.9;403.6;312.7;479.7;1;360
1927432;AM;;;0;0;0;0;;;;;;
834582;RJ;;;1;1;1;1;519.1;418.5;472.3;436.3;1;660
3964343;PA;;;1;1;1;1;559.1;602.3;530.7;485.2;1;620
1921229;SP;;;1;1;1;1;631.1;706.6;597;748.1;1;760
3214602;SP;4;1;1;1;1;1;481.2;573.8;576.3;580.8;1;600
2434981;MA;;;1;1;1;1;600.8;681.3;622.1;778.7;1;940
1896770;MG;2;1;0;0;0;0;;;;;;
3438032;SC;;;1;1;1;1;628.6;611.7;621.3;714.9;1;680
653172;SE;;;1;1;1;1;501.5;557.6;547.6;573.5;1;840
3667398;SP;2;1;0;0;0;0;;;;;;
3545907;CE;;;1;1;1;1;507.5;462.8;504.1;459.4;1;500
1746500;BA;;;1;1;1;1;451.3;414.5;524;409;1;580
475020;CE;2;1;1;1;1;1;455.8;481.2;508.9;390.9;1;640
1917578;MA;;;1;1;1;1;677.3;771;656.2;801.7;1;860
3659344;GO;2;1;0;0;0;0;;;;;;
2790922;RS;2;1;1;1;1;1;451.7;424.9;479;430.7;1;600
3500887;MG;;;1;1;1;1;417.7;336.6;517.6;443.8;1;660
853827;CE;;;1;1;1;1;534.8;456.4;519.5;443.4;1;540
1664606;SE;;;1;1;1;1;404.6;560.8;436.9;545.8;1;540
908153;PI;2;1;1;1;1;1;404.3;499.6;503.8;492.1;1;620
3207307;DF;;;0;0;0;0;;;;;;
744231;RJ;2;1;1;1;1;1;388.4;427.6;546.9;394.3;1;400
609327;AC;;;1;1;1;1;440.1;562.7;541.3;574.2;1;620
2633111;MT;2;1;0;0;0;0;;;;;;
1640194;CE;;;0;0;0;0;;;;;;
1190578;SP;;;1;1;1;1;497.1;541.9;567.2;627.3;1;760
2369269;MG;;;0;0;0;0;;;;;;
3446479;RS;2;1;1;1;1;1;501.2;460.5;561.4;519.7;1;580
2526700;MS;;;1;1;1;1;519.5;495.5;520.3;458.6;1;680
1844009;PE;;;1;1;1;1;413.8;325.5;429.1;442.6;1;640
3485185;PA;2;2;1;1;1;1;393.6;427.4;358.9;395.6;3;0
1288045;MS;;;1;1;1;1;353.5;377.3;362.1;456.8;1;360
1611042;MG;2;1;1;1;1;1;427;349.4;479.1;592;1;560
4166920;PA;2;1;1;1;1;1;446.5;509.5;478.3;436.6;1;460
2162162;BA;;;1;1;1;1;519;525.1;569.1;619.5;1;800
2748827;SP;;;1;1;1;1;680.1;648;651.2;774.4;1;760
1529211;SP;;;1;1;1;1;472.1;556.3;527.3;549.8;1;500
732924;MG;;;1;1;1;1;576.8;582.5;557.9;719.5;1;780
4232030;DF;;;0;0;0;0;;;;;;
4244694;MG;;;0;0;0;0;;;;;;
2642400;RN;;;0;0;0;0;;;;;;
90947;SP;2;1;0;0;0;0;;;;;;
333320;AL;;;1;1;1;1;497.1;570.8;563.8;591;1;860
2789284;RJ;;;1;1;1;1;494.3;558;531.5;549.8;1;900
3889114;SP;2;1;1;1;1;1;464.1;455.6;492.9;526.1;1;320
1455607;PE;2;1;1;1;1;1;500.8;505.8;503;408.2;1;480
1466608;SP;;;1;1;1;1;554;493.6;527.6;634.2;1;640
3385948;SC;;;1;1;1;1;536.6;555.3;553.1;549.1;1;740
1265120;PA;2;1;1;1;1;1;504.2;557.6;542.2;423.8;1;540
176446;CE;2;1;1;1;1;1;385.5;422.4;408.6;448;1;540
4053579;PA;;;1;1;1;1;356.5;437.3;401.2;443.3;1;560
600706;MS;2;1;0;0;0;0;;;;;;
1808061;RJ;4;1;1;1;1;1;772.4;670;621.3;725.7;1;900
2484991;CE;;;1;1;1;1;463.8;494.4;381.9;412.5;1;660
2537298;SE;4;1;1;1;1;1;522.4;581.1;580;614.2;1;820
3654513;SP;;;1;1;1;1;480;523.9;554;603;1;760
3974347;RS;;;0;0;0;0;;;;;;
2440269;MG;;;1;1;1;1;535.7;468.1;554;553.6;1;620
4088921;BA;2;1;1;1;1;1;467.1;430.8;431.5;456.9;8;0
629924;MG;2;1;1;1;1;1;416.3;448.6;484.2;537.2;1;780
3162112;BA;4;1;0;0;0;0;;;;;;
2209370;SP;4;1;1;1;1;1;597.3;652.5;557.3;641.4;1;860
3051485;BA;4;1;1;1;1;1;573.1;550.8;549.3;465.4;1;800
3595454;MA;2;1;1;1;1;1;581;611.7;528.1;582.2;1;920
2362070;BA;;;1;1;1;1;371.7;523.3;529.1;501.5;1;580
1394771;RS;;;0;1;1;0;;476.9;572.6;;1;600
3036189;SP;;;1;1;1;1;666.9;669;617.9;716.3;1;920
2230842;SP;2;1;0;0;0;0;;;;;;
1056082;PR;2;1;1;1;1;1;567;548;578;565.7;1;700
2411939;MA;;;1;1;1;1;407.6;526.2;555.3;472.3;1;780
4320159;RS;;;0;0;0;0;;;;;;
2783124;PR;4;1;1;1;1;1;432.6;373.7;479.5;374.8;1;380
2230269;PE;2;1;1;1;1;1;640.9;650.1;577;772.2;1;880
2397301;GO;2;1;0;1;1;0;;542.6;547.7;;1;380
2327258;RJ;4;1;1;1;1;1;534.6;591.5;593.9;682.2;1;840
3088838;SP;;;0;1;1;0;;366.6;564.7;;1;400
2393314;SC;2;1;1;1;1;1;498.2;459.2;514.9;445.9;1;780
3586003;MA;;;0;0;0;0;;;;;;
1387546;MG;;;1;1;1;1;584.1;574.6;592.3;576.3;1;860
789673;PA;;;0;0;0;0;;;;;;
4267246;PB;;;0;0;0;0;;;;;;
2417582;CE;2;1;1;1;1;1;445.2;356.9;430.2;404.4;1;560
3352055;PA;;;1;1;1;1;369;555.1;468.1;545.7;1;320
3762465;MA;2;1;0;0;0;0;;;;;;
1341815;RR;;;1;1;1;1;524.7;514.1;570.6;453.7;1;900
43451;PA;;;1;1;1;1;453.1;514;550.1;503;1;900
1208374;PA;2;1;0;0;0;0;;;;;;
1067268;MA;2;1;1;1;1;1;399.5;358.1;434.6;540.8;1;280
3372545;PA;;;0;0;0;0;;;;;;
1332803;SP;2;1;1;1;1;1;575.1;547.8;551;667.3;1;600
1522986;RO;2;1;0;0;0;0;;;;;;
3918642;PB;;;1;1;1;1;605.6;586.2;604.4;679.3;1;640
4274546;BA;;;0;0;0;0;;;;;;
4129404;RS;;;0;0;0;0;;;;;;
3970622;AM;2;1;0;0;0;0;;;;;;
1576613;MG;;;0;0;0;0;;;;;;
2666653;PB;;;1;1;1;1;585.2;633.4;601;629.5;1;960
4032171;RS;2;1;1;1;1;1;458.1;476.5;539.1;379.9;1;720
533303;PR;2;1;1;1;1;1;483.2;405.3;451.8;381.4;1;620
661348;TO;;;1;1;1;1;448.4;485;480.1;372.1;1;520
1197275;SP;;;1;1;1;1;596.6;572.3;577.7;618.6;1;700
3226285;GO;4;1;1;1;1;1;540.1;593.4;568.5;593.6;1;940
2007907;BA;2;1;1;1;1;1;548;633;580.8;624.9;1;680
4110158;SC;;;1;1;1;1;634.8;638.7;625.4;675.1;1;500
3773851;DF;2;1;1;1;1;1;396.8;522.2;541.3;514.7;1;600
2731291;RS;;;1;1;1;1;432.6;465;437.6;380.4;1;640
4197715;MG;;;0;0;0;0;;;;;;
1804905;RN;;;0;0;0;0;;;;;;
3957627;RS;;;0;1;1;0;;437.2;497.3;;8;0
921330;SE;;;1;1;1;1;620.2;630.1;575.8;772.7;1;920
933928;RJ;;;0;0;0;0;;;;;;
3800828;RN;;;0;0;0;0;;;;;;
954439;PR;2;1;1;1;1;1;454.6;498.2;539.7;470.1;1;840
247662;RS;;;0;0;0;0;;;;;;
1527926;SP;4;1;1;1;1;1;423.3;565.8;543.1;691.8;1;800
1248129;RJ;4;1;1;1;1;1;600.6;615.1;596;655.3;1;780
2609130;AC;;;1;1;1;1;568.7;638.9;582;698.9;1;760
3993610;RN;;;1;1;1;1;385.1;332.9;368.2;411.2;1;500
3897332;PR;;;0;1;1;0;;502.1;488.7;;1;700
3099850;SP;4;1;1;1;1;1;550.4;563.4;570.7;480;1;740
537151;SP;2;1;1;1;1;1;603.6;633.6;580.8;638.8;1;800
690218;RR;;;1;1;1;1;441.7;305.4;391.2;423.6;1;460
523005;PE;2;1;1;1;1;1;427.2;391.1;497.1;423;1;580
1106282;PE;2;1;1;1;1;1;625.4;642.8;568.6;701;1;640
3209897;GO;;;1;1;1;1;543.1;513;521.3;460;1;560
4077320;TO;2;1;1;1;1;1;482.8;335.7;455.1;426.5;1;500
4109769;DF;;;1;1;1;1;520.1;609.7;571.3;444.9;1;480
2828450;AL;;;1;1;1;1;450.9;524;591;642.9;1;780
530338;RN;2;1;1;1;1;1;461.1;502.7;461.7;497.1;1;400
824618;BA;2;1;1;1;1;1;453.8;579.6;559.5;415.7;1;740
2265416;AM;;;1;1;1;1;417.3;425.7;480.1;389;1;820
1767015;SP;;;1;1;1;1;675.4;657.8;606.3;749.3;1;800
2643160;MT;2;1;0;0;0;0;;;;;;
2102962;BA;4;1;1;1;1;1;590.9;605.6;548.9;638.9;1;640
3331173;SP;;;0;0;0;0;;;;;;
1491913;SP;2;1;1;1;1;1;523.6;615.4;577.1;627.1;1;720
3702536;SP;;;1;1;1;1;468.6;577;645.4;598.2;1;760
4017755;RN;1;1;1;1;1;1;459.9;434.5;554;474.2;1;720
2557316;BA;2;1;1;1;1;1;401.2;381.3;424.6;450.4;1;440
1173017;SP;;;0;0;0;0;;;;;;
2046019;SP;2;1;1;1;1;1;389.8;331.8;504.9;438.3;1;620
17356;RJ;4;1;1;1;1;1;432.6;521.8;528.1;509.7;1;760
367767;BA;;;0;0;0;0;;;;;;
1245530;GO;;;1;1;1;1;617.1;687.2;579.7;744.9;1;940
1251892;AM;4;1;1;1;1;1;572.6;612.5;591.5;555;1;920
2224261;PA;;;0;1;1;0;;520.4;544.2;;1;760
1843457;MA;;;1;1;1;1;382.7;379.5;391;382.2;1;360
2508152;PA;2;1;1;1;1;1;515.8;466.8;449.9;497.6;1;600
169702;ES;2;1;1;1;1;1;411.3;518.6;505.8;452.1;1;700
3443436;BA;;;1;1;1;1;606.6;609.5;630.9;596.8;1;740
621868;SP;;;1;0;0;1;447.6;;;561;;
2513880;AM;;;0;1;1;0;;452.9;481.8;;1;540
2206005;SP;;;1;1;1;1;584.3;619.8;557.8;566.3;1;780
1097302;RO;1;1;1;1;1;1;390.7;569.7;551;645.5;1;800
557772;CE;2;1;1;1;1;1;421.6;605.3;576;656.2;1;740
2685792;PA;2;1;1;1;1;1;405.9;346.3;380;434.3;6;0
3017844;BA;2;1;0;0;0;0;;;;;;
4227252;SC;;;0;0;0;0;;;;;;
151194;CE;;;0;0;0;0;;;;;;
3135063;SP;;;1;1;1;1;540;537;555.8;461.2;1;720
3791368;GO;;;0;1;1;0;;468.3;511.8;;1;440
1432698;RJ;;;1;1;1;1;521.7;572.6;542.5;588.9;1;680
3492635;BA;;;1;1;1;1;568.2;607.3;572.4;704.4;1;920
347382;AP;;;1;1;1;1;585.3;556.1;579;611.4;1;600
166177;ES;;;1;1;1;1;683.6;683.2;679.7;861;1;920
3141237;CE;;;1;1;1;1;575.2;640.9;644.4;574.1;1;920
2943506;GO;2;1;0;0;0;0;;;;;;
3815520;RJ;4;1;1;1;1;1;610.1;633.9;584;720.5;1;900
1272076;SP;;;1;1;1;1;598.9;554.3;565.4;649.1;1;900
2836849;SP;4;1;1;1;1;1;549.9;556.6;580.1;707.1;1;540
1844217;MA;2;1;1;1;1;1;430.9;419.6;424.5;574.1;1;680
3279081;SP;;;0;0;0;0;;;;;;
486976;RJ;;;0;0;0;0;;;;;;
790314;PE;2;1;1;1;1;1;535.1;558.9;570.3;456.2;1;640
1647890;DF;;;1;1;1;1;527.4;375.1;517.1;486.8;1;620
509652;MG;2;1;1;1;1;1;408.5;317.3;423.1;463.3;1;540
3597947;MG;2;1;1;1;1;1;483.9;513.2;521.1;443.1;1;560
3410717;MA;;;0;1;1;0;;425.7;497;;1;700
235852;SP;;;1;1;1;1;391.2;521.3;567.3;675.1;1;620
1535399;PE;;;1;1;1;1;377.4;377.4;472.3;396.5;1;660
2496690;PR;;;0;1;1;0;;460.4;563.4;;1;620
3204077;PA;2;1;1;1;1;1;537.4;398.7;519.7;406.1;1;660
4074021;SC;;;1;1;1;1;533.8;443.5;402.6;404.6;1;640
1373011;SP;;;1;1;1;1;459.1;523.5;581;635;1;680
838250;SP;4;1;1;1;1;1;554.2;435.7;554.7;623.8;1;700
874885;RS;;;1;1;1;1;537.9;585.2;554.7;609.5;1;840
3482314;SP;;;0;0;0;0;;;;;;
1117780;PA;2;1;1;1;1;1;424.2;526.6;416.4;396.5;1;360
1721431;RN;;;1;1;1;1;409.5;523.6;511.2;459.6;1;520
3461926;ES;;;0;1;1;0;;570.1;554.9;;1;760
2530814;RN;;;1;1;1;1;487.2;531.9;549.7;421.3;1;820
2702586;RJ;;;1;1;1;1;458.5;466.5;413.8;534.8;1;520
3669017;PB;;;1;1;1;1;498.5;638.8;611.7;414.5;1;520
1387642;MA;2;1;1;1;1;1;513.9;483.8;546.1;442.8;1;440
2491783;RJ;;;1;1;1;1;591.1;690.2;585.4;765.7;1;840
3885680;SP;;;1;1;1;1;553;520;555.3;513.3;1;520
2320132;SP;;;0;0;0;0;;;;;;
647143;SP;;;1;1;1;1;449;537.9;534.7;628.7;1;580
2129385;PR;2;1;1;1;1;1;403.6;451.4;448.5;448.3;1;520
2156567;BA;;;1;1;1;1;351.7;536.7;548.6;640.7;1;880
795275;RS;;;0;0;0;0;;;;;;
3372044;MT;;;0;0;0;0;;;;;;
637137;SP;;;0;0;0;0;;;;;;
1510832;BA;2;1;1;1;1;1;473.9;456.6;517.9;521.4;1;480
396242;PA;;;0;1;1;0;;570.4;575.5;;1;600
1613396;GO;;;1;1;1;1;481.5;505.9;488.6;477.7;1;480
3395419;AL;;;0;0;0;0;;;;;;
951683;SP;2;1;0;0;0;0;;;;;;
903680;CE;;;1;1;1;1;593.1;575.1;579.5;731.4;1;860
3919583;RJ;;;1;1;1;1;536.9;572.3;614.5;444.8;1;660
1286676;PE;2;1;1;1;1;1;418.8;458.9;391.1;531.3;1;320
1610583;RS;;;1;1;1;1;583.9;649;642.1;694.6;1;920
305617;PB;;;1;1;1;1;541.9;549.2;588.6;570.6;1;800
2168646;MG;2;1;1;1;1;1;610.2;544.5;549.1;574.1;1;720
4004275;RJ;;;1;1;1;1;522.9;506.3;556;564;1;920
867006;PE;2;1;2;1;1;2;;577.4;592.7;;1;760
3522311;BA;2;1;1;1;1;1;355.8;383.4;483;540.9;4;0
947805;SP;;;1;1;1;1;444.7;641.5;635;460.5;1;720
3115542;PE;;;1;1;1;1;574.8;653;608;515.7;1;660
921400;PR;;;1;1;1;1;496.7;603.1;580.2;438.7;1;600
433253;DF;;;0;0;0;0;;;;;;
4140443;CE;;;1;1;1;1;500.7;380.8;505;414.6;6;0
2860192;PE;;;1;1;1;1;579;553.7;560.1;535.2;1;680
3460541;PE;;;1;1;1;1;428.3;381.5;486.3;460.7;1;400
3020966;PR;2;1;1;1;1;1;359.8;442.2;346.8;420.9;1;360
1577381;CE;2;1;1;1;1;1;381.2;473.6;420.3;467.8;4;0
3673706;MG;2;1;1;1;1;1;453.3;430.8;392.3;447.1;1;420
2487710;CE;;;1;1;1;1;525.7;604.9;534.7;441.1;1;420
2551593;RO;4;1;1;1;1;1;563.6;512.2;469.8;603.8;1;720
3689662;SP;2;1;0;0;0;0;;;;;;
3349678;PR;2;1;0;1;1;0;;472.7;451.8;;1;420
3719919;AP;;;1;1;1;1;499.5;349.5;375.7;437;1;240
2853186;SP;;;1;1;1;1;487;391.1;495.5;430.7;1;400
471610;RS;;;0;0;0;0;;;;;;
3390282;RS;2;1;1;1;1;1;451.7;536.8;554.8;511.8;4;0
1343055;BA;2;1;0;0;0;0;;;;;;
2077062;TO;;;0;0;0;0;;;;;;
977098;BA;;;0;0;0;0;;;;;;
