CO_ENTIDADE;NO_MUNICIPIO;TP_DEPENDENCIA;TP_LOCALIZACAO;TP_LOCALIZACAO_DIFERENCIADA;TP_SITUACAO_FUNCIONAMENTO;QT_MAT_BAS;QT_DOC_BAS;QT_TUR_BAS;QT_SALAS_UTILIZADAS;IN_INTERNET;IN_BIBLIOTECA;IN_AGUA_POTAVEL;IN_ENERGIA_INEXISTENTE
13012533;Alvarães;2;1;0;1;783;30;27;9;1;0;1;0
13012568;Alvarães;2;1;0;1;603;25;20;8;0;0;1;0
13012584;Alvarães;3;2;0;1;9;1;1;1;1;0;1;0
13012592;Alvarães;3;2;0;1;23;2;2;1;0;0;1;0
13012630;Alvarães;3;2;0;1;53;4;4;2;1;0;1;0
13012665;Alvarães;3;2;0;1;41;3;3;1;0;0;1;0
13012690;Alvarães;3;2;0;1;27;2;2;2;1;0;1;0
13012703;Alvarães;3;2;0;1;44;2;3;1;0;0;1;0
13012720;Alvarães;3;2;2;1;118;9;9;4;1;1;1;0
13012746;Alvarães;3;2;0;1;6;1;1;1;0;0;1;0
13012754;Alvarães;3;2;0;1;106;10;9;3;1;0;1;0
13012789;Alvarães;3;2;0;1;28;2;2;1;1;0;1;0
13012797;Alvarães;3;2;0;1;11;1;1;1;0;0;1;0
13012827;Alvarães;3;2;0;1;147;10;12;4;1;1;1;0
13012843;Alvarães;3;2;2;1;117;10;9;4;1;0;1;0
13012851;Alvarães;3;2;2;1;230;23;16;9;1;0;1;0
13012860;Alvarães;3;2;0;1;10;1;1;1;0;0;1;0
13012878;Alvarães;3;2;0;1;16;1;1;1;1;0;1;0
13012924;Alvarães;3;2;0;1;99;7;8;2;1;0;1;0
13012932;Alvarães;3;2;0;1;101;9;8;4;1;1;1;0
13012940;Alvarães;3;2;2;1;41;3;3;3;1;0;0;0
13012967;Alvarães;3;2;0;1;137;9;8;5;1;1;1;0
13012975;Alvarães;3;2;3;1;114;8;9;4;1;0;1;0
13012991;Alvarães;3;2;2;1;85;9;8;4;1;1;1;0
13013017;Alvarães;3;2;0;1;51;5;4;3;1;0;1;0
13013025;Alvarães;3;2;0;1;12;1;1;2;1;0;1;0
13013033;Alvarães;2;1;0;1;396;16;12;6;0;0;1;0
13013041;Alvarães;3;2;0;1;9;1;1;1;0;0;1;0
13057790;Alvarães;3;2;0;1;22;2;2;2;0;0;1;0
13058002;Alvarães;3;2;0;1;26;2;2;2;1;0;1;0
13066242;Alvarães;3;2;0;1;234;16;12;9;1;0;1;0
13067540;Alvarães;3;2;0;1;40;3;3;2;1;0;1;0
13069845;Alvarães;3;2;2;1;99;7;6;4;1;0;1;0
13069853;Alvarães;3;2;0;1;40;4;4;1;0;0;1;0
13069861;Alvarães;3;2;0;1;27;2;3;1;1;0;1;0
13069870;Alvarães;3;2;2;1;33;2;3;2;1;0;0;0
13069888;Alvarães;3;2;0;1;46;2;3;1;1;0;1;0
13069900;Alvarães;3;2;0;1;17;1;1;1;0;0;1;0
13069934;Alvarães;3;2;2;1;12;1;1;1;1;0;1;0
13069942;Alvarães;3;2;2;1;24;2;2;1;1;0;0;0
13069950;Alvarães;3;1;0;1;579;39;23;12;0;1;1;0
13072137;Alvarães;3;2;0;1;41;2;3;2;1;0;1;0
13076469;Alvarães;3;2;0;1;8;1;1;1;1;0;1;0
13076477;Alvarães;3;2;0;1;11;1;1;1;1;0;1;0
13076507;Alvarães;3;2;2;1;27;2;2;1;1;0;1;0
13087312;Alvarães;3;2;2;1;43;3;3;2;0;0;1;0
13088262;Alvarães;3;2;0;1;7;1;1;1;1;0;0;0
13088270;Alvarães;3;2;2;1;65;4;4;3;1;0;1;0
13093908;Alvarães;2;1;0;1;123;21;4;8;1;1;1;0
13096753;Alvarães;3;1;0;1;439;25;16;11;1;1;1;0
13096788;Alvarães;3;2;0;1;21;2;2;1;1;0;1;0
13096796;Alvarães;3;2;0;1;8;1;1;1;0;0;1;0
13097458;Alvarães;3;2;0;1;24;1;2;1;1;0;1;0
13099264;Alvarães;3;2;0;1;43;3;3;2;0;0;1;0
13103610;Alvarães;2;2;0;1;89;34;5;5;1;0;1;0
13104462;Alvarães;3;2;0;1;17;2;2;1;0;0;1;0
13104470;Alvarães;3;2;0;1;18;2;3;1;0;0;1;0
13104594;Alvarães;3;2;0;1;49;3;4;1;0;0;1;0
13219200;Alvarães;2;2;0;1;110;37;8;8;1;0;1;0
13264249;Alvarães;3;2;0;1;23;2;3;1;0;0;1;0
13307363;Alvarães;3;2;0;1;8;1;1;1;0;0;1;0
13312219;Alvarães;3;1;0;1;711;30;32;17;1;0;1;0
13004298;Amaturá;3;2;0;1;263;10;12;7;1;0;1;0
13004301;Amaturá;2;1;;2;;;;;;;;
13004310;Amaturá;3;2;0;1;159;7;8;5;1;0;1;0
13004425;Amaturá;3;2;2;1;135;7;9;4;1;0;1;0
13004468;Amaturá;3;2;2;1;352;21;19;8;1;0;1;0
13004484;Amaturá;3;2;2;1;93;5;6;3;1;0;1;0
13004549;Amaturá;3;2;0;1;79;5;5;4;1;0;1;0
13061011;Amaturá;3;2;2;1;24;2;2;2;1;0;1;0
13061038;Amaturá;3;2;2;1;119;5;6;3;1;0;1;0
13061070;Amaturá;3;2;2;1;144;6;7;4;1;0;1;0
13061100;Amaturá;3;2;0;1;12;1;1;1;0;0;1;1
13061127;Amaturá;3;1;0;1;368;21;23;12;1;1;1;0
13067729;Amaturá;3;2;;2;;;;;;;;
13079492;Amaturá;3;2;2;1;18;1;1;1;1;0;1;0
13079506;Amaturá;3;2;2;1;59;3;4;2;1;0;1;0
13083287;Amaturá;3;2;0;1;14;1;1;2;0;0;1;0
13083309;Amaturá;2;1;0;1;792;39;31;13;1;1;1;0
13091042;Amaturá;3;2;2;1;14;1;1;1;1;0;1;0
13097105;Amaturá;3;1;0;1;232;10;12;6;0;1;1;0
13097733;Amaturá;2;1;0;1;66;17;2;5;1;0;1;0
13099361;Amaturá;2;2;0;1;112;38;9;9;1;0;1;0
13100076;Amaturá;3;2;2;1;191;11;10;5;1;0;1;0
13102400;Amaturá;3;1;;2;;;;;;;;
13102770;Amaturá;3;2;2;1;17;1;1;1;1;0;1;0
13103431;Amaturá;2;2;2;1;303;38;15;6;1;0;1;0
13103601;Amaturá;3;2;2;1;91;4;5;4;0;0;1;0
13104764;Amaturá;3;2;2;1;22;2;1;1;0;0;1;1
13109960;Amaturá;3;2;2;1;14;2;2;3;0;0;1;1
13109979;Amaturá;3;1;0;1;420;30;24;16;0;1;1;0
13145207;Amaturá;3;2;0;1;43;2;2;2;1;0;1;0
13238213;Amaturá;2;2;2;1;39;34;5;5;1;0;1;0
13014269;Anamã;3;2;0;1;49;5;4;3;1;0;1;0
13014293;Anamã;2;2;0;1;110;37;9;4;1;1;1;0
13014307;Anamã;2;1;0;1;236;11;9;6;1;1;1;0
13014358;Anamã;3;2;0;1;63;6;5;3;1;0;1;0
13014390;Anamã;3;2;0;1;91;6;6;2;1;0;1;0
13014447;Anamã;3;2;2;1;21;1;1;1;0;1;1;0
13014480;Anamã;3;2;0;1;38;5;5;4;1;0;1;0
13014498;Anamã;3;2;2;1;69;5;4;2;0;0;1;0
13014528;Anamã;3;2;0;1;17;1;1;3;0;0;1;0
13014587;Anamã;3;2;0;1;34;2;2;2;0;0;1;0
13014668;Anamã;3;2;0;1;54;6;5;4;1;0;1;0
13014684;Anamã;3;2;2;1;77;5;4;4;1;0;1;0
13014781;Anamã;2;2;0;1;124;40;9;9;1;1;1;0
13014790;Anamã;2;1;0;1;154;7;6;3;1;0;1;0
13014803;Anamã;2;1;0;1;371;22;16;6;1;1;1;0
13014820;Anamã;3;2;0;1;41;5;4;4;1;0;1;0
13062018;Anamã;3;2;0;1;20;1;1;2;0;0;1;0
13062026;Anamã;3;2;0;1;46;2;2;1;1;0;1;0
13065068;Anamã;3;2;0;1;54;3;3;3;0;0;1;0
13065076;Anamã;3;2;0;1;126;5;8;2;0;0;1;0
13080628;Anamã;3;2;0;1;61;6;6;3;1;0;1;0
13089340;Anamã;3;1;0;1;196;17;8;7;1;1;1;0
13094262;Anamã;2;1;0;1;236;30;6;6;1;0;1;0
13094971;Anamã;3;1;0;1;291;13;16;8;1;0;1;0
13101854;Anamã;3;2;0;1;64;6;6;3;1;0;1;0
13102559;Anamã;3;1;0;1;345;17;16;8;1;1;1;0
13103130;Anamã;2;2;0;1;65;32;5;5;1;0;1;0
13104691;Anamã;3;2;0;1;94;5;5;5;1;0;1;0
13104705;Anamã;3;2;0;1;90;6;7;4;1;1;1;0
13220209;Anamã;2;2;0;1;38;34;6;6;1;0;1;0
13014846;Anori;2;1;0;1;600;36;22;15;1;1;1;0
13014862;Anori;3;2;0;1;141;10;10;5;0;0;1;0
13014870;Anori;3;2;;3;;;;;;;;
13014897;Anori;3;2;0;1;10;1;1;1;0;0;1;0
13014900;Anori;3;2;;3;;;;;;;;
13014994;Anori;3;2;0;1;196;11;11;7;0;0;1;0
13015060;Anori;3;2;;2;;;;;;;;
13015109;Anori;3;2;0;1;120;10;9;7;0;0;1;0
13015184;Anori;3;2;0;1;8;1;1;2;0;0;1;1
13015206;Anori;3;2;0;1;4;1;1;2;0;0;1;0
13015230;Anori;3;2;0;1;20;1;2;2;0;0;1;1
13015249;Anori;3;2;;3;;;;;;;;
13015273;Anori;2;1;0;1;605;26;23;9;1;0;1;0
13015281;Anori;2;1;0;1;408;28;21;22;0;1;1;0
13015290;Anori;3;2;;2;;;;;;;;
13015311;Anori;3;2;0;1;40;3;3;2;0;0;1;1
13015320;Anori;3;1;0;1;507;29;24;11;1;1;1;0
13015516;Anori;3;2;8;1;93;5;5;3;1;0;0;0
13015613;Anori;3;2;8;1;109;6;8;4;0;0;1;0
13015656;Anori;3;2;2;1;61;4;3;2;0;0;1;1
13015710;Anori;3;2;8;1;35;4;3;2;0;0;0;0
13015818;Anori;3;2;8;1;24;1;2;1;0;0;0;1
13062190;Anori;3;2;0;1;42;5;4;5;0;0;1;1
13070690;Anori;3;2;;3;;;;;;;;
13070703;Anori;3;1;0;1;341;18;16;10;0;0;1;0
13075993;Anori;3;2;2;1;9;1;1;1;0;0;1;1
13084763;Anori;3;1;0;1;392;17;18;9;0;1;1;0
13096184;Anori;3;2;2;1;15;1;2;1;0;0;1;1
13096249;Anori;3;2;2;1;17;2;2;1;0;0;1;1
13103954;Anori;2;1;0;1;259;41;7;10;1;0;1;0
13105507;Anori;3;1;0;1;198;11;14;7;1;1;1;0
13109383;Anori;3;2;8;1;7;1;1;1;0;0;1;1
13109391;Anori;3;2;8;1;12;1;2;1;0;0;1;1
13109871;Anori;3;2;0;1;34;5;4;2;0;0;1;1
13109880;Anori;3;1;0;1;356;27;16;12;0;1;1;0
13220250;Anori;2;2;0;1;115;39;10;10;1;0;1;0
13048368;Apuí;3;2;;2;;;;;;;;
13048520;Apuí;3;2;0;1;151;14;10;10;1;0;1;0
13048619;Apuí;2;1;0;1;667;30;31;12;1;1;1;0
13054546;Apuí;3;2;;2;;;;;;;;
13054791;Apuí;3;2;;2;;;;;;;;
13054996;Apuí;3;2;0;1;147;14;9;9;1;0;1;0
13059203;Apuí;2;1;0;1;733;24;27;11;1;1;1;0
13070720;Apuí;3;2;0;1;126;11;9;10;1;1;1;0
13070738;Apuí;3;1;0;1;350;24;22;11;1;1;1;0
13079905;Apuí;3;1;0;1;218;15;12;8;1;1;1;0
13083112;Apuí;3;1;0;1;629;35;30;16;1;1;1;0
13083147;Apuí;3;2;;2;;;;;;;;
13083155;Apuí;3;2;;2;;;;;;;;
13083163;Apuí;3;2;;2;;;;;;;;
13083228;Apuí;3;2;;2;;;;;;;;
13093878;Apuí;2;1;0;1;186;33;6;7;1;1;1;0
13095374;Apuí;3;2;;2;;;;;;;;
13097440;Apuí;3;1;;2;;;;;;;;
13106147;Apuí;3;2;0;1;52;2;2;2;1;0;1;0
13107763;Apuí;3;1;0;1;268;21;13;7;1;0;1;0
13139207;Apuí;3;2;0;1;63;2;2;2;1;0;1;0
13220268;Apuí;2;2;0;1;109;37;9;9;1;0;0;0
13108883;Apuí;3;2;0;1;213;11;12;14;1;1;1;0
13109847;Apuí;3;2;0;1;70;4;4;2;1;0;1;0
13004620;Atalaia do Norte;3;2;2;1;24;2;2;2;1;0;1;1
13004646;Atalaia do Norte;3;2;0;1;38;3;3;2;1;0;0;0
13004662;Atalaia do Norte;3;2;0;1;65;2;4;2;1;1;0;0
13004689;Atalaia do Norte;3;2;2;1;145;8;7;6;1;0;1;0
13004697;Atalaia do Norte;3;2;2;1;184;10;10;5;1;0;1;1
13004719;Atalaia do Norte;3;1;0;1;630;29;25;13;1;0;1;0
13004735;Atalaia do Norte;3;2;2;1;19;3;2;2;1;0;1;1
13004751;Atalaia do Norte;3;2;2;1;53;2;3;3;1;0;1;1
13004786;Atalaia do Norte;3;2;2;1;75;3;4;3;0;0;1;1
13004794;Atalaia do Norte;3;2;2;1;4;1;1;1;1;0;1;1
13004808;Atalaia do Norte;3;2;0;1;38;2;3;2;1;0;0;0
13004816;Atalaia do Norte;3;2;0;1;28;3;4;2;0;0;0;1
13004832;Atalaia do Norte;3;2;0;1;3;1;1;1;0;0;0;0
13004840;Atalaia do Norte;2;1;0;1;568;20;21;8;1;0;1;0
13004883;Atalaia do Norte;3;2;2;1;45;3;3;3;1;0;1;0
13004930;Atalaia do Norte;3;2;2;1;12;1;1;1;1;0;1;1
13004948;Atalaia do Norte;2;1;0;1;215;13;9;3;0;0;1;0
13004956;Atalaia do Norte;2;2;0;1;126;37;14;5;0;1;1;0
13004964;Atalaia do Norte;2;1;0;1;636;47;28;10;1;1;1;0
13004972;Atalaia do Norte;2;2;0;1;76;36;10;4;0;0;1;0
13064266;Atalaia do Norte;3;2;2;1;28;3;3;4;1;0;1;1
13069586;Atalaia do Norte;3;2;2;1;6;1;1;2;1;0;1;1
13069594;Atalaia do Norte;3;2;2;1;5;1;1;2;1;0;1;1
13074121;Atalaia do Norte;3;2;2;1;53;3;3;2;1;0;1;1
13080601;Atalaia do Norte;3;2;;2;;;;;;;;
13080610;Atalaia do Norte;3;2;2;1;27;2;2;1;1;0;1;0
13080644;Atalaia do Norte;3;2;2;1;9;1;1;1;1;0;1;1
13080652;Atalaia do Norte;3;2;0;1;69;4;5;3;1;0;0;1
13080660;Atalaia do Norte;3;2;2;1;11;1;1;1;0;0;1;1
13080679;Atalaia do Norte;3;2;2;1;33;2;2;2;1;0;1;1
13082779;Atalaia do Norte;3;2;2;1;22;2;2;2;1;0;1;1
13082787;Atalaia do Norte;3;2;2;1;8;1;1;1;1;0;1;1
13082795;Atalaia do Norte;3;2;2;1;26;1;2;2;1;0;1;0
13082809;Atalaia do Norte;3;2;2;1;4;1;1;1;1;0;1;1
13082817;Atalaia do Norte;3;2;2;1;31;2;2;1;1;0;0;1
13082825;Atalaia do Norte;3;2;2;1;12;1;1;2;1;0;1;1
13084593;Atalaia do Norte;3;2;2;1;4;1;1;1;1;0;1;1
13090275;Atalaia do Norte;3;2;2;1;11;2;2;1;0;0;0;1
13094777;Atalaia do Norte;3;1;0;1;201;15;8;8;1;0;1;0
13094785;Atalaia do Norte;3;2;0;1;41;3;4;2;1;0;0;0
13094823;Atalaia do Norte;3;2;0;1;51;2;4;2;1;0;0;0
13094874;Atalaia do Norte;3;2;0;1;5;1;1;1;0;0;0;1
13096451;Atalaia do Norte;2;1;0;1;245;40;7;11;1;0;1;0
13098756;Atalaia do Norte;3;2;2;1;21;1;1;1;0;0;1;1
13098772;Atalaia do Norte;3;2;2;1;33;2;2;2;1;0;1;1
13098780;Atalaia do Norte;3;2;0;1;23;1;3;1;0;0;0;0
13100084;Atalaia do Norte;3;2;2;1;33;2;2;2;1;0;1;1
13100092;Atalaia do Norte;3;2;2;1;12;1;2;2;1;0;1;1
13100106;Atalaia do Norte;3;2;2;1;24;2;2;2;1;0;1;1
13100114;Atalaia do Norte;3;2;2;1;5;1;1;1;1;0;1;1
13100599;Atalaia do Norte;3;2;2;1;36;2;2;2;1;0;1;1
13100823;Atalaia do Norte;3;2;2;1;68;3;2;2;0;0;1;1
13100831;Atalaia do Norte;3;2;2;1;35;3;2;2;1;0;1;1
13101471;Atalaia do Norte;3;2;2;1;22;2;2;1;1;0;1;1
13101480;Atalaia do Norte;3;2;2;1;49;3;2;1;1;0;1;1
13102974;Atalaia do Norte;3;2;2;1;47;3;2;2;1;0;1;1
13102982;Atalaia do Norte;3;2;2;1;12;1;1;1;1;0;1;1
13102990;Atalaia do Norte;3;2;2;1;15;2;2;1;1;0;1;1
13103040;Atalaia do Norte;3;2;2;1;21;2;2;2;1;0;1;1
13105086;Atalaia do Norte;3;2;0;1;12;1;2;1;0;0;0;1
13105612;Atalaia do Norte;3;2;2;1;7;1;1;1;1;0;1;1
13105620;Atalaia do Norte;3;2;2;1;7;1;1;1;1;0;1;1
13105639;Atalaia do Norte;3;1;;2;;;;;;;;
13106457;Atalaia do Norte;4;1;0;1;64;6;7;6;0;0;1;0
13106716;Atalaia do Norte;3;2;2;1;29;3;4;2;1;0;1;1
13106732;Atalaia do Norte;3;2;2;1;54;2;2;1;1;0;1;1
13106740;Atalaia do Norte;3;2;2;1;37;4;4;1;1;0;1;1
13109006;Atalaia do Norte;3;2;2;1;20;2;2;2;1;0;1;1
13109405;Atalaia do Norte;3;2;2;1;40;3;3;2;1;0;1;1
13109600;Atalaia do Norte;3;2;2;1;34;2;2;2;1;0;1;1
13109839;Atalaia do Norte;3;1;0;1;518;22;23;15;1;1;1;0
13122002;Atalaia do Norte;3;2;0;1;102;8;11;5;0;0;1;0
13122207;Atalaia do Norte;3;1;0;1;558;29;20;11;1;0;1;0
13222210;Atalaia do Norte;2;2;;2;;;;;;;;
13247212;Atalaia do Norte;3;2;0;1;21;1;2;1;0;0;0;1
13249207;Atalaia do Norte;3;2;0;1;67;9;9;6;1;1;1;0
13251201;Atalaia do Norte;3;2;0;1;55;5;5;3;1;0;0;1
13307410;Atalaia do Norte;2;2;0;1;725;65;102;73;1;0;1;0
13018990;Autazes;2;1;0;1;384;25;20;10;0;1;1;0
13019007;Autazes;2;1;0;1;1106;51;43;19;1;1;1;0
13019058;Autazes;3;2;2;1;94;6;5;5;0;0;1;0
13019082;Autazes;3;2;2;1;139;8;9;10;1;0;1;0
13019104;Autazes;3;2;0;1;215;11;11;8;1;1;1;0
13019112;Autazes;3;2;0;1;34;3;3;3;1;0;1;0
13019163;Autazes;3;2;0;1;157;12;11;8;1;1;1;0
13019201;Autazes;3;2;2;1;174;7;10;5;1;0;1;0
13019252;Autazes;3;2;0;1;202;13;12;10;1;0;1;0
13019287;Autazes;3;2;0;1;75;7;6;6;0;0;1;0
13019368;Autazes;3;2;0;1;34;2;2;2;0;0;1;0
13019384;Autazes;3;2;0;1;33;2;2;2;0;0;1;0
13019422;Autazes;3;2;0;1;22;1;1;1;0;0;1;0
13019481;Autazes;3;2;0;1;30;5;3;4;0;0;1;1
13019562;Autazes;3;2;0;1;219;13;12;8;1;1;1;0
13019570;Autazes;3;2;0;1;77;6;5;4;1;1;1;0
13019589;Autazes;2;1;0;1;546;31;25;11;0;1;1;0
13019597;Autazes;3;2;0;1;162;12;11;11;1;0;1;0
13019627;Autazes;3;2;2;1;218;12;11;10;1;0;1;0
13019635;Autazes;3;2;0;1;128;8;8;7;0;0;1;0
13019708;Autazes;3;2;0;1;80;7;6;6;0;0;1;0
13019805;Autazes;3;2;1;1;82;7;6;6;1;0;1;0
13019813;Autazes;3;2;2;1;154;8;9;7;1;0;1;0
13019848;Autazes;3;2;0;1;183;10;11;7;1;1;1;0
13019864;Autazes;3;2;2;1;415;22;21;11;1;0;1;0
13019899;Autazes;3;2;0;1;449;22;21;13;1;1;1;0
13019945;Autazes;3;2;;2;;;;;;;;
13019961;Autazes;3;2;0;1;257;13;13;7;1;1;1;0
13019996;Autazes;3;2;0;1;177;11;10;10;1;0;1;0
13020005;Autazes;3;2;0;1;70;6;5;5;1;0;1;0
13020021;Autazes;3;2;2;1;100;8;7;4;1;0;1;0
13020137;Autazes;3;1;0;1;724;41;42;20;1;0;1;0
13056611;Autazes;3;2;0;1;76;7;6;5;1;1;1;0
13056913;Autazes;3;2;0;1;106;7;6;6;1;0;1;0
13057294;Autazes;3;2;2;1;28;3;3;2;0;0;1;0
13059548;Autazes;2;1;0;1;1401;62;46;13;1;1;1;0
13064509;Autazes;2;1;0;1;468;16;16;8;0;0;1;0
13066889;Autazes;3;2;0;1;401;19;20;10;1;0;1;0
13066927;Autazes;3;2;2;1;143;11;10;5;0;0;1;0
13067222;Autazes;3;2;0;1;177;11;10;10;1;0;1;0
13070266;Autazes;3;2;0;1;365;16;18;11;1;1;1;0
13081322;Autazes;3;2;2;1;43;3;3;4;0;0;1;0
13088475;Autazes;3;2;0;1;55;5;4;4;1;0;1;0
13089854;Autazes;3;2;1;1;133;7;6;4;1;0;1;0
13091573;Autazes;3;1;;2;;;;;;;;
13094483;Autazes;2;1;0;1;234;31;6;16;1;1;1;0
13098063;Autazes;3;1;0;1;;;;3;1;1;1;0
13100009;Autazes;3;2;;2;;;;;;;;
13100025;Autazes;3;2;0;1;37;2;2;2;1;0;1;0
13100033;Autazes;3;2;0;1;369;17;15;10;1;0;1;0
13100041;Autazes;3;2;0;1;45;3;3;3;0;0;1;1
13100050;Autazes;3;2;0;1;20;3;3;3;0;0;1;0
13101943;Autazes;3;2;1;1;75;6;5;7;1;0;1;0
13102877;Autazes;3;1;0;1;484;26;20;10;1;0;1;0
13103148;Autazes;2;2;2;1;219;45;19;17;1;0;1;0
13103334;Autazes;3;1;0;1;226;16;13;9;1;0;1;0
13106384;Autazes;2;2;0;1;201;40;10;6;1;1;1;0
13109855;Autazes;3;1;0;1;221;13;15;5;0;0;1;0
13109863;Autazes;3;2;2;1;93;5;5;5;0;0;1;0
13109898;Autazes;3;2;0;1;18;1;1;1;0;0;1;1
13221205;Autazes;2;2;0;1;416;57;29;31;1;0;1;0
13000055;Barcelos;3;2;;2;;;;;;;;
13000110;Barcelos;3;2;0;1;22;3;3;1;0;0;1;0
13000128;Barcelos;3;2;0;1;13;2;2;1;0;0;1;0
13000136;Barcelos;2;1;0;1;506;33;16;8;1;0;1;0
13000144;Barcelos;3;1;0;1;128;14;7;4;0;0;1;0
13000179;Barcelos;3;2;0;1;43;4;5;3;0;1;1;0
13000187;Barcelos;3;2;0;1;11;2;2;1;0;0;1;1
13000225;Barcelos;3;2;0;1;28;2;3;1;0;0;1;0
13000241;Barcelos;3;2;0;1;8;1;1;1;0;0;1;1
13000314;Barcelos;3;2;0;1;29;3;3;2;0;0;1;0
13000322;Barcelos;3;2;0;1;130;9;8;6;0;0;1;0
13000330;Barcelos;3;2;0;1;41;5;4;2;0;0;1;0
13000349;Barcelos;3;2;0;1;15;2;2;1;0;1;1;1
13000357;Barcelos;3;2;0;1;24;2;2;1;0;0;1;0
13000365;Barcelos;3;2;0;1;26;3;3;3;0;0;1;0
13000381;Barcelos;3;2;0;1;60;7;6;7;0;0;1;0
13000403;Barcelos;2;1;0;1;463;27;21;11;0;0;1;0
13000411;Barcelos;2;1;0;1;860;38;30;16;1;1;1;0
13000420;Barcelos;3;2;0;1;17;3;3;1;0;0;1;0
13000446;Barcelos;3;2;0;1;11;1;1;1;0;0;1;1
13055941;Barcelos;3;2;0;1;116;11;7;5;0;0;1;0
13055968;Barcelos;3;2;0;1;35;4;4;2;0;0;1;0
13055976;Barcelos;3;2;0;1;28;4;3;1;0;0;1;0
13055984;Barcelos;3;1;0;1;562;40;22;11;1;1;1;0
13055992;Barcelos;3;1;0;1;151;13;9;6;0;0;0;0
13056000;Barcelos;3;2;0;1;26;4;4;2;0;0;1;0
13063880;Barcelos;3;2;;2;;;;;;;;
13063995;Barcelos;3;1;0;1;107;10;7;5;0;1;1;0
13067753;Barcelos;3;2;;2;;;;;;;;
13071262;Barcelos;3;2;2;1;49;4;4;5;0;0;1;1
13071270;Barcelos;3;1;0;1;285;16;11;11;1;0;1;0
13077775;Barcelos;3;2;0;1;11;2;2;2;0;0;1;0
13079964;Barcelos;3;2;0;1;28;3;3;2;0;0;1;1
13079972;Barcelos;3;2;0;1;36;3;4;3;0;0;1;0
13083392;Barcelos;3;2;0;1;27;4;3;2;0;0;1;0
13084798;Barcelos;3;2;0;1;20;2;2;2;0;0;1;0
13084801;Barcelos;3;2;0;1;7;1;1;1;0;0;1;1
13084810;Barcelos;3;2;0;1;21;2;2;2;0;0;1;0
13084836;Barcelos;3;2;0;1;4;1;1;1;0;0;1;1
13089510;Barcelos;3;1;0;1;386;24;16;8;0;0;1;0
13089528;Barcelos;3;2;0;1;36;3;4;2;0;0;1;0
13092138;Barcelos;3;2;0;1;6;1;1;1;0;0;1;1
13093886;Barcelos;2;1;0;1;219;38;6;6;1;0;1;0
13098128;Barcelos;3;2;2;1;69;4;5;3;0;0;1;1
13099779;Barcelos;3;2;2;1;128;8;8;4;0;0;1;1
13101951;Barcelos;3;2;2;1;104;8;8;6;0;0;1;1
13104292;Barcelos;3;2;2;1;32;3;3;3;0;0;1;1
13104306;Barcelos;3;2;2;1;17;1;1;1;0;0;1;1
13104977;Barcelos;3;2;2;1;164;11;11;6;0;0;1;1
13104985;Barcelos;3;2;0;1;22;2;2;2;0;0;1;0
13107461;Barcelos;3;2;0;1;23;2;2;1;0;0;1;0
13108743;Barcelos;3;2;0;1;6;1;1;1;0;0;1;1
13108751;Barcelos;3;2;;2;;;;;;;;
13109669;Barcelos;3;2;0;1;32;3;3;2;0;0;1;0
13220276;Barcelos;2;2;0;1;364;78;51;29;1;0;1;0
13310216;Barcelos;3;2;0;1;17;2;2;1;0;0;1;1
13310224;Barcelos;3;2;0;1;48;5;4;2;0;0;1;0
13310232;Barcelos;3;2;2;1;63;6;6;4;0;0;1;1
13037943;Barreirinha;3;2;;3;;;;;;;;
13037951;Barreirinha;3;2;8;1;62;8;6;3;1;0;1;0
13037960;Barreirinha;3;2;2;1;114;11;8;5;0;0;1;0
13037978;Barreirinha;3;2;0;1;37;4;4;1;1;0;1;0
13037986;Barreirinha;3;2;8;1;55;6;5;3;1;0;1;0
13038010;Barreirinha;2;1;0;1;431;34;17;14;1;1;1;0
13038028;Barreirinha;3;2;2;1;237;15;14;7;1;0;1;0
13038036;Barreirinha;3;2;2;1;28;2;2;2;1;0;1;0
13038052;Barreirinha;3;2;8;1;23;3;2;2;0;0;1;0
13038079;Barreirinha;3;2;3;1;46;6;4;2;1;0;1;0
13038087;Barreirinha;3;2;8;1;109;11;9;5;1;0;1;0
13038109;Barreirinha;3;2;2;1;55;4;4;4;1;0;1;0
13038117;Barreirinha;3;2;8;1;50;4;4;2;1;0;1;0
13038125;Barreirinha;3;2;2;1;28;2;2;1;1;0;1;0
13038133;Barreirinha;3;2;2;1;117;9;8;5;0;0;1;0
13038141;Barreirinha;3;2;8;1;33;2;2;1;1;0;1;0
13038150;Barreirinha;3;2;8;1;10;1;1;1;1;0;1;0
13038168;Barreirinha;3;2;8;1;50;3;3;3;1;0;1;0
13038184;Barreirinha;3;2;8;1;74;6;5;3;1;0;1;0
13038192;Barreirinha;3;2;2;1;59;6;4;3;1;0;1;0
13038206;Barreirinha;3;2;8;1;55;5;5;4;0;0;1;0
13038230;Barreirinha;3;2;2;1;212;20;17;9;1;0;1;0
13038249;Barreirinha;3;2;;3;;;;;;;;
13038273;Barreirinha;3;2;8;1;58;5;4;2;0;0;1;0
13038311;Barreirinha;3;2;2;1;55;5;4;4;1;0;1;0
13038320;Barreirinha;3;2;8;1;6;1;1;2;1;0;1;0
13038338;Barreirinha;3;2;8;1;19;2;2;2;0;0;1;0
13038346;Barreirinha;3;2;;3;;;;;;;;
13038362;Barreirinha;3;2;;3;;;;;;;;
13038370;Barreirinha;3;2;8;1;16;2;2;1;1;0;1;0
13038389;Barreirinha;3;2;3;1;91;8;7;3;1;0;1;0
13038419;Barreirinha;3;2;8;1;26;3;2;3;1;0;1;0
13038427;Barreirinha;3;2;8;1;68;7;6;4;1;0;1;0
13038451;Barreirinha;3;2;;3;;;;;;;;
13038460;Barreirinha;3;2;8;1;110;11;12;3;1;0;1;0
13038478;Barreirinha;3;2;2;1;78;6;4;4;0;0;1;0
13038494;Barreirinha;3;2;3;1;30;4;3;2;0;0;1;0
13038516;Barreirinha;3;2;8;1;47;6;5;2;1;0;1;0
13038532;Barreirinha;3;2;3;1;152;16;11;5;1;0;1;0
13038540;Barreirinha;3;2;8;1;34;5;3;2;1;0;1;0
13038559;Barreirinha;3;2;8;1;7;1;1;1;1;0;1;0
13038575;Barreirinha;3;2;8;1;46;5;3;2;1;0;1;0
13038605;Barreirinha;3;2;2;1;14;1;1;1;0;0;1;0
13038621;Barreirinha;3;2;2;1;70;7;6;3;0;0;1;0
13038630;Barreirinha;3;2;3;1;151;17;12;5;1;0;1;0
13038648;Barreirinha;3;2;8;1;76;6;5;2;1;0;1;0
13038656;Barreirinha;3;2;8;1;43;4;3;2;1;0;1;0
13038680;Barreirinha;2;2;0;1;196;14;13;6;1;0;1;0
13038699;Barreirinha;2;1;0;1;1001;42;32;14;1;0;1;0
13038702;Barreirinha;2;2;0;1;164;16;7;5;1;1;1;0
13038710;Barreirinha;2;1;0;1;588;33;25;13;1;1;1;0
13038761;Barreirinha;3;2;8;1;114;13;9;6;1;0;1;0
13038788;Barreirinha;3;2;2;1;204;19;14;11;1;0;1;0
13038800;Barreirinha;3;2;8;1;13;1;1;1;1;0;1;0
13038834;Barreirinha;2;2;0;1;90;8;7;5;1;0;1;0
13038842;Barreirinha;3;2;8;1;36;5;3;2;1;0;1;0
13038877;Barreirinha;3;2;8;1;78;6;6;4;1;0;1;0
13038885;Barreirinha;3;2;8;1;210;20;16;7;1;0;1;0
13038907;Barreirinha;3;2;8;1;17;2;2;1;1;0;1;0
13038915;Barreirinha;3;2;8;1;299;26;18;8;1;0;1;0
13038923;Barreirinha;2;2;0;1;241;14;9;6;1;1;1;0
13055259;Barreirinha;3;1;0;1;675;41;29;12;1;1;1;0
13059416;Barreirinha;2;2;0;1;303;18;18;7;1;0;1;0
13064916;Barreirinha;3;2;2;1;29;3;2;1;0;0;1;0
13064932;Barreirinha;3;2;2;1;99;8;6;5;0;0;1;0
13064940;Barreirinha;3;2;2;1;61;7;6;3;1;0;1;0
13064959;Barreirinha;3;2;2;1;220;16;14;7;1;0;1;0
13064967;Barreirinha;3;2;8;1;61;6;4;2;1;0;1;0
13068857;Barreirinha;3;2;8;1;19;2;2;1;1;0;1;0
13072188;Barreirinha;3;2;8;1;240;20;13;7;1;0;1;0
13072196;Barreirinha;3;2;2;1;16;1;1;1;1;0;1;0
13072200;Barreirinha;3;2;;3;;;;;;;;
13074385;Barreirinha;3;2;8;1;228;18;15;5;1;0;1;0
13074393;Barreirinha;3;2;2;1;43;4;3;2;1;0;1;0
13074423;Barreirinha;3;2;2;1;9;1;1;1;1;0;1;0
13074431;Barreirinha;3;2;8;1;302;22;15;7;1;1;1;0
13076159;Barreirinha;3;2;8;1;100;8;8;3;1;0;1;0
13076167;Barreirinha;3;2;2;1;12;1;1;1;0;0;1;0
13078089;Barreirinha;3;2;2;1;18;2;2;2;1;0;1;0
13078097;Barreirinha;3;2;2;1;30;2;2;2;1;0;1;0
13078100;Barreirinha;3;1;0;1;287;12;12;6;1;0;1;0
13078119;Barreirinha;3;2;2;1;19;2;2;3;1;0;1;0
13081250;Barreirinha;3;2;8;1;9;3;2;1;1;0;1;0
13082841;Barreirinha;3;2;2;1;59;6;4;2;1;0;1;0
13082850;Barreirinha;3;2;2;1;52;6;5;4;1;0;1;0
13085093;Barreirinha;3;2;;3;;;;;;;;
13085115;Barreirinha;3;2;2;1;21;1;1;1;1;0;1;0
13085204;Barreirinha;3;2;2;1;21;2;2;1;0;0;1;0
13088394;Barreirinha;3;2;2;1;42;3;3;1;0;0;1;0
13088688;Barreirinha;3;2;2;1;35;3;2;1;1;0;1;0
13093738;Barreirinha;3;2;2;1;34;4;3;2;1;0;1;0
13093746;Barreirinha;3;2;8;1;7;1;1;1;0;0;1;0
13093754;Barreirinha;3;2;2;1;15;2;2;1;1;0;1;0
13093762;Barreirinha;3;2;8;1;10;2;2;1;0;0;1;0
13094220;Barreirinha;2;1;0;1;280;42;9;7;1;0;1;0
13101072;Barreirinha;3;1;;3;;;;;;;;
13101889;Barreirinha;3;1;;3;;;;;;;;
13101900;Barreirinha;3;1;0;1;362;34;16;8;1;0;1;0
13104683;Barreirinha;3;1;0;1;287;21;10;5;1;0;1;0
13105922;Barreirinha;3;2;2;1;91;8;4;9;1;0;1;0
13105930;Barreirinha;3;2;2;1;31;3;2;2;1;0;1;0
13105949;Barreirinha;3;2;3;1;50;5;4;4;1;0;1;0
13105957;Barreirinha;3;2;8;1;32;4;3;8;0;1;1;0
13108344;Barreirinha;3;1;0;1;373;18;16;8;1;0;1;0
13110144;Barreirinha;3;1;;2;;;;;;;;
13222228;Barreirinha;2;2;0;1;593;67;38;38;1;0;1;0
13241230;Barreirinha;2;2;2;1;236;19;13;13;1;0;1;0
13038770;Barreirinha;3;2;0;1;248;16;12;7;1;0;1;0
13038737;Barreirinha;3;2;8;1;129;14;9;4;1;0;1;0
13038796;Barreirinha;3;2;8;1;92;12;8;4;1;0;1;0
13038818;Barreirinha;3;2;0;1;45;6;4;2;0;0;1;0
13038826;Barreirinha;3;2;8;1;29;2;2;1;1;0;1;0
13110152;Barreirinha;3;2;8;1;30;3;3;1;0;0;1;0
13098896;Barreirinha;3;2;8;1;298;24;18;8;1;0;1;0
13005006;Benjamin Constant;3;2;2;1;24;1;2;1;1;0;1;0
13005022;Benjamin Constant;3;2;0;1;136;14;11;4;1;0;1;0
13005030;Benjamin Constant;3;2;0;1;20;2;2;3;1;0;1;0
13005057;Benjamin Constant;3;1;0;1;400;19;21;11;1;0;1;0
13005065;Benjamin Constant;3;2;0;1;6;1;1;1;0;0;1;0
13005073;Benjamin Constant;3;2;2;1;41;3;3;4;1;0;1;0
13005081;Benjamin Constant;2;1;0;1;693;33;24;10;1;1;1;0
13005103;Benjamin Constant;3;2;2;1;153;14;10;6;1;0;1;0
13005111;Benjamin Constant;3;2;2;1;83;5;5;1;1;0;1;0
13005120;Benjamin Constant;3;2;0;1;10;1;1;1;1;0;1;0
13005138;Benjamin Constant;3;2;2;1;949;45;38;12;1;0;1;0
13005146;Benjamin Constant;3;2;0;1;154;13;10;6;1;1;1;0
13005154;Benjamin Constant;3;2;0;1;31;2;2;2;0;0;1;0
13005162;Benjamin Constant;3;2;2;1;531;36;30;13;1;1;1;0
13005170;Benjamin Constant;3;2;2;1;74;6;6;2;1;0;1;0
13005189;Benjamin Constant;3;2;2;1;173;12;11;4;1;0;1;0
13005197;Benjamin Constant;3;2;2;1;338;17;16;9;1;0;1;0
13005200;Benjamin Constant;3;1;0;1;466;29;22;13;1;1;1;0
13005219;Benjamin Constant;3;2;2;1;197;16;14;6;1;0;1;0
13005235;Benjamin Constant;3;2;0;1;60;4;4;3;1;0;1;0
13005243;Benjamin Constant;3;2;0;1;23;2;2;4;1;0;1;0
13005286;Benjamin Constant;3;2;2;1;180;11;11;3;1;0;1;0
13005294;Benjamin Constant;3;1;0;1;324;20;13;8;1;0;1;0
13005308;Benjamin Constant;3;2;2;1;225;12;16;5;1;0;1;0
13005316;Benjamin Constant;3;2;2;1;326;16;15;8;1;0;1;0
13005332;Benjamin Constant;3;2;2;1;349;22;18;7;1;0;1;0
13005340;Benjamin Constant;3;2;0;1;11;1;1;1;1;0;1;0
13005367;Benjamin Constant;3;2;2;1;162;9;8;4;0;0;1;0
13005375;Benjamin Constant;3;2;0;1;104;9;6;6;1;0;1;0
13005383;Benjamin Constant;3;2;2;1;337;16;16;7;1;0;1;0
13005448;Benjamin Constant;3;2;0;1;184;15;12;6;1;0;1;0
13005456;Benjamin Constant;3;2;2;1;9;1;1;1;0;0;1;0
13005502;Benjamin Constant;3;2;0;1;10;1;1;1;0;0;1;0
13005529;Benjamin Constant;3;2;2;1;216;16;15;4;1;0;1;0
13005537;Benjamin Constant;3;2;0;1;102;9;9;6;0;0;1;0
13005545;Benjamin Constant;2;1;0;1;717;24;24;8;1;1;1;0
13005553;Benjamin Constant;3;2;0;1;32;2;2;2;1;0;1;0
13005561;Benjamin Constant;3;1;0;1;911;53;35;14;1;1;1;0
13005570;Benjamin Constant;2;1;0;1;491;22;17;8;1;1;1;0
13056476;Benjamin Constant;3;2;0;1;12;1;1;1;0;0;1;0
13056492;Benjamin Constant;3;2;2;1;28;2;2;1;1;0;1;0
13066676;Benjamin Constant;3;2;2;1;24;2;2;2;1;0;1;0
13066714;Benjamin Constant;3;2;0;1;22;2;2;2;1;0;1;0
13069616;Benjamin Constant;3;1;0;1;1061;39;40;20;1;1;1;0
13069624;Benjamin Constant;3;2;0;1;21;1;1;1;1;0;1;0
13069632;Benjamin Constant;4;1;0;1;88;8;8;8;1;0;1;0
13076523;Benjamin Constant;3;2;0;1;120;10;7;6;1;0;1;0
13084674;Benjamin Constant;3;2;2;1;137;8;8;4;1;0;1;0
13093185;Benjamin Constant;2;2;2;1;511;66;32;22;1;0;0;0
13093193;Benjamin Constant;3;2;0;1;12;1;1;2;1;0;1;0
13093967;Benjamin Constant;3;2;1;1;59;3;6;6;0;0;1;0
13094424;Benjamin Constant;2;1;0;1;393;71;11;6;1;1;1;0
13095366;Benjamin Constant;3;2;0;1;54;3;4;2;0;0;1;0
13096303;Benjamin Constant;4;1;0;1;56;5;5;5;0;0;1;0
13097040;Benjamin Constant;3;2;0;1;81;5;5;1;1;0;1;0
13097059;Benjamin Constant;3;1;0;1;;;;8;0;0;1;0
13102575;Benjamin Constant;3;2;2;1;179;9;10;4;1;0;1;0
13102583;Benjamin Constant;3;1;0;1;360;19;22;11;0;0;1;0
13103652;Benjamin Constant;3;2;0;1;112;9;8;4;1;1;1;0
13104560;Benjamin Constant;3;2;0;1;24;2;2;1;0;0;1;0
13104578;Benjamin Constant;3;2;0;1;27;1;2;1;0;0;1;0
13105710;Benjamin Constant;3;1;0;1;;;;2;0;0;1;0
13106198;Benjamin Constant;3;2;2;1;190;12;10;6;1;0;1;0
13106210;Benjamin Constant;3;2;2;1;28;1;1;1;1;0;1;0
13106368;Benjamin Constant;2;1;0;1;687;29;20;20;1;1;1;0
13107534;Benjamin Constant;3;2;2;1;32;2;2;1;1;0;1;0
13107542;Benjamin Constant;3;2;2;1;329;18;19;9;1;0;1;0
13108611;Benjamin Constant;3;2;2;1;13;1;1;1;0;0;1;0
13108620;Benjamin Constant;3;2;0;1;14;1;1;1;0;0;1;0
13108956;Benjamin Constant;2;2;2;1;228;20;15;15;0;0;0;1
13110179;Benjamin Constant;3;2;0;1;9;1;1;1;0;0;0;0
13110187;Benjamin Constant;3;1;0;1;97;6;6;6;0;0;1;0
13110705;Benjamin Constant;3;1;0;1;250;11;12;6;0;0;1;0
13131885;Benjamin Constant;3;2;2;1;68;4;4;1;0;0;1;0
13132016;Benjamin Constant;3;2;2;1;53;3;3;2;1;0;1;0
13132253;Benjamin Constant;3;1;0;1;607;41;24;20;1;1;1;0
13132415;Benjamin Constant;3;2;;2;;;;;;;;
13252208;Benjamin Constant;2;2;2;1;311;24;14;6;1;1;0;0
13015338;Beruri;3;2;8;1;29;2;2;2;0;0;0;0
13015346;Beruri;3;2;2;1;55;4;4;1;1;0;1;0
13015354;Beruri;3;2;;2;;;;;;;;
13015362;Beruri;3;2;8;1;41;4;3;2;0;0;1;0
13015370;Beruri;2;1;0;1;336;19;10;6;1;1;1;0
13015397;Beruri;2;1;0;1;1001;31;27;11;1;1;1;0
13015400;Beruri;2;1;0;1;454;14;14;7;1;1;1;0
13015419;Beruri;3;2;8;1;70;4;4;4;1;0;1;0
13015427;Beruri;3;2;;2;;;;;;;;
13015435;Beruri;3;2;8;1;39;1;2;2;1;0;0;0
13015451;Beruri;3;2;8;1;22;2;2;1;0;0;1;0
13015460;Beruri;3;2;8;1;8;1;1;1;0;0;0;0
13015478;Beruri;3;2;8;1;101;5;5;3;1;0;1;0
13015540;Beruri;3;2;0;1;16;1;1;2;0;0;1;0
13015559;Beruri;3;1;0;1;648;28;25;14;1;0;1;0
13015567;Beruri;3;2;8;1;105;3;5;5;1;0;1;0
13015605;Beruri;3;2;2;1;50;4;3;2;1;0;1;0
13015648;Beruri;3;2;8;1;26;1;1;1;0;0;0;0
13015680;Beruri;3;2;8;1;48;3;4;3;0;0;0;0
13015699;Beruri;3;2;8;1;41;4;4;2;0;0;1;0
13015729;Beruri;3;2;8;1;30;2;2;2;0;0;0;0
13015737;Beruri;3;2;8;1;181;10;11;6;1;0;1;0
13015753;Beruri;3;2;1;1;202;6;9;6;1;0;1;0
13015761;Beruri;3;2;8;1;31;1;2;2;0;0;1;0
13015770;Beruri;3;2;8;1;54;2;2;3;1;0;0;0
13015796;Beruri;3;2;;2;;;;;;;;
13015800;Beruri;3;2;8;1;14;1;1;1;0;0;1;0
13015834;Beruri;3;2;8;1;27;2;2;2;0;0;1;0
13015842;Beruri;3;2;8;1;13;1;1;2;1;0;0;0
13015869;Beruri;3;2;2;1;83;6;5;2;1;0;1;0
13015877;Beruri;3;2;1;1;40;3;3;2;1;0;1;0
13015885;Beruri;3;2;;2;;;;;;;;
13015893;Beruri;3;2;8;1;9;1;1;1;0;0;0;0
13015907;Beruri;3;2;;2;;;;;;;;
13015915;Beruri;3;2;8;1;86;4;5;2;0;0;1;0
13015923;Beruri;3;2;8;1;12;1;1;1;0;0;1;0
13015931;Beruri;3;2;8;1;32;2;2;1;0;0;0;1
13015974;Beruri;3;2;2;1;16;2;1;1;0;0;1;1
13015982;Beruri;3;2;8;1;86;5;6;4;1;0;0;0
13016008;Beruri;3;2;8;1;68;6;5;3;1;0;0;0
13016032;Beruri;3;2;8;1;126;5;6;3;1;0;1;0
13016059;Beruri;3;2;8;1;136;7;6;4;1;0;1;0
13064860;Beruri;3;2;;2;;;;;;;;
13064886;Beruri;3;2;8;1;47;2;3;2;0;0;0;0
13071009;Beruri;3;2;;2;;;;;;;;
13071025;Beruri;3;2;2;1;26;2;2;1;0;0;1;1
13071041;Beruri;3;2;8;1;21;2;2;1;0;0;1;0
13071050;Beruri;3;2;0;1;27;2;2;1;0;0;0;0
13071068;Beruri;3;2;8;1;16;1;1;1;0;0;0;0
13076060;Beruri;3;2;;2;;;;;;;;
13079077;Beruri;3;2;2;1;10;2;1;1;0;0;1;1
13079085;Beruri;3;2;8;1;36;1;2;1;0;0;0;0
13082191;Beruri;3;2;8;1;31;2;2;1;0;0;0;0
13085123;Beruri;3;2;2;1;33;3;2;1;0;0;1;1
13085131;Beruri;3;2;2;1;11;1;1;1;0;0;1;1
13085174;Beruri;3;2;2;1;56;6;4;2;1;0;1;0
13090909;Beruri;3;1;0;1;383;21;16;8;1;1;1;0
13093380;Beruri;3;2;2;1;21;2;1;1;1;0;1;0
13096176;Beruri;3;2;2;1;22;2;2;1;0;0;1;1
13096192;Beruri;3;2;2;1;20;1;1;1;1;0;1;0
13096206;Beruri;3;2;2;1;32;3;2;1;1;0;1;0
13096214;Beruri;3;2;2;1;12;2;1;1;0;0;1;1
13096222;Beruri;3;2;2;1;23;2;1;1;0;0;1;0
13096230;Beruri;3;2;2;1;38;2;2;1;0;0;1;0
13098721;Beruri;3;2;8;1;8;1;1;1;0;0;0;0
13098730;Beruri;3;2;8;1;42;3;3;1;1;0;1;0
13098748;Beruri;3;2;8;1;39;1;1;1;0;0;0;0
13102940;Beruri;2;1;0;1;372;55;10;14;1;0;1;0
13103156;Beruri;2;2;2;1;25;2;2;1;0;0;1;0
13109154;Beruri;3;2;2;1;15;1;1;1;0;0;1;1
13109162;Beruri;3;2;2;1;18;2;1;1;0;0;1;1
13109170;Beruri;3;2;2;1;31;1;2;1;0;0;1;1
13109189;Beruri;3;2;2;1;30;3;2;1;0;0;1;1
13109197;Beruri;3;2;2;1;24;2;2;1;0;0;1;1
13109219;Beruri;3;2;2;1;9;1;1;1;0;0;1;1
13109227;Beruri;3;2;8;1;7;1;1;1;0;0;0;1
13109235;Beruri;3;2;8;1;13;1;1;1;0;0;0;0
13109243;Beruri;3;2;8;1;15;1;1;1;0;0;0;0
13109251;Beruri;3;2;8;1;29;2;3;1;0;0;0;0
13109260;Beruri;3;2;8;1;18;2;2;1;0;0;0;0
13109278;Beruri;3;2;8;1;10;1;1;1;0;0;0;0
13109286;Beruri;3;2;8;1;15;1;1;1;0;0;0;0
13109294;Beruri;3;2;8;1;22;1;1;1;0;0;0;0
13109308;Beruri;3;2;8;1;19;1;1;1;0;0;0;1
13109316;Beruri;3;2;8;1;27;2;2;1;0;0;0;0
13109324;Beruri;3;2;8;1;13;1;1;1;0;0;0;0
13109332;Beruri;3;2;8;1;17;1;1;1;0;0;0;0
13109340;Beruri;3;2;8;1;16;1;1;1;0;0;0;0
13109359;Beruri;3;2;8;1;32;2;2;1;0;0;1;0
13109367;Beruri;3;2;8;1;11;1;1;1;0;0;1;0
13109375;Beruri;3;2;8;1;15;1;1;2;0;0;1;0
13219219;Beruri;2;2;0;1;390;50;22;22;1;0;1;0
13270249;Beruri;3;1;0;1;1068;42;40;23;1;1;1;0
13038931;Boa Vista do Ramos;3;2;8;1;21;2;2;2;0;0;1;0
13038958;Boa Vista do Ramos;3;2;0;1;35;3;3;3;1;0;1;0
13038966;Boa Vista do Ramos;3;2;8;1;14;2;1;2;1;0;1;0
13038982;Boa Vista do Ramos;3;2;8;1;64;7;6;2;1;0;1;0
13038990;Boa Vista do Ramos;3;2;8;1;27;3;2;2;1;0;1;0
13039008;Boa Vista do Ramos;3;2;;2;;;;;;;;
13039016;Boa Vista do Ramos;3;2;8;1;24;2;2;2;0;0;1;0
13039024;Boa Vista do Ramos;2;1;0;1;294;25;12;6;1;0;1;0
13039040;Boa Vista do Ramos;3;2;8;1;28;3;3;3;1;0;1;0
13039059;Boa Vista do Ramos;3;2;8;1;47;3;3;2;1;0;1;0
13039083;Boa Vista do Ramos;3;2;8;1;14;2;1;1;0;0;1;0
13039091;Boa Vista do Ramos;3;2;8;1;56;5;5;3;0;0;1;0
13039113;Boa Vista do Ramos;3;2;8;1;100;10;9;4;1;0;1;0
13039121;Boa Vista do Ramos;3;2;8;1;32;3;3;2;1;0;1;0
13039148;Boa Vista do Ramos;3;2;8;1;9;1;1;2;1;0;1;0
13039164;Boa Vista do Ramos;3;2;8;1;69;7;5;6;0;0;1;0
13039202;Boa Vista do Ramos;3;2;8;1;62;4;4;2;0;0;1;0
13039245;Boa Vista do Ramos;3;2;8;1;26;4;2;2;1;0;1;0
13039253;Boa Vista do Ramos;3;2;8;1;48;4;3;3;1;0;1;0
13039270;Boa Vista do Ramos;3;2;;2;;;;;;;;
13039288;Boa Vista do Ramos;3;2;;2;;;;;;;;
13039296;Boa Vista do Ramos;3;2;;2;;;;;;;;
13039300;Boa Vista do Ramos;3;2;8;1;24;3;2;2;1;0;1;0
13039326;Boa Vista do Ramos;3;2;8;1;12;2;1;1;1;0;1;0
13039334;Boa Vista do Ramos;3;2;8;1;68;6;5;6;0;0;1;0
13039342;Boa Vista do Ramos;3;2;8;1;92;11;10;6;0;0;1;0
13039350;Boa Vista do Ramos;3;2;8;1;100;12;11;5;0;0;1;0
13039377;Boa Vista do Ramos;3;2;8;1;32;3;3;3;0;0;1;0
13039385;Boa Vista do Ramos;3;2;8;1;38;3;3;3;1;0;1;0
13039423;Boa Vista do Ramos;3;2;8;1;120;14;11;12;0;0;1;0
13039431;Boa Vista do Ramos;2;1;0;1;272;14;10;5;1;0;1;0
13039458;Boa Vista do Ramos;3;2;8;1;52;4;4;3;1;0;1;0
13039466;Boa Vista do Ramos;3;2;8;1;69;8;5;5;0;0;1;0
13060457;Boa Vista do Ramos;3;2;8;1;40;3;3;3;0;0;1;0
13060589;Boa Vista do Ramos;3;2;8;1;89;11;10;7;1;0;1;0
13064657;Boa Vista do Ramos;3;2;8;1;43;3;2;2;0;0;1;0
13064690;Boa Vista do Ramos;3;2;;2;;;;;;;;
13064703;Boa Vista do Ramos;3;2;8;1;176;18;12;7;1;0;1;0
13067117;Boa Vista do Ramos;2;1;0;1;489;37;25;10;1;1;1;0
13069764;Boa Vista do Ramos;3;2;;2;;;;;;;;
13071556;Boa Vista do Ramos;4;1;0;1;54;4;4;6;1;0;1;0
13078070;Boa Vista do Ramos;3;1;0;1;848;67;39;18;1;0;1;0
13085107;Boa Vista do Ramos;4;2;;2;;;;;;;;
13087975;Boa Vista do Ramos;3;2;;2;;;;;;;;
13090259;Boa Vista do Ramos;2;1;0;1;596;27;19;8;1;1;1;0
13090429;Boa Vista do Ramos;3;2;;2;;;;;;;;
13091492;Boa Vista do Ramos;3;1;0;1;348;20;14;8;1;0;1;0
13094408;Boa Vista do Ramos;2;1;0;1;298;33;7;10;1;1;1;0
13097431;Boa Vista do Ramos;3;1;0;1;745;49;38;11;1;0;1;0
13099477;Boa Vista do Ramos;3;2;8;1;10;1;1;2;0;0;1;0
13099485;Boa Vista do Ramos;3;2;;2;;;;;;;;
13099493;Boa Vista do Ramos;3;2;8;1;22;2;2;2;1;0;1;0
13099507;Boa Vista do Ramos;3;2;;2;;;;;;;;
13099515;Boa Vista do Ramos;3;1;;2;;;;;;;;
13099639;Boa Vista do Ramos;3;2;8;1;41;3;3;2;1;0;1;0
13099647;Boa Vista do Ramos;3;2;;2;;;;;;;;
13219227;Boa Vista do Ramos;2;2;0;1;483;67;39;39;1;0;1;0
13039172;Boa Vista do Ramos;3;2;8;1;110;11;10;6;1;0;1;0
13039180;Boa Vista do Ramos;3;2;8;1;135;14;11;5;1;0;1;0
13044737;Boca do Acre;3;1;0;1;287;11;12;6;1;0;1;0
13044818;Boca do Acre;2;1;;2;;;;;;;;
13044842;Boca do Acre;3;1;0;1;83;4;5;2;1;0;1;0
13044850;Boca do Acre;3;2;0;1;64;5;4;2;1;0;1;0
13044877;Boca do Acre;3;2;0;1;47;5;5;3;1;0;0;0
13044893;Boca do Acre;3;2;0;1;20;2;2;6;1;0;1;1
13044915;Boca do Acre;3;2;;3;;;;;;;;
13044923;Boca do Acre;3;1;0;1;192;14;9;6;1;1;1;0
13044958;Boca do Acre;3;2;2;1;50;4;4;2;1;0;0;0
13044966;Boca do Acre;3;2;0;1;20;2;2;1;1;0;0;0
13045008;Boca do Acre;3;2;0;1;26;2;2;1;0;0;0;0
13045016;Boca do Acre;3;2;0;1;161;10;10;9;1;0;1;0
13045091;Boca do Acre;3;2;0;1;35;3;3;1;0;0;1;1
13045199;Boca do Acre;3;2;0;1;23;2;2;1;0;0;1;1
13045210;Boca do Acre;3;1;0;1;384;20;16;9;1;0;1;0
13045237;Boca do Acre;3;2;0;1;80;10;9;6;0;0;0;0
13045245;Boca do Acre;3;2;0;1;55;4;4;2;0;0;1;1
13045261;Boca do Acre;3;2;0;1;38;3;3;2;0;0;0;0
13045342;Boca do Acre;3;2;0;1;22;3;3;2;0;0;0;0
13045369;Boca do Acre;3;2;0;1;74;5;5;3;1;0;0;0
13045407;Boca do Acre;3;2;;2;;;;;;;;
13045415;Boca do Acre;3;2;0;1;20;1;2;2;0;0;1;1
13045431;Boca do Acre;3;2;0;1;18;2;2;1;0;0;0;0
13045458;Boca do Acre;2;1;0;1;504;22;18;6;1;1;1;0
13045466;Boca do Acre;3;2;0;1;91;6;6;4;1;0;1;0
13045571;Boca do Acre;3;2;0;1;94;8;6;4;1;0;0;0
13045660;Boca do Acre;2;1;0;1;519;32;17;12;0;1;1;0
13045679;Boca do Acre;2;1;0;1;195;11;10;5;1;0;1;0
13045687;Boca do Acre;2;1;0;1;175;15;10;5;0;0;1;0
13045709;Boca do Acre;2;1;0;1;162;8;8;4;1;0;1;0
13045717;Boca do Acre;2;2;0;1;193;41;11;4;1;0;1;0
13045733;Boca do Acre;2;1;0;1;126;10;8;5;1;0;1;0
13045750;Boca do Acre;2;1;0;1;581;28;26;12;1;1;1;0
13045768;Boca do Acre;3;1;0;1;425;27;20;18;1;0;1;0
13055453;Boca do Acre;3;2;0;1;22;1;1;1;0;0;1;1
13055607;Boca do Acre;3;2;2;1;71;6;5;3;1;0;1;0
13055623;Boca do Acre;3;1;0;1;249;15;12;7;1;0;1;0
13055674;Boca do Acre;3;2;0;1;41;3;3;3;1;0;1;0
13055771;Boca do Acre;3;2;0;1;36;2;2;2;0;0;0;0
13055828;Boca do Acre;3;1;0;1;342;20;13;8;1;1;1;0
13055887;Boca do Acre;3;2;0;1;11;1;1;1;0;0;0;1
13056158;Boca do Acre;3;2;0;1;7;1;1;1;0;0;1;1
13056220;Boca do Acre;3;2;0;1;10;1;1;1;0;0;1;0
13056247;Boca do Acre;3;2;0;1;14;1;1;1;0;0;1;0
13060848;Boca do Acre;3;2;0;1;16;1;1;1;0;0;1;1
13060880;Boca do Acre;3;2;0;1;24;1;1;1;0;0;0;1
13063391;Boca do Acre;3;2;0;1;9;1;1;1;0;0;0;1
13066757;Boca do Acre;3;2;0;1;77;5;5;3;1;0;1;0
13066773;Boca do Acre;3;2;0;1;32;1;2;1;0;0;0;1
13066790;Boca do Acre;3;2;0;1;9;1;1;1;0;0;1;0
13070940;Boca do Acre;3;2;2;1;32;1;2;2;1;0;0;0
13074474;Boca do Acre;3;2;2;1;8;1;1;1;0;0;0;0
13074512;Boca do Acre;3;2;0;1;26;3;3;2;1;0;0;0
13074520;Boca do Acre;3;2;0;1;44;5;4;2;1;0;0;0
13074547;Boca do Acre;3;2;0;1;29;3;3;1;0;0;1;1
13074580;Boca do Acre;3;2;0;1;28;2;2;1;0;0;0;1
13074733;Boca do Acre;3;1;0;1;106;9;7;3;1;0;0;0
13075527;Boca do Acre;3;2;2;1;30;3;3;3;1;0;0;0
13075632;Boca do Acre;3;2;2;1;27;2;2;2;1;0;1;0
13079719;Boca do Acre;3;1;0;1;447;25;20;10;1;0;1;0
13081179;Boca do Acre;3;2;0;1;82;7;5;3;1;0;1;0
13082604;Boca do Acre;3;2;;2;;;;;;;;
13082620;Boca do Acre;3;2;0;1;12;1;1;1;1;0;1;0
13087487;Boca do Acre;3;2;0;1;34;2;2;2;0;0;0;0
13087495;Boca do Acre;3;2;;2;;;;;;;;
13087525;Boca do Acre;3;2;0;1;27;2;3;3;0;0;0;0
13089706;Boca do Acre;3;2;8;1;6;1;1;1;0;0;0;0
13089722;Boca do Acre;3;2;0;1;15;1;1;1;0;0;0;0
13089730;Boca do Acre;3;2;0;1;45;2;3;2;0;0;0;0
13089757;Boca do Acre;3;2;0;1;24;2;2;1;0;0;1;1
13089889;Boca do Acre;2;1;0;1;173;27;4;6;1;1;1;0
13092219;Boca do Acre;3;2;0;1;34;1;2;1;0;0;0;1
13092227;Boca do Acre;3;2;0;1;5;1;1;1;0;0;0;0
13092278;Boca do Acre;3;2;0;1;10;1;1;1;0;0;1;0
13092286;Boca do Acre;3;2;8;1;31;3;3;3;0;0;1;1
13095250;Boca do Acre;3;2;0;1;21;2;2;1;0;0;0;1
13095269;Boca do Acre;3;2;0;1;49;2;3;2;0;0;0;1
13095277;Boca do Acre;3;2;;2;;;;;;;;
13095285;Boca do Acre;3;2;0;1;18;1;1;1;0;0;0;0
13095293;Boca do Acre;3;2;2;1;8;1;1;1;0;0;0;1
13095307;Boca do Acre;3;2;0;1;45;2;3;2;0;0;0;0
13097598;Boca do Acre;3;2;0;1;25;3;2;1;1;0;1;0
13097628;Boca do Acre;3;2;0;1;13;1;1;1;1;0;1;0
13100548;Boca do Acre;3;2;;3;;;;;;;;
13100963;Boca do Acre;3;2;2;1;26;3;3;2;1;0;0;0
13102486;Boca do Acre;3;2;;2;;;;;;;;
13103164;Boca do Acre;2;2;0;1;41;5;4;4;1;0;1;0
13103970;Boca do Acre;3;2;0;1;8;1;1;1;0;0;0;0
13104667;Boca do Acre;4;1;;2;;;;;;;;
13104810;Boca do Acre;3;2;0;1;7;1;1;1;0;0;0;0
13107194;Boca do Acre;3;2;0;1;17;1;1;1;1;0;1;0
13107216;Boca do Acre;3;2;2;1;152;3;6;2;0;0;0;0
13107224;Boca do Acre;3;2;2;1;13;1;1;1;1;0;1;0
13107232;Boca do Acre;3;2;0;1;25;1;2;1;0;0;0;1
13107240;Boca do Acre;3;2;0;1;11;1;1;1;0;0;0;0
13107259;Boca do Acre;3;2;0;1;42;3;3;1;0;0;0;0
13107348;Boca do Acre;1;1;0;1;143;10;4;4;1;0;1;0
13107992;Boca do Acre;3;2;0;1;39;1;2;1;0;0;0;1
13108018;Boca do Acre;3;2;0;1;53;3;4;2;1;0;0;0
13108026;Boca do Acre;3;2;0;1;38;2;3;3;0;0;0;0
13108085;Boca do Acre;3;2;;2;;;;;;;;
13108093;Boca do Acre;3;2;;2;;;;;;;;
13108107;Boca do Acre;3;2;;2;;;;;;;;
13108921;Boca do Acre;2;1;0;1;460;26;20;20;1;0;1;1
13109928;Boca do Acre;3;2;;2;;;;;;;;
13109936;Boca do Acre;3;2;0;1;51;3;3;3;0;0;1;1
13109944;Boca do Acre;3;2;0;1;34;1;1;1;0;0;0;1
13109952;Boca do Acre;3;2;0;1;19;1;1;1;0;0;1;1
13111400;Boca do Acre;3;2;0;1;34;2;2;3;0;0;1;0
13111604;Boca do Acre;3;2;0;1;6;1;1;1;0;0;1;0
13111809;Boca do Acre;3;2;0;1;22;1;2;1;0;0;1;1
13112201;Boca do Acre;3;2;0;1;14;2;2;1;0;0;0;0
13112406;Boca do Acre;3;2;0;1;8;1;1;1;0;0;0;0
13121804;Boca do Acre;3;2;0;1;17;1;2;1;0;0;0;1
13186205;Boca do Acre;3;2;0;1;18;1;2;1;0;0;0;1
13223216;Boca do Acre;2;2;0;1;256;51;23;23;1;0;1;0
13241214;Boca do Acre;3;2;0;1;11;1;1;1;0;0;0;1
13242202;Boca do Acre;3;2;0;1;19;1;2;1;1;0;0;0
13304275;Boca do Acre;2;1;0;1;353;16;12;12;1;1;1;0
13305263;Boca do Acre;3;1;0;1;180;12;8;6;1;0;1;0
13312227;Boca do Acre;3;2;0;1;20;1;2;1;1;0;0;0
13313223;Boca do Acre;3;2;0;1;11;1;1;1;0;0;0;0
13315218;Boca do Acre;3;2;0;1;13;1;1;1;1;0;0;0
13315226;Boca do Acre;3;2;;2;;;;;;;;
13048660;Borba;3;2;0;1;4;1;1;1;0;0;1;0
13048678;Borba;3;2;0;1;44;5;7;5;0;0;1;0
13048694;Borba;3;2;0;1;26;3;5;5;0;0;1;0
13048708;Borba;3;2;0;1;14;1;1;1;0;0;1;0
13048732;Borba;3;2;2;1;30;2;2;2;0;0;1;1
13048759;Borba;3;2;2;1;10;1;1;1;0;0;1;1
13048767;Borba;3;2;2;1;32;3;2;2;0;0;1;0
13048791;Borba;3;2;0;1;25;3;3;3;0;0;1;0
13048805;Borba;3;2;0;1;36;6;5;4;0;0;1;0
13048830;Borba;2;1;0;1;570;25;20;10;1;1;1;0
13048856;Borba;2;1;0;1;694;31;24;8;0;1;1;0
13048880;Borba;3;2;0;1;15;1;1;1;0;0;1;0
13048899;Borba;3;2;0;1;23;1;1;1;0;0;1;0
13048902;Borba;3;2;2;1;34;2;2;1;0;0;1;0
13048910;Borba;3;2;0;1;21;1;1;1;0;0;1;0
13048929;Borba;3;2;0;1;108;11;9;5;0;0;1;0
13048937;Borba;3;2;0;1;56;9;7;4;0;0;1;0
13048945;Borba;3;2;0;1;13;1;1;1;0;0;1;0
13048953;Borba;3;2;;2;;;;;;;;
13048970;Borba;3;2;0;1;16;1;1;1;0;0;1;0
13048996;Borba;3;2;0;1;6;1;1;1;0;0;1;0
13049003;Borba;3;2;2;1;37;4;4;4;0;0;1;0
13049038;Borba;3;2;2;1;130;11;11;6;1;0;1;0
13049046;Borba;3;2;2;1;172;13;13;6;1;0;1;0
13049054;Borba;3;2;2;1;11;1;1;1;0;0;1;1
13049062;Borba;3;2;0;1;40;6;5;4;0;0;1;0
13049100;Borba;3;2;2;1;115;11;10;6;1;0;1;0
13049119;Borba;3;2;2;1;35;3;2;1;0;0;1;0
13049135;Borba;3;2;0;1;14;1;1;1;0;0;1;0
13049151;Borba;3;2;0;1;11;1;1;1;0;0;1;0
13049160;Borba;3;2;0;1;54;7;5;4;1;0;1;0
13049186;Borba;3;2;0;1;20;1;2;1;0;0;1;0
13049208;Borba;3;2;2;1;66;8;6;4;1;0;1;0
13049216;Borba;3;2;0;1;6;1;1;1;0;0;1;0
13049232;Borba;3;2;0;1;6;1;1;1;0;0;1;0
13049283;Borba;3;2;;2;;;;;;;;
13049305;Borba;3;2;2;1;26;3;3;4;0;0;1;0
13049313;Borba;3;2;0;1;7;1;1;1;0;0;1;0
13049321;Borba;3;2;0;1;6;1;1;1;0;0;1;0
13049380;Borba;3;2;;2;;;;;;;;
13049402;Borba;3;2;;2;;;;;;;;
13049429;Borba;3;2;2;1;74;8;7;4;1;0;1;0
13049437;Borba;3;2;0;1;109;10;8;6;1;0;1;0
13049445;Borba;3;2;0;1;8;1;1;1;0;0;1;0
13049453;Borba;3;2;;2;;;;;;;;
13049488;Borba;3;2;0;1;10;1;1;1;0;0;1;0
13049500;Borba;3;1;0;1;393;37;22;12;1;1;1;0
13049518;Borba;3;2;2;1;53;6;6;4;0;0;1;0
13049526;Borba;3;2;0;1;16;2;2;1;0;0;1;0
13049550;Borba;3;2;2;1;49;4;4;2;0;0;1;0
13049615;Borba;3;2;0;1;6;1;1;1;0;0;1;0
13049640;Borba;3;1;0;1;372;39;21;10;1;1;1;0
13049658;Borba;3;2;0;1;4;1;1;1;0;0;1;0
13049666;Borba;3;2;0;1;9;1;1;1;0;0;1;0
13049674;Borba;3;2;0;1;35;5;6;3;0;0;1;0
13049682;Borba;3;2;;2;;;;;;;;
13049690;Borba;2;1;0;1;241;19;10;10;1;1;1;0
13049704;Borba;2;1;0;1;325;23;16;8;1;0;1;0
13049720;Borba;2;2;0;1;352;16;19;9;1;1;1;0
13049739;Borba;2;1;0;1;255;13;10;5;1;1;1;0
13049747;Borba;2;2;0;1;371;58;22;10;1;1;1;0
13049755;Borba;2;1;0;1;290;17;14;7;1;1;1;0
13049763;Borba;2;1;0;1;267;23;15;5;1;0;1;0
13049780;Borba;3;2;0;1;119;7;7;4;0;0;1;0
13049798;Borba;3;2;0;1;10;1;1;1;0;0;1;0
13049828;Borba;3;2;2;1;17;2;1;2;0;0;1;0
13049836;Borba;3;2;2;1;24;2;2;2;1;0;1;0
13049879;Borba;3;2;0;1;17;1;1;1;0;0;1;0
13049895;Borba;3;2;2;1;5;1;1;1;0;0;1;0
13049909;Borba;3;2;2;1;19;1;2;1;0;0;1;0
13049925;Borba;3;2;0;1;5;1;1;1;0;0;1;1
13049933;Borba;3;2;0;1;8;1;1;1;0;0;1;0
13049950;Borba;3;2;0;1;9;1;1;1;0;0;1;0
13055372;Borba;3;2;0;1;15;2;2;1;0;0;1;0
13055399;Borba;3;2;2;1;8;1;1;1;0;0;1;0
13055410;Borba;3;2;0;1;112;10;9;4;0;0;1;0
13057030;Borba;3;2;0;1;7;1;1;1;0;0;1;0
13057138;Borba;3;2;0;1;15;1;1;1;0;0;1;0
13057308;Borba;3;2;0;1;21;2;3;3;1;0;1;0
13057324;Borba;3;2;2;1;59;8;7;5;0;0;1;0
13057464;Borba;3;1;0;1;326;24;21;21;0;1;1;0
13057510;Borba;3;2;0;1;11;1;1;1;1;0;1;0
13057553;Borba;3;2;0;1;12;1;1;1;0;0;1;0
13057669;Borba;3;2;0;1;13;1;1;1;0;0;1;0
13066056;Borba;3;2;2;1;11;1;1;1;0;0;1;1
13066064;Borba;3;2;2;1;61;10;7;6;1;0;1;0
13066102;Borba;3;2;0;1;53;7;7;5;1;1;1;0
13066137;Borba;3;2;0;1;8;1;1;1;0;0;1;0
13069047;Borba;3;2;2;1;66;6;7;4;0;0;1;0
13069071;Borba;3;2;0;1;18;2;2;1;0;0;1;0
13069080;Borba;3;2;;2;;;;;;;;
13073265;Borba;3;2;2;1;43;3;3;2;0;0;1;0
13073273;Borba;3;2;2;1;48;4;3;2;0;0;1;0
13073281;Borba;3;2;0;1;262;25;18;16;1;1;1;0
13073290;Borba;3;2;1;1;33;9;5;6;1;0;1;0
13073303;Borba;3;2;;2;;;;;;;;
13073346;Borba;3;2;0;1;27;1;2;1;0;0;1;0
13073354;Borba;3;2;0;1;36;4;5;4;0;0;1;0
13076957;Borba;3;2;2;1;20;2;1;1;0;0;1;0
13076973;Borba;3;2;2;1;25;2;2;2;0;0;1;0
13076981;Borba;3;2;;2;;;;;;;;
13076990;Borba;3;2;0;1;5;1;1;1;0;0;1;0
13077007;Borba;3;1;0;1;156;25;13;6;1;0;1;0
13077023;Borba;3;2;2;1;10;1;1;1;0;0;1;1
13077040;Borba;3;2;;2;;;;;;;;
13077066;Borba;3;2;0;1;92;6;9;5;1;0;1;0
13079123;Borba;3;2;0;1;12;1;1;1;0;0;1;0
13079166;Borba;3;2;;2;;;;;;;;
13084046;Borba;3;2;0;1;12;1;1;1;0;0;1;0
13084062;Borba;3;1;0;1;256;19;12;6;1;1;1;0
13084070;Borba;3;2;;2;;;;;;;;
13084097;Borba;3;2;0;1;5;1;1;1;0;0;1;0
13084100;Borba;3;2;0;1;62;9;8;4;0;1;1;0
13084127;Borba;3;2;0;1;43;3;3;2;1;0;1;0
13084143;Borba;3;2;2;1;20;2;2;1;0;0;1;0
13084186;Borba;3;2;2;1;8;1;1;1;0;0;1;0
13084216;Borba;3;2;2;1;35;2;2;1;0;0;1;0
13084224;Borba;3;2;2;1;12;1;1;1;0;0;1;0
13086065;Borba;3;2;2;1;50;2;3;1;0;0;1;0
13086103;Borba;3;2;;2;;;;;;;;
13086146;Borba;3;2;0;1;46;6;5;4;1;0;1;0
13086162;Borba;3;2;0;1;8;1;1;1;0;0;1;0
13087886;Borba;3;2;;2;;;;;;;;
13087894;Borba;3;2;2;1;14;1;1;1;0;0;1;0
13087916;Borba;3;2;2;1;7;1;1;1;0;0;1;0
13087940;Borba;3;2;0;1;25;2;2;3;1;0;1;0
13087967;Borba;3;2;0;1;13;1;1;1;0;0;1;1
13090291;Borba;3;2;;2;;;;;;;;
13090313;Borba;3;2;0;1;10;1;1;1;0;0;1;0
13090321;Borba;3;2;2;1;5;1;1;1;0;0;1;1
13093894;Borba;2;1;0;1;346;38;8;10;1;1;1;0
13094610;Borba;3;2;2;1;18;2;2;1;0;0;1;0
13094629;Borba;3;2;0;1;60;6;5;4;0;0;1;0
13094637;Borba;3;2;2;1;42;3;3;2;0;0;1;0
13094645;Borba;3;2;0;1;14;2;2;1;0;0;1;1
13094661;Borba;3;1;0;1;425;34;20;11;0;0;1;0
13095854;Borba;3;2;;2;;;;;;;;
13097750;Borba;3;2;;2;;;;;;;;
13097776;Borba;3;2;;2;;;;;;;;
13097784;Borba;3;2;0;1;48;4;4;2;0;0;1;1
13097792;Borba;3;2;2;1;11;1;1;1;0;0;1;1
13100947;Borba;3;2;;2;;;;;;;;
13100955;Borba;3;2;;2;;;;;;;;
13102125;Borba;3;2;0;1;28;4;6;4;0;0;1;0
13102133;Borba;3;1;0;1;357;27;16;8;0;0;1;0
13102230;Borba;2;2;2;1;306;59;23;5;1;0;1;0
13102249;Borba;2;2;2;1;149;25;16;4;0;0;1;0
13102257;Borba;2;2;2;1;86;38;9;6;1;0;1;0
13104381;Borba;2;1;0;1;367;19;12;12;1;1;1;0
13104535;Borba;3;2;2;1;29;3;2;1;0;0;1;0
13104543;Borba;3;2;2;1;12;1;1;1;0;0;1;0
13104551;Borba;3;2;2;1;30;3;3;1;0;0;1;0
13106090;Borba;3;2;;2;;;;;;;;
13106104;Borba;3;2;2;1;28;2;2;1;0;0;1;0
13108263;Borba;3;2;2;1;35;3;3;2;0;0;1;0
13108271;Borba;3;2;2;1;9;1;1;1;0;0;1;0
13108280;Borba;3;2;2;1;5;1;1;1;0;0;1;0
13108298;Borba;3;2;2;1;18;2;2;1;0;0;1;0
13109642;Borba;4;1;;2;;;;;;;;
13110900;Borba;3;2;2;1;8;1;1;1;0;0;1;0
13110918;Borba;3;2;2;1;9;1;1;1;0;0;1;0
13110926;Borba;3;2;2;1;7;1;1;1;0;0;1;0
13110934;Borba;3;2;2;1;10;1;1;1;0;0;1;0
13110942;Borba;3;2;0;1;8;1;1;1;0;0;0;0
13125605;Borba;3;2;;2;;;;;;;;
13125800;Borba;3;1;0;1;268;24;15;8;0;0;1;0
13126202;Borba;3;2;2;1;12;1;1;1;0;0;1;1
13126407;Borba;3;2;2;1;7;1;1;1;0;0;1;1
13213202;Borba;3;2;2;1;7;1;1;1;0;0;1;1
13214217;Borba;3;2;0;1;19;1;2;1;0;0;1;0
13226207;Borba;2;2;0;1;226;50;21;30;1;0;0;0
13257200;Borba;2;2;2;1;84;9;9;2;1;0;0;0
13105655;Borba;3;2;;2;;;;;;;;
13108247;Borba;3;2;2;1;7;1;1;1;1;0;1;0
13108255;Borba;3;2;2;1;10;1;1;1;0;0;1;0
13077082;Borba;3;2;0;1;97;6;6;6;0;0;1;0
13108999;Borba;3;2;0;1;117;12;11;7;0;0;1;0
13016067;Caapiranga;3;1;0;1;318;15;15;11;1;1;1;0
13016075;Caapiranga;3;2;0;1;33;4;2;3;0;0;1;0
13016083;Caapiranga;3;2;0;1;54;6;4;2;1;0;1;0
13016091;Caapiranga;3;2;0;1;80;9;7;4;1;0;1;0
13016105;Caapiranga;3;2;;2;;;;;;;;
13016113;Caapiranga;3;2;;2;;;;;;;;
13016121;Caapiranga;3;2;;2;;;;;;;;
13016130;Caapiranga;3;2;;2;;;;;;;;
13016148;Caapiranga;3;2;;2;;;;;;;;
13016156;Caapiranga;3;2;0;1;28;4;2;2;0;0;1;0
13016164;Caapiranga;3;2;0;1;9;1;1;2;1;0;0;0
13016180;Caapiranga;3;2;0;1;40;5;3;2;1;0;1;0
13016199;Caapiranga;3;2;0;1;34;3;3;3;1;0;1;0
13016210;Caapiranga;3;2;;2;;;;;;;;
13016229;Caapiranga;3;2;0;1;52;7;4;6;1;0;1;0
13016237;Caapiranga;3;2;0;1;48;6;3;2;1;0;1;0
13016245;Caapiranga;3;2;0;1;259;14;14;10;1;0;1;0
13016253;Caapiranga;3;2;0;1;42;6;3;3;1;0;1;0
13016261;Caapiranga;3;2;0;1;53;6;5;5;1;1;1;0
13016288;Caapiranga;3;2;;2;;;;;;;;
13016296;Caapiranga;3;2;0;1;10;1;1;2;1;0;1;0
13016300;Caapiranga;2;1;0;1;265;21;14;7;1;0;1;0
13016318;Caapiranga;2;1;0;1;653;28;24;8;1;1;1;0
13016326;Caapiranga;3;2;;2;;;;;;;;
13016342;Caapiranga;3;2;0;1;16;1;1;2;0;0;1;0
13016350;Caapiranga;3;2;0;1;139;15;10;6;1;0;1;0
13061020;Caapiranga;3;2;;2;;;;;;;;
13061046;Caapiranga;3;2;0;1;32;2;2;2;0;0;1;0
13061623;Caapiranga;3;2;0;1;55;4;4;2;1;0;1;0
13061631;Caapiranga;3;2;;2;;;;;;;;
13061658;Caapiranga;3;2;0;1;34;1;2;1;0;0;1;0
13061666;Caapiranga;3;2;;2;;;;;;;;
13061682;Caapiranga;3;2;;2;;;;;;;;
13061704;Caapiranga;3;2;;2;;;;;;;;
13061720;Caapiranga;3;2;0;1;17;1;1;2;1;1;1;0
13061755;Caapiranga;3;2;0;1;52;7;5;7;0;0;1;0
13061763;Caapiranga;3;2;;2;;;;;;;;
13061801;Caapiranga;3;2;0;1;49;3;3;1;0;0;1;0
13061810;Caapiranga;3;2;;2;;;;;;;;
13061887;Caapiranga;3;2;;2;;;;;;;;
13061933;Caapiranga;3;2;0;1;25;1;1;1;0;0;1;0
13061968;Caapiranga;3;2;0;1;162;13;9;4;1;0;0;0
13065416;Caapiranga;3;2;0;1;8;1;1;1;0;0;1;0
13069241;Caapiranga;3;2;;2;;;;;;;;
13069250;Caapiranga;3;2;0;1;8;1;1;1;1;0;1;0
13069268;Caapiranga;3;2;;2;;;;;;;;
13069284;Caapiranga;3;2;;2;;;;;;;;
13069292;Caapiranga;3;2;0;1;11;1;1;1;0;0;1;0
13069306;Caapiranga;3;2;;2;;;;;;;;
13073028;Caapiranga;3;1;0;1;311;29;19;11;1;0;1;0
13082868;Caapiranga;3;2;0;1;30;2;2;2;1;0;1;0
13087193;Caapiranga;3;2;0;1;18;1;1;1;0;0;1;0
13091581;Caapiranga;3;2;0;1;115;5;5;6;1;0;1;0
13094254;Caapiranga;2;1;0;1;142;24;4;7;1;0;1;0
13097261;Caapiranga;3;2;;2;;;;;;;;
13099051;Caapiranga;3;2;;2;;;;;;;;
13099655;Caapiranga;3;1;;2;;;;;;;;
13099868;Caapiranga;4;1;;2;;;;;;;;
13103440;Caapiranga;2;2;0;1;176;42;12;5;1;1;1;0
13105523;Caapiranga;3;1;;2;;;;;;;;
13223259;Caapiranga;2;2;0;1;231;53;24;24;1;0;1;0
13263250;Caapiranga;3;2;0;1;216;22;15;9;1;0;0;0
13263277;Caapiranga;3;2;0;1;13;1;1;1;1;0;1;0
13265237;Caapiranga;3;2;;2;;;;;;;;
13269208;Caapiranga;3;2;;2;;;;;;;;
13269216;Caapiranga;3;2;;2;;;;;;;;
13046470;Canutama;3;2;0;1;9;1;1;1;0;0;1;1
13046489;Canutama;3;2;0;1;33;3;2;1;0;0;1;1
13046500;Canutama;3;2;0;1;11;1;1;1;0;0;1;1
13046535;Canutama;2;1;0;1;401;19;17;6;0;1;1;0
13046586;Canutama;3;2;0;1;268;20;15;8;1;1;1;0
13046594;Canutama;3;2;0;1;13;1;1;1;0;0;1;1
13046659;Canutama;3;2;0;1;18;1;1;1;0;0;1;1
13046691;Canutama;3;2;0;1;15;1;1;1;0;0;1;1
13046730;Canutama;3;2;0;1;13;1;1;1;0;0;1;0
13046748;Canutama;3;2;0;1;8;1;1;1;0;0;1;1
13046799;Canutama;3;2;0;1;11;1;1;1;0;0;1;1
13068121;Canutama;3;2;0;1;10;1;1;1;0;0;1;1
13068130;Canutama;3;2;0;1;17;1;1;1;0;0;1;0
13068164;Canutama;3;2;0;1;10;1;1;1;0;0;1;1
13068172;Canutama;3;1;0;1;305;17;14;9;1;0;1;0
13069152;Canutama;3;2;0;1;7;1;1;1;0;0;1;1
13077821;Canutama;3;2;0;1;22;2;2;1;0;0;1;0
13078623;Canutama;3;2;0;1;9;1;1;1;0;0;1;0
13078976;Canutama;3;2;0;1;57;6;3;2;0;0;1;0
13082205;Canutama;3;2;0;1;10;1;1;1;0;0;1;1
13082221;Canutama;3;2;;2;;;;;;;;
13085239;Canutama;3;2;0;1;135;6;8;5;1;0;1;0
13085255;Canutama;3;2;0;1;71;6;5;4;0;0;1;0
13089471;Canutama;3;2;0;1;213;11;12;6;1;1;1;0
13094394;Canutama;2;1;0;1;121;19;3;8;1;0;1;0
13097423;Canutama;3;1;0;1;;;;3;0;0;1;0
13097849;Canutama;3;2;0;1;24;1;1;1;0;0;1;1
13097873;Canutama;3;2;0;1;13;1;1;1;0;0;1;1
13097890;Canutama;3;2;0;1;15;1;1;1;0;0;1;1
13097903;Canutama;3;2;0;1;32;2;2;1;0;0;1;1
13097911;Canutama;3;2;0;1;33;2;2;1;0;0;1;1
13097920;Canutama;3;2;2;1;30;2;1;1;0;0;1;1
13097938;Canutama;3;2;2;1;6;1;1;1;0;0;1;1
13098543;Canutama;3;2;0;1;34;2;2;1;0;0;1;1
13098551;Canutama;3;2;0;1;83;8;4;3;0;0;1;0
13098594;Canutama;3;1;0;1;120;7;6;4;0;0;1;0
13101056;Canutama;2;1;0;1;803;27;30;12;0;0;1;0
13102362;Canutama;3;1;0;1;256;15;16;8;0;0;1;0
13104004;Canutama;3;2;0;1;74;3;3;2;1;0;1;0
13105035;Canutama;3;2;2;1;11;2;1;1;0;0;1;1
13105043;Canutama;3;2;2;1;12;2;1;1;0;0;1;1
13105051;Canutama;3;2;0;1;82;6;4;2;0;0;1;0
13108050;Canutama;3;2;0;1;14;1;1;1;0;0;1;1
13108328;Canutama;3;2;0;1;97;4;6;2;0;0;1;0
13223208;Canutama;2;2;0;1;119;36;8;8;1;0;1;0
13282220;Canutama;3;2;0;1;19;1;2;1;1;0;1;0
13311212;Canutama;3;1;0;1;256;14;12;7;1;0;1;0
13008480;Carauari;3;2;8;1;49;2;3;4;0;1;1;0
13008528;Carauari;3;1;0;1;274;14;12;9;1;0;1;0
13008552;Carauari;2;1;0;1;735;25;22;8;1;1;1;0
13008560;Carauari;3;2;8;1;75;3;4;2;1;0;0;0
13008633;Carauari;3;1;0;1;234;15;10;5;1;1;1;0
13008668;Carauari;3;2;0;1;49;2;2;2;1;0;1;0
13008749;Carauari;3;2;8;1;236;9;11;5;1;0;1;0
13008765;Carauari;3;2;0;1;111;6;6;4;1;0;1;0
13008773;Carauari;3;1;0;1;139;10;6;4;1;0;1;0
13008781;Carauari;2;1;0;1;272;18;14;7;1;1;1;0
13008790;Carauari;2;1;0;1;499;19;16;8;1;1;1;0
13008811;Carauari;2;1;0;1;177;10;8;4;1;0;1;0
13008820;Carauari;2;1;0;1;172;9;8;4;1;1;1;0
13008838;Carauari;2;1;0;1;190;11;10;5;1;1;1;0
13008862;Carauari;3;2;0;1;21;1;1;1;0;0;0;0
13008889;Carauari;3;2;8;1;49;1;2;2;0;0;0;0
13008897;Carauari;3;2;8;1;89;3;5;3;1;0;1;0
13055666;Carauari;3;2;0;1;97;3;4;2;0;0;0;0
13055682;Carauari;3;1;0;1;182;13;9;6;1;0;1;0
13055704;Carauari;3;1;0;1;178;10;8;4;1;0;1;0
13055798;Carauari;3;2;8;1;55;2;3;2;0;0;1;0
13055801;Carauari;3;2;8;1;33;1;2;2;0;0;0;0
13055810;Carauari;3;1;0;1;154;13;8;4;1;0;1;0
13055844;Carauari;3;2;8;1;59;2;3;2;0;0;1;0
13064410;Carauari;2;1;0;1;567;35;19;12;1;1;1;0
13064983;Carauari;3;2;8;1;42;2;2;2;0;0;0;0
13064991;Carauari;3;2;8;1;103;6;6;8;1;1;1;0
13070584;Carauari;3;2;8;1;44;1;3;2;0;0;0;0
13073591;Carauari;3;2;;2;;;;;;;;
13073613;Carauari;3;2;2;1;117;10;5;2;1;0;0;0
13073630;Carauari;3;2;8;1;35;2;2;2;0;0;0;0
13078267;Carauari;3;2;8;1;32;1;2;1;0;0;0;0
13078275;Carauari;3;2;8;1;35;1;2;1;0;0;1;0
13080830;Carauari;3;2;8;1;93;3;5;2;0;0;1;0
13083341;Carauari;3;1;0;1;208;12;9;6;1;1;1;0
13083350;Carauari;3;2;8;1;30;1;1;1;0;0;1;0
13083368;Carauari;3;2;8;1;31;1;3;1;0;0;0;0
13083376;Carauari;3;1;0;1;188;11;8;4;1;0;1;0
13084461;Carauari;2;1;0;1;275;16;9;9;1;1;1;0
13087290;Carauari;3;1;0;1;147;10;7;6;1;1;1;0
13089870;Carauari;2;1;0;1;213;41;6;6;0;1;1;0
13090038;Carauari;3;2;8;1;45;2;2;2;0;0;0;0
13090046;Carauari;3;2;8;1;36;1;2;1;1;0;0;0
13090836;Carauari;3;2;1;1;24;2;2;2;1;0;1;0
13090844;Carauari;3;2;0;1;22;1;1;1;0;0;0;1
13094980;Carauari;3;2;8;1;22;1;1;1;0;0;0;0
13094998;Carauari;3;2;2;1;94;10;6;2;1;0;1;0
13096656;Carauari;2;1;0;1;612;24;22;11;1;1;1;0
13098829;Carauari;3;2;0;1;22;1;2;1;0;0;0;0
13098837;Carauari;3;2;8;1;15;1;1;1;0;0;0;0
13098845;Carauari;3;2;8;1;44;1;2;2;0;0;0;0
13098888;Carauari;3;2;8;1;53;2;3;2;1;0;0;0
13100238;Carauari;3;1;0;1;474;25;20;10;1;0;1;0
13102109;Carauari;3;1;0;1;380;22;16;9;1;0;1;0
13102281;Carauari;2;1;0;1;445;33;20;20;1;1;1;0
13102893;Carauari;3;1;0;1;280;17;14;10;1;0;1;0
13105442;Carauari;2;2;2;1;7;13;1;1;1;0;1;0
13106953;Carauari;3;2;2;1;16;2;1;1;0;0;0;0
13106970;Carauari;3;2;8;1;12;1;1;1;1;0;0;0
13106988;Carauari;3;2;0;1;16;1;1;1;0;0;0;0
13106996;Carauari;3;2;0;1;22;1;1;1;0;0;0;0
13107011;Carauari;3;2;8;1;22;1;1;1;0;0;0;0
13108476;Carauari;3;2;0;1;37;1;2;1;0;0;1;0
13127802;Carauari;3;2;0;1;51;1;2;1;0;0;0;0
13224220;Carauari;2;2;0;1;104;37;8;9;1;0;1;0
13020269;Careiro;2;1;0;1;814;31;32;13;1;0;1;0
13020315;Careiro;3;2;0;1;20;2;2;2;0;0;1;0
13020331;Careiro;3;2;0;1;92;11;10;5;1;0;1;0
13020455;Careiro;3;2;0;1;16;2;3;2;1;0;1;0
13020528;Careiro;3;2;0;1;105;11;11;6;1;1;1;0
13020579;Careiro;3;2;0;1;113;10;10;5;1;0;1;0
13020609;Careiro;3;2;0;1;107;12;11;5;1;0;1;0
13020790;Careiro;2;1;0;1;542;20;20;10;1;1;1;0
13020803;Careiro;2;2;0;1;492;23;22;10;1;1;1;0
13020811;Careiro;2;2;0;1;545;30;29;13;1;1;1;0
13020889;Careiro;3;2;0;1;122;9;10;7;1;0;1;0
13057685;Careiro;3;2;0;1;37;3;3;2;1;0;1;0
13057774;Careiro;3;2;0;1;170;14;13;6;1;0;1;0
13057847;Careiro;3;2;0;1;117;13;11;5;1;0;1;0
13057880;Careiro;3;2;0;1;75;10;9;4;0;0;1;0
13059254;Careiro;3;2;0;1;88;8;7;5;1;0;1;0
13059297;Careiro;3;2;0;1;181;15;13;6;1;0;1;0
13059408;Careiro;3;2;0;1;91;9;8;5;1;0;1;0
13062727;Careiro;3;2;0;1;306;27;17;10;1;1;1;0
13062735;Careiro;3;2;0;1;297;15;16;7;1;0;1;0
13062743;Careiro;3;2;0;1;112;7;8;4;1;0;1;0
13067010;Careiro;3;2;0;1;232;16;16;9;1;0;1;0
13067028;Careiro;3;2;0;1;134;10;9;5;1;0;1;0
13067079;Careiro;3;2;0;1;82;6;7;2;1;0;1;0
13069772;Careiro;3;2;0;1;16;3;3;5;1;0;1;0
13069799;Careiro;4;1;0;1;;;;4;1;0;1;0
13070878;Careiro;4;1;0;1;129;7;8;6;1;0;1;0
13072595;Careiro;3;2;0;1;147;12;12;6;1;0;1;0
13076833;Careiro;3;2;0;1;340;14;15;7;1;0;1;0
13081888;Careiro;3;2;0;1;360;26;20;11;1;0;1;0
13081900;Careiro;3;2;1;1;92;12;10;6;1;0;1;0
13081918;Careiro;3;1;0;1;941;52;39;18;1;1;1;0
13081926;Careiro;3;2;0;1;520;29;28;14;1;0;1;0
13084720;Careiro;3;2;2;1;57;4;6;4;0;0;1;0
13084755;Careiro;3;2;0;1;24;2;2;2;1;0;1;0
13088750;Careiro;3;2;1;1;94;10;10;7;1;0;1;0
13088769;Careiro;3;2;0;1;75;6;8;4;1;0;1;0
13090615;Careiro;3;2;0;1;110;7;8;4;1;0;1;0
13094386;Careiro;2;1;0;1;283;46;6;6;1;0;1;0
13094742;Careiro;3;1;0;1;459;32;22;12;0;0;1;0
13096800;Careiro;3;2;0;1;52;4;5;2;1;0;1;0
13096818;Careiro;3;1;0;1;242;15;15;8;1;0;1;0
13100742;Careiro;3;1;0;1;177;10;10;12;1;0;1;0
13101358;Careiro;4;1;;2;;;;;;;;
13106031;Careiro;3;2;2;1;69;6;7;2;1;0;1;0
13106414;Careiro;3;1;0;1;255;15;16;8;1;0;1;0
13107119;Careiro;2;1;0;1;578;34;24;24;1;1;1;0
13108077;Careiro;3;2;0;1;38;4;4;3;0;0;1;0
13109057;Careiro;2;2;;2;;;;;;;;
13110306;Careiro;3;2;0;1;70;8;6;5;1;0;1;0
13120000;Careiro;3;2;0;1;103;10;8;5;0;0;1;0
13120204;Careiro;3;2;2;1;75;6;7;3;1;0;1;0
13220217;Careiro;2;2;0;1;548;65;37;37;1;0;1;0
13057839;Careiro;3;2;0;1;39;6;5;5;1;0;1;0
13059734;Careiro;3;2;0;1;96;7;9;5;1;0;0;0
13080920;Careiro;3;2;0;1;126;14;13;6;1;0;1;0
13020927;Careiro da Várzea;3;2;8;1;159;11;12;7;1;1;1;0
13020943;Careiro da Várzea;3;2;8;1;28;2;2;1;1;1;1;0
13020986;Careiro da Várzea;3;1;0;1;407;22;25;13;1;0;1;0
13021010;Careiro da Várzea;2;2;0;1;160;11;15;8;1;0;1;0
13021028;Careiro da Várzea;2;1;0;1;568;72;36;22;1;1;1;0
13021036;Careiro da Várzea;2;2;0;1;186;11;16;9;1;1;1;0
13021052;Careiro da Várzea;2;2;0;1;171;16;13;9;1;1;1;0
13021060;Careiro da Várzea;3;2;8;1;18;1;1;1;1;0;1;0
13021079;Careiro da Várzea;3;2;8;1;105;6;8;6;1;1;1;0
13021087;Careiro da Várzea;3;2;8;1;18;1;1;1;1;0;1;0
13021095;Careiro da Várzea;3;2;8;1;65;6;7;6;1;0;1;0
13021133;Careiro da Várzea;3;2;8;1;189;7;11;6;1;1;1;0
13021141;Careiro da Várzea;3;2;8;1;14;1;2;1;0;0;1;0
13021150;Careiro da Várzea;3;2;8;1;17;1;1;1;0;1;1;1
13021168;Careiro da Várzea;3;2;8;1;98;10;9;5;1;1;1;0
13021176;Careiro da Várzea;3;2;8;1;15;1;1;1;1;0;1;0
13021192;Careiro da Várzea;3;2;8;1;31;2;2;2;0;1;1;0
13021214;Careiro da Várzea;3;2;8;1;24;2;2;2;1;1;1;0
13021222;Careiro da Várzea;3;2;8;1;18;1;2;1;1;1;1;0
13021273;Careiro da Várzea;3;2;8;1;3;1;1;1;0;0;1;0
13021338;Careiro da Várzea;3;2;8;1;25;1;2;1;1;0;1;0
13021354;Careiro da Várzea;2;2;0;1;326;12;18;8;1;1;1;0
13021362;Careiro da Várzea;2;2;0;1;281;31;20;9;1;1;1;0
13021370;Careiro da Várzea;3;2;8;1;177;10;12;8;1;1;1;0
13021389;Careiro da Várzea;3;2;8;1;165;7;9;6;1;1;1;0
13021397;Careiro da Várzea;3;2;8;1;94;8;9;6;1;1;1;0
13021400;Careiro da Várzea;3;2;8;1;33;1;2;1;1;1;1;0
13021419;Careiro da Várzea;3;2;8;1;36;6;5;5;1;1;1;0
13021451;Careiro da Várzea;3;2;8;1;32;1;2;1;0;0;1;0
13021460;Careiro da Várzea;3;2;8;1;204;8;12;6;1;0;1;0
13056450;Careiro da Várzea;3;2;8;1;15;1;1;1;1;0;1;0
13056506;Careiro da Várzea;3;2;8;1;312;16;16;9;1;1;1;0
13056662;Careiro da Várzea;3;2;2;1;119;6;8;4;1;1;1;0
13066463;Careiro da Várzea;3;2;8;1;51;2;3;2;1;1;1;0
13066528;Careiro da Várzea;3;2;8;1;39;2;3;2;1;1;1;0
13066560;Careiro da Várzea;3;2;8;1;179;9;10;5;1;1;1;0
13081080;Careiro da Várzea;3;2;8;1;22;2;2;1;0;1;1;0
13083910;Careiro da Várzea;3;2;2;1;18;2;2;1;1;0;1;0
13083937;Careiro da Várzea;3;2;2;1;9;1;1;1;0;0;1;1
13083961;Careiro da Várzea;3;2;8;1;15;1;1;1;0;1;1;0
13084003;Careiro da Várzea;3;2;8;1;33;1;2;1;0;1;1;0
13087282;Careiro da Várzea;3;2;8;1;92;7;7;5;1;1;1;0
13090437;Careiro da Várzea;3;2;2;1;19;2;2;2;1;0;1;0
13094157;Careiro da Várzea;3;1;0;1;188;6;11;7;1;0;1;0
13094173;Careiro da Várzea;3;2;8;1;5;1;1;1;0;0;1;0
13094211;Careiro da Várzea;3;1;0;1;259;13;16;12;1;0;1;0
13099345;Careiro da Várzea;3;2;8;1;30;2;2;1;1;1;1;0
13101544;Careiro da Várzea;3;2;2;1;17;1;1;1;1;0;1;0
13106112;Careiro da Várzea;2;1;0;1;122;22;3;10;1;1;1;0
13110004;Careiro da Várzea;3;2;2;1;10;1;1;1;0;0;1;1
13110209;Careiro da Várzea;3;2;2;1;12;1;1;1;0;0;1;1
13135201;Careiro da Várzea;3;2;2;1;10;1;1;1;0;0;1;1
13220225;Careiro da Várzea;2;2;0;1;212;44;20;20;1;0;1;0
13307398;Careiro da Várzea;3;2;2;1;47;3;3;1;1;0;1;0
13016385;Coari;3;2;0;1;77;5;5;4;0;0;1;0
13016407;Coari;3;2;0;1;144;10;10;5;1;0;1;0
13016423;Coari;3;2;0;1;24;2;2;2;0;0;1;1
13016466;Coari;3;2;0;1;6;1;1;1;0;0;1;1
13016474;Coari;3;2;0;1;46;4;3;4;0;0;1;1
13016539;Coari;3;2;0;1;74;5;4;4;0;0;1;1
13016598;Coari;3;2;0;1;32;3;2;4;0;0;1;1
13016628;Coari;3;2;0;1;39;3;2;2;1;0;1;0
13016636;Coari;3;2;0;1;6;1;1;2;0;0;1;1
13016679;Coari;3;2;0;1;16;1;2;1;0;0;1;1
13016687;Coari;3;2;;2;;;;;;;;
13016776;Coari;2;1;0;1;1484;59;42;14;1;1;1;0
13016792;Coari;2;1;0;1;906;64;29;10;1;0;1;0
13016830;Coari;3;2;0;1;69;5;5;4;1;0;1;0
13016865;Coari;3;2;0;1;83;7;7;4;1;0;1;0
13016946;Coari;3;2;0;1;122;10;9;6;0;0;1;0
13016989;Coari;3;2;0;1;59;5;3;4;0;0;1;1
13017071;Coari;3;2;0;1;70;6;6;4;1;0;1;0
13017136;Coari;3;2;2;1;41;6;4;4;0;0;1;1
13017160;Coari;3;2;0;1;226;13;12;8;1;0;1;0
13017225;Coari;3;2;0;1;30;2;2;2;1;0;1;0
13017241;Coari;3;2;2;1;28;1;2;2;0;0;1;1
13017250;Coari;3;2;0;1;136;14;12;7;1;0;1;0
13017276;Coari;3;2;0;1;11;1;1;1;0;0;1;0
13017306;Coari;3;2;0;1;6;1;1;1;0;0;1;0
13017322;Coari;3;2;0;1;138;12;6;6;1;1;1;0
13017330;Coari;3;2;0;1;39;5;3;4;0;0;1;0
13017373;Coari;3;2;0;1;37;2;2;1;1;0;1;0
13017381;Coari;3;2;0;1;23;2;2;2;0;0;1;1
13017446;Coari;3;2;0;1;20;3;2;3;0;0;1;1
13017454;Coari;3;2;0;1;87;8;7;6;1;0;1;0
13017489;Coari;3;2;0;1;80;6;5;4;1;0;1;0
13017497;Coari;3;2;0;1;85;6;5;4;1;0;1;0
13017519;Coari;3;2;0;1;47;4;3;5;0;0;1;1
13017543;Coari;3;2;0;1;63;5;4;4;1;0;1;0
13017551;Coari;3;2;0;1;27;2;2;2;0;0;1;0
13017608;Coari;3;2;2;1;44;4;4;4;0;0;1;1
13017616;Coari;3;2;0;1;41;5;4;4;0;0;1;0
13017772;Coari;3;2;0;1;16;2;2;4;0;0;1;1
13017780;Coari;3;2;0;1;32;4;3;6;0;0;1;1
13017845;Coari;3;2;0;1;15;1;2;3;0;0;1;1
13017853;Coari;3;2;0;1;17;1;2;2;0;0;1;1
13017888;Coari;3;2;0;1;93;7;8;6;0;0;1;0
13017900;Coari;3;2;0;1;42;3;3;3;0;0;1;1
13017918;Coari;3;2;0;1;8;1;1;1;0;0;1;0
13018019;Coari;3;2;2;1;45;4;2;5;0;0;1;1
13018027;Coari;3;2;0;1;47;4;3;3;0;0;1;1
13018035;Coari;3;2;0;1;77;6;5;4;1;0;1;0
13018132;Coari;3;2;2;1;86;8;7;4;1;0;1;0
13018167;Coari;2;1;0;1;273;14;10;5;1;1;1;0
13018175;Coari;2;1;0;1;421;24;16;6;1;1;1;0
13018183;Coari;2;1;0;1;315;13;12;7;1;1;1;0
13018191;Coari;2;1;0;1;366;12;11;5;1;1;1;0
13018205;Coari;2;1;0;1;501;26;20;7;1;1;1;0
13018213;Coari;2;1;0;1;246;11;10;5;1;1;1;0
13018221;Coari;2;1;0;1;845;33;24;9;1;1;1;0
13018230;Coari;2;1;0;1;299;13;12;6;1;1;1;0
13018248;Coari;2;1;0;1;275;12;12;6;1;1;1;0
13018256;Coari;2;1;0;1;333;12;10;5;0;1;1;0
13018280;Coari;3;2;2;1;73;5;5;4;0;0;1;1
13018302;Coari;2;1;0;1;800;31;20;10;1;1;1;0
13018310;Coari;4;1;0;1;;;;6;1;0;1;0
13056050;Coari;3;2;;2;;;;;;;;
13056077;Coari;3;2;0;1;167;10;7;7;1;1;1;0
13056093;Coari;3;2;0;1;81;6;7;4;1;0;1;0
13056115;Coari;3;2;0;1;9;1;1;2;0;0;1;1
13059602;Coari;2;1;0;1;947;32;23;12;1;1;1;0
13066145;Coari;3;2;0;1;27;3;3;2;0;0;1;1
13066161;Coari;3;2;0;1;40;4;4;4;0;0;1;1
13066226;Coari;3;2;0;1;48;4;3;2;0;0;1;1
13066250;Coari;3;2;0;1;25;2;2;2;0;0;1;1
13066315;Coari;3;2;0;1;53;4;3;4;0;0;1;1
13069314;Coari;3;1;0;1;910;37;24;9;1;1;1;0
13069330;Coari;3;2;0;1;56;4;4;2;0;0;1;1
13069357;Coari;3;2;0;1;14;1;1;1;0;0;1;0
13069381;Coari;3;2;0;1;67;6;5;4;0;0;1;0
13069403;Coari;3;2;0;1;48;5;5;4;1;0;1;0
13069446;Coari;3;2;0;1;11;1;1;1;0;0;1;0
13069489;Coari;3;2;0;1;71;4;5;3;0;0;1;1
13069500;Coari;3;2;0;1;40;5;4;3;1;0;1;0
13069519;Coari;3;1;0;1;320;17;8;8;1;1;1;0
13072838;Coari;3;2;0;1;52;5;3;4;0;0;1;1
13072846;Coari;3;2;2;1;33;3;3;3;0;0;1;1
13076876;Coari;3;2;0;1;48;4;3;4;0;0;1;0
13076892;Coari;3;1;0;1;731;26;26;14;1;0;1;0
13076906;Coari;4;1;0;1;260;23;14;11;1;1;1;0
13076930;Coari;3;2;0;1;19;2;2;2;0;0;1;0
13080784;Coari;3;2;0;1;37;3;2;2;0;0;1;1
13084992;Coari;3;2;0;1;24;2;2;2;0;0;1;1
13085018;Coari;3;2;0;1;39;4;4;5;0;0;1;0
13085034;Coari;3;2;0;1;24;2;2;2;0;0;1;0
13085042;Coari;3;2;0;1;46;4;3;2;0;0;1;1
13089331;Coari;3;2;0;1;30;4;4;2;0;0;1;0
13089358;Coari;3;1;0;1;511;21;13;7;1;1;1;0
13089382;Coari;3;2;0;1;21;2;2;2;0;0;1;1
13089390;Coari;3;1;0;1;253;22;7;5;1;0;1;0
13089986;Coari;2;1;0;1;416;63;9;9;1;0;1;0
13091590;Coari;3;2;0;1;19;2;2;2;0;0;1;1
13091603;Coari;3;2;0;1;12;1;1;1;0;0;1;1
13091611;Coari;3;2;0;1;29;2;2;2;0;0;1;1
13091620;Coari;3;2;0;1;34;4;2;2;1;0;1;0
13091638;Coari;3;2;2;1;74;7;6;6;0;0;1;1
13091646;Coari;3;2;0;1;47;4;3;4;0;0;1;1
13091670;Coari;3;2;0;1;53;5;3;4;0;0;1;1
13091689;Coari;3;2;;2;;;;;;;;
13091697;Coari;3;2;2;1;118;5;10;4;0;0;1;1
13095315;Coari;3;1;0;1;610;24;20;10;1;1;1;0
13095480;Coari;3;1;0;1;1055;35;40;21;1;0;1;0
13095510;Coari;3;1;0;1;278;12;12;7;1;0;1;0
13095552;Coari;3;2;0;1;35;2;2;2;0;0;1;1
13095560;Coari;3;2;0;1;22;1;2;2;0;0;1;1
13095579;Coari;3;2;0;1;23;3;3;3;0;0;1;1
13095587;Coari;3;2;2;1;60;5;4;3;0;0;1;1
13095625;Coari;3;2;0;1;38;2;2;4;0;0;1;1
13098705;Coari;4;1;0;1;390;24;24;13;1;1;1;0
13099060;Coari;3;2;0;1;19;1;2;2;0;0;1;1
13100521;Coari;3;1;0;1;611;29;24;12;1;1;1;0
13103172;Coari;2;2;8;1;79;6;10;10;1;0;1;0
13103997;Coari;4;1;0;1;84;3;3;3;0;1;1;0
13104390;Coari;2;1;0;1;578;33;21;21;1;1;1;0
13105361;Coari;4;1;0;1;29;1;1;7;1;1;1;0
13110098;Coari;4;1;0;1;54;3;4;3;1;0;1;0
13113607;Coari;3;1;0;1;483;23;18;8;1;1;1;0
13116401;Coari;1;1;0;1;456;33;15;15;1;1;1;0
13223224;Coari;2;2;0;1;666;103;77;77;1;0;1;0
13241265;Coari;3;2;0;1;24;1;2;2;0;0;1;1
13251210;Coari;3;2;2;1;100;7;7;5;1;0;1;0
13251228;Coari;3;2;0;1;51;3;3;2;0;0;1;1
13255215;Coari;3;2;2;1;34;3;3;2;0;0;1;1
13256203;Coari;3;2;2;1;20;2;2;4;0;0;1;1
13256220;Coari;3;1;0;1;753;41;31;16;1;1;1;0
13018329;Codajás;3;2;0;1;33;2;3;1;1;0;1;0
13018345;Codajás;3;2;0;1;38;3;5;2;1;0;1;0
13018353;Codajás;3;2;0;1;32;2;3;1;0;0;1;0
13018370;Codajás;2;1;0;1;379;23;15;8;1;1;1;0
13018388;Codajás;2;1;0;1;138;11;8;5;1;0;1;0
13018396;Codajás;2;1;;2;;;;;;;;
13018450;Codajás;2;1;0;1;242;13;10;6;1;1;1;0
13018469;Codajás;3;2;0;1;25;2;2;1;1;0;1;0
13018477;Codajás;3;2;0;1;34;3;3;1;1;0;1;0
13018507;Codajás;3;2;0;1;36;3;2;1;1;0;1;0
13018523;Codajás;3;1;0;1;183;12;10;5;0;0;1;0
13018540;Codajás;3;2;0;1;24;2;2;1;1;0;1;0
13018558;Codajás;3;2;0;1;18;1;2;1;0;0;1;0
13018574;Codajás;3;2;0;1;8;1;1;1;0;0;1;0
13018698;Codajás;3;2;0;1;14;1;1;1;1;0;1;0
13018760;Codajás;3;2;0;1;18;1;2;1;0;0;1;0
13018795;Codajás;3;2;0;1;17;1;2;1;0;0;1;0
13018825;Codajás;3;2;0;1;204;19;11;6;1;0;1;0
13018876;Codajás;3;2;0;1;39;3;3;1;0;0;1;0
13018892;Codajás;3;2;0;1;28;2;2;1;1;0;1;0
13018906;Codajás;2;1;0;1;478;27;21;7;1;1;1;0
13018914;Codajás;2;1;0;1;319;13;14;7;1;1;1;0
13018949;Codajás;3;1;0;1;258;18;12;7;1;0;1;0
13054139;Codajás;3;2;0;1;14;1;1;1;1;0;1;0
13064240;Codajás;3;2;0;1;26;2;3;1;0;0;1;0
13066897;Codajás;3;1;0;1;410;30;15;8;1;0;1;0
13066919;Codajás;3;2;0;1;58;4;3;2;1;0;1;0
13066935;Codajás;3;2;0;1;30;2;3;1;0;0;1;0
13066951;Codajás;3;2;0;1;24;2;2;1;0;0;1;0
13066960;Codajás;3;1;0;1;285;19;14;7;1;0;1;0
13069179;Codajás;3;2;0;1;38;2;2;1;0;0;1;0
13072978;Codajás;3;1;0;1;327;38;19;9;1;0;1;0
13072986;Codajás;3;2;0;1;22;1;2;1;1;0;1;0
13073010;Codajás;3;2;0;1;18;2;2;1;1;0;1;0
13077643;Codajás;3;2;0;1;62;5;4;1;1;0;1;0
13077996;Codajás;3;2;0;1;32;3;3;1;1;0;1;0
13080865;Codajás;3;2;0;1;30;2;2;1;1;0;1;0
13083414;Codajás;3;2;0;1;15;1;1;1;0;0;1;0
13084690;Codajás;3;2;0;1;6;1;1;1;1;0;1;0
13084712;Codajás;3;2;0;1;32;2;2;1;0;0;1;0
13094432;Codajás;2;1;0;1;288;34;7;7;1;0;1;0
13094904;Codajás;3;2;0;1;11;3;1;1;1;0;1;0
13094912;Codajás;3;2;0;1;17;1;1;1;0;0;1;0
13096613;Codajás;2;1;0;1;771;62;29;12;1;1;1;0
13097962;Codajás;3;2;0;1;8;1;1;1;1;0;1;0
13102729;Codajás;3;2;0;1;14;1;2;1;0;0;1;0
13103016;Codajás;3;2;0;1;39;4;3;1;1;0;1;0
13103849;Codajás;3;2;0;1;8;1;1;1;1;0;1;0
13106872;Codajás;3;1;0;1;194;39;10;10;1;0;1;0
13106880;Codajás;3;2;;2;;;;;;;;
13107976;Codajás;2;1;0;1;615;30;21;21;1;1;1;0
13110896;Codajás;3;1;0;1;227;16;10;5;0;0;1;0
13131605;Codajás;3;1;0;1;242;28;10;5;1;0;1;0
13223232;Codajás;2;2;0;1;220;54;25;25;1;0;1;0
13279211;Codajás;3;2;0;1;46;3;3;1;1;0;1;0
13279220;Codajás;3;1;0;1;164;23;10;5;1;0;1;0
13018965;Codajás;3;2;0;1;83;7;5;3;1;0;1;0
13018973;Codajás;3;2;0;1;48;3;3;3;0;0;1;0
13069195;Codajás;3;2;0;1;33;1;2;1;1;0;1;0
13080857;Codajás;3;2;0;1;26;2;3;1;0;0;1;0
13102737;Codajás;3;2;0;1;9;1;1;1;0;0;1;0
13102745;Codajás;3;2;0;1;23;2;2;1;0;0;1;0
13102931;Codajás;3;2;0;1;28;3;3;1;0;0;1;0
13105248;Codajás;3;2;0;1;7;1;1;1;0;0;1;0
13009010;Eirunepé;2;1;0;1;883;36;30;10;1;1;1;0
13009036;Eirunepé;3;1;0;1;87;8;4;2;1;0;1;0
13009125;Eirunepé;3;2;0;1;82;6;7;7;0;0;1;0
13009150;Eirunepé;3;2;0;1;276;16;19;21;0;0;1;0
13009206;Eirunepé;3;2;0;1;179;13;13;14;0;0;1;0
13009222;Eirunepé;3;2;0;1;75;4;4;6;0;0;1;0
13009230;Eirunepé;3;2;0;1;67;5;5;6;0;0;1;0
13009281;Eirunepé;3;2;0;1;44;3;3;3;0;0;1;0
13009443;Eirunepé;3;1;0;1;129;10;6;3;0;0;1;0
13009486;Eirunepé;3;2;0;1;166;10;13;13;0;0;1;0
13009494;Eirunepé;3;2;0;1;140;9;10;15;0;0;1;0
13009664;Eirunepé;2;1;0;1;370;14;14;7;1;0;1;0
13009672;Eirunepé;2;1;0;1;379;12;12;6;1;1;1;0
13009699;Eirunepé;2;1;0;1;545;19;16;8;1;1;1;0
13009729;Eirunepé;2;1;0;1;274;10;10;5;0;0;1;0
13009753;Eirunepé;2;1;;2;;;;;;;;
13009818;Eirunepé;3;2;0;1;107;7;8;9;0;0;1;0
13009869;Eirunepé;3;2;0;1;181;14;15;18;0;0;1;0
13009966;Eirunepé;3;1;0;1;230;17;10;5;0;0;1;0
13059432;Eirunepé;2;1;0;1;359;27;20;10;1;1;1;0
13070304;Eirunepé;4;1;0;1;137;7;8;6;1;1;1;0
13070312;Eirunepé;3;1;0;1;298;18;12;5;0;0;1;0
13070320;Eirunepé;3;1;0;1;314;21;14;7;1;1;1;0
13070339;Eirunepé;3;1;0;1;346;17;12;6;1;1;1;0
13070347;Eirunepé;3;1;0;1;300;19;12;6;0;0;1;0
13070355;Eirunepé;3;1;0;1;396;22;14;7;1;0;1;0
13070363;Eirunepé;3;1;0;1;119;7;6;4;1;0;1;0
13070371;Eirunepé;3;1;0;1;233;18;10;7;0;0;1;0
13070380;Eirunepé;3;1;0;1;206;15;8;5;0;0;1;0
13070401;Eirunepé;3;1;0;1;266;16;11;7;0;1;1;0
13070410;Eirunepé;3;2;2;1;85;2;3;2;0;0;1;0
13070428;Eirunepé;3;2;2;1;77;3;4;4;0;0;1;0
13070479;Eirunepé;3;2;2;1;40;1;2;2;0;0;1;0
13070495;Eirunepé;3;2;2;1;170;6;9;11;0;0;1;0
13070509;Eirunepé;3;2;2;1;74;4;4;6;0;0;1;0
13070517;Eirunepé;3;2;2;1;30;1;2;1;0;0;1;1
13070533;Eirunepé;3;2;2;1;95;5;4;4;0;0;1;0
13070541;Eirunepé;3;2;2;1;68;2;4;2;0;0;1;0
13070550;Eirunepé;3;2;2;1;44;1;2;2;0;0;1;0
13077457;Eirunepé;3;1;0;1;503;30;18;9;0;1;1;0
13077554;Eirunepé;3;2;0;1;122;8;11;10;0;0;1;0
13077562;Eirunepé;3;2;2;1;48;1;2;1;0;0;1;1
13077570;Eirunepé;3;2;2;1;11;1;1;1;0;0;1;1
13078151;Eirunepé;3;2;2;1;70;3;3;3;0;0;1;0
13078160;Eirunepé;3;2;2;1;15;1;1;1;0;0;1;1
13078259;Eirunepé;2;1;0;1;1193;47;41;15;1;1;1;0
13089790;Eirunepé;3;2;2;1;6;1;1;1;0;0;1;1
13089900;Eirunepé;2;1;0;1;237;25;7;10;1;1;1;0
13101153;Eirunepé;1;1;0;1;542;25;16;14;1;1;1;0
13106678;Eirunepé;2;2;;2;;;;;;;;
13107089;Eirunepé;3;2;0;1;149;10;10;9;0;0;1;0
13108484;Eirunepé;2;1;0;1;514;25;21;21;1;1;1;0
13110063;Eirunepé;2;2;2;1;93;8;5;6;0;0;1;0
13134205;Eirunepé;3;1;0;1;202;19;12;6;0;0;1;0
13010018;Envira;3;2;;2;;;;;;;;
13010042;Envira;2;1;0;1;732;26;25;10;1;1;1;0
13010085;Envira;3;2;0;1;22;1;1;1;0;0;1;0
13010093;Envira;3;2;0;1;17;1;1;1;0;0;1;0
13010107;Envira;3;2;0;1;10;1;1;1;0;0;1;0
13010115;Envira;3;2;;2;;;;;;;;
13010140;Envira;3;2;0;1;16;1;1;1;0;0;1;0
13010158;Envira;3;2;;2;;;;;;;;
13010166;Envira;3;2;;2;;;;;;;;
13010174;Envira;3;2;;2;;;;;;;;
13010182;Envira;3;2;0;1;21;1;1;1;0;0;1;0
13010204;Envira;3;2;0;1;15;1;1;1;0;0;0;1
13010212;Envira;3;2;0;1;17;1;1;1;0;0;1;0
13010220;Envira;3;2;;2;;;;;;;;
13010239;Envira;3;2;;2;;;;;;;;
13010247;Envira;3;2;;2;;;;;;;;
13010255;Envira;3;2;0;1;45;1;2;1;0;0;1;1
13010263;Envira;3;2;;2;;;;;;;;
13010271;Envira;3;2;;2;;;;;;;;
13010280;Envira;3;2;;2;;;;;;;;
13010310;Envira;3;2;0;1;53;2;3;1;0;0;1;0
13010336;Envira;3;2;;2;;;;;;;;
13010344;Envira;3;2;;2;;;;;;;;
13010352;Envira;3;2;0;1;11;1;1;1;0;0;1;0
13010360;Envira;3;2;;2;;;;;;;;
13010395;Envira;3;2;0;1;15;1;1;1;0;0;1;0
13010417;Envira;3;2;;2;;;;;;;;
13010425;Envira;3;2;0;1;36;1;2;2;1;0;1;0
13010433;Envira;3;2;0;1;8;1;1;1;0;0;1;0
13010450;Envira;3;2;2;1;88;1;2;2;0;0;1;0
13010468;Envira;3;2;0;1;14;1;1;1;0;0;1;0
13010484;Envira;3;2;0;1;10;1;1;1;0;0;0;0
13010492;Envira;3;2;2;1;256;5;10;1;0;0;1;0
13010549;Envira;2;1;0;1;324;18;10;10;1;1;1;0
13010557;Envira;2;1;0;1;348;12;10;5;1;0;1;0
13010565;Envira;3;2;;2;;;;;;;;
13010573;Envira;3;2;;2;;;;;;;;
13010581;Envira;3;2;0;1;28;1;2;1;0;0;1;1
13010590;Envira;3;2;;2;;;;;;;;
13010611;Envira;3;2;;2;;;;;;;;
13010620;Envira;3;2;;2;;;;;;;;
13010638;Envira;3;2;0;1;30;1;1;1;0;0;1;0
13010654;Envira;3;2;0;1;31;1;2;1;0;0;1;0
13055429;Envira;2;1;0;1;621;27;20;7;0;1;1;0
13061216;Envira;3;2;;2;;;;;;;;
13061240;Envira;3;2;;2;;;;;;;;
13061259;Envira;3;2;;2;;;;;;;;
13061283;Envira;3;2;;2;;;;;;;;
13061305;Envira;3;2;;2;;;;;;;;
13061348;Envira;3;2;0;1;18;1;1;1;0;0;1;1
13061356;Envira;3;2;0;1;12;1;1;1;0;0;1;0
13061364;Envira;3;2;0;1;21;2;3;1;0;0;1;0
13061410;Envira;3;2;;2;;;;;;;;
13061429;Envira;3;2;;2;;;;;;;;
13061445;Envira;3;2;;2;;;;;;;;
13061453;Envira;3;2;;2;;;;;;;;
13067265;Envira;3;2;;2;;;;;;;;
13067311;Envira;3;2;0;1;9;1;1;1;0;0;1;1
13067451;Envira;3;2;;2;;;;;;;;
13070274;Envira;3;2;0;1;20;1;1;1;0;0;1;0
13070282;Envira;3;2;;2;;;;;;;;
13070290;Envira;3;2;;2;;;;;;;;
13073095;Envira;3;1;0;1;231;8;10;6;1;0;1;0
13073117;Envira;3;2;;2;;;;;;;;
13073125;Envira;3;2;;2;;;;;;;;
13077597;Envira;3;1;0;1;138;6;7;7;1;0;1;0
13077651;Envira;3;1;0;1;58;4;3;4;1;0;1;0
13078127;Envira;3;2;;2;;;;;;;;
13078135;Envira;3;2;0;1;7;1;1;1;0;0;1;1
13083864;Envira;3;2;2;1;44;1;2;1;0;0;1;0
13083872;Envira;3;2;;2;;;;;;;;
13083899;Envira;3;2;;2;;;;;;;;
13083902;Envira;3;2;;2;;;;;;;;
13087363;Envira;3;2;;2;;;;;;;;
13087533;Envira;3;1;0;1;211;6;9;8;1;0;1;0
13089650;Envira;3;2;;2;;;;;;;;
13089781;Envira;3;1;0;1;110;9;7;4;1;0;1;0
13090011;Envira;2;1;0;1;603;62;13;2;0;0;1;0
13090917;Envira;3;1;0;1;923;62;41;11;1;0;1;0
13090925;Envira;3;2;0;1;8;1;1;1;0;0;1;0
13090933;Envira;3;2;;2;;;;;;;;
13094750;Envira;3;2;0;1;21;1;2;1;0;1;1;1
13094769;Envira;3;2;0;1;7;1;1;1;0;0;1;1
13095005;Envira;3;2;2;1;116;2;4;2;0;0;1;0
13097202;Envira;3;2;0;1;20;1;1;1;0;0;1;1
13097709;Envira;3;2;;2;;;;;;;;
13097725;Envira;3;2;;2;;;;;;;;
13100920;Envira;3;2;0;1;33;1;2;1;0;0;1;0
13100939;Envira;3;2;2;1;30;1;2;1;0;0;1;0
13104314;Envira;3;2;;2;;;;;;;;
13119400;Envira;3;2;0;1;8;1;1;1;0;0;1;1
13163205;Envira;3;2;;2;;;;;;;;
13295225;Envira;3;2;;2;;;;;;;;
13296213;Envira;3;2;0;1;34;1;1;1;0;0;1;0
13297210;Envira;3;2;0;1;16;1;1;1;0;0;1;1
13319272;Envira;3;1;0;1;239;20;10;9;1;0;1;0
13005600;Fonte Boa;3;2;0;1;46;2;3;3;0;0;0;0
13005642;Fonte Boa;3;2;2;1;150;6;5;4;0;0;0;0
13005685;Fonte Boa;3;2;0;1;70;5;8;4;0;0;1;0
13005707;Fonte Boa;3;2;0;1;7;1;1;2;0;0;1;0
13005790;Fonte Boa;3;2;0;1;77;3;3;2;0;0;0;0
13005812;Fonte Boa;3;2;0;1;10;1;1;3;1;0;1;0
13005898;Fonte Boa;3;2;0;1;39;2;4;3;0;0;0;0
13005901;Fonte Boa;3;2;2;1;89;11;4;4;1;0;0;0
13005910;Fonte Boa;3;2;0;1;16;3;3;2;0;0;0;0
13005944;Fonte Boa;3;2;0;1;31;3;4;2;0;0;0;0
13005987;Fonte Boa;3;2;0;1;36;4;4;2;0;1;0;0
13006002;Fonte Boa;3;2;2;1;43;5;4;3;0;0;0;0
13006070;Fonte Boa;3;2;0;1;31;3;3;5;1;0;0;0
13006118;Fonte Boa;3;2;0;1;11;1;1;2;0;1;0;0
13006177;Fonte Boa;3;2;0;1;62;3;3;3;0;0;0;0
13006193;Fonte Boa;3;2;0;1;27;2;3;2;0;0;0;0
13006215;Fonte Boa;3;2;0;1;76;6;4;2;0;0;0;0
13006258;Fonte Boa;3;2;0;1;78;4;5;2;0;0;0;0
13006282;Fonte Boa;3;2;2;1;38;2;3;3;0;0;0;0
13006320;Fonte Boa;3;2;0;1;20;1;3;2;0;0;0;0
13006347;Fonte Boa;3;2;2;1;177;6;9;7;1;0;0;0
13006452;Fonte Boa;3;2;0;1;45;3;4;4;0;1;0;0
13006509;Fonte Boa;3;2;0;1;40;2;3;2;0;0;0;0
13006525;Fonte Boa;3;2;0;1;12;1;2;2;0;0;0;0
13006550;Fonte Boa;3;2;0;1;9;1;1;2;0;0;0;0
13006576;Fonte Boa;2;1;;2;;;;;;;;
13006584;Fonte Boa;3;1;0;1;1465;126;69;47;0;0;1;0
13006592;Fonte Boa;2;1;0;1;370;24;16;6;1;1;1;0
13006606;Fonte Boa;2;1;0;1;329;25;16;8;1;1;1;0
13006614;Fonte Boa;2;1;0;1;765;59;27;14;1;1;1;0
13006622;Fonte Boa;2;1;0;1;372;15;14;7;1;1;1;0
13062255;Fonte Boa;3;2;0;1;77;5;5;4;1;0;1;0
13062271;Fonte Boa;3;2;0;1;57;5;5;4;1;1;1;0
13062280;Fonte Boa;3;2;2;1;34;2;3;2;0;0;0;0
13062328;Fonte Boa;3;2;0;1;103;3;4;4;1;1;1;0
13071092;Fonte Boa;3;1;0;1;1187;87;67;36;0;0;1;0
13076604;Fonte Boa;3;1;0;1;768;90;45;21;1;0;1;0
13083465;Fonte Boa;3;2;2;1;88;3;4;2;0;0;1;0
13084852;Fonte Boa;3;2;0;1;39;3;4;2;0;0;0;0
13088289;Fonte Boa;3;2;0;1;23;3;3;3;0;0;0;0
13096460;Fonte Boa;2;1;0;1;346;47;9;10;1;1;1;0
13096834;Fonte Boa;3;2;2;1;72;3;5;2;0;0;0;0
13096842;Fonte Boa;3;2;0;1;31;1;2;2;0;0;0;0
13096850;Fonte Boa;3;2;0;1;15;2;3;2;0;0;0;1
13096869;Fonte Boa;3;2;2;1;40;3;4;2;0;0;0;0
13096877;Fonte Boa;3;2;2;1;51;3;3;2;0;0;0;0
13096885;Fonte Boa;3;2;0;1;50;3;5;3;0;0;0;0
13096893;Fonte Boa;3;2;0;1;21;3;3;2;0;0;1;0
13096907;Fonte Boa;3;2;0;1;7;3;2;1;0;1;0;0
13096915;Fonte Boa;3;2;0;1;19;2;3;2;0;0;1;0
13096923;Fonte Boa;3;2;0;1;20;3;5;3;0;0;1;0
13096931;Fonte Boa;3;2;0;1;8;1;1;2;0;0;0;0
13096940;Fonte Boa;3;2;0;1;52;2;3;2;0;0;0;0
13096958;Fonte Boa;3;2;2;1;32;3;4;3;0;0;0;1
13096966;Fonte Boa;3;2;0;1;44;2;3;4;1;0;1;0
13099833;Fonte Boa;2;2;0;1;148;44;17;23;1;0;1;0
13103210;Fonte Boa;2;2;2;1;77;6;6;6;1;0;1;0
13103660;Fonte Boa;3;1;0;1;389;33;32;15;1;0;1;0
13108948;Fonte Boa;2;1;0;1;711;39;24;24;1;1;1;0
13144251;Fonte Boa;3;2;2;1;36;2;3;2;0;0;0;0
13307223;Fonte Boa;3;2;0;1;70;3;5;4;0;0;1;0
13010700;Guajará;3;2;;2;;;;;;;;
13010867;Guajará;3;2;0;1;92;4;4;7;1;1;1;0
13010905;Guajará;3;2;0;1;16;1;1;2;0;0;0;0
13011073;Guajará;3;2;0;1;36;2;2;2;1;0;0;0
13011294;Guajará;2;1;0;1;594;34;24;9;1;1;1;0
13011308;Guajará;2;2;;3;;;;;;;;
13057650;Guajará;3;2;0;1;33;2;2;2;1;0;0;0
13057766;Guajará;3;1;0;1;223;10;10;5;1;0;1;0
13065440;Guajará;3;2;;2;;;;;;;;
13070045;Guajará;3;1;0;1;447;18;17;12;1;1;1;0
13073044;Guajará;3;2;0;1;32;3;3;7;0;0;1;0
13078003;Guajará;3;2;;2;;;;;;;;
13087762;Guajará;3;1;;2;;;;;;;;
13087770;Guajará;3;1;0;1;288;11;12;8;1;0;1;0
13091093;Guajará;3;2;0;1;11;1;1;1;0;0;0;0
13091107;Guajará;3;2;0;1;35;2;2;2;1;0;0;0
13091115;Guajará;3;2;;2;;;;;;;;
13091123;Guajará;3;2;0;1;36;2;2;1;0;0;0;1
13091131;Guajará;3;2;;2;;;;;;;;
13091140;Guajará;3;2;0;1;11;1;1;1;0;0;0;1
13091158;Guajará;3;2;;2;;;;;;;;
13091166;Guajará;3;2;;2;;;;;;;;
13091174;Guajará;3;2;;2;;;;;;;;
13091182;Guajará;3;2;;2;;;;;;;;
13091190;Guajará;3;2;;2;;;;;;;;
13091220;Guajará;3;2;0;1;9;1;1;1;0;0;0;1
13091239;Guajará;3;2;0;1;21;1;1;1;0;0;0;0
13091255;Guajará;3;2;0;1;15;1;1;1;0;0;0;0
13091263;Guajará;3;2;;2;;;;;;;;
13091280;Guajará;3;2;0;1;31;2;2;2;0;0;0;1
13091301;Guajará;3;2;0;1;127;7;7;6;1;0;1;0
13091310;Guajará;3;2;0;1;16;1;1;1;0;0;0;0
13091328;Guajará;3;2;0;1;28;1;1;1;0;0;0;1
13091336;Guajará;3;2;;2;;;;;;;;
13091344;Guajará;3;2;;2;;;;;;;;
13091352;Guajará;3;2;0;1;43;3;3;3;1;0;0;0
13091379;Guajará;3;2;0;1;15;1;1;1;0;0;0;0
13091395;Guajará;3;2;0;1;16;1;1;1;1;0;0;0
13091409;Guajará;3;2;0;1;17;1;1;1;0;0;0;1
13091417;Guajará;3;2;;2;;;;;;;;
13091425;Guajará;3;2;0;1;39;2;2;2;1;0;0;1
13091433;Guajará;3;2;;2;;;;;;;;
13091441;Guajará;3;2;;2;;;;;;;;
13091450;Guajará;3;2;0;1;15;1;1;1;0;0;0;0
13091476;Guajará;3;2;0;1;12;1;1;1;1;0;0;0
13093843;Guajará;2;1;0;1;113;18;3;12;0;1;1;0
13095048;Guajará;3;2;0;1;14;1;1;1;0;0;0;1
13096290;Guajará;3;2;;2;;;;;;;;
13096338;Guajará;3;2;;2;;;;;;;;
13096346;Guajará;3;2;0;1;15;1;1;1;0;0;0;0
13097504;Guajará;3;2;0;1;10;1;1;1;0;0;0;0
13097512;Guajará;3;2;0;1;19;1;1;1;0;0;0;1
13099426;Guajará;3;2;0;1;18;1;1;1;0;0;1;0
13100840;Guajará;3;2;;2;;;;;;;;
13100858;Guajará;3;2;;2;;;;;;;;
13101323;Guajará;3;1;0;1;524;21;23;12;1;0;1;0
13102796;Guajará;3;2;0;1;14;1;1;1;0;0;0;0
13106244;Guajará;3;2;0;1;11;1;1;1;1;0;1;0
13106490;Guajará;3;2;0;1;22;2;2;1;0;0;0;0
13109510;Guajará;3;2;1;1;8;1;1;1;0;0;0;0
13110403;Guajará;3;1;;2;;;;;;;;
13165208;Guajará;3;2;;2;;;;;;;;
13165216;Guajará;3;2;;2;;;;;;;;
13166204;Guajará;3;2;0;1;19;1;1;1;0;0;0;1
13167200;Guajará;3;2;;2;;;;;;;;
13220314;Guajará;2;2;0;1;439;67;32;19;1;0;1;0
13304313;Guajará;2;1;0;1;832;47;29;12;0;0;1;0
13307290;Guajará;3;2;0;1;9;1;1;1;0;0;0;0
13307312;Guajará;3;2;;2;;;;;;;;
13049968;Humaitá;3;1;0;1;234;11;10;5;1;0;1;0
13049984;Humaitá;3;2;2;1;23;4;4;3;1;0;1;0
13049992;Humaitá;3;1;0;1;432;28;23;10;1;1;1;0
13050028;Humaitá;3;2;;2;;;;;;;;
13050036;Humaitá;3;2;8;1;191;13;11;11;0;0;1;0
13050044;Humaitá;3;2;8;1;20;2;2;2;0;0;1;0
13050060;Humaitá;3;2;8;1;90;4;8;4;1;0;0;0
13050079;Humaitá;3;2;8;1;11;1;1;1;0;0;1;0
13050141;Humaitá;2;1;0;1;537;28;17;13;1;1;1;0
13050168;Humaitá;2;1;0;1;800;34;24;12;1;1;1;0
13050206;Humaitá;3;2;2;1;59;7;8;6;0;0;1;0
13050273;Humaitá;3;2;8;1;19;2;2;1;1;0;1;0
13050354;Humaitá;3;2;0;1;527;24;31;16;1;0;1;0
13050389;Humaitá;3;2;8;1;27;2;2;1;1;0;1;0
13050397;Humaitá;3;1;0;1;293;13;12;6;1;1;1;0
13050400;Humaitá;3;1;0;1;436;15;18;10;1;0;1;0
13050419;Humaitá;3;2;8;1;170;8;13;9;1;1;1;0
13050427;Humaitá;3;1;0;1;251;11;12;6;1;1;1;0
13050460;Humaitá;3;2;;2;;;;;;;;
13050478;Humaitá;3;2;8;1;90;6;8;4;0;0;1;0
13050494;Humaitá;3;2;8;1;28;1;2;1;0;0;1;0
13050516;Humaitá;3;2;8;1;53;2;4;2;0;0;1;0
13050559;Humaitá;3;2;8;1;27;3;3;2;0;0;1;0
13050656;Humaitá;3;2;8;1;21;1;2;1;1;0;1;0
13050710;Humaitá;3;2;8;1;35;1;2;2;0;0;1;0
13050753;Humaitá;3;2;8;1;9;1;2;1;0;0;0;0
13050850;Humaitá;3;2;8;1;133;6;10;5;0;0;1;0
13050877;Humaitá;3;2;;2;;;;;;;;
13050958;Humaitá;3;2;8;1;14;1;1;1;0;0;1;0
13050982;Humaitá;3;2;8;1;10;1;1;1;0;0;1;1
13050990;Humaitá;3;2;8;1;105;5;8;4;0;0;1;0
13051024;Humaitá;3;2;8;1;17;1;2;1;0;0;1;0
13051059;Humaitá;3;2;8;1;112;7;9;5;1;0;1;0
13051130;Humaitá;2;1;0;1;224;12;10;5;1;0;1;0
13051156;Humaitá;2;1;0;1;443;29;20;7;1;1;1;0
13051172;Humaitá;2;1;;2;;;;;;;;
13051199;Humaitá;2;1;0;1;223;25;10;10;1;1;1;0
13051202;Humaitá;3;1;0;1;339;23;19;8;1;1;1;0
13051210;Humaitá;3;2;8;1;270;15;17;11;1;0;1;0
13051237;Humaitá;3;1;0;1;694;45;39;13;1;1;1;0
13051245;Humaitá;3;1;0;1;361;15;18;11;1;0;1;0
13059262;Humaitá;2;1;0;1;1012;37;31;13;1;1;1;0
13060333;Humaitá;3;2;8;1;14;1;2;1;1;0;1;0
13060368;Humaitá;3;2;8;1;23;1;2;1;0;0;1;0
13060406;Humaitá;3;2;8;1;4;1;1;1;0;0;1;0
13060414;Humaitá;3;2;0;1;148;11;14;6;0;0;0;0
13060643;Humaitá;3;2;0;1;111;6;9;4;1;0;1;0
13060686;Humaitá;3;2;8;1;15;1;2;1;0;0;1;0
13060716;Humaitá;3;2;;2;;;;;;;;
13060724;Humaitá;3;2;8;1;78;5;7;4;0;0;1;0
13060740;Humaitá;3;2;8;1;27;1;2;1;0;0;1;0
13060791;Humaitá;3;2;8;1;52;7;7;6;0;0;1;0
13060821;Humaitá;3;2;;2;;;;;;;;
13060856;Humaitá;3;2;8;1;29;1;2;1;0;0;1;0
13064525;Humaitá;3;2;2;1;8;1;2;1;0;0;0;0
13064533;Humaitá;3;2;8;1;16;1;2;1;0;0;1;0
13064576;Humaitá;3;1;0;1;494;28;18;11;1;0;1;0
13064592;Humaitá;3;2;2;1;11;1;2;1;0;0;1;0
13073524;Humaitá;3;2;0;1;35;3;4;2;1;0;1;0
13073532;Humaitá;3;2;8;1;20;1;2;1;0;0;1;0
13073540;Humaitá;4;1;0;1;289;21;22;15;1;1;1;0
13078186;Humaitá;3;2;8;1;19;1;2;1;0;0;1;0
13078208;Humaitá;3;2;2;1;47;4;5;4;1;0;1;0
13078216;Humaitá;3;2;8;1;9;1;1;1;0;0;1;0
13078232;Humaitá;3;2;8;1;14;1;1;1;0;0;1;0
13078240;Humaitá;3;2;2;1;50;4;6;2;1;0;0;0
13082019;Humaitá;3;2;8;1;58;4;6;4;0;0;1;0
13089625;Humaitá;3;2;;2;;;;;;;;
13089897;Humaitá;2;1;0;1;390;59;10;17;1;0;1;0
13091840;Humaitá;3;2;2;1;22;2;3;1;0;0;0;0
13091859;Humaitá;3;2;8;1;9;1;1;1;1;0;1;0
13091883;Humaitá;3;1;0;1;468;18;22;11;1;0;1;0
13095021;Humaitá;3;2;8;1;7;1;2;1;0;0;1;0
13096389;Humaitá;3;2;2;1;28;2;5;1;0;0;0;0
13097180;Humaitá;3;2;0;1;154;9;13;6;1;1;1;0
13097199;Humaitá;3;2;8;1;12;1;1;1;0;0;1;0
13098080;Humaitá;3;2;2;1;4;1;1;1;0;0;0;0
13099205;Humaitá;3;2;;2;;;;;;;;
13099400;Humaitá;3;2;8;1;30;1;2;1;0;0;1;1
13099434;Humaitá;3;2;2;1;25;2;4;1;0;0;0;0
13099442;Humaitá;3;2;2;1;30;2;6;1;0;0;0;0
13099604;Humaitá;3;2;8;1;10;1;1;1;0;0;1;0
13101137;Humaitá;1;2;0;1;396;37;14;9;1;1;1;0
13102141;Humaitá;4;1;0;1;189;15;16;12;1;1;1;0
13102265;Humaitá;2;2;2;1;57;8;10;7;1;0;1;0
13102508;Humaitá;2;2;2;1;57;7;7;4;1;0;1;0
13102826;Humaitá;4;1;0;1;34;4;4;3;1;0;1;0
13103482;Humaitá;3;1;0;1;253;15;18;10;1;0;1;0
13103709;Humaitá;3;2;8;1;114;11;10;10;0;0;1;0
13104489;Humaitá;3;2;8;1;5;1;1;2;0;0;1;0
13104497;Humaitá;3;1;0;1;104;9;8;8;1;0;1;0
13104500;Humaitá;3;1;0;1;390;15;18;9;1;0;1;0
13105469;Humaitá;4;1;0;1;151;16;18;9;1;0;1;0
13105817;Humaitá;4;1;0;1;68;9;9;7;1;0;1;0
13105833;Humaitá;2;1;0;1;437;30;17;17;1;1;1;0
13107879;Humaitá;4;1;0;1;90;8;10;6;1;0;1;0
13107887;Humaitá;3;1;0;1;335;14;13;6;1;0;1;0
13107968;Humaitá;3;1;0;1;231;12;10;5;1;0;1;0
13108425;Humaitá;3;1;0;1;376;30;24;8;1;1;1;0
13108964;Humaitá;3;1;0;1;280;10;14;7;1;0;1;0
13111060;Humaitá;3;2;;2;;;;;;;;
13124005;Humaitá;3;2;2;1;28;1;3;1;0;0;1;0
13125400;Humaitá;2;1;;2;;;;;;;;
13205200;Humaitá;3;2;8;1;27;1;2;1;0;0;1;0
13260219;Humaitá;2;2;0;1;214;46;18;18;1;0;1;0
13271229;Humaitá;2;2;;2;;;;;;;;
13011367;Ipixuna;3;2;0;1;28;1;2;1;1;0;1;0
13011413;Ipixuna;2;1;0;1;734;32;27;11;1;1;1;0
13011499;Ipixuna;3;2;0;1;121;6;6;5;0;0;1;0
13011510;Ipixuna;3;2;;2;;;;;;;;
13011634;Ipixuna;3;2;0;1;28;1;2;1;1;0;1;0
13011774;Ipixuna;3;2;0;1;32;2;2;1;1;0;1;0
13011782;Ipixuna;3;2;0;1;45;2;3;2;0;0;1;0
13011855;Ipixuna;3;2;;2;;;;;;;;
13011898;Ipixuna;2;1;0;1;297;15;13;5;0;1;1;0
13011936;Ipixuna;3;2;0;1;9;1;1;1;1;0;1;0
13012037;Ipixuna;3;2;0;1;25;1;1;1;1;0;1;0
13012061;Ipixuna;2;1;;3;;;;;;;;
13056727;Ipixuna;3;1;0;1;304;15;12;6;1;1;1;0
13056751;Ipixuna;3;2;;2;;;;;;;;
13056760;Ipixuna;3;2;0;1;256;6;11;7;1;1;1;0
13056778;Ipixuna;3;2;2;1;172;4;8;4;0;0;1;0
13056808;Ipixuna;3;2;0;1;74;3;3;4;0;0;1;0
13056840;Ipixuna;3;2;0;1;28;2;2;1;1;0;1;0
13057901;Ipixuna;3;1;0;1;224;17;11;6;1;0;1;0
13068237;Ipixuna;3;2;2;1;97;2;4;2;0;0;1;0
13070223;Ipixuna;3;1;0;1;570;34;23;11;1;1;1;0
13075403;Ipixuna;3;2;0;1;28;1;2;1;0;0;1;0
13077686;Ipixuna;3;1;0;1;207;13;10;6;1;1;1;0
13077694;Ipixuna;3;2;0;1;26;1;2;1;1;0;1;1
13077708;Ipixuna;3;2;0;1;48;3;3;2;1;0;1;0
13083457;Ipixuna;3;2;2;1;49;2;3;2;0;0;1;0
13087240;Ipixuna;3;2;;2;;;;;;;;
13087258;Ipixuna;3;2;0;1;37;2;2;2;0;0;1;0
13087266;Ipixuna;2;1;0;1;497;52;21;7;0;1;1;0
13089692;Ipixuna;3;2;0;1;57;2;3;2;1;0;1;1
13089714;Ipixuna;3;2;0;1;31;1;2;2;0;0;1;0
13090640;Ipixuna;3;2;2;1;82;3;6;3;0;0;1;0
13094440;Ipixuna;2;1;0;1;200;27;6;10;1;0;1;0
13095064;Ipixuna;3;2;0;1;36;2;2;2;1;0;1;0
13099027;Ipixuna;3;2;0;1;202;10;10;6;1;0;1;0
13102630;Ipixuna;3;2;;2;;;;;;;;
13102800;Ipixuna;3;2;0;1;21;1;2;1;1;0;1;0
13103229;Ipixuna;2;2;0;1;16;2;1;1;1;0;1;0
13104250;Ipixuna;3;2;2;1;34;2;3;2;0;0;1;0
13104829;Ipixuna;3;1;0;1;206;9;10;6;1;0;1;0
13104837;Ipixuna;3;2;0;1;107;3;4;3;1;0;1;0
13108824;Ipixuna;3;2;0;1;154;8;8;4;1;0;1;0
13200208;Ipixuna;3;1;0;1;301;17;13;7;0;1;1;0
13209205;Ipixuna;3;2;2;1;34;1;2;1;0;0;1;0
13271210;Ipixuna;2;2;0;1;270;65;23;17;1;0;1;0
13021486;Iranduba;3;2;0;1;25;2;6;2;1;0;1;0
13021567;Iranduba;3;2;0;1;7;1;2;1;1;0;1;0
13021575;Iranduba;3;1;0;1;903;32;29;12;1;1;1;0
13021621;Iranduba;3;2;0;1;29;3;7;3;1;0;1;0
13021630;Iranduba;2;1;0;1;817;26;24;12;1;1;1;0
13021648;Iranduba;2;2;0;1;878;28;26;11;1;1;1;0
13021672;Iranduba;3;2;0;1;204;10;12;6;1;1;1;0
13021680;Iranduba;3;2;0;1;283;10;12;5;1;0;1;0
13021699;Iranduba;3;2;0;1;625;19;26;13;1;1;1;0
13021737;Iranduba;3;2;0;1;350;17;20;12;1;0;1;0
13021770;Iranduba;3;2;0;1;51;2;7;3;1;0;1;0
13021842;Iranduba;3;2;0;1;114;5;8;4;1;0;1;0
13021850;Iranduba;3;2;;2;;;;;;;;
13021869;Iranduba;3;2;0;1;96;5;8;6;1;0;1;0
13021940;Iranduba;3;2;0;1;25;1;5;2;1;0;1;0
13021958;Iranduba;3;2;0;1;345;18;15;8;1;0;1;0
13021966;Iranduba;3;2;0;1;117;6;8;4;1;1;1;0
13021974;Iranduba;3;2;0;1;49;2;7;2;1;0;1;0
13021982;Iranduba;3;2;0;1;21;1;6;2;1;0;1;0
13022016;Iranduba;3;2;0;1;33;2;7;4;1;1;1;0
13022091;Iranduba;3;2;0;1;50;3;7;3;1;0;1;0
13022105;Iranduba;3;2;0;1;35;2;6;4;1;0;1;0
13022148;Iranduba;3;2;0;1;22;2;5;2;1;1;1;0
13022156;Iranduba;3;2;0;1;23;2;6;2;1;0;1;0
13022164;Iranduba;3;2;0;1;50;3;7;3;1;0;1;0
13022172;Iranduba;3;2;0;1;78;6;8;4;1;1;1;0
13022180;Iranduba;3;2;0;1;45;3;7;4;1;0;1;0
13022210;Iranduba;3;2;1;1;252;9;14;7;1;0;1;0
13022270;Iranduba;3;2;1;1;33;1;6;2;1;0;1;0
13022296;Iranduba;3;2;0;1;102;5;7;5;1;0;1;0
13022300;Iranduba;3;2;0;1;193;11;13;7;1;1;1;0
13022342;Iranduba;3;2;0;1;20;1;6;2;1;0;1;0
13063502;Iranduba;3;2;0;1;481;17;20;10;1;0;1;0
13063529;Iranduba;3;2;0;1;319;13;16;7;1;1;1;0
13063545;Iranduba;4;1;0;1;114;4;6;6;1;1;1;0
13063561;Iranduba;3;2;0;1;347;13;15;9;1;0;1;0
13063588;Iranduba;3;1;0;1;411;18;18;11;1;1;1;0
13065572;Iranduba;3;2;0;1;50;4;7;4;1;0;1;0
13065599;Iranduba;3;2;0;1;7;1;2;1;1;0;1;0
13065637;Iranduba;3;2;0;1;13;1;2;1;1;0;1;0
13079697;Iranduba;3;2;0;1;16;1;2;1;1;0;1;0
13079700;Iranduba;3;1;0;1;304;11;9;9;1;1;1;0
13081268;Iranduba;2;1;0;1;957;34;27;10;1;1;1;0
13082469;Iranduba;3;1;0;1;382;10;14;7;1;1;1;0
13089536;Iranduba;3;2;0;1;155;10;10;5;1;0;1;0
13094475;Iranduba;2;1;0;1;208;42;7;6;1;0;1;0
13095773;Iranduba;3;2;0;1;279;10;12;6;1;0;1;0
13096435;Iranduba;2;2;8;1;109;58;16;13;1;1;1;0
13096990;Iranduba;3;2;0;1;75;4;7;2;1;0;1;0
13097008;Iranduba;3;1;0;1;364;10;14;7;1;0;1;0
13097016;Iranduba;3;1;0;1;348;10;12;6;1;0;1;0
13097024;Iranduba;3;2;0;1;176;11;11;5;1;0;1;0
13101030;Iranduba;2;2;0;1;723;32;21;21;1;1;1;0
13101129;Iranduba;3;1;0;1;245;8;10;5;1;0;1;0
13101161;Iranduba;3;1;0;1;365;14;22;14;1;0;1;0
13101188;Iranduba;3;1;0;1;566;23;35;18;1;0;1;0
13101579;Iranduba;2;2;0;1;1742;106;83;22;1;1;1;0
13106619;Iranduba;1;2;0;1;238;26;13;5;1;1;1;0
13108646;Iranduba;4;1;0;1;154;8;13;10;1;0;1;0
13109820;Iranduba;4;2;0;1;;;;4;1;0;1;0
13123602;Iranduba;3;2;2;1;15;2;5;1;1;0;1;0
13303210;Iranduba;3;1;0;1;66;6;7;4;1;0;1;0
13305255;Iranduba;3;2;0;1;482;16;26;14;1;0;1;0
13307339;Iranduba;3;2;0;1;487;26;20;10;1;0;1;0
13310240;Iranduba;3;2;0;1;405;16;23;12;1;1;1;0
13102621;Iranduba;3;2;0;1;411;17;21;10;1;1;1;0
13070770;Iranduba;4;1;0;1;213;9;8;4;1;1;1;0
13109537;Iranduba;4;1;0;1;12;3;3;6;1;1;1;0
13307355;Iranduba;3;2;0;1;277;10;16;8;1;0;1;0
13021729;Iranduba;3;2;0;1;372;14;20;10;1;1;1;0
13032887;Itacoatiara;4;1;0;1;64;13;8;8;0;1;1;0
13032917;Itacoatiara;4;1;0;1;607;26;26;14;1;1;1;0
13032925;Itacoatiara;4;1;;2;;;;;;;;
13032941;Itacoatiara;3;1;0;1;808;59;32;19;1;1;1;0
13032950;Itacoatiara;3;1;0;1;431;30;16;8;1;0;1;0
13032968;Itacoatiara;3;1;0;1;319;16;10;5;1;0;1;0
13032976;Itacoatiara;4;1;0;1;43;7;7;8;1;1;1;0
13033000;Itacoatiara;3;2;8;1;98;5;9;5;1;0;1;0
13033018;Itacoatiara;3;2;;2;;;;;;;;
13033042;Itacoatiara;3;2;8;1;27;4;4;3;1;0;1;0
13033069;Itacoatiara;3;2;;2;;;;;;;;
13033131;Itacoatiara;3;2;;2;;;;;;;;
13033140;Itacoatiara;3;2;8;1;25;2;3;2;1;0;0;0
13033166;Itacoatiara;3;2;0;1;106;10;8;5;0;0;1;0
13033174;Itacoatiara;3;2;8;1;90;7;8;3;1;0;0;0
13033204;Itacoatiara;3;2;8;1;130;9;12;4;1;0;0;0
13033328;Itacoatiara;3;2;0;1;164;15;13;7;1;0;1;0
13033336;Itacoatiara;3;2;;2;;;;;;;;
13033425;Itacoatiara;3;2;0;1;70;6;7;4;0;0;1;0
13033433;Itacoatiara;3;2;8;1;69;5;5;3;0;0;0;0
13033450;Itacoatiara;3;2;;2;;;;;;;;
13033468;Itacoatiara;3;2;0;1;179;16;14;6;1;0;1;0
13033492;Itacoatiara;3;2;8;1;13;1;1;2;1;0;0;0
13033530;Itacoatiara;3;2;0;1;92;11;8;5;1;0;0;0
13033565;Itacoatiara;3;2;8;1;14;1;1;2;0;0;0;0
13033573;Itacoatiara;3;2;;2;;;;;;;;
13033581;Itacoatiara;3;2;3;1;45;4;4;2;1;0;1;0
13033590;Itacoatiara;3;2;0;1;54;7;8;2;1;0;0;0
13033603;Itacoatiara;3;2;;2;;;;;;;;
13033611;Itacoatiara;2;2;0;1;158;52;13;5;1;0;1;0
13033620;Itacoatiara;2;1;0;1;873;29;24;12;1;1;1;0
13033646;Itacoatiara;2;1;0;1;849;31;26;10;1;1;1;0
13033824;Itacoatiara;3;2;0;1;47;5;5;5;1;0;0;0
13033859;Itacoatiara;3;2;0;1;431;27;21;14;1;1;1;0
13033875;Itacoatiara;3;2;8;1;20;1;1;2;1;0;0;0
13033913;Itacoatiara;3;2;8;1;82;8;8;6;1;0;1;0
13033921;Itacoatiara;3;2;8;1;28;2;2;2;1;0;0;0
13033930;Itacoatiara;3;2;8;1;70;5;7;3;1;0;0;0
13033956;Itacoatiara;3;2;;2;;;;;;;;
13033964;Itacoatiara;3;2;8;1;16;1;1;2;1;0;0;0
13033999;Itacoatiara;3;2;;2;;;;;;;;
13034014;Itacoatiara;3;2;8;1;105;6;9;5;1;0;0;0
13034065;Itacoatiara;3;2;;2;;;;;;;;
13034111;Itacoatiara;3;2;0;1;22;2;2;2;0;0;0;0
13034154;Itacoatiara;3;2;0;1;76;5;6;5;1;0;0;0
13034170;Itacoatiara;3;2;8;1;94;7;10;4;0;0;1;0
13034200;Itacoatiara;3;2;8;1;126;8;9;5;1;0;0;0
13034219;Itacoatiara;3;2;8;1;61;6;6;3;1;0;0;0
13034227;Itacoatiara;3;2;8;1;45;4;4;2;1;0;0;0
13034235;Itacoatiara;3;2;8;1;16;3;3;2;1;0;0;0
13034243;Itacoatiara;3;1;0;1;541;30;19;11;1;1;1;0
13034251;Itacoatiara;3;1;0;1;146;11;6;3;1;0;1;0
13034260;Itacoatiara;3;1;0;1;631;29;20;11;1;0;1;0
13034308;Itacoatiara;3;2;8;1;92;7;8;6;1;0;0;0
13034332;Itacoatiara;3;2;;2;;;;;;;;
13034340;Itacoatiara;3;2;;2;;;;;;;;
13034391;Itacoatiara;3;2;0;1;70;6;6;4;0;0;0;0
13034405;Itacoatiara;3;2;8;1;79;6;6;3;1;0;0;0
13034430;Itacoatiara;3;2;;2;;;;;;;;
13034456;Itacoatiara;3;2;0;1;59;7;7;4;0;0;0;0
13034464;Itacoatiara;3;2;;2;;;;;;;;
13034502;Itacoatiara;3;2;8;1;47;3;5;3;0;0;0;0
13034510;Itacoatiara;3;2;8;1;27;3;3;4;1;0;0;0
13034529;Itacoatiara;3;2;8;1;76;5;7;5;0;0;0;0
13034545;Itacoatiara;3;2;;2;;;;;;;;
13034570;Itacoatiara;3;2;8;1;9;1;1;1;1;0;0;0
13034650;Itacoatiara;3;2;8;1;81;8;7;7;1;0;0;0
13034693;Itacoatiara;3;2;8;1;42;4;3;4;0;0;0;0
13034715;Itacoatiara;3;2;2;1;49;4;4;5;1;0;1;0
13034731;Itacoatiara;3;2;0;1;14;1;1;2;0;0;0;0
13034740;Itacoatiara;3;2;8;1;72;4;4;3;0;0;0;0
13034782;Itacoatiara;3;2;;2;;;;;;;;
13034812;Itacoatiara;3;2;8;1;85;5;9;5;1;0;0;0
13034847;Itacoatiara;3;2;2;1;30;2;2;4;1;0;1;0
13034855;Itacoatiara;3;2;;2;;;;;;;;
13034863;Itacoatiara;3;2;8;1;43;3;3;2;0;0;0;0
13034898;Itacoatiara;3;2;0;1;48;3;3;2;0;0;0;0
13034901;Itacoatiara;3;2;0;1;111;11;9;6;1;0;1;0
13034910;Itacoatiara;3;2;8;1;95;8;9;5;1;0;1;0
13034928;Itacoatiara;3;2;8;1;180;12;11;8;1;0;1;0
13034936;Itacoatiara;3;2;8;1;18;2;2;2;0;0;0;0
13034987;Itacoatiara;3;2;2;1;25;3;2;3;1;0;1;0
13035061;Itacoatiara;3;2;8;1;80;6;5;4;1;0;0;0
13035100;Itacoatiara;3;1;0;1;842;56;28;10;1;1;1;0
13035193;Itacoatiara;3;2;8;1;15;1;1;2;1;0;0;0
13035240;Itacoatiara;2;1;0;1;696;32;24;9;1;1;1;0
13035274;Itacoatiara;2;1;0;1;458;19;16;8;1;1;1;0
13035282;Itacoatiara;2;1;0;1;526;19;16;8;1;1;1;0
13035290;Itacoatiara;2;1;0;1;404;15;16;8;1;1;1;0
13035304;Itacoatiara;2;1;0;1;425;15;14;7;1;1;1;0
13035312;Itacoatiara;2;1;0;1;516;24;16;8;1;1;1;0
13035320;Itacoatiara;2;2;0;1;437;47;20;8;1;1;1;0
13035428;Itacoatiara;3;2;0;1;71;6;8;3;1;0;0;0
13035436;Itacoatiara;3;2;8;1;37;3;3;2;0;0;1;0
13035452;Itacoatiara;3;2;0;1;63;5;7;6;1;0;0;0
13035622;Itacoatiara;3;2;0;1;39;2;3;2;0;0;0;0
13035630;Itacoatiara;3;2;8;1;32;4;3;2;1;0;0;0
13035746;Itacoatiara;3;2;0;1;71;8;8;3;1;0;1;0
13059599;Itacoatiara;2;1;0;1;757;29;24;12;1;1;1;0
13059670;Itacoatiara;3;1;0;1;693;27;22;16;1;1;1;0
13059696;Itacoatiara;2;1;0;1;639;28;21;8;1;1;1;0
13059831;Itacoatiara;3;2;0;1;98;8;9;4;0;0;1;0
13059912;Itacoatiara;3;2;0;1;144;13;11;8;1;1;1;0
13059947;Itacoatiara;3;2;0;1;10;1;1;2;0;0;1;0
13059963;Itacoatiara;3;1;0;1;578;34;20;10;1;0;1;0
13059980;Itacoatiara;3;2;8;1;105;9;7;6;1;0;0;0
13060040;Itacoatiara;3;2;8;1;70;4;7;3;1;0;1;0
13060082;Itacoatiara;3;2;8;1;19;2;2;2;1;0;0;0
13060120;Itacoatiara;3;2;;2;;;;;;;;
13060155;Itacoatiara;3;2;;2;;;;;;;;
13060180;Itacoatiara;3;2;;2;;;;;;;;
13060244;Itacoatiara;3;2;0;1;195;13;11;6;1;0;0;0
13062115;Itacoatiara;3;2;8;1;35;3;3;2;0;0;1;0
13062140;Itacoatiara;3;2;;2;;;;;;;;
13067931;Itacoatiara;3;2;;2;;;;;;;;
13067958;Itacoatiara;3;2;;2;;;;;;;;
13067966;Itacoatiara;3;2;0;1;798;34;28;16;0;1;1;0
13071238;Itacoatiara;4;1;0;1;268;21;10;10;1;1;1;0
13073087;Itacoatiara;3;1;0;1;259;12;10;6;1;0;1;0
13075772;Itacoatiara;3;2;;2;;;;;;;;
13075780;Itacoatiara;3;2;1;1;12;1;1;1;0;0;1;0
13075799;Itacoatiara;3;2;0;1;52;4;3;4;0;0;1;0
13075888;Itacoatiara;3;2;8;1;69;6;8;4;1;0;0;0
13079220;Itacoatiara;4;1;0;1;395;23;19;13;1;0;1;0
13079239;Itacoatiara;3;2;;2;;;;;;;;
13079247;Itacoatiara;3;2;8;1;20;1;1;2;1;0;0;0
13079255;Itacoatiara;3;2;8;1;16;1;1;1;1;0;0;0
13079271;Itacoatiara;3;2;8;1;69;5;5;4;0;0;0;0
13079280;Itacoatiara;3;2;8;1;19;1;1;2;0;0;0;0
13079298;Itacoatiara;3;2;;2;;;;;;;;
13079301;Itacoatiara;3;2;8;1;74;7;8;4;0;0;0;0
13079310;Itacoatiara;3;2;8;1;53;6;6;2;1;0;1;0
13079336;Itacoatiara;3;2;;2;;;;;;;;
13079344;Itacoatiara;3;2;;2;;;;;;;;
13079360;Itacoatiara;3;2;;2;;;;;;;;
13079379;Itacoatiara;3;2;2;1;63;4;5;4;1;0;1;0
13079387;Itacoatiara;3;2;;2;;;;;;;;
13079409;Itacoatiara;3;2;8;1;26;3;3;3;1;0;0;0
13079417;Itacoatiara;3;2;0;1;39;3;3;2;1;0;0;0
13079425;Itacoatiara;3;2;0;1;79;8;8;4;1;0;1;0
13079433;Itacoatiara;3;2;;2;;;;;;;;
13079441;Itacoatiara;3;2;;2;;;;;;;;
13084267;Itacoatiara;2;1;0;1;449;15;12;6;1;0;1;0
13084275;Itacoatiara;3;2;0;1;411;30;21;14;1;0;1;0
13084283;Itacoatiara;3;1;0;1;388;16;12;6;1;1;1;0
13084291;Itacoatiara;3;2;;2;;;;;;;;
13084305;Itacoatiara;3;2;;2;;;;;;;;
13084313;Itacoatiara;3;2;8;1;152;15;13;5;0;0;1;0
13084321;Itacoatiara;3;2;;2;;;;;;;;
13084348;Itacoatiara;3;2;0;1;14;1;1;2;0;0;0;0
13084356;Itacoatiara;3;1;0;1;354;24;14;7;1;0;1;0
13084364;Itacoatiara;3;2;;2;;;;;;;;
13084380;Itacoatiara;3;2;;2;;;;;;;;
13084399;Itacoatiara;3;2;;2;;;;;;;;
13084615;Itacoatiara;3;2;8;1;32;2;2;2;1;0;1;0
13087657;Itacoatiara;3;2;;2;;;;;;;;
13087851;Itacoatiara;3;2;0;1;617;29;23;12;1;1;1;0
13088025;Itacoatiara;3;2;0;1;30;4;2;2;0;0;1;0
13088033;Itacoatiara;3;2;;2;;;;;;;;
13088041;Itacoatiara;3;2;0;1;83;7;8;5;1;1;1;0
13088149;Itacoatiara;3;2;;2;;;;;;;;
13088157;Itacoatiara;3;2;8;1;66;5;6;4;1;0;0;0
13088165;Itacoatiara;3;2;0;1;26;1;1;2;0;0;1;0
13088173;Itacoatiara;3;2;0;1;50;6;7;3;1;0;1;0
13088181;Itacoatiara;3;2;;2;;;;;;;;
13088190;Itacoatiara;3;2;;2;;;;;;;;
13089927;Itacoatiara;2;1;0;1;467;46;13;9;1;1;1;0
13090542;Itacoatiara;3;1;0;1;234;15;10;5;1;0;1;0
13090550;Itacoatiara;3;2;1;1;265;16;18;11;1;0;1;0
13090569;Itacoatiara;3;2;;2;;;;;;;;
13090577;Itacoatiara;3;2;;2;;;;;;;;
13094092;Itacoatiara;3;2;0;1;125;14;9;4;1;0;1;0
13094106;Itacoatiara;3;2;;2;;;;;;;;
13094114;Itacoatiara;3;2;2;1;82;9;6;6;1;0;1;0
13094122;Itacoatiara;3;2;0;1;51;4;4;2;1;0;0;0
13094130;Itacoatiara;3;2;;2;;;;;;;;
13096508;Itacoatiara;3;1;;2;;;;;;;;
13096621;Itacoatiara;2;1;0;1;943;33;30;12;1;1;1;0
13100254;Itacoatiara;3;1;0;1;479;20;16;8;1;0;1;0
13101145;Itacoatiara;1;2;0;1;463;28;14;10;1;1;1;0
13101781;Itacoatiara;3;2;0;1;150;12;11;6;1;0;0;0
13101790;Itacoatiara;3;2;8;1;48;4;5;4;1;0;1;0
13102664;Itacoatiara;4;1;0;1;288;8;10;14;1;1;1;0
13103237;Itacoatiara;2;2;2;1;42;2;5;3;1;0;1;0
13103490;Itacoatiara;3;1;0;1;661;34;24;12;1;0;1;0
13104063;Itacoatiara;4;1;0;1;63;3;3;3;1;1;1;0
13104128;Itacoatiara;4;1;0;1;189;22;16;9;1;1;1;0
13105329;Itacoatiara;2;1;0;1;473;23;14;14;1;1;1;0
13124609;Itacoatiara;3;2;;2;;;;;;;;
13223275;Itacoatiara;2;2;0;1;1495;121;93;93;1;0;1;0
13259229;Itacoatiara;3;2;8;1;38;2;3;2;1;0;0;0
13260227;Itacoatiara;3;2;;2;;;;;;;;
13261207;Itacoatiara;3;1;0;1;554;22;20;10;1;1;1;0
13261215;Itacoatiara;3;2;;2;;;;;;;;
13261223;Itacoatiara;3;2;8;1;50;4;3;5;1;0;0;0
13304356;Itacoatiara;2;2;0;1;390;17;14;6;1;1;1;0
13035550;Itacoatiara;3;2;;2;;;;;;;;
13035720;Itacoatiara;3;2;;2;;;;;;;;
13012096;Itamarati;2;1;0;1;455;50;17;9;1;0;1;0
13012118;Itamarati;3;2;0;1;77;8;6;3;1;0;0;0
13012134;Itamarati;3;2;0;1;18;2;2;1;1;0;1;0
13012142;Itamarati;3;2;0;1;8;1;1;1;0;0;0;1
13012150;Itamarati;3;2;;2;;;;;;;;
13012207;Itamarati;3;2;0;1;39;3;2;1;1;0;1;0
13012223;Itamarati;3;2;0;1;30;3;2;1;0;0;0;0
13012282;Itamarati;2;1;0;1;717;31;27;13;0;1;1;0
13055348;Itamarati;3;2;0;1;54;5;4;2;1;0;1;0
13055356;Itamarati;3;2;0;1;30;2;2;2;1;0;0;0
13071998;Itamarati;3;2;;2;;;;;;;;
13072005;Itamarati;3;1;0;1;557;30;20;8;0;0;1;0
13076620;Itamarati;3;2;2;1;73;2;3;2;0;0;0;1
13076647;Itamarati;3;2;;2;;;;;;;;
13076671;Itamarati;3;2;0;1;20;2;2;1;1;0;0;0
13076698;Itamarati;3;2;0;1;22;2;2;1;1;0;1;0
13076736;Itamarati;3;2;0;1;53;4;4;2;0;0;0;0
13080091;Itamarati;3;2;2;1;52;2;2;2;0;0;0;0
13080113;Itamarati;3;2;0;1;22;2;2;1;0;0;1;0
13080121;Itamarati;3;1;0;1;255;8;8;4;0;0;1;0
13080130;Itamarati;3;2;2;1;137;9;6;4;0;0;0;1
13080164;Itamarati;3;2;2;1;167;6;6;3;1;0;0;0
13080172;Itamarati;3;2;2;1;116;6;6;2;0;0;0;0
13083759;Itamarati;3;2;0;1;34;3;2;1;1;0;1;0
13087630;Itamarati;3;2;;2;;;;;;;;
13090941;Itamarati;3;1;0;1;371;34;14;7;1;0;1;0
13094300;Itamarati;2;1;0;1;309;40;7;10;1;1;1;0
13098616;Itamarati;3;2;2;1;60;3;3;2;0;0;0;0
13098624;Itamarati;3;2;0;1;22;1;2;1;0;0;1;0
13098934;Itamarati;3;2;0;1;43;4;4;2;1;0;1;0
13103539;Itamarati;3;1;0;1;198;14;8;5;0;0;1;0
13103571;Itamarati;2;2;;2;;;;;;;;
13104322;Itamarati;3;2;0;1;11;1;1;1;0;0;1;0
13104632;Itamarati;3;2;0;1;24;2;2;2;0;0;0;1
13105736;Itamarati;3;2;0;1;11;1;1;1;0;0;0;1
13105744;Itamarati;3;2;0;1;22;2;2;1;0;0;0;0
13105752;Itamarati;3;2;;2;;;;;;;;
13106651;Itamarati;2;2;0;1;61;19;6;6;1;0;0;0
13107747;Itamarati;3;2;2;1;65;3;3;2;0;0;0;1
13109758;Itamarati;3;2;0;1;13;1;1;1;0;0;1;1
13109766;Itamarati;3;2;0;1;14;1;1;1;0;0;1;0
13109774;Itamarati;3;2;0;1;13;1;1;1;0;0;1;1
13109782;Itamarati;3;2;0;1;11;1;1;1;0;0;1;1
13272268;Itamarati;3;2;0;1;24;1;2;1;0;0;0;1
13273256;Itamarati;3;2;0;1;15;1;1;1;0;0;0;0
13273264;Itamarati;3;2;0;1;16;1;1;1;0;0;0;1
13274236;Itamarati;3;2;0;1;19;1;2;1;0;0;1;1
13276220;Itamarati;3;1;0;1;172;15;8;4;0;0;1;0
13290215;Itamarati;3;2;2;1;51;2;2;1;0;0;0;1
13035754;Itapiranga;3;2;0;1;10;1;1;1;0;0;1;0
13035770;Itapiranga;2;1;0;1;560;25;16;8;1;1;1;0
13035789;Itapiranga;3;2;0;1;105;14;11;6;1;0;1;0
13035800;Itapiranga;3;2;0;1;54;9;7;4;0;0;1;0
13035835;Itapiranga;3;2;0;1;27;3;3;4;1;0;1;0
13035843;Itapiranga;3;2;;3;;;;;;;;
13035860;Itapiranga;3;2;;3;;;;;;;;
13035878;Itapiranga;3;2;0;1;7;1;1;1;0;0;1;0
13035894;Itapiranga;3;2;0;1;130;11;8;4;0;1;1;0
13035908;Itapiranga;3;2;0;1;37;4;7;6;0;0;1;0
13035924;Itapiranga;3;2;0;1;69;9;9;6;0;0;1;0
13035932;Itapiranga;2;1;0;1;485;16;16;8;1;1;1;0
13035967;Itapiranga;2;1;0;1;401;14;12;6;1;0;1;0
13071386;Itapiranga;3;2;0;1;116;15;12;5;0;0;1;0
13071408;Itapiranga;3;2;0;1;5;1;1;1;0;0;1;1
13071424;Itapiranga;3;1;0;1;462;31;28;14;1;0;1;0
13075438;Itapiranga;3;2;0;1;41;2;3;2;1;0;1;0
13079484;Itapiranga;3;1;0;1;592;33;22;10;1;0;1;0
13083929;Itapiranga;3;2;0;1;25;2;3;1;0;0;1;1
13093932;Itapiranga;3;2;0;1;4;1;1;1;0;0;1;1
13094289;Itapiranga;2;1;0;1;297;38;6;10;1;0;1;0
13097644;Itapiranga;3;2;0;1;16;2;2;2;0;0;1;0
13097652;Itapiranga;3;2;;3;;;;;;;;
13099183;Itapiranga;3;1;0;1;148;11;12;6;0;0;1;0
13108760;Itapiranga;3;2;;2;;;;;;;;
13110772;Itapiranga;3;2;0;1;7;1;1;1;0;0;1;1
13223283;Itapiranga;2;2;0;1;29;31;3;3;1;0;1;0
13304305;Itapiranga;2;2;8;1;26;33;4;3;0;0;1;0
13003089;Japurá;3;2;0;1;7;1;1;2;0;0;1;0
13003160;Japurá;3;2;0;1;16;2;3;2;0;0;0;0
13003178;Japurá;3;2;0;1;16;1;2;1;0;0;0;0
13003208;Japurá;2;2;0;1;73;35;7;4;0;1;1;0
13003216;Japurá;2;2;0;1;61;51;10;4;0;0;1;0
13003232;Japurá;3;2;0;1;30;2;3;2;0;0;1;0
13061500;Japurá;3;1;0;1;515;17;18;10;0;0;1;0
13061518;Japurá;3;2;2;1;277;19;15;7;0;0;1;0
13061526;Japurá;3;2;2;1;105;10;11;4;0;0;1;0
13061534;Japurá;3;2;0;1;6;1;2;2;0;0;1;0
13061542;Japurá;3;2;0;1;15;1;2;2;0;0;1;0
13061550;Japurá;3;2;0;1;13;1;2;1;0;0;1;0
13061569;Japurá;3;2;0;1;81;5;6;3;0;0;1;0
13068008;Japurá;3;2;0;1;88;6;7;5;1;0;1;0
13075934;Japurá;3;1;0;1;651;36;25;12;1;1;1;0
13079867;Japurá;3;2;;2;;;;;;;;
13079883;Japurá;3;2;0;1;9;1;2;1;0;0;1;0
13087681;Japurá;3;2;0;1;13;1;2;1;0;0;1;0
13095234;Japurá;2;1;0;1;328;23;15;7;1;1;1;0
13095420;Japurá;3;2;2;1;45;3;4;1;0;0;1;0
13095439;Japurá;3;2;0;1;28;3;4;2;0;0;1;0
13095650;Japurá;3;2;0;1;47;6;5;2;0;0;1;0
13096117;Japurá;3;2;0;1;75;10;6;4;1;1;1;0
13096125;Japurá;3;2;2;1;54;6;5;2;0;0;1;0
13096133;Japurá;3;2;0;1;47;4;5;2;0;0;1;0
13096141;Japurá;3;2;0;1;23;3;4;2;0;0;1;0
13096150;Japurá;3;2;0;1;44;4;5;3;0;0;1;0
13096168;Japurá;3;2;0;1;34;3;3;2;0;0;1;0
13096680;Japurá;2;1;0;1;343;25;19;7;1;1;1;0
13100777;Japurá;3;2;;2;;;;;;;;
13100785;Japurá;3;2;0;1;36;5;4;2;0;0;1;0
13100793;Japurá;3;2;0;1;29;3;4;2;0;0;1;0
13100815;Japurá;3;2;2;1;28;3;4;2;0;0;1;0
13101420;Japurá;3;2;0;1;45;5;4;2;0;0;1;0
13101439;Japurá;3;2;0;1;17;2;2;2;0;0;0;0
13102567;Japurá;3;1;0;1;207;14;10;5;0;0;1;0
13103105;Japurá;3;1;0;1;;;;4;1;1;1;0
13103245;Japurá;2;2;0;1;88;28;9;9;1;0;1;0
13104160;Japurá;3;2;2;1;60;4;6;2;0;0;1;0
13104179;Japurá;3;2;2;1;22;1;1;1;0;0;1;0
13104187;Japurá;3;2;0;1;33;3;4;4;1;0;1;0
13104195;Japurá;3;2;0;1;28;3;4;2;0;0;1;0
13106783;Japurá;3;2;0;1;17;1;2;1;0;0;1;0
13106791;Japurá;3;2;0;1;15;2;3;2;0;0;1;0
13106813;Japurá;3;2;0;1;19;1;2;2;0;0;1;0
13106821;Japurá;3;2;0;1;12;1;2;2;0;0;1;0
13106830;Japurá;3;2;0;1;17;1;2;2;0;0;1;0
13106910;Japurá;3;2;0;1;12;1;2;2;0;0;1;0
13107356;Japurá;3;1;;2;;;;;;;;
13107364;Japurá;3;2;2;1;19;3;3;1;0;0;1;0
13107372;Japurá;3;2;2;1;36;5;6;1;0;0;1;0
13109413;Japurá;3;2;2;1;8;1;2;1;0;0;1;0
13162209;Japurá;2;1;0;1;181;29;5;6;1;1;1;0
13238205;Japurá;2;2;0;1;36;34;5;5;1;0;1;0
13012290;Juruá;3;2;0;1;23;1;2;1;0;0;1;0
13012304;Juruá;3;2;0;1;25;4;6;5;0;1;1;0
13012320;Juruá;3;2;0;1;110;11;8;6;1;1;1;0
13012339;Juruá;3;2;0;1;82;12;8;7;0;0;1;0
13012355;Juruá;3;2;;2;;;;;;;;
13012380;Juruá;3;2;0;1;6;1;1;4;0;0;1;1
13012398;Juruá;3;2;0;1;15;1;1;2;0;0;1;0
13012401;Juruá;3;2;;2;;;;;;;;
13012410;Juruá;3;2;0;1;70;8;9;7;0;0;1;0
13012428;Juruá;3;2;0;1;6;1;1;1;0;0;1;0
13012436;Juruá;3;2;0;1;6;1;1;1;0;0;1;0
13012479;Juruá;2;1;0;1;570;20;24;10;1;1;1;0
13012495;Juruá;3;2;0;1;114;17;12;10;0;0;1;0
13012509;Juruá;3;2;;2;;;;;;;;
13067664;Juruá;3;2;0;1;60;4;7;3;0;0;1;0
13067672;Juruá;3;2;0;1;15;1;1;1;0;0;1;0
13067680;Juruá;3;2;0;1;10;2;2;1;0;0;1;0
13067745;Juruá;3;2;0;1;9;1;1;1;0;0;1;0
13072161;Juruá;3;2;0;1;14;1;1;1;0;0;1;0
13072170;Juruá;3;1;0;1;744;47;33;13;1;1;1;0
13075926;Juruá;3;2;;2;;;;;;;;
13077953;Juruá;3;2;2;1;283;14;17;9;0;0;1;0
13077961;Juruá;3;2;;2;;;;;;;;
13077970;Juruá;3;2;2;1;71;5;5;5;0;0;1;1
13077988;Juruá;3;2;2;1;33;1;2;1;0;0;1;1
13080300;Juruá;3;2;0;1;17;1;2;1;0;0;1;1
13082698;Juruá;3;2;0;1;9;1;1;1;0;0;1;1
13082701;Juruá;2;1;0;1;782;28;29;11;1;1;1;0
13082710;Juruá;3;2;0;1;6;1;2;1;0;0;1;1
13087380;Juruá;3;2;;2;;;;;;;;
13087398;Juruá;3;2;0;1;67;6;7;5;0;0;1;0
13087401;Juruá;3;2;0;1;25;3;3;3;0;0;1;0
13087410;Juruá;3;2;0;1;8;1;1;1;0;0;1;1
13087428;Juruá;3;2;;2;;;;;;;;
13088505;Juruá;3;2;0;1;4;1;1;1;0;0;1;0
13088513;Juruá;3;2;;2;;;;;;;;
13095072;Juruá;3;2;0;1;23;1;2;1;0;0;1;0
13099248;Juruá;2;1;;2;;;;;;;;
13099302;Juruá;3;1;0;1;;;;3;1;0;1;0
13100246;Juruá;3;1;0;1;361;36;18;10;0;0;1;0
13101064;Juruá;2;2;0;1;174;48;17;4;0;0;1;0
13102702;Juruá;2;1;0;1;192;25;6;12;1;0;1;0
13103369;Juruá;2;2;;2;;;;;;;;
13103512;Juruá;3;1;0;1;281;21;14;10;0;0;1;0
13142216;Juruá;3;2;0;1;28;2;2;2;0;0;1;0
13241222;Juruá;2;2;0;1;50;35;6;6;1;0;1;0
13006690;Jutaí;3;2;2;1;21;2;2;1;0;0;1;0
13006703;Jutaí;3;1;0;1;591;41;22;11;1;0;1;0
13006711;Jutaí;2;1;0;1;522;18;14;7;1;0;1;0
13006738;Jutaí;3;2;0;1;102;6;5;3;1;0;1;0
13006746;Jutaí;3;2;;3;;;;;;;;
13006754;Jutaí;3;2;0;1;28;2;2;1;0;0;1;0
13006762;Jutaí;3;2;2;1;23;1;1;1;0;0;1;0
13006789;Jutaí;3;2;;3;;;;;;;;
13006797;Jutaí;3;1;0;1;496;24;21;11;1;1;1;0
13006819;Jutaí;3;2;2;1;256;15;13;7;1;0;1;0
13006827;Jutaí;3;2;2;1;25;2;2;1;0;0;1;0
13006835;Jutaí;3;2;;3;;;;;;;;
13006851;Jutaí;3;2;2;1;29;1;1;1;1;0;1;0
13006860;Jutaí;3;2;2;1;28;2;2;1;0;0;1;1
13006878;Jutaí;3;2;0;1;22;1;2;1;0;0;1;0
13006894;Jutaí;3;1;0;1;417;18;14;7;1;0;1;0
13006916;Jutaí;3;2;2;1;43;2;3;2;0;0;1;0
13006932;Jutaí;3;2;2;1;34;2;3;2;0;0;1;1
13006975;Jutaí;3;2;2;1;28;1;1;1;0;0;1;1
13006983;Jutaí;3;2;2;1;27;1;1;1;0;0;1;0
13006991;Jutaí;3;2;2;1;54;5;3;2;0;0;1;0
13007009;Jutaí;3;2;0;1;58;4;4;3;1;0;1;0
13007017;Jutaí;3;2;2;1;62;4;3;2;0;0;1;0
13007041;Jutaí;3;2;2;1;213;13;11;8;1;0;1;0
13007068;Jutaí;3;2;2;1;31;2;2;1;1;0;1;0
13007076;Jutaí;3;2;2;1;100;7;6;3;0;0;1;0
13007084;Jutaí;3;2;0;1;15;1;1;1;1;0;1;0
13007114;Jutaí;3;2;;3;;;;;;;;
13007149;Jutaí;3;2;2;1;15;1;1;1;0;0;1;0
13007157;Jutaí;3;2;0;1;242;16;13;8;1;0;1;0
13007165;Jutaí;3;2;0;1;21;1;1;1;0;0;1;0
13007181;Jutaí;3;2;;3;;;;;;;;
13007190;Jutaí;3;2;2;1;102;7;5;5;1;0;1;0
13007203;Jutaí;2;1;0;1;1093;36;33;12;1;1;1;0
13007211;Jutaí;2;1;0;1;410;15;14;7;1;1;1;0
13060147;Jutaí;3;2;2;1;151;8;8;5;0;0;1;0
13060171;Jutaí;3;2;0;1;31;2;2;1;0;0;1;0
13060201;Jutaí;3;2;0;1;164;12;10;7;1;0;1;0
13060210;Jutaí;3;2;;3;;;;;;;;
13060252;Jutaí;3;2;0;1;13;1;1;1;0;0;1;0
13060317;Jutaí;3;2;;3;;;;;;;;
13067109;Jutaí;3;2;;3;;;;;;;;
13071157;Jutaí;3;1;0;1;268;25;11;6;1;0;1;0
13071173;Jutaí;3;2;0;1;29;2;2;1;0;0;1;0
13071181;Jutaí;3;2;2;1;16;1;1;1;0;0;1;1
13071335;Jutaí;3;2;0;1;12;1;1;1;0;0;1;0
13074164;Jutaí;3;2;0;1;29;2;2;1;0;0;1;0
13074172;Jutaí;3;2;;3;;;;;;;;
13074180;Jutaí;3;2;0;1;23;2;2;3;0;0;1;0
13074202;Jutaí;3;2;2;1;101;8;6;4;1;0;1;0
13074210;Jutaí;3;2;0;1;10;1;1;1;0;0;1;1
13074229;Jutaí;3;2;0;1;13;1;1;1;0;0;1;0
13074237;Jutaí;3;2;0;1;25;1;1;1;0;0;1;0
13076566;Jutaí;3;1;0;1;894;34;24;13;1;1;1;0
13076582;Jutaí;3;2;2;1;37;1;2;1;0;0;1;0
13079727;Jutaí;3;2;;3;;;;;;;;
13079735;Jutaí;3;2;0;1;26;2;2;1;0;0;1;0
13079760;Jutaí;3;2;;3;;;;;;;;
13079786;Jutaí;3;2;0;1;6;1;1;1;0;0;1;1
13079794;Jutaí;3;2;0;1;66;8;4;4;1;0;1;0
13079808;Jutaí;3;2;;2;;;;;;;;
13079816;Jutaí;3;2;0;1;36;2;2;1;0;0;1;0
13079824;Jutaí;3;2;2;1;135;6;8;5;1;0;1;0
13079840;Jutaí;3;2;2;1;69;3;4;2;0;0;1;0
13079859;Jutaí;3;2;;3;;;;;;;;
13083783;Jutaí;3;2;0;1;16;1;1;1;0;0;1;0
13083791;Jutaí;3;2;;3;;;;;;;;
13083805;Jutaí;3;2;2;1;27;2;2;1;0;0;1;0
13083813;Jutaí;3;2;2;1;61;3;4;3;0;0;1;0
13083848;Jutaí;3;2;0;1;22;1;1;1;0;0;1;0
13083856;Jutaí;3;2;2;1;48;2;3;3;1;0;1;0
13084879;Jutaí;3;2;2;1;102;3;5;4;1;0;1;0
13084909;Jutaí;3;2;0;1;14;1;1;1;0;0;1;1
13084917;Jutaí;3;2;0;1;12;1;1;1;0;0;1;1
13084925;Jutaí;3;2;;3;;;;;;;;
13084933;Jutaí;3;2;;3;;;;;;;;
13084950;Jutaí;3;2;2;1;20;1;1;1;0;0;1;1
13084968;Jutaí;3;2;2;1;164;5;8;5;1;0;1;0
13084976;Jutaí;3;2;;3;;;;;;;;
13084984;Jutaí;3;2;2;1;138;4;6;5;1;0;1;0
13088521;Jutaí;3;2;0;1;14;1;1;1;0;0;1;0
13088530;Jutaí;3;2;2;1;95;3;4;3;0;0;1;1
13088548;Jutaí;3;2;;3;;;;;;;;
13090348;Jutaí;3;2;;3;;;;;;;;
13090356;Jutaí;3;2;0;1;29;1;1;1;1;0;1;0
13090372;Jutaí;3;2;2;1;54;2;3;2;0;0;1;0
13093827;Jutaí;2;1;0;1;290;48;7;6;1;0;1;0
13094505;Jutaí;3;2;;3;;;;;;;;
13094513;Jutaí;3;2;0;1;25;1;1;1;0;0;1;0
13094521;Jutaí;3;2;0;1;11;1;1;1;0;0;1;0
13094530;Jutaí;3;2;;3;;;;;;;;
13097407;Jutaí;3;2;0;1;20;1;2;1;0;0;1;0
13097415;Jutaí;3;2;0;1;36;1;2;3;0;0;1;0
13097601;Jutaí;3;2;;3;;;;;;;;
13097806;Jutaí;3;2;;3;;;;;;;;
13097814;Jutaí;3;2;2;1;31;1;2;1;0;0;1;0
13097822;Jutaí;3;2;0;1;22;1;1;1;0;0;1;0
13098004;Jutaí;3;2;0;1;88;3;5;3;0;0;1;0
13098799;Jutaí;3;2;;3;;;;;;;;
13098802;Jutaí;3;2;;3;;;;;;;;
13098810;Jutaí;3;2;;3;;;;;;;;
13098861;Jutaí;3;2;;3;;;;;;;;
13099000;Jutaí;3;2;2;1;27;1;2;1;0;0;1;0
13100122;Jutaí;3;2;;3;;;;;;;;
13100130;Jutaí;3;2;0;1;33;2;2;1;0;0;1;0
13100157;Jutaí;3;1;0;1;805;37;25;9;1;0;1;0
13101919;Jutaí;3;2;;3;;;;;;;;
13102311;Jutaí;2;2;0;1;108;11;6;3;1;0;1;0
13103733;Jutaí;3;2;2;1;35;2;2;2;0;0;1;1
13103741;Jutaí;3;2;0;1;18;1;1;1;0;0;1;1
13105809;Jutaí;3;2;0;1;23;1;1;1;0;0;1;1
13106007;Jutaí;3;2;;3;;;;;;;;
13106163;Jutaí;3;1;0;1;399;28;14;7;0;0;1;0
13106180;Jutaí;3;2;2;1;12;1;1;1;0;0;1;1
13108808;Jutaí;3;2;;3;;;;;;;;
13109553;Jutaí;3;2;0;1;20;1;1;1;0;0;1;1
13109561;Jutaí;3;2;0;1;26;1;1;1;0;0;1;0
13109570;Jutaí;3;2;0;1;12;1;1;1;0;0;1;1
13109588;Jutaí;3;2;2;1;21;1;1;1;0;0;1;0
13109596;Jutaí;3;2;0;1;15;1;1;1;0;0;1;1
13109618;Jutaí;3;2;0;1;25;1;1;1;0;0;1;1
13109626;Jutaí;3;2;0;1;25;1;2;1;0;0;1;0
13109634;Jutaí;3;2;2;1;64;2;3;2;0;0;1;1
13231200;Jutaí;2;2;0;1;134;37;9;17;1;0;1;0
13259210;Jutaí;2;2;2;1;132;13;8;8;1;0;0;0
13046829;Lábrea;2;1;0;1;1415;49;44;18;1;1;1;0
13046837;Lábrea;3;2;0;1;27;2;2;1;0;0;1;1
13046861;Lábrea;3;2;0;1;81;5;4;2;0;0;1;1
13046896;Lábrea;2;1;0;1;285;23;12;12;1;1;1;0
13046900;Lábrea;3;2;0;1;14;1;2;1;0;0;1;0
13046926;Lábrea;3;2;0;1;9;1;1;1;0;0;1;1
13046934;Lábrea;3;2;0;1;9;1;1;2;0;0;1;1
13046950;Lábrea;3;2;0;1;18;2;2;2;0;0;1;1
13046969;Lábrea;3;2;0;1;22;2;2;1;0;0;1;0
13046977;Lábrea;3;2;0;1;7;1;1;2;0;0;1;1
13046993;Lábrea;3;2;;2;;;;;;;;
13047000;Lábrea;3;2;0;1;26;2;2;2;0;0;1;0
13047094;Lábrea;3;2;0;1;10;1;1;3;0;0;1;0
13047191;Lábrea;3;2;0;1;53;3;4;2;0;0;1;0
13047213;Lábrea;3;2;0;1;27;2;2;2;0;0;1;1
13047221;Lábrea;3;2;0;1;18;2;2;2;0;0;1;1
13047264;Lábrea;3;2;0;1;8;1;1;1;0;0;1;1
13047280;Lábrea;3;2;;2;;;;;;;;
13047302;Lábrea;3;2;0;1;21;2;2;2;0;0;1;1
13047310;Lábrea;3;2;0;1;22;2;2;2;0;0;1;1
13047337;Lábrea;3;2;0;1;34;2;2;2;0;0;1;0
13047345;Lábrea;3;1;0;1;178;14;9;7;1;1;1;0
13047361;Lábrea;3;2;0;1;48;5;3;2;0;0;1;1
13047370;Lábrea;3;1;0;1;468;22;14;7;1;1;1;0
13047396;Lábrea;3;2;0;1;55;6;4;4;0;0;1;1
13047418;Lábrea;3;2;0;1;39;2;2;2;0;0;1;1
13047426;Lábrea;3;2;0;1;19;1;2;2;0;0;1;1
13047442;Lábrea;3;1;0;1;400;21;14;7;1;0;1;0
13047469;Lábrea;2;1;0;1;919;43;34;17;1;1;1;0
13047477;Lábrea;3;2;2;1;26;2;2;1;0;0;1;1
13047485;Lábrea;3;2;0;1;23;2;2;1;0;0;1;0
13047523;Lábrea;3;2;0;1;8;1;1;2;0;0;1;1
13047566;Lábrea;3;2;0;1;83;9;5;7;1;0;1;0
13057430;Lábrea;3;2;0;1;24;2;2;2;0;0;1;0
13058010;Lábrea;3;1;0;1;612;24;24;12;1;0;1;0
13058045;Lábrea;3;2;2;1;37;3;3;1;0;0;1;0
13058088;Lábrea;3;2;0;1;9;1;1;1;0;0;1;1
13058100;Lábrea;3;1;0;1;561;21;21;13;1;0;1;0
13058142;Lábrea;3;2;0;1;40;4;3;2;0;0;1;1
13058193;Lábrea;3;2;0;1;55;5;4;2;0;0;1;0
13058223;Lábrea;3;2;0;1;21;2;2;2;0;0;1;1
13058266;Lábrea;3;2;;2;;;;;;;;
13058282;Lábrea;3;2;0;1;11;1;2;1;0;0;1;1
13058304;Lábrea;3;2;2;1;77;5;4;2;0;0;1;1
13058320;Lábrea;3;2;0;1;32;3;2;2;0;0;1;0
13063383;Lábrea;2;1;0;1;533;21;16;6;0;1;1;0
13065670;Lábrea;3;2;0;1;36;3;3;2;0;0;1;1
13065688;Lábrea;3;2;0;1;55;4;3;2;0;0;1;1
13065696;Lábrea;3;2;0;1;27;2;2;2;0;0;1;1
13069020;Lábrea;3;2;0;1;21;2;2;2;0;0;1;1
13074750;Lábrea;3;2;2;1;19;2;2;1;0;0;1;1
13074768;Lábrea;3;2;2;1;17;2;2;1;0;0;1;1
13074776;Lábrea;3;2;2;1;5;1;1;1;0;0;1;1
13074784;Lábrea;3;2;2;1;13;2;2;1;0;0;1;1
13074792;Lábrea;3;2;2;1;53;4;4;2;0;0;1;1
13074806;Lábrea;3;2;2;1;36;4;3;2;0;0;1;1
13074814;Lábrea;3;1;0;1;697;45;25;12;1;0;1;0
13074830;Lábrea;3;2;2;1;22;2;2;1;0;0;1;1
13076264;Lábrea;3;2;0;1;25;3;2;2;0;0;1;1
13076280;Lábrea;3;2;0;1;21;2;2;2;0;0;1;1
13076310;Lábrea;3;2;0;1;19;2;2;2;0;0;1;1
13076329;Lábrea;3;2;0;1;22;2;2;2;0;0;1;1
13076337;Lábrea;3;2;0;1;47;3;4;3;0;0;1;0
13076345;Lábrea;3;2;2;1;19;2;2;1;0;0;1;1
13076361;Lábrea;3;2;2;1;47;3;2;1;0;0;1;1
13076370;Lábrea;3;2;2;1;54;5;4;2;0;0;1;1
13076388;Lábrea;3;1;0;1;318;16;10;5;1;0;1;0
13077376;Lábrea;3;2;2;1;36;2;2;1;0;0;1;1
13077384;Lábrea;3;2;2;1;19;2;2;1;0;0;1;1
13077392;Lábrea;3;2;2;1;15;2;2;1;0;0;1;1
13077406;Lábrea;3;2;;2;;;;;;;;
13077422;Lábrea;3;2;2;1;12;1;1;1;0;0;1;1
13078429;Lábrea;3;2;0;1;10;1;1;1;0;0;1;1
13078445;Lábrea;3;2;;2;;;;;;;;
13078496;Lábrea;3;2;0;1;19;1;1;1;0;0;1;1
13078500;Lábrea;3;2;0;1;41;3;2;2;0;0;1;1
13078518;Lábrea;3;2;0;1;6;1;1;1;0;0;1;1
13078534;Lábrea;3;2;0;1;31;2;3;2;0;0;1;1
13078550;Lábrea;3;2;2;1;11;1;1;1;0;0;1;1
13078569;Lábrea;3;2;2;1;9;1;1;1;0;0;1;1
13078593;Lábrea;3;2;;2;;;;;;;;
13078607;Lábrea;3;2;0;1;15;1;2;1;0;0;1;1
13081837;Lábrea;3;2;0;1;28;2;3;1;0;0;1;1
13082272;Lábrea;3;2;0;1;8;1;1;1;0;0;1;1
13082280;Lábrea;3;2;0;1;19;2;2;1;0;0;1;0
13082329;Lábrea;3;2;0;1;25;3;3;2;0;0;1;0
13082337;Lábrea;3;2;2;1;41;2;2;2;0;0;1;1
13082345;Lábrea;3;2;2;1;9;1;1;1;0;0;1;1
13082353;Lábrea;3;2;2;1;21;2;2;2;0;0;1;0
13082361;Lábrea;3;2;2;1;22;2;2;1;0;0;1;1
13082370;Lábrea;3;2;2;1;38;2;2;2;0;0;1;1
13082388;Lábrea;3;2;2;1;17;2;2;1;0;0;1;1
13084259;Lábrea;3;2;1;1;11;1;1;1;0;0;1;0
13087568;Lábrea;3;2;0;1;23;2;2;2;0;0;1;0
13087576;Lábrea;3;2;2;1;28;2;2;1;0;0;1;1
13087584;Lábrea;3;1;0;1;654;43;26;15;1;1;1;0
13087606;Lábrea;3;2;0;1;61;5;4;2;0;0;1;0
13088831;Lábrea;3;2;1;1;30;2;2;2;0;0;1;0
13089633;Lábrea;3;2;2;1;29;2;2;1;0;0;1;0
13091522;Lábrea;3;2;2;1;18;2;2;1;0;0;1;1
13093150;Lábrea;3;2;2;1;23;2;2;1;0;0;1;1
13093240;Lábrea;3;2;2;1;10;1;1;1;0;0;1;0
13093258;Lábrea;3;2;2;1;10;2;2;1;0;0;1;1
13093266;Lábrea;3;2;0;1;29;2;2;1;0;0;1;1
13093282;Lábrea;3;2;0;1;10;1;1;1;0;0;1;1
13093290;Lábrea;3;2;0;1;9;1;1;2;0;0;1;1
13094297;Lábrea;2;1;0;1;272;37;7;5;1;1;1;0
13094670;Lábrea;3;1;0;1;483;31;21;11;1;0;1;0
13095749;Lábrea;3;2;;2;;;;;;;;
13095757;Lábrea;3;2;2;1;52;4;3;2;0;0;1;1
13097300;Lábrea;3;2;0;1;13;1;2;2;0;0;1;1
13097318;Lábrea;3;2;1;1;24;1;1;1;0;0;1;0
13097326;Lábrea;3;2;2;1;51;4;3;2;0;0;1;1
13099035;Lábrea;3;2;;2;;;;;;;;
13099523;Lábrea;3;2;;2;;;;;;;;
13100556;Lábrea;3;1;0;1;124;8;5;5;1;0;1;0
13100653;Lábrea;3;2;2;1;23;2;3;2;0;0;1;1
13100661;Lábrea;3;2;;2;;;;;;;;
13100670;Lábrea;3;2;2;1;30;2;2;1;0;0;1;1
13101986;Lábrea;3;2;0;1;13;1;2;1;0;0;1;1
13101994;Lábrea;3;2;0;1;4;1;1;1;0;0;1;1
13102028;Lábrea;3;2;;2;;;;;;;;
13102036;Lábrea;3;2;1;1;146;10;10;4;1;0;1;0
13102052;Lábrea;3;2;2;1;27;2;2;1;0;0;1;1
13102060;Lábrea;3;2;2;1;28;2;2;1;0;0;1;0
13103261;Lábrea;2;2;2;1;87;6;6;6;1;0;1;0
13103911;Lábrea;4;1;;2;;;;;;;;
13103920;Lábrea;3;2;0;1;12;1;2;1;0;0;1;1
13104209;Lábrea;3;2;1;1;45;2;2;1;0;0;1;0
13104233;Lábrea;3;2;2;1;22;2;2;1;0;0;1;1
13104802;Lábrea;3;2;1;1;61;4;3;2;0;0;1;0
13105000;Lábrea;3;2;1;1;58;4;4;2;0;0;1;0
13105060;Lábrea;3;2;2;1;10;1;2;1;0;0;1;0
13105078;Lábrea;3;2;2;1;32;2;2;1;0;0;1;1
13105205;Lábrea;3;2;0;1;15;1;1;1;1;0;1;0
13105400;Lábrea;3;2;1;1;152;8;7;3;0;0;1;0
13105760;Lábrea;3;1;0;1;;;;10;1;0;1;0
13106279;Lábrea;3;2;2;1;30;2;2;1;0;0;1;1
13106295;Lábrea;3;2;;2;;;;;;;;
13106376;Lábrea;2;1;0;1;560;36;21;21;0;1;1;0
13107712;Lábrea;3;2;2;1;21;2;2;1;0;0;1;1
13108530;Lábrea;3;2;;2;;;;;;;;
13108549;Lábrea;3;2;0;1;11;1;1;1;0;0;1;1
13108557;Lábrea;3;2;0;1;38;2;3;1;0;0;1;0
13108654;Lábrea;3;2;0;1;16;1;1;1;0;0;1;0
13109430;Lábrea;3;2;0;1;18;1;2;1;0;0;1;1
13109448;Lábrea;3;2;0;1;35;2;3;1;0;0;1;1
13109456;Lábrea;3;2;0;1;17;1;2;1;0;0;1;1
13109464;Lábrea;3;2;1;1;35;3;3;2;0;0;1;0
13109472;Lábrea;3;2;2;1;19;2;2;1;0;0;1;1
13109480;Lábrea;3;2;2;1;9;1;1;1;0;0;1;0
13109499;Lábrea;4;1;;2;;;;;;;;
13109502;Lábrea;4;1;0;1;;;;4;1;0;1;0
13110578;Lábrea;3;2;0;1;10;1;1;1;0;0;1;0
13110586;Lábrea;3;2;0;1;14;1;2;1;0;0;1;1
13110594;Lábrea;3;2;0;1;32;2;3;1;0;0;1;1
13110616;Lábrea;3;2;0;1;12;1;1;1;0;0;1;0
13110624;Lábrea;3;2;0;1;25;4;3;2;0;0;1;0
13110632;Lábrea;3;2;0;1;57;6;3;1;0;0;1;1
13110683;Lábrea;3;2;2;1;21;2;2;1;0;0;1;1
13143220;Lábrea;3;2;;2;;;;;;;;
13143247;Lábrea;3;2;2;1;21;2;2;1;1;0;1;1
13220292;Lábrea;2;2;0;1;314;49;25;25;1;0;1;0
13264265;Lábrea;3;2;2;1;12;1;1;1;0;0;1;1
13264273;Lábrea;3;2;2;1;9;1;1;1;0;0;1;1
13265253;Lábrea;3;2;2;1;22;1;2;1;0;0;1;0
13268252;Lábrea;3;2;2;1;20;2;2;1;0;0;1;1
13270206;Lábrea;3;2;2;1;31;3;2;1;0;0;1;1
13324233;Lábrea;1;1;0;1;415;36;15;13;1;1;1;0
13022415;Manacapuru;3;2;;2;;;;;;;;
13022423;Manacapuru;3;1;0;1;995;41;28;12;1;0;1;0
13022440;Manacapuru;3;2;0;1;23;1;1;1;1;0;1;0
13022458;Manacapuru;3;2;;2;;;;;;;;
13022474;Manacapuru;3;2;0;1;30;2;2;2;0;0;1;0
13022520;Manacapuru;3;2;0;1;7;1;1;1;1;0;1;0
13022539;Manacapuru;3;2;0;1;10;1;1;1;0;0;1;0
13022555;Manacapuru;3;2;1;1;66;5;6;4;1;1;1;0
13022598;Manacapuru;3;2;;2;;;;;;;;
13022636;Manacapuru;3;1;0;1;311;16;12;6;1;0;1;0
13022644;Manacapuru;2;1;0;1;577;23;20;10;1;1;1;0
13022652;Manacapuru;2;1;0;1;801;24;23;10;1;1;1;0
13022687;Manacapuru;2;1;0;1;435;14;13;7;1;1;1;0
13022695;Manacapuru;2;1;0;1;1202;43;32;13;1;1;1;0
13022725;Manacapuru;2;1;0;1;1348;43;35;15;1;1;1;0
13022741;Manacapuru;2;1;0;1;443;22;20;10;1;0;1;0
13022776;Manacapuru;3;2;0;1;6;1;1;1;1;0;1;0
13022784;Manacapuru;3;2;0;1;173;13;10;5;1;0;1;0
13022792;Manacapuru;3;2;0;1;21;1;1;1;1;0;1;0
13022806;Manacapuru;3;2;0;1;13;1;1;1;1;0;1;0
13022865;Manacapuru;3;2;0;1;204;12;9;5;1;0;1;0
13022881;Manacapuru;3;2;0;1;11;1;1;1;0;0;1;0
13022903;Manacapuru;3;2;8;1;99;7;5;5;1;0;1;0
13022911;Manacapuru;3;2;0;1;13;1;1;1;1;0;1;0
13022938;Manacapuru;3;2;0;1;139;7;7;6;0;1;1;0
13022962;Manacapuru;3;2;8;1;39;2;2;1;1;0;1;0
13022989;Manacapuru;3;2;0;1;49;4;5;2;1;1;1;0
13022997;Manacapuru;3;2;0;1;10;1;1;1;0;0;1;0
13023039;Manacapuru;3;1;0;1;374;22;15;8;1;0;1;0
13023047;Manacapuru;3;2;0;1;189;15;10;8;1;1;1;0
13023063;Manacapuru;3;2;0;1;14;1;1;1;0;0;1;0
13023071;Manacapuru;3;2;0;1;170;11;8;4;1;0;1;0
13023101;Manacapuru;3;2;0;1;7;1;1;1;1;0;1;0
13023110;Manacapuru;3;2;8;1;16;1;1;1;0;0;1;0
13023136;Manacapuru;3;1;0;1;358;20;14;7;1;0;1;0
13023152;Manacapuru;3;2;8;1;56;4;3;2;1;0;1;0
13023209;Manacapuru;3;2;;2;;;;;;;;
13023217;Manacapuru;3;2;0;1;30;2;2;2;0;0;1;0
13023225;Manacapuru;3;2;8;1;24;1;1;1;1;0;1;0
13023241;Manacapuru;3;2;0;1;30;2;2;2;1;0;1;0
13023306;Manacapuru;3;2;0;1;20;1;1;1;1;0;1;0
13023330;Manacapuru;3;2;8;1;128;9;7;4;1;0;1;0
13023365;Manacapuru;3;2;0;1;17;1;1;1;0;1;1;0
13023420;Manacapuru;3;2;;2;;;;;;;;
13023438;Manacapuru;3;2;;2;;;;;;;;
13023446;Manacapuru;3;2;0;1;6;1;1;1;1;0;1;0
13023462;Manacapuru;3;2;0;1;12;1;1;1;1;0;1;0
13023470;Manacapuru;3;2;;2;;;;;;;;
13023519;Manacapuru;3;2;8;1;168;11;8;4;1;0;1;0
13023527;Manacapuru;3;2;;2;;;;;;;;
13023535;Manacapuru;3;2;1;1;171;13;9;6;1;0;1;0
13023560;Manacapuru;3;2;0;1;39;2;2;2;1;0;1;0
13023578;Manacapuru;3;2;;2;;;;;;;;
13023659;Manacapuru;3;2;0;1;14;1;1;1;1;0;1;0
13023667;Manacapuru;3;2;8;1;96;8;6;4;1;0;1;0
13023691;Manacapuru;3;2;0;1;81;7;7;4;1;0;1;0
13023705;Manacapuru;3;2;;2;;;;;;;;
13023713;Manacapuru;3;2;0;1;28;1;1;1;1;0;1;0
13023730;Manacapuru;3;2;0;1;122;6;7;4;1;1;1;0
13023748;Manacapuru;3;2;0;1;28;4;5;4;1;0;1;0
13023780;Manacapuru;3;2;0;1;35;2;2;1;1;0;1;0
13023799;Manacapuru;3;2;0;1;210;15;11;6;1;0;1;0
13023802;Manacapuru;3;2;8;1;115;7;7;4;1;1;1;0
13023853;Manacapuru;3;2;0;1;7;1;1;1;1;0;1;0
13023870;Manacapuru;3;2;8;1;36;3;2;3;1;0;1;0
13023918;Manacapuru;3;1;0;1;694;33;25;13;1;0;1;0
13023926;Manacapuru;3;2;;2;;;;;;;;
13023934;Manacapuru;3;2;0;1;47;3;3;2;1;0;1;0
13023942;Manacapuru;3;2;0;1;78;5;6;2;1;0;1;0
13023977;Manacapuru;3;2;;2;;;;;;;;
13023985;Manacapuru;3;2;0;1;25;1;1;1;1;0;1;0
13024000;Manacapuru;3;2;0;1;9;1;1;1;0;0;1;0
13024019;Manacapuru;3;2;0;1;66;3;3;2;0;0;1;0
13024078;Manacapuru;3;2;0;1;85;5;7;3;1;0;1;0
13024116;Manacapuru;3;2;0;1;13;1;1;1;0;0;1;0
13024167;Manacapuru;3;2;;2;;;;;;;;
13024175;Manacapuru;3;2;0;1;22;1;1;1;0;0;1;0
13024183;Manacapuru;2;1;0;1;691;23;20;10;1;1;1;0
13024191;Manacapuru;2;1;0;1;236;14;11;6;1;1;1;0
13024205;Manacapuru;2;2;0;1;167;35;10;4;1;1;1;0
13024213;Manacapuru;2;2;0;1;248;55;16;7;1;1;1;0
13024221;Manacapuru;2;1;0;1;269;11;12;6;0;1;1;0
13024230;Manacapuru;2;1;0;1;1041;34;28;12;1;1;1;0
13024248;Manacapuru;2;1;0;1;425;15;17;9;1;1;1;0
13024256;Manacapuru;2;1;0;1;180;14;9;5;1;0;1;0
13024264;Manacapuru;2;2;0;1;234;25;13;5;0;1;1;0
13024272;Manacapuru;2;1;0;1;450;19;17;7;1;1;1;0
13024280;Manacapuru;3;2;0;1;8;1;1;1;0;0;1;0
13024329;Manacapuru;3;2;0;1;24;1;1;1;0;0;1;0
13024337;Manacapuru;3;2;2;1;10;2;1;1;0;0;1;0
13024353;Manacapuru;3;2;0;1;19;1;1;1;0;0;1;0
13024361;Manacapuru;3;2;0;1;25;1;1;1;1;0;1;0
13024370;Manacapuru;3;2;0;1;384;24;15;12;1;1;1;0
13024388;Manacapuru;3;2;0;1;12;1;1;1;1;0;1;0
13024396;Manacapuru;3;2;0;1;324;17;13;9;1;0;1;0
13024400;Manacapuru;3;2;0;1;119;8;8;4;1;0;1;0
13024418;Manacapuru;3;2;0;1;917;45;32;16;1;0;1;0
13024426;Manacapuru;3;2;0;1;220;16;10;10;1;0;1;0
13024434;Manacapuru;3;2;0;1;29;1;1;2;1;0;1;0
13055640;Manacapuru;3;2;0;1;77;6;5;2;1;0;1;0
13056689;Manacapuru;3;2;0;1;78;5;6;4;1;0;1;0
13057936;Manacapuru;3;2;0;1;178;11;9;6;0;1;1;0
13057960;Manacapuru;3;2;;2;;;;;;;;
13059610;Manacapuru;3;2;0;1;30;2;2;1;1;0;1;0
13062816;Manacapuru;3;2;0;1;14;1;1;2;0;0;1;0
13062824;Manacapuru;3;2;;2;;;;;;;;
13062840;Manacapuru;3;2;0;1;76;3;3;1;1;0;1;0
13062875;Manacapuru;3;1;0;1;330;18;12;6;1;0;1;0
13062905;Manacapuru;3;2;;2;;;;;;;;
13062913;Manacapuru;3;2;0;1;527;30;21;13;0;0;1;0
13062948;Manacapuru;3;2;0;1;98;5;6;2;1;0;1;0
13065734;Manacapuru;3;2;0;1;59;2;2;1;1;0;1;0
13065785;Manacapuru;3;2;8;1;3;1;1;1;0;0;1;0
13065793;Manacapuru;3;2;0;1;21;1;1;1;0;0;1;0
13065807;Manacapuru;3;2;;2;;;;;;;;
13065823;Manacapuru;3;2;8;1;33;1;1;1;1;0;1;0
13065831;Manacapuru;3;2;0;1;47;2;2;1;1;0;1;0
13065955;Manacapuru;3;2;8;1;19;1;1;1;1;0;1;0
13065971;Manacapuru;3;2;;2;;;;;;;;
13065998;Manacapuru;3;1;0;1;619;38;24;12;1;1;1;0
13070800;Manacapuru;3;2;;2;;;;;;;;
13070819;Manacapuru;3;2;0;1;74;5;6;2;0;0;1;0
13070835;Manacapuru;3;2;;2;;;;;;;;
13070843;Manacapuru;3;2;0;1;35;2;2;1;0;0;1;0
13070851;Manacapuru;3;2;0;1;128;7;7;4;1;0;1;0
13070860;Manacapuru;3;1;0;1;427;23;20;10;1;0;1;0
13072714;Manacapuru;3;2;;2;;;;;;;;
13072749;Manacapuru;3;2;0;1;10;1;1;1;0;0;1;1
13072765;Manacapuru;4;2;0;1;147;12;12;6;0;0;1;0
13072773;Manacapuru;3;2;;2;;;;;;;;
13072790;Manacapuru;3;2;;2;;;;;;;;
13076108;Manacapuru;3;2;;2;;;;;;;;
13076140;Manacapuru;3;2;0;1;21;1;1;1;1;0;1;0
13079514;Manacapuru;3;2;;2;;;;;;;;
13079549;Manacapuru;3;1;0;1;1015;48;34;17;1;1;1;0
13079557;Manacapuru;3;2;0;1;6;1;1;1;0;0;1;0
13079565;Manacapuru;4;1;0;1;410;19;25;13;1;0;1;0
13079573;Manacapuru;3;2;;2;;;;;;;;
13081934;Manacapuru;3;2;2;1;8;2;1;1;1;0;1;0
13081950;Manacapuru;3;2;;2;;;;;;;;
13081969;Manacapuru;3;2;8;1;17;1;1;1;0;0;1;0
13085492;Manacapuru;4;1;0;1;61;5;6;4;1;0;1;0
13085581;Manacapuru;3;2;0;1;18;1;1;1;0;0;1;0
13085603;Manacapuru;3;2;0;1;11;1;1;1;0;0;1;0
13085638;Manacapuru;3;1;0;1;511;32;21;11;1;1;1;0
13085662;Manacapuru;3;1;0;1;634;33;24;12;1;1;1;0
13088416;Manacapuru;4;1;0;1;47;3;3;4;1;0;1;0
13089862;Manacapuru;2;1;0;1;376;51;11;5;1;1;1;0
13094920;Manacapuru;3;2;2;1;5;2;1;1;1;0;1;0
13094939;Manacapuru;3;2;0;1;165;11;8;4;0;1;1;0
13095323;Manacapuru;3;2;2;1;3;2;1;2;0;0;1;0
13095331;Manacapuru;3;2;1;1;12;1;1;1;1;0;1;0
13095340;Manacapuru;3;2;8;1;6;1;1;1;0;0;1;0
13095358;Manacapuru;3;2;;2;;;;;;;;
13095986;Manacapuru;3;2;0;1;18;1;1;1;0;0;1;0
13095994;Manacapuru;3;2;2;1;4;2;1;1;1;0;1;0
13096001;Manacapuru;3;2;0;1;11;1;1;1;1;1;1;0
13099370;Manacapuru;3;2;2;1;5;2;1;1;0;0;1;0
13100610;Manacapuru;4;1;;2;;;;;;;;
13101390;Manacapuru;3;1;0;1;463;23;20;10;1;1;1;0
13101412;Manacapuru;3;1;0;1;542;17;20;10;1;0;1;0
13101803;Manacapuru;3;2;0;1;18;1;1;1;0;0;1;0
13102478;Manacapuru;1;1;0;1;277;29;11;4;1;1;1;0
13102605;Manacapuru;2;1;0;1;784;30;24;12;1;1;1;0
13102656;Manacapuru;4;1;0;1;117;5;6;12;1;1;1;0
13103458;Manacapuru;2;1;0;1;547;31;19;19;1;0;1;0
13103717;Manacapuru;3;1;0;1;382;20;17;9;1;1;1;0
13103725;Manacapuru;4;1;0;1;196;20;22;18;1;0;1;0
13104055;Manacapuru;4;1;0;1;196;7;8;4;1;1;1;0
13104942;Manacapuru;3;2;2;1;13;2;1;1;1;0;1;0
13104950;Manacapuru;3;2;0;1;20;1;1;1;1;0;1;0
13105825;Manacapuru;3;1;0;1;492;20;14;7;1;0;1;0
13105841;Manacapuru;3;2;0;1;149;9;8;6;1;0;1;0
13105850;Manacapuru;3;2;0;1;10;1;1;1;0;0;1;0
13105868;Manacapuru;3;1;0;1;405;20;18;10;1;0;1;0
13106058;Manacapuru;3;2;2;1;7;2;1;1;1;0;1;0
13106066;Manacapuru;3;2;0;1;8;1;1;1;0;0;1;1
13106074;Manacapuru;3;2;0;1;11;1;1;1;1;0;1;0
13106082;Manacapuru;3;2;8;1;6;1;1;1;1;0;1;0
13107984;Manacapuru;3;1;0;1;243;9;8;4;1;0;1;0
13108069;Manacapuru;3;2;1;1;60;4;4;4;1;0;1;0
13108506;Manacapuru;3;1;0;1;208;9;8;4;1;0;1;0
13108514;Manacapuru;3;1;0;1;182;8;8;4;1;0;1;0
13108522;Manacapuru;3;1;0;1;202;8;8;4;1;0;1;0
13108980;Manacapuru;3;1;0;1;416;23;16;12;1;0;1;0
13110314;Manacapuru;4;1;0;1;80;13;12;12;1;0;1;0
13131850;Manacapuru;2;2;0;1;163;36;10;7;1;1;1;0
13140205;Manacapuru;3;2;2;1;14;2;1;1;0;0;1;0
13141201;Manacapuru;3;2;0;1;127;10;8;4;1;0;1;0
13142240;Manacapuru;3;2;0;1;266;14;11;7;1;1;1;0
13143212;Manacapuru;3;2;0;1;21;1;1;1;0;0;1;0
13227203;Manacapuru;3;2;0;1;24;1;1;2;1;0;1;0
13227211;Manacapuru;3;2;;2;;;;;;;;
13227220;Manacapuru;3;2;0;1;346;20;14;7;1;0;1;0
13228200;Manacapuru;3;2;;2;;;;;;;;
13258222;Manacapuru;2;2;1;1;187;39;12;7;1;1;1;0
13270230;Manacapuru;2;2;0;1;1137;79;64;64;1;0;1;0
13020358;Manaquiri;3;2;2;1;45;5;4;3;1;0;1;0
13024450;Manaquiri;3;1;0;1;1112;44;44;23;1;1;1;0
13024477;Manaquiri;3;2;0;1;158;11;15;9;1;0;1;0
13024566;Manaquiri;3;2;8;1;124;9;8;8;1;0;1;0
13024655;Manaquiri;3;2;0;1;84;7;6;6;0;0;1;0
13024671;Manaquiri;3;2;8;1;45;7;5;7;1;0;1;0
13024728;Manaquiri;3;2;0;1;67;4;5;3;0;1;1;0
13024744;Manaquiri;3;2;0;1;95;8;8;6;1;1;1;0
13024795;Manaquiri;3;2;0;1;72;7;8;7;1;0;1;0
13024809;Manaquiri;3;2;0;1;158;13;11;11;0;0;1;0
13024868;Manaquiri;3;2;0;1;53;5;4;4;1;1;1;0
13024957;Manaquiri;3;2;0;1;36;4;3;4;0;0;1;0
13024990;Manaquiri;2;1;0;1;836;30;26;12;1;1;1;0
13057545;Manaquiri;3;2;2;1;29;2;2;2;0;1;1;0
13057812;Manaquiri;3;2;;3;;;;;;;;
13057910;Manaquiri;3;2;0;1;62;5;6;4;1;1;1;0
13059564;Manaquiri;3;2;0;1;67;5;7;4;0;0;1;0
13062980;Manaquiri;3;1;0;1;237;8;12;6;1;0;1;0
13062999;Manaquiri;3;2;0;1;75;6;6;5;0;1;1;0
13063006;Manaquiri;3;1;0;1;205;8;8;4;1;0;1;0
13063014;Manaquiri;3;2;0;1;55;5;4;6;0;0;1;0
13063022;Manaquiri;3;2;0;1;127;7;9;5;0;0;1;0
13063030;Manaquiri;3;2;0;1;103;9;8;11;1;1;1;0
13063049;Manaquiri;3;2;8;1;59;6;5;5;0;0;1;0
13063057;Manaquiri;3;1;;2;;;;;;;;
13063065;Manaquiri;3;2;0;1;138;11;11;6;1;1;1;0
13063464;Manaquiri;3;2;8;1;91;8;7;8;0;1;1;0
13063480;Manaquiri;3;2;;3;;;;;;;;
13065106;Manaquiri;3;2;0;1;239;13;14;12;1;0;1;0
13080504;Manaquiri;3;2;;3;;;;;;;;
13081896;Manaquiri;3;2;2;1;21;1;2;1;1;1;1;0
13082523;Manaquiri;3;2;2;1;35;4;3;5;1;0;1;0
13087983;Manaquiri;3;2;2;1;74;7;7;3;0;1;1;1
13093215;Manaquiri;3;2;2;1;50;5;4;3;0;1;1;0
13093231;Manaquiri;3;2;0;1;72;2;4;2;0;0;1;0
13094270;Manaquiri;2;1;0;1;110;17;3;12;1;1;1;0
13098209;Manaquiri;3;2;0;1;43;3;5;3;1;1;1;0
13098403;Manaquiri;3;2;2;1;121;11;10;7;1;0;0;0
13098608;Manaquiri;3;2;;3;;;;;;;;
13100726;Manaquiri;3;2;2;1;55;6;6;2;0;1;1;0
13100734;Manaquiri;3;2;2;1;26;2;3;1;0;1;1;0
13101226;Manaquiri;3;2;2;1;11;1;1;2;1;0;1;0
13101234;Manaquiri;3;2;2;1;47;4;4;5;1;0;1;0
13102788;Manaquiri;4;1;0;1;;;;6;1;0;1;0
13102915;Manaquiri;3;2;2;1;30;3;2;1;1;0;1;0
13102923;Manaquiri;3;2;2;1;148;13;10;10;1;0;1;0
13103270;Manaquiri;2;2;2;1;24;28;5;2;1;0;1;0
13104152;Manaquiri;3;2;2;1;17;2;2;2;0;1;1;0
13220233;Manaquiri;2;2;0;1;481;74;47;52;1;0;0;0
13293214;Manaquiri;3;1;0;1;39;9;7;5;0;0;1;0
13025082;Manaus;4;1;0;1;325;26;14;24;1;1;1;0
13025104;Manaus;2;1;0;1;842;52;35;26;1;1;1;0
13025120;Manaus;3;1;0;1;299;12;18;9;1;1;1;0
13025139;Manaus;4;1;0;1;780;12;10;22;1;0;1;0
13025180;Manaus;3;1;0;1;472;17;20;10;1;1;1;0
13025210;Manaus;4;1;0;1;386;20;20;21;1;1;1;0
13025228;Manaus;4;1;0;1;1403;54;49;29;1;1;1;0
13025279;Manaus;4;1;0;1;129;15;18;16;1;1;1;0
13025287;Manaus;4;1;0;1;163;13;11;15;1;1;1;0
13025295;Manaus;4;1;0;1;1951;49;59;30;1;1;1;0
13025317;Manaus;4;1;0;1;497;28;19;12;1;1;1;0
13025325;Manaus;4;1;;2;;;;;;;;
13025333;Manaus;4;1;0;1;898;43;35;21;1;1;1;0
13025350;Manaus;4;1;;2;;;;;;;;
13025368;Manaus;4;1;0;1;575;23;18;9;1;1;1;0
13025376;Manaus;4;1;0;1;1838;60;71;36;1;1;1;0
13025562;Manaus;3;1;0;1;348;15;17;9;1;1;1;0
13025570;Manaus;3;1;0;1;392;13;18;9;1;1;1;0
13025619;Manaus;4;1;0;1;79;8;7;7;1;0;1;0
13025643;Manaus;4;1;0;1;210;13;14;16;1;1;1;0
13025651;Manaus;4;1;0;1;106;12;11;11;1;1;1;0
13025694;Manaus;4;1;0;1;164;18;15;18;1;1;1;0
13025724;Manaus;4;1;0;1;189;20;10;15;1;1;1;0
13025767;Manaus;2;1;0;1;1143;40;30;16;1;1;1;0
13025872;Manaus;4;1;0;1;1382;114;53;42;1;1;1;0
13025880;Manaus;4;1;0;1;85;8;7;8;1;0;1;0
13025953;Manaus;3;1;0;1;400;16;20;10;1;0;1;0
13026020;Manaus;4;1;0;1;593;27;24;20;1;1;1;0
13026038;Manaus;4;1;0;1;241;22;22;13;1;1;1;0
13026070;Manaus;4;1;0;1;293;18;13;15;1;1;1;0
13026089;Manaus;4;1;0;1;164;21;13;25;1;1;1;0
13026100;Manaus;4;1;0;1;249;20;18;16;1;1;1;0
13026160;Manaus;4;1;0;1;1371;35;50;42;1;1;1;0
13026194;Manaus;4;1;0;1;2287;93;96;72;1;1;1;0
13026321;Manaus;4;1;0;1;564;27;31;28;1;0;1;0
13026356;Manaus;4;1;0;1;238;19;20;17;1;1;1;0
13026372;Manaus;4;1;0;1;255;18;22;12;1;1;1;0
13026399;Manaus;3;1;;2;;;;;;;;
13026402;Manaus;4;1;0;1;1293;35;43;33;1;1;1;0
13026437;Manaus;3;1;0;1;393;22;20;10;1;0;1;0
13026445;Manaus;3;1;0;1;402;23;24;12;1;1;1;0
13026470;Manaus;2;1;0;1;1268;46;30;15;1;0;1;0
13026488;Manaus;1;1;0;1;1348;106;48;35;1;1;1;0
13026496;Manaus;4;1;0;1;335;22;14;24;1;1;1;0
13026500;Manaus;4;1;0;1;470;36;22;28;1;1;1;0
13026534;Manaus;4;1;0;1;52;8;8;8;1;1;1;0
13026550;Manaus;2;1;0;1;1322;68;40;20;1;1;1;0
13026577;Manaus;2;1;0;1;2385;101;65;34;1;1;1;0
13026585;Manaus;4;1;0;1;542;35;27;24;1;1;1;0
13026631;Manaus;4;1;0;1;280;23;15;20;1;1;1;0
13026640;Manaus;4;1;0;1;215;20;14;14;1;1;1;0
13026658;Manaus;4;1;0;1;150;14;17;15;1;1;1;0
13026682;Manaus;4;1;0;1;156;10;11;8;1;1;1;0
13026720;Manaus;3;1;0;1;465;14;20;10;1;0;1;0
13026739;Manaus;3;1;0;1;189;9;14;7;1;0;1;0
13026747;Manaus;3;1;0;1;441;14;20;10;1;0;1;0
13026755;Manaus;3;1;0;1;258;11;12;6;1;0;1;0
13026763;Manaus;3;1;0;1;237;10;14;7;1;0;1;0
13026801;Manaus;3;1;0;1;267;7;12;6;1;0;1;0
13026828;Manaus;3;1;0;1;877;28;30;16;1;1;1;0
13026836;Manaus;3;1;0;1;380;14;18;9;1;0;1;0
13026844;Manaus;1;1;0;1;912;82;30;30;1;1;1;0
13026852;Manaus;4;1;0;1;310;23;17;18;1;1;0;0
13026925;Manaus;3;1;0;1;327;15;18;9;1;1;1;0
13026950;Manaus;4;1;0;1;735;39;26;13;1;1;1;0
13027042;Manaus;2;1;0;1;324;22;10;10;1;1;1;0
13027077;Manaus;2;1;0;1;628;25;18;9;1;1;1;0
13027093;Manaus;2;1;0;1;199;12;6;6;1;1;1;0
13027107;Manaus;2;1;0;1;266;16;8;8;1;1;1;0
13027123;Manaus;2;1;0;1;2171;78;60;20;1;1;1;0
13027131;Manaus;2;1;0;1;860;35;24;14;1;1;1;0
13027158;Manaus;2;1;0;1;990;53;31;12;1;1;1;0
13027174;Manaus;2;1;0;1;60;18;11;7;1;1;1;0
13027182;Manaus;2;1;0;1;265;12;10;7;1;1;1;0
13027247;Manaus;2;1;0;1;1518;55;44;22;1;1;1;0
13027255;Manaus;2;1;0;1;1883;80;59;21;1;1;1;0
13027271;Manaus;2;1;0;1;139;18;24;12;1;0;1;0
13027280;Manaus;2;1;0;1;999;27;24;12;1;1;1;0
13027310;Manaus;2;1;0;1;1158;54;36;20;1;1;1;0
13027328;Manaus;2;1;0;1;632;32;20;11;1;1;1;0
13027336;Manaus;2;1;0;1;143;10;7;6;1;1;1;0
13027344;Manaus;2;1;0;1;458;24;14;8;1;1;1;0
13027425;Manaus;2;1;0;1;279;14;8;8;1;1;1;0
13027484;Manaus;2;1;0;1;626;24;20;10;1;1;1;0
13027514;Manaus;2;1;0;1;213;12;6;6;1;1;1;0
13027522;Manaus;2;1;0;1;627;25;22;11;1;1;1;0
13027549;Manaus;2;1;0;1;176;18;9;6;1;1;1;0
13027573;Manaus;2;1;0;1;715;36;20;13;1;1;1;0
13027590;Manaus;2;1;0;1;815;34;25;10;1;1;1;0
13027620;Manaus;2;1;0;1;361;18;12;12;0;1;1;0
13027638;Manaus;2;1;0;1;279;12;9;9;1;1;1;0
13027646;Manaus;2;1;0;1;327;18;10;10;1;1;1;0
13027654;Manaus;2;1;0;1;197;8;10;5;1;1;1;0
13027727;Manaus;2;1;0;1;729;31;20;12;1;1;1;0
13027751;Manaus;2;1;0;1;216;16;10;7;1;1;1;0
13027760;Manaus;2;1;0;1;97;10;21;33;1;0;1;0
13027786;Manaus;2;1;0;1;1238;55;38;17;1;1;1;0
13027794;Manaus;2;1;0;1;429;16;14;7;1;1;1;0
13027816;Manaus;2;1;0;1;910;43;22;22;1;1;1;0
13027832;Manaus;2;1;0;1;386;15;14;7;1;1;1;0
13027905;Manaus;2;1;0;1;686;22;18;9;1;1;1;0
13027930;Manaus;2;1;0;1;798;39;25;14;1;1;0;0
13027948;Manaus;2;1;0;1;155;8;5;5;1;1;1;0
13027956;Manaus;2;1;0;1;796;33;20;10;1;1;1;0
13027972;Manaus;2;1;0;1;716;24;18;18;1;1;1;0
13028006;Manaus;2;1;0;1;2310;87;63;27;1;1;1;0
13028057;Manaus;2;1;0;1;1241;65;41;19;1;1;1;0
13028073;Manaus;2;1;0;1;687;31;22;11;1;1;1;0
13028081;Manaus;3;2;8;1;82;10;8;2;1;0;1;0
13028103;Manaus;3;2;1;1;45;7;8;2;1;1;1;0
13028189;Manaus;3;2;8;1;30;9;7;4;1;0;0;0
13028200;Manaus;3;2;0;1;521;22;19;7;1;1;1;0
13028219;Manaus;3;1;0;1;390;27;18;6;1;1;1;0
13028243;Manaus;3;1;0;1;481;10;17;9;1;1;1;0
13028260;Manaus;3;1;0;1;163;11;6;6;1;1;1;0
13028286;Manaus;3;1;0;1;1216;43;37;14;1;1;1;0
13028308;Manaus;3;1;0;1;348;13;12;6;1;1;1;0
13028316;Manaus;3;1;0;1;1478;64;45;18;1;1;1;0
13028324;Manaus;3;1;0;1;326;20;13;5;1;1;1;0
13028340;Manaus;3;1;0;1;1066;44;31;16;1;1;1;0
13028359;Manaus;3;1;0;1;340;13;12;6;1;1;1;0
13028367;Manaus;3;1;0;1;215;8;10;5;1;1;1;0
13028383;Manaus;3;2;8;1;52;8;8;4;0;0;1;0
13028391;Manaus;3;2;8;1;49;9;7;4;1;1;1;0
13028413;Manaus;3;2;8;1;36;10;8;3;1;0;1;0
13028421;Manaus;3;2;8;1;59;7;4;2;1;0;1;0
13028430;Manaus;3;1;0;1;623;35;28;10;1;1;1;0
13028456;Manaus;3;2;0;1;314;8;12;5;1;0;1;0
13028472;Manaus;3;1;0;1;291;13;16;8;1;1;1;0
13028499;Manaus;3;1;0;1;682;20;24;12;1;0;1;0
13028510;Manaus;3;1;0;1;638;16;20;10;1;1;1;0
13028529;Manaus;3;2;8;1;53;11;10;4;1;0;1;0
13028537;Manaus;3;1;0;1;300;11;12;6;1;0;1;0
13028553;Manaus;3;1;0;1;991;50;33;12;1;1;1;0
13028570;Manaus;3;1;0;1;849;26;28;16;1;1;1;0
13028588;Manaus;3;1;0;1;537;15;18;9;1;1;1;0
13028600;Manaus;3;2;8;1;22;3;4;2;1;0;1;0
13028626;Manaus;3;1;0;1;266;19;13;8;1;1;1;0
13028642;Manaus;3;1;0;1;310;11;14;7;1;1;1;0
13028650;Manaus;3;1;0;1;441;19;20;10;1;1;1;0
13028669;Manaus;3;1;;2;;;;;;;;
13028677;Manaus;3;1;0;1;476;26;16;8;1;1;1;0
13028685;Manaus;3;1;0;1;674;27;28;12;1;1;1;0
13028715;Manaus;3;1;0;1;476;17;26;13;1;1;1;0
13028723;Manaus;3;2;0;1;184;8;10;5;1;0;1;0
13028731;Manaus;3;1;0;1;122;5;6;3;1;1;1;0
13028758;Manaus;3;1;0;1;908;23;32;17;1;1;1;0
13028774;Manaus;3;1;0;1;573;17;20;10;1;1;1;0
13028782;Manaus;3;1;0;1;762;29;22;11;1;1;1;0
13028804;Manaus;3;1;0;1;274;7;12;6;1;0;1;0
13028812;Manaus;3;2;0;1;92;10;8;5;1;0;1;0
13028820;Manaus;3;1;;2;;;;;;;;
13028839;Manaus;3;1;0;1;760;25;26;13;1;1;1;0
13028863;Manaus;3;1;0;1;476;12;16;8;1;1;1;0
13028880;Manaus;3;2;8;1;94;10;9;4;1;1;1;0
13028910;Manaus;3;2;8;1;67;10;8;4;1;0;1;0
13028936;Manaus;3;2;0;1;97;7;8;4;1;0;1;0
13028944;Manaus;3;2;;2;;;;;;;;
13028960;Manaus;3;1;0;1;692;29;26;10;1;1;1;0
13028987;Manaus;3;1;0;1;884;20;30;15;1;1;1;0
13029002;Manaus;3;2;0;1;160;7;10;6;1;0;1;0
13029010;Manaus;3;2;0;1;127;7;5;5;1;0;1;0
13029037;Manaus;3;1;0;1;189;14;12;7;1;1;1;0
13029053;Manaus;3;1;0;1;216;8;12;6;1;1;1;0
13029061;Manaus;3;1;0;1;1025;44;36;15;1;1;1;0
13029070;Manaus;3;1;0;1;610;23;21;11;1;1;1;0
13029096;Manaus;3;1;0;1;668;31;20;8;1;1;1;0
13029118;Manaus;3;1;0;1;714;25;30;16;1;1;1;0
13029126;Manaus;3;1;0;1;1298;50;41;18;1;1;1;0
13029134;Manaus;3;2;0;1;122;6;7;4;1;0;1;0
13029150;Manaus;3;1;0;1;592;29;20;10;1;1;1;0
13029169;Manaus;3;1;0;1;394;13;16;8;1;1;1;0
13029177;Manaus;3;1;0;1;183;10;10;5;1;1;1;0
13029185;Manaus;3;1;0;1;328;13;17;9;1;1;1;0
13029193;Manaus;3;1;0;1;197;8;12;6;1;1;1;0
13029223;Manaus;3;1;0;1;241;15;9;9;1;1;1;0
13029231;Manaus;3;1;0;1;1401;59;46;18;1;1;1;0
13029240;Manaus;3;1;0;1;538;20;19;10;1;1;1;0
13029266;Manaus;3;2;0;1;90;7;8;4;1;1;1;0
13029290;Manaus;3;1;0;1;1107;47;32;11;1;1;1;0
13029312;Manaus;3;1;0;1;612;22;20;10;1;1;1;0
13029320;Manaus;3;1;0;1;417;15;20;10;1;1;1;0
13029339;Manaus;3;1;0;1;336;18;20;10;1;1;1;0
13029347;Manaus;3;2;8;1;51;10;9;4;1;0;1;0
13029355;Manaus;3;2;8;1;47;10;8;4;1;0;1;0
13029371;Manaus;3;1;0;1;323;11;10;5;1;1;1;0
13029380;Manaus;3;2;8;1;48;2;5;2;1;0;1;0
13029398;Manaus;3;2;8;1;82;5;7;4;1;0;1;0
13029401;Manaus;3;2;0;1;120;8;10;6;1;0;1;0
13029410;Manaus;3;2;0;1;469;22;18;9;1;1;1;0
13029428;Manaus;3;1;0;1;472;30;21;9;1;1;1;0
13029436;Manaus;3;2;8;1;32;3;4;2;1;0;1;0
13029452;Manaus;3;1;0;1;653;17;24;13;1;0;1;0
13029479;Manaus;3;1;0;1;639;37;25;14;1;1;1;0
13029495;Manaus;3;2;8;1;30;9;7;3;1;1;1;0
13029525;Manaus;3;1;0;1;495;17;20;8;1;1;1;0
13029533;Manaus;3;2;1;1;49;10;8;4;1;0;1;0
13029541;Manaus;3;1;0;1;330;14;16;9;1;1;1;0
13029576;Manaus;3;1;0;1;855;41;29;10;1;1;1;0
13029584;Manaus;3;2;0;1;664;36;24;12;1;1;1;0
13029592;Manaus;3;2;8;1;39;3;4;2;1;0;1;0
13029606;Manaus;3;2;0;1;1517;37;48;24;1;1;1;0
13029614;Manaus;3;2;8;1;18;1;3;1;1;0;1;0
13029622;Manaus;3;1;0;1;714;23;27;14;1;1;1;0
13029649;Manaus;3;2;8;1;80;11;9;5;1;0;1;0
13029657;Manaus;3;2;8;1;268;16;16;9;1;0;1;0
13029665;Manaus;3;1;0;1;580;30;21;11;1;1;1;0
13029690;Manaus;3;1;0;1;953;47;39;18;1;0;1;0
13029703;Manaus;3;1;0;1;677;23;24;12;1;1;1;0
13029720;Manaus;3;1;0;1;330;22;14;7;1;1;1;0
13029746;Manaus;3;1;0;1;1243;60;45;15;1;1;1;0
13029762;Manaus;3;1;0;1;328;21;10;10;1;1;1;0
13029797;Manaus;3;1;0;1;436;22;16;6;1;0;1;0
13029800;Manaus;3;2;0;1;38;3;4;3;1;0;1;0
13029843;Manaus;3;2;8;1;60;8;8;4;1;0;1;0
13029860;Manaus;4;1;0;1;394;21;16;19;1;1;1;0
13029878;Manaus;4;1;0;1;18;3;2;3;1;0;1;0
13029886;Manaus;3;2;1;1;86;11;10;5;1;0;1;0
13029916;Manaus;1;1;0;1;1456;168;51;45;1;1;1;0
13029967;Manaus;2;1;0;1;923;40;28;12;1;1;1;0
13029975;Manaus;2;1;;3;;;;;;;;
13029991;Manaus;2;1;0;1;662;29;20;10;1;1;1;0
13030000;Manaus;2;1;0;1;505;21;20;10;1;1;1;0
13030019;Manaus;2;1;0;1;1061;30;27;9;1;0;1;0
13030027;Manaus;2;1;0;1;2152;84;60;21;1;1;1;0
13030035;Manaus;3;1;0;1;517;14;18;9;1;0;1;0
13030043;Manaus;3;1;0;1;457;15;22;11;1;0;1;0
13030051;Manaus;3;1;0;1;157;8;6;6;1;1;1;0
13030060;Manaus;3;1;0;1;504;14;20;10;1;1;1;0
13030078;Manaus;3;1;0;1;404;12;14;7;1;1;1;0
13030086;Manaus;3;1;0;1;170;11;11;6;1;1;1;0
13030094;Manaus;4;1;0;1;257;23;15;25;1;1;1;0
13030132;Manaus;2;1;0;1;414;19;12;7;1;1;1;0
13030140;Manaus;2;1;0;1;372;18;16;8;1;1;1;0
13030159;Manaus;2;1;0;1;408;19;14;8;1;0;1;0
13030167;Manaus;2;1;0;1;574;25;19;10;1;1;1;0
13030175;Manaus;2;1;0;1;264;12;10;5;0;1;1;0
13030183;Manaus;2;1;0;1;499;27;16;8;1;1;1;0
13030191;Manaus;2;1;0;1;598;21;18;9;1;1;1;0
13030205;Manaus;2;1;0;1;492;18;14;7;1;1;1;0
13030213;Manaus;2;1;0;1;330;14;15;8;1;1;1;0
13030221;Manaus;2;1;0;1;1181;47;28;10;1;1;1;0
13030230;Manaus;2;1;0;1;287;14;10;5;1;1;1;0
13030248;Manaus;2;1;0;1;1002;39;28;12;1;1;1;0
13030256;Manaus;2;1;0;1;585;32;20;10;1;1;1;0
13030264;Manaus;2;1;0;1;142;9;5;5;0;1;1;0
13030272;Manaus;2;1;0;1;461;22;13;7;1;1;1;0
13030280;Manaus;2;1;0;1;220;8;10;5;1;0;1;0
13030299;Manaus;2;1;0;1;625;31;18;9;1;1;1;0
13030302;Manaus;2;1;0;1;1211;47;32;16;1;1;1;0
13030310;Manaus;2;1;0;1;353;25;12;9;1;1;1;0
13030329;Manaus;2;1;0;1;895;31;22;11;0;1;1;0
13030337;Manaus;2;1;0;1;634;24;20;10;1;1;1;0
13030345;Manaus;2;1;0;1;861;37;28;14;1;1;1;0
13030353;Manaus;2;1;0;1;789;30;22;9;1;1;1;0
13030361;Manaus;2;1;0;1;533;24;16;16;1;1;1;0
13030370;Manaus;2;1;0;1;167;13;7;7;1;1;1;0
13030388;Manaus;2;1;0;1;188;11;10;5;1;1;1;0
13030396;Manaus;2;1;0;1;146;7;5;5;1;1;1;0
13030400;Manaus;2;1;0;1;1001;38;24;12;1;1;1;0
13030418;Manaus;2;1;0;1;647;25;20;10;1;1;1;0
13030426;Manaus;2;1;0;1;1832;75;58;21;1;1;1;0
13030434;Manaus;2;1;0;1;232;12;10;5;1;0;1;0
13030442;Manaus;2;1;0;1;510;18;16;8;1;0;1;0
13030450;Manaus;2;1;0;1;540;22;14;7;1;1;1;0
13030469;Manaus;2;1;0;1;1515;71;46;31;1;1;1;0
13030477;Manaus;2;1;0;1;815;35;23;12;1;1;1;0
13030485;Manaus;2;1;0;1;1062;45;31;11;1;1;1;0
13030493;Manaus;2;1;0;1;878;31;24;12;1;1;1;0
13030507;Manaus;2;1;0;1;440;26;17;10;1;1;1;0
13030523;Manaus;2;1;0;1;510;24;18;9;1;1;1;0
13030531;Manaus;2;1;0;1;532;31;17;7;1;1;1;0
13030540;Manaus;2;1;0;1;307;24;15;15;1;1;1;0
13030558;Manaus;2;1;0;1;642;26;20;10;1;1;1;0
13030566;Manaus;2;1;0;1;500;19;12;6;1;0;1;0
13030574;Manaus;2;1;0;1;344;13;9;9;1;1;1;0
13030582;Manaus;2;1;0;1;464;26;12;12;1;1;1;0
13030590;Manaus;2;1;0;1;262;14;9;9;1;1;1;0
13030604;Manaus;2;1;0;1;209;17;9;9;1;1;1;0
13030612;Manaus;2;1;0;1;177;13;10;5;1;1;1;0
13030620;Manaus;2;1;0;1;293;12;10;5;1;1;1;0
13030647;Manaus;2;1;0;1;589;24;16;8;1;1;1;0
13030655;Manaus;2;1;0;1;615;20;20;10;1;1;1;0
13030663;Manaus;2;1;0;1;323;14;10;10;1;1;1;0
13030671;Manaus;2;1;0;1;266;10;10;5;1;0;1;0
13030680;Manaus;2;1;0;1;695;32;22;12;1;1;1;0
13030698;Manaus;2;1;;3;;;;;;;;
13030701;Manaus;2;1;0;1;364;20;16;9;1;1;1;0
13030710;Manaus;2;1;0;1;929;35;28;14;1;1;1;0
13030728;Manaus;2;1;0;1;1605;50;44;22;1;1;1;0
13030736;Manaus;2;1;0;1;1083;46;33;14;1;1;1;0
13030744;Manaus;2;1;0;1;460;23;14;7;1;1;1;0
13030752;Manaus;2;1;0;1;411;19;14;7;1;1;1;0
13030760;Manaus;2;1;0;1;258;10;11;6;1;1;1;0
13030779;Manaus;2;1;0;1;611;24;20;10;1;1;1;0
13030795;Manaus;2;1;0;1;898;37;26;10;1;1;1;0
13030809;Manaus;2;1;0;1;782;39;25;11;1;1;1;0
13030817;Manaus;2;1;0;1;2060;70;60;20;1;1;1;0
13030825;Manaus;2;1;0;1;311;15;9;9;1;1;1;0
13030833;Manaus;2;1;0;1;937;44;28;16;1;1;1;0
13030841;Manaus;2;1;0;1;151;9;6;6;1;1;1;0
13030868;Manaus;2;1;0;1;264;13;10;5;1;0;1;0
13030876;Manaus;2;1;0;1;488;24;18;9;1;1;1;0
13030884;Manaus;2;1;0;1;287;21;11;10;1;1;1;0
13030892;Manaus;2;1;0;1;1126;44;29;15;1;1;1;0
13030906;Manaus;2;1;0;1;578;29;16;8;1;1;1;0
13030914;Manaus;2;1;0;1;1644;47;36;12;1;1;1;0
13030922;Manaus;2;1;0;1;349;24;15;10;1;1;1;0
13030930;Manaus;4;1;0;1;375;16;18;9;1;1;1;0
13030949;Manaus;2;1;0;1;697;31;24;12;1;1;1;0
13030957;Manaus;2;1;0;1;383;22;14;7;1;1;1;0
13030965;Manaus;2;1;0;1;1060;40;27;10;1;1;1;0
13030973;Manaus;2;1;0;1;222;15;9;9;1;1;1;0
13030981;Manaus;2;1;0;1;345;10;12;6;1;1;1;0
13030990;Manaus;2;1;0;1;732;37;26;10;1;1;1;0
13031007;Manaus;2;1;0;1;925;38;24;9;1;1;1;0
13031023;Manaus;2;1;0;1;153;9;5;5;1;1;1;0
13031031;Manaus;2;1;0;1;675;31;20;10;1;1;1;0
13031040;Manaus;2;1;0;1;489;28;17;17;1;1;1;0
13031058;Manaus;2;1;0;1;860;41;28;14;1;1;1;0
13031066;Manaus;2;1;0;1;1947;58;48;15;1;1;0;0
13031074;Manaus;2;1;0;1;427;17;10;10;1;1;1;0
13031082;Manaus;2;1;0;1;1073;41;32;11;1;0;1;0
13031090;Manaus;2;1;0;1;273;13;12;6;1;1;1;0
13031104;Manaus;2;1;0;1;620;28;24;12;1;1;1;0
13031112;Manaus;2;1;0;1;1329;49;36;12;1;1;1;0
13031120;Manaus;2;1;0;1;192;25;10;8;1;1;1;0
13031139;Manaus;2;1;0;1;920;42;26;11;1;1;1;0
13031147;Manaus;2;1;0;1;407;44;23;14;1;1;1;0
13031163;Manaus;2;1;0;1;1268;35;34;17;1;1;1;0
13031171;Manaus;2;1;0;1;754;49;24;24;1;1;1;0
13031180;Manaus;2;1;0;1;384;15;12;6;1;1;1;0
13031198;Manaus;2;1;0;1;1304;55;38;15;1;1;1;0
13031236;Manaus;3;2;8;1;30;9;7;3;1;0;1;0
13031244;Manaus;3;2;8;1;24;9;6;4;1;0;1;0
13031252;Manaus;3;2;8;1;38;2;4;2;1;0;1;0
13031260;Manaus;3;1;0;1;1052;55;38;15;1;1;1;0
13031279;Manaus;3;1;0;1;329;10;12;6;1;0;1;0
13031295;Manaus;3;2;0;1;135;11;10;5;1;0;1;0
13031309;Manaus;3;2;8;1;67;10;9;4;1;0;1;0
13031317;Manaus;3;1;0;1;251;12;12;6;1;1;1;0
13031325;Manaus;3;1;0;1;727;38;26;10;1;1;1;0
13031368;Manaus;3;1;0;1;495;27;16;9;1;1;1;0
13031376;Manaus;3;1;0;1;517;31;20;10;1;1;1;0
13031384;Manaus;3;2;8;1;33;10;7;4;1;1;1;0
13031392;Manaus;3;2;8;1;120;12;12;6;1;0;1;0
13031406;Manaus;3;2;8;1;14;1;3;2;1;0;1;0
13031414;Manaus;3;2;2;1;23;11;7;3;1;0;1;0
13031422;Manaus;3;1;0;1;778;25;30;15;1;1;1;0
13031457;Manaus;4;1;0;1;517;45;23;18;1;1;1;0
13031503;Manaus;2;1;0;1;54;17;18;10;1;1;1;0
13031511;Manaus;2;1;0;1;926;36;29;15;1;1;1;0
13031597;Manaus;3;1;0;1;450;11;16;8;1;1;1;0
13031600;Manaus;3;1;0;1;1146;29;44;22;1;1;1;0
13031660;Manaus;4;1;0;1;448;26;34;21;1;0;1;0
13031678;Manaus;3;1;0;1;342;10;12;6;1;0;1;0
13031724;Manaus;4;1;0;1;154;15;10;8;1;1;1;0
13031732;Manaus;4;1;0;1;345;15;21;13;1;1;1;0
13031759;Manaus;4;1;0;1;218;23;22;15;1;1;1;0
13031767;Manaus;4;1;0;1;757;42;29;32;1;1;1;0
13031783;Manaus;4;1;0;1;1444;48;48;25;1;1;1;0
13031791;Manaus;4;1;0;1;367;29;18;30;1;1;1;0
13031821;Manaus;4;1;0;1;184;26;21;26;1;1;1;0
13031872;Manaus;4;1;0;1;352;19;21;16;1;1;1;0
13031899;Manaus;2;1;0;1;1010;39;24;24;1;1;1;0
13031961;Manaus;4;1;0;1;252;19;13;15;1;1;1;0
13031988;Manaus;4;1;0;1;61;5;5;7;1;0;1;0
13032020;Manaus;4;1;0;1;1210;60;51;49;1;1;1;0
13032038;Manaus;4;1;0;1;132;8;13;10;1;0;1;0
13032046;Manaus;3;1;0;1;447;13;20;10;1;0;1;0
13032089;Manaus;3;1;0;1;344;15;14;7;1;1;1;0
13032127;Manaus;4;1;0;1;1627;77;62;33;1;1;1;0
13055038;Manaus;4;1;0;1;111;11;7;7;1;1;1;0
13055194;Manaus;2;1;0;1;709;27;24;12;1;1;1;0
13055216;Manaus;2;1;0;1;743;27;18;9;1;1;1;0
13057871;Manaus;2;1;0;1;132;15;18;9;1;0;1;0
13058339;Manaus;3;1;0;1;317;12;16;8;1;0;1;0
13058371;Manaus;3;1;0;1;592;26;18;9;1;1;1;0
13058398;Manaus;3;1;0;1;233;9;12;6;1;0;1;0
13058401;Manaus;3;1;0;1;247;9;12;6;1;0;1;0
13058410;Manaus;3;1;0;1;334;10;16;8;1;0;1;0
13058428;Manaus;3;2;0;1;529;27;24;12;1;0;1;0
13058444;Manaus;3;1;0;1;592;23;26;11;1;1;1;0
13058460;Manaus;3;1;0;1;586;12;20;10;1;0;1;0
13058487;Manaus;3;1;0;1;362;15;17;10;1;1;1;0
13058525;Manaus;3;1;0;1;678;21;22;11;1;1;1;0
13058533;Manaus;3;2;0;1;521;22;19;7;1;0;1;0
13058550;Manaus;3;1;0;1;725;41;27;11;1;1;1;0
13058592;Manaus;3;1;0;1;132;10;12;6;1;0;1;0
13058614;Manaus;3;1;0;1;393;18;20;10;1;1;1;0
13058665;Manaus;3;1;0;1;1431;51;40;17;1;1;1;0
13058690;Manaus;3;2;1;1;99;9;8;4;1;0;1;0
13058746;Manaus;3;2;0;1;429;17;14;7;1;1;1;0
13058789;Manaus;3;2;0;1;334;13;14;7;1;0;1;0
13058894;Manaus;3;1;0;1;952;29;32;16;1;1;1;0
13058924;Manaus;3;1;0;1;1006;41;33;14;1;1;1;0
13058975;Manaus;3;1;0;1;570;21;22;12;1;1;1;0
13059009;Manaus;3;2;;2;;;;;;;;
13059068;Manaus;3;1;0;1;1318;41;47;18;1;1;1;0
13059114;Manaus;3;1;0;1;582;21;25;10;1;0;1;0
13059130;Manaus;3;1;0;1;318;17;11;8;1;1;1;0
13059157;Manaus;4;1;;2;;;;;;;;
13059165;Manaus;3;1;0;1;614;16;21;11;1;1;1;0
13059190;Manaus;3;1;0;1;435;23;16;8;1;1;1;0
13059459;Manaus;4;1;0;1;42;4;8;9;0;1;1;0
13059505;Manaus;4;1;0;1;130;6;12;7;1;1;1;0
13064177;Manaus;4;1;0;1;514;44;28;40;1;1;1;0
13064207;Manaus;4;1;0;1;814;29;27;40;1;1;1;0
13064215;Manaus;4;1;0;1;1266;38;40;20;1;1;1;0
13065580;Manaus;3;2;0;1;383;13;16;6;1;0;1;0
13066838;Manaus;2;1;0;1;309;25;12;12;1;0;1;0
13066846;Manaus;2;1;0;1;416;21;18;9;1;1;1;0
13066994;Manaus;3;1;0;1;906;40;28;11;1;1;1;0
13067001;Manaus;3;1;0;1;423;13;20;10;1;0;1;0
13067214;Manaus;3;2;8;1;73;10;8;4;0;0;1;0
13067249;Manaus;3;1;0;1;264;15;12;8;1;1;1;0
13067907;Manaus;3;1;0;1;667;25;27;10;1;1;1;0
13068024;Manaus;3;1;0;1;563;22;22;11;1;1;1;0
13068032;Manaus;3;1;0;1;257;10;12;6;1;0;1;0
13068113;Manaus;4;1;0;1;301;9;14;14;1;1;1;0
13068253;Manaus;4;1;0;1;300;19;20;14;1;1;1;0
13071432;Manaus;4;1;0;1;1455;58;58;76;1;1;1;0
13071459;Manaus;4;1;0;1;343;16;21;13;1;0;1;0
13071580;Manaus;4;1;0;1;250;22;18;17;1;1;1;0
13071599;Manaus;3;2;0;1;271;8;10;6;1;0;1;0
13071602;Manaus;3;1;0;1;529;18;20;10;1;1;1;0
13071637;Manaus;3;2;8;1;27;2;5;2;1;0;1;0
13071653;Manaus;4;1;0;1;102;14;14;10;1;1;1;0
13071661;Manaus;3;1;0;1;388;12;18;9;1;0;1;0
13071670;Manaus;2;1;0;1;713;25;22;9;1;1;1;0
13071700;Manaus;3;1;0;1;888;39;28;11;1;1;1;0
13071718;Manaus;3;1;0;1;762;38;27;15;1;1;1;0
13071726;Manaus;3;1;0;1;846;28;22;11;1;1;1;0
13071734;Manaus;3;1;0;1;1385;37;43;19;1;1;1;0
13071750;Manaus;3;1;0;1;579;29;22;9;1;1;1;0
13071769;Manaus;3;1;0;1;583;27;20;10;1;1;1;0
13071777;Manaus;3;1;0;1;659;17;24;12;1;1;1;0
13071785;Manaus;3;1;0;1;936;35;30;15;1;1;1;0
13071793;Manaus;3;1;0;1;642;30;24;10;1;1;1;0
13071807;Manaus;3;1;0;1;936;37;30;10;1;1;1;0
13071840;Manaus;2;1;0;1;335;18;10;10;1;1;1;0
13071866;Manaus;3;1;0;1;252;17;12;12;1;0;1;0
13072102;Manaus;2;1;0;1;441;16;16;8;1;1;1;0
13073249;Manaus;3;2;1;1;305;15;14;7;1;0;1;0
13073257;Manaus;3;2;1;1;201;12;11;6;1;0;1;0
13073311;Manaus;3;1;0;1;255;7;12;6;1;0;1;0
13073338;Manaus;3;1;0;1;637;14;20;10;1;1;1;0
13073702;Manaus;4;1;0;1;183;7;12;8;1;1;0;0
13073710;Manaus;4;1;0;1;264;15;17;10;1;1;1;0
13073737;Manaus;4;1;0;1;465;16;25;23;1;1;1;0
13073826;Manaus;4;1;0;1;275;14;18;9;1;0;1;0
13073834;Manaus;4;1;0;1;185;17;12;12;1;1;1;0
13073877;Manaus;4;1;0;1;64;7;7;4;1;1;1;0
13073885;Manaus;4;1;0;1;184;14;17;16;1;1;1;0
13073923;Manaus;4;1;0;1;200;14;18;11;1;1;1;0
13074105;Manaus;4;1;0;1;91;8;8;10;1;0;1;0
13074130;Manaus;4;1;0;1;311;20;22;19;1;1;1;0
13074156;Manaus;4;1;0;1;127;8;13;8;1;1;1;0
13074369;Manaus;2;1;0;1;1248;46;39;16;1;1;1;0
13074873;Manaus;4;1;0;1;226;9;14;10;1;1;1;0
13075098;Manaus;2;1;0;1;1825;69;51;22;1;0;1;0
13075268;Manaus;4;2;0;1;74;8;3;11;1;1;1;0
13075314;Manaus;4;1;0;1;60;4;8;4;1;1;1;0
13075365;Manaus;4;1;0;1;43;4;7;5;1;1;1;0
13075390;Manaus;2;1;0;1;2124;57;52;22;0;1;1;0
13075519;Manaus;3;1;0;1;666;26;20;10;1;1;1;0
13075730;Manaus;3;1;0;1;536;21;17;9;1;1;1;0
13075748;Manaus;3;1;0;1;522;19;20;10;1;0;1;0
13075861;Manaus;3;1;0;1;421;11;14;7;1;0;1;0
13075870;Manaus;3;1;0;1;626;16;20;10;1;1;1;0
13075896;Manaus;3;1;0;1;803;38;28;14;1;1;1;0
13076450;Manaus;3;1;0;1;326;12;14;7;1;1;1;0
13076841;Manaus;2;1;0;1;814;23;20;10;0;1;1;0
13076884;Manaus;4;1;0;1;69;4;12;11;1;1;1;0
13076949;Manaus;3;2;8;1;31;2;5;2;1;0;1;0
13077430;Manaus;2;1;0;1;1417;45;36;18;1;0;1;0
13078143;Manaus;2;1;0;1;1355;51;36;18;1;1;1;0
13078615;Manaus;2;1;0;1;1600;52;41;16;1;1;1;0
13079638;Manaus;2;1;0;1;206;13;9;9;1;1;1;0
13080539;Manaus;2;1;0;1;1342;51;38;14;1;1;1;0
13080547;Manaus;2;1;0;1;1457;48;38;16;1;1;1;0
13080563;Manaus;2;1;0;1;347;18;9;9;1;1;1;0
13080571;Manaus;2;1;0;1;1645;55;41;14;1;1;1;0
13080580;Manaus;2;1;0;1;1773;73;52;18;1;1;1;0
13080598;Manaus;2;1;0;1;1051;35;24;12;1;1;1;0
13080733;Manaus;4;1;0;1;88;11;11;10;1;1;1;0
13080849;Manaus;4;1;0;1;103;7;11;10;1;1;1;0
13080911;Manaus;4;1;0;1;581;30;35;36;1;1;1;0
13080954;Manaus;4;1;0;1;183;17;11;11;1;1;1;0
13080970;Manaus;4;1;0;1;86;14;11;10;1;1;1;0
13081012;Manaus;4;1;0;1;80;4;8;4;1;0;1;0
13081101;Manaus;4;1;0;1;870;26;47;22;1;1;1;0
13081241;Manaus;4;1;0;1;28;3;6;7;1;1;1;0
13081292;Manaus;3;1;0;1;799;31;25;10;1;0;1;0
13081314;Manaus;4;1;0;1;235;7;14;8;1;1;1;0
13081365;Manaus;4;1;0;1;451;21;16;16;1;1;1;0
13081381;Manaus;2;1;0;1;1736;61;51;20;1;1;1;0
13081403;Manaus;3;1;0;1;247;10;12;6;1;0;1;0
13081411;Manaus;3;1;0;1;288;12;16;8;1;0;1;0
13081420;Manaus;3;1;0;1;485;11;16;8;1;1;1;0
13081438;Manaus;3;1;0;1;481;18;24;14;1;0;1;0
13081446;Manaus;3;1;0;1;195;10;12;6;1;0;1;0
13081454;Manaus;3;1;0;1;235;10;12;6;1;0;1;0
13081462;Manaus;3;1;0;1;412;13;20;10;1;0;1;0
13081470;Manaus;3;1;0;1;525;22;24;12;1;1;1;0
13081489;Manaus;3;1;0;1;551;25;24;12;1;0;1;0
13081497;Manaus;3;1;0;1;233;9;14;7;1;0;1;0
13081500;Manaus;3;1;0;1;392;13;18;9;1;0;1;0
13081519;Manaus;3;1;0;1;429;11;16;8;1;1;1;0
13081527;Manaus;3;1;0;1;711;25;20;10;1;0;1;0
13081535;Manaus;3;1;0;1;452;14;22;11;1;0;1;0
13081543;Manaus;3;1;0;1;962;31;33;13;1;1;1;0
13081551;Manaus;3;1;0;1;1114;40;36;18;1;0;1;0
13081560;Manaus;3;1;0;1;408;16;20;10;1;0;1;0
13081578;Manaus;3;1;0;1;449;14;20;10;1;0;1;0
13081586;Manaus;3;1;0;1;768;34;25;9;1;1;1;0
13081594;Manaus;3;1;0;1;199;8;10;5;1;0;1;0
13081608;Manaus;3;1;0;1;171;6;10;5;1;0;1;0
13081616;Manaus;3;1;0;1;117;6;8;4;1;0;1;0
13081624;Manaus;3;1;0;1;370;13;18;9;1;0;1;0
13081632;Manaus;3;1;0;1;1271;49;38;16;1;1;1;0
13081640;Manaus;3;1;0;1;247;9;12;6;1;0;1;0
13081659;Manaus;3;1;0;1;243;7;10;5;1;0;1;0
13081667;Manaus;3;1;;2;;;;;;;;
13081675;Manaus;3;1;0;1;226;6;10;5;1;0;1;0
13081683;Manaus;3;1;0;1;315;11;20;10;1;0;1;0
13081705;Manaus;3;1;0;1;900;33;27;9;1;1;1;0
13081713;Manaus;3;1;0;1;1198;38;38;19;1;0;1;0
13081721;Manaus;3;1;0;1;366;10;12;6;1;1;1;0
13081730;Manaus;3;1;0;1;600;23;18;9;1;1;1;0
13081756;Manaus;3;1;0;1;770;33;23;12;1;1;1;0
13081764;Manaus;3;1;0;1;209;6;12;6;1;0;1;0
13081772;Manaus;3;1;0;1;438;12;20;10;1;0;1;0
13081780;Manaus;3;2;8;1;133;13;12;6;1;0;1;0
13081799;Manaus;3;2;0;1;744;22;24;12;1;1;1;0
13082167;Manaus;2;1;0;1;15;17;11;10;1;0;1;0
13082175;Manaus;2;1;0;1;1123;41;29;11;1;1;1;0
13082183;Manaus;2;1;0;1;1525;46;36;12;1;1;1;0
13082922;Manaus;3;1;0;1;442;14;18;9;1;1;1;0
13082930;Manaus;3;1;0;1;279;10;12;6;1;0;1;0
13082949;Manaus;3;1;0;1;1359;56;43;16;1;1;1;0
13082957;Manaus;3;1;0;1;856;31;27;10;1;0;1;0
13082965;Manaus;3;1;0;1;263;10;12;6;1;0;1;0
13082973;Manaus;3;1;0;1;498;13;22;11;1;0;1;0
13082981;Manaus;3;1;0;1;710;19;23;12;1;1;1;0
13082990;Manaus;3;1;0;1;605;16;20;10;1;1;1;0
13083007;Manaus;3;1;0;1;460;13;20;10;1;0;1;0
13083015;Manaus;3;1;0;1;509;27;20;8;1;1;1;0
13083295;Manaus;2;1;0;1;1917;76;53;26;1;1;1;0
13083694;Manaus;2;1;0;1;1739;62;43;15;1;1;1;0
13083708;Manaus;2;1;0;1;457;29;21;8;1;0;1;0
13083724;Manaus;2;1;0;1;1140;46;31;16;1;1;1;0
13083732;Manaus;2;1;0;1;666;23;18;18;1;1;1;0
13084232;Manaus;2;1;0;1;1180;37;29;10;1;1;1;0
13084402;Manaus;2;1;0;1;1306;39;30;10;1;1;1;0
13084445;Manaus;2;1;0;1;1190;43;31;14;1;1;1;0
13084488;Manaus;4;1;0;1;455;18;20;10;1;1;1;0
13084500;Manaus;4;1;0;1;935;39;45;26;1;1;1;0
13084860;Manaus;2;1;0;1;2412;88;66;22;1;1;1;0
13087690;Manaus;3;1;0;1;326;9;14;7;1;0;1;0
13087703;Manaus;3;1;0;1;283;10;12;6;1;0;1;0
13087711;Manaus;3;1;0;1;1243;48;36;18;1;1;1;0
13087720;Manaus;3;1;0;1;307;9;14;8;1;0;1;0
13087738;Manaus;3;1;0;1;266;8;12;6;1;0;1;0
13087746;Manaus;3;1;0;1;372;27;25;9;1;0;1;0
13087754;Manaus;4;1;0;1;302;17;22;20;1;1;1;0
13087797;Manaus;4;1;0;1;160;8;14;7;1;1;1;0
13087835;Manaus;2;1;0;1;2500;86;63;25;1;1;1;0
13087843;Manaus;2;1;0;1;840;39;23;12;1;1;1;0
13088912;Manaus;3;1;0;1;402;17;22;11;1;0;1;0
13088947;Manaus;3;1;0;1;531;17;24;12;1;1;1;0
13088955;Manaus;3;1;0;1;524;19;22;11;1;1;1;0
13088971;Manaus;3;1;0;1;343;16;20;10;1;1;1;0
13088980;Manaus;3;1;0;1;562;21;24;12;1;1;1;0
13088998;Manaus;3;1;0;1;340;13;18;9;1;0;1;0
13089005;Manaus;3;1;0;1;623;17;24;12;1;0;1;0
13089013;Manaus;3;1;0;1;284;13;16;8;1;0;1;0
13089021;Manaus;3;1;0;1;461;18;24;12;1;0;1;0
13089030;Manaus;3;1;0;1;380;14;20;10;1;0;1;0
13089048;Manaus;3;1;0;1;306;9;14;7;1;0;1;0
13089056;Manaus;3;1;0;1;672;18;23;12;1;1;1;0
13089064;Manaus;3;1;0;1;493;11;20;10;1;0;1;0
13089072;Manaus;3;1;0;1;589;18;26;14;1;0;1;0
13089080;Manaus;3;1;;2;;;;;;;;
13089099;Manaus;3;1;0;1;565;18;20;10;1;0;1;0
13089102;Manaus;3;1;0;1;803;21;26;13;1;1;1;0
13089110;Manaus;3;1;0;1;219;12;16;8;1;0;1;0
13089129;Manaus;3;1;0;1;1099;44;32;16;1;1;1;0
13089137;Manaus;3;1;0;1;407;15;20;10;1;0;1;0
13089145;Manaus;3;1;0;1;152;4;8;4;1;0;1;0
13089153;Manaus;3;1;0;1;179;6;8;4;1;0;1;0
13089161;Manaus;3;1;;2;;;;;;;;
13089170;Manaus;3;1;;2;;;;;;;;
13089188;Manaus;3;1;0;1;634;16;28;14;1;0;1;0
13089196;Manaus;3;1;0;1;468;14;20;10;1;1;1;0
13089200;Manaus;3;1;0;1;1045;26;38;19;1;0;1;0
13089218;Manaus;3;1;0;1;575;16;20;10;1;1;1;0
13089226;Manaus;3;1;;2;;;;;;;;
13089234;Manaus;3;1;0;1;801;20;26;13;1;0;1;0
13089242;Manaus;3;1;0;1;686;21;24;12;1;1;1;0
13089250;Manaus;3;1;0;1;1552;45;53;27;1;1;1;0
13089269;Manaus;3;1;0;1;909;33;31;12;1;1;1;0
13089277;Manaus;3;1;0;1;926;22;30;15;1;1;1;0
13089285;Manaus;3;1;0;1;807;31;30;16;1;1;1;0
13089293;Manaus;3;1;0;1;985;21;30;15;1;0;1;0
13089307;Manaus;3;2;1;1;107;11;10;5;1;0;1;0
13089315;Manaus;2;1;0;1;354;16;11;11;1;1;1;0
13090003;Manaus;2;1;0;1;870;62;33;27;1;1;1;0
13090100;Manaus;4;1;0;1;334;16;20;12;1;1;1;0
13090119;Manaus;4;1;0;1;72;4;8;7;1;1;1;0
13090186;Manaus;4;1;0;1;845;24;38;19;1;1;1;0
13090232;Manaus;2;1;0;1;1097;38;27;9;1;1;1;0
13090402;Manaus;4;1;0;1;309;10;20;10;1;1;1;0
13091808;Manaus;4;1;;2;;;;;;;;
13091832;Manaus;4;1;0;1;216;1;14;8;1;1;1;0
13092162;Manaus;4;1;0;1;36;3;6;4;1;1;1;0
13092170;Manaus;4;1;;2;;;;;;;;
13092197;Manaus;1;1;0;1;598;68;19;24;1;1;1;0
13092294;Manaus;4;1;0;1;137;13;11;10;1;0;1;0
13092308;Manaus;4;1;0;1;553;19;24;12;1;1;1;0
13092332;Manaus;3;1;0;1;507;28;19;11;1;1;1;0
13092367;Manaus;3;1;0;1;198;9;12;6;1;0;1;0
13092375;Manaus;3;1;;2;;;;;;;;
13092383;Manaus;3;1;0;1;725;29;33;16;1;1;1;0
13092405;Manaus;3;1;0;1;401;16;20;10;1;0;1;0
13092421;Manaus;3;1;0;1;270;9;12;6;1;0;1;0
13092430;Manaus;3;1;0;1;453;12;20;10;1;0;1;0
13092448;Manaus;3;1;0;1;192;10;12;6;1;0;1;0
13092456;Manaus;3;1;0;1;305;13;14;7;1;1;1;0
13092464;Manaus;3;1;0;1;337;12;14;7;1;0;1;0
13092472;Manaus;3;1;0;1;432;16;20;10;1;1;1;0
13092480;Manaus;3;1;0;1;564;11;18;10;1;1;1;0
13092499;Manaus;3;1;0;1;228;11;16;8;1;0;1;0
13092502;Manaus;3;1;0;1;168;20;11;9;1;0;1;0
13092510;Manaus;3;1;0;1;627;21;24;12;1;0;1;0
13092529;Manaus;3;1;0;1;1210;62;44;17;1;1;1;0
13092537;Manaus;3;1;0;1;320;10;14;7;1;0;1;0
13092545;Manaus;3;1;0;1;256;9;11;6;1;0;1;0
13092553;Manaus;3;1;0;1;634;20;23;12;1;1;1;0
13092561;Manaus;3;1;0;1;811;32;24;12;1;1;1;0
13092570;Manaus;3;1;0;1;298;12;16;8;1;0;1;0
13092588;Manaus;3;1;0;1;562;22;18;9;1;1;1;0
13092596;Manaus;3;1;0;1;391;15;18;10;1;1;1;0
13092600;Manaus;3;1;0;1;281;11;12;6;1;0;1;0
13092626;Manaus;3;1;0;1;210;8;12;6;1;0;1;0
13092634;Manaus;3;1;0;1;212;10;12;6;1;0;1;0
13092650;Manaus;3;1;0;1;361;10;16;8;1;0;1;0
13092669;Manaus;3;1;;2;;;;;;;;
13092677;Manaus;3;1;0;1;444;13;20;10;1;0;1;0
13092685;Manaus;3;1;;2;;;;;;;;
13092693;Manaus;3;1;;2;;;;;;;;
13092707;Manaus;3;1;0;1;353;11;16;8;1;0;1;0
13092731;Manaus;3;1;;2;;;;;;;;
13092740;Manaus;3;1;;2;;;;;;;;
13092758;Manaus;3;1;0;1;388;11;18;9;1;1;1;0
13092766;Manaus;3;1;0;1;413;13;18;9;1;0;1;0
13092774;Manaus;3;1;0;1;1050;36;30;15;1;1;1;0
13092790;Manaus;3;1;0;1;348;9;14;10;1;0;1;0
13092804;Manaus;3;1;0;1;542;16;20;10;1;1;1;0
13092812;Manaus;3;1;0;1;1125;27;35;20;1;0;1;0
13092820;Manaus;3;1;0;1;682;19;25;13;1;1;1;0
13092839;Manaus;3;1;0;1;1147;41;39;20;1;0;1;0
13092855;Manaus;3;1;0;1;368;12;16;8;1;0;1;0
13092863;Manaus;3;1;;2;;;;;;;;
13092871;Manaus;3;1;0;1;615;28;20;10;1;1;1;0
13092880;Manaus;3;1;0;1;713;28;25;15;1;1;1;0
13092910;Manaus;3;1;0;1;745;25;26;13;1;1;1;0
13092928;Manaus;3;1;0;1;695;18;26;13;1;1;1;0
13092936;Manaus;3;1;0;1;447;13;18;9;1;1;1;0
13092944;Manaus;3;1;0;1;1029;23;34;17;1;1;1;0
13092952;Manaus;3;1;0;1;440;11;20;10;1;0;1;0
13092960;Manaus;3;1;0;1;316;11;14;7;1;0;1;0
13092979;Manaus;3;1;0;1;203;6;8;4;1;0;1;0
13093037;Manaus;4;1;0;1;57;5;9;7;1;1;1;0
13093053;Manaus;4;1;0;1;41;6;6;6;1;1;1;0
13093070;Manaus;4;1;0;1;1170;50;64;24;1;1;0;0
13093118;Manaus;4;1;0;1;93;3;8;6;1;1;1;0
13093126;Manaus;4;1;0;1;501;32;27;18;1;1;1;0
13093177;Manaus;2;1;0;1;1878;62;53;21;1;1;1;0
13093401;Manaus;3;1;;2;;;;;;;;
13093410;Manaus;3;1;0;1;1012;71;81;54;1;0;1;0
13093428;Manaus;3;1;0;1;894;39;32;17;1;1;1;0
13093436;Manaus;3;1;0;1;443;25;16;9;1;1;1;0
13093444;Manaus;3;1;0;1;737;24;26;10;1;1;1;0
13093452;Manaus;3;1;0;1;664;18;20;10;1;1;1;0
13093479;Manaus;3;1;0;1;444;16;20;10;1;0;1;0
13093487;Manaus;3;1;0;1;409;14;20;10;1;0;1;0
13093495;Manaus;3;1;0;1;589;15;22;11;1;1;1;0
13093509;Manaus;3;1;0;1;365;18;20;10;1;0;1;0
13093517;Manaus;3;1;;2;;;;;;;;
13093525;Manaus;3;1;0;1;706;37;29;12;1;1;1;0
13093533;Manaus;3;1;0;1;278;16;17;10;1;1;1;0
13093541;Manaus;3;1;0;1;593;27;32;16;1;1;1;0
13093550;Manaus;3;1;;2;;;;;;;;
13093568;Manaus;3;1;0;1;254;9;12;6;1;0;1;0
13093576;Manaus;3;1;0;1;944;26;38;19;1;0;1;0
13093584;Manaus;3;1;0;1;489;20;24;13;1;0;1;0
13093592;Manaus;3;1;0;1;549;17;21;11;1;0;1;0
13093606;Manaus;3;2;8;1;16;1;3;1;1;0;1;0
13093614;Manaus;3;2;8;1;27;2;4;2;1;0;1;0
13093622;Manaus;3;2;8;1;35;2;4;2;1;1;1;0
13093630;Manaus;3;2;8;1;29;2;5;2;1;0;1;0
13093649;Manaus;3;2;2;1;46;12;9;6;1;1;1;0
13093657;Manaus;3;2;2;1;24;3;3;2;1;1;1;0
13093665;Manaus;3;2;1;1;17;3;4;2;1;0;1;0
13093673;Manaus;3;2;2;1;60;12;8;6;1;0;1;0
13093681;Manaus;3;2;0;1;459;17;17;6;1;0;1;0
13093690;Manaus;3;2;0;1;518;13;24;12;1;0;1;0
13093703;Manaus;3;2;0;1;99;4;6;3;1;0;1;0
13093711;Manaus;3;2;1;1;19;3;4;2;1;0;1;0
13093720;Manaus;3;2;1;1;43;3;4;2;1;0;1;0
13093959;Manaus;4;1;0;1;204;6;7;6;1;1;1;0
13094149;Manaus;2;1;0;1;1051;129;59;21;1;1;1;0
13095099;Manaus;2;1;0;1;943;32;24;12;1;1;1;0
13095633;Manaus;2;1;0;1;402;17;12;6;1;0;1;0
13095641;Manaus;2;1;0;1;494;17;16;8;1;1;1;0
13095714;Manaus;2;1;;2;;;;;;;;
13095722;Manaus;2;1;0;1;2418;71;58;21;1;1;1;0
13096257;Manaus;3;2;1;1;66;10;8;2;1;0;1;0
13096559;Manaus;4;1;0;1;98;8;8;8;1;1;1;0
13096567;Manaus;3;2;1;1;23;3;4;2;1;0;1;0
13096575;Manaus;2;1;0;1;864;33;24;24;1;1;1;0
13096583;Manaus;2;1;0;1;981;44;30;10;1;1;1;0
13096591;Manaus;2;1;0;1;893;35;24;24;1;1;1;0
13096605;Manaus;2;1;0;1;305;25;18;6;1;1;1;0
13096702;Manaus;3;1;0;1;1013;46;35;18;1;1;1;0
13096710;Manaus;3;1;0;1;273;8;11;6;1;0;1;0
13096729;Manaus;3;1;0;1;373;12;15;8;1;0;1;0
13096737;Manaus;3;1;0;1;985;30;32;12;1;1;1;0
13096826;Manaus;3;1;0;1;453;14;20;10;1;0;1;0
13096974;Manaus;3;2;;2;;;;;;;;
13096982;Manaus;4;1;0;1;176;13;10;9;0;1;1;0
13097032;Manaus;4;1;0;1;122;9;13;8;1;1;0;0
13097067;Manaus;3;1;0;1;377;9;16;8;1;0;1;0
13097075;Manaus;3;1;0;1;1520;49;41;18;1;1;1;0
13097091;Manaus;3;1;0;1;413;13;18;9;1;0;1;0
13097113;Manaus;3;1;0;1;678;15;24;12;1;0;1;0
13097229;Manaus;3;1;0;1;440;14;20;10;1;0;1;0
13097270;Manaus;4;1;0;1;98;3;6;8;1;1;1;0
13097288;Manaus;4;1;0;1;371;31;34;15;1;1;1;0
13097393;Manaus;3;1;0;1;1117;38;32;16;1;1;1;0
13097490;Manaus;3;1;;2;;;;;;;;
13097539;Manaus;3;1;0;1;385;11;16;8;1;0;1;0
13097636;Manaus;3;1;0;1;576;20;30;15;1;0;1;0
13097830;Manaus;3;1;0;1;704;17;30;15;1;0;1;0
13097857;Manaus;3;1;0;1;352;10;16;8;1;0;1;0
13097865;Manaus;3;2;0;1;194;7;8;4;1;0;1;0
13097881;Manaus;3;1;0;1;388;23;16;8;1;0;1;0
13098055;Manaus;2;1;0;1;1204;104;32;21;1;1;1;0
13098110;Manaus;3;1;0;1;1066;20;34;17;1;0;1;0
13098179;Manaus;4;1;0;1;509;20;29;17;1;1;1;0
13098217;Manaus;4;1;0;1;15;2;8;7;1;0;1;0
13098225;Manaus;4;1;0;1;217;8;14;10;1;0;1;0
13098233;Manaus;4;1;0;1;58;8;7;7;1;0;1;0
13098268;Manaus;4;1;0;1;243;17;12;13;1;0;1;0
13098276;Manaus;4;1;0;1;88;12;13;12;1;1;1;0
13098284;Manaus;4;1;0;1;735;35;37;14;1;1;1;0
13098292;Manaus;4;1;0;1;33;6;6;8;1;0;1;0
13098306;Manaus;4;1;0;1;410;25;24;16;1;1;1;0
13098322;Manaus;4;1;0;1;333;9;17;9;1;0;1;0
13098357;Manaus;4;1;0;1;236;20;48;17;1;0;1;0
13098411;Manaus;4;1;0;1;105;5;7;6;1;1;1;0
13098438;Manaus;4;1;0;1;70;12;13;10;1;1;1;0
13098462;Manaus;4;1;;2;;;;;;;;
13098489;Manaus;4;1;0;1;119;9;9;8;1;1;1;0
13098497;Manaus;2;1;0;1;1225;57;38;38;1;1;1;0
13098519;Manaus;4;1;0;1;562;32;27;30;1;1;1;0
13098527;Manaus;2;2;8;1;26;50;7;4;1;1;0;0
13098560;Manaus;3;2;8;1;91;9;7;7;1;0;1;0
13098578;Manaus;3;2;;2;;;;;;;;
13098667;Manaus;3;2;;2;;;;;;;;
13098675;Manaus;3;2;0;1;162;7;9;5;1;0;1;0
13098683;Manaus;3;1;0;1;531;18;24;13;1;0;1;0
13098691;Manaus;3;1;0;1;282;20;10;10;1;1;1;0
13098977;Manaus;3;1;0;1;82;9;5;5;1;0;1;0
13099124;Manaus;4;1;0;1;75;5;5;9;1;0;0;0
13099213;Manaus;3;1;0;1;284;10;12;6;1;0;1;0
13099221;Manaus;3;1;0;1;138;8;12;6;1;0;1;0
13099230;Manaus;3;1;0;1;693;33;22;11;1;0;1;0
13099701;Manaus;3;1;0;1;250;8;12;6;1;0;1;0
13099710;Manaus;3;1;0;1;863;19;30;15;1;1;1;0
13099850;Manaus;4;1;;2;;;;;;;;
13099876;Manaus;4;1;0;1;314;15;19;14;1;1;1;0
13099884;Manaus;2;1;0;1;989;32;24;24;1;1;1;0
13099914;Manaus;4;1;0;1;133;5;9;16;1;1;1;0
13099965;Manaus;4;1;0;1;119;18;13;16;1;1;1;0
13099981;Manaus;4;1;0;1;1000;98;41;42;1;1;1;0
13099990;Manaus;4;1;0;1;1604;9;65;55;1;1;1;0
13100416;Manaus;3;1;0;1;191;21;12;10;1;0;1;0
13100424;Manaus;3;1;0;1;452;16;22;11;1;0;1;0
13100432;Manaus;3;1;0;1;975;45;35;18;1;1;1;0
13100440;Manaus;3;1;0;1;568;13;20;10;1;0;1;0
13100459;Manaus;3;1;0;1;74;11;5;5;1;0;1;0
13100467;Manaus;3;1;0;1;403;11;20;10;1;0;1;0
13100475;Manaus;3;1;;2;;;;;;;;
13100483;Manaus;3;1;0;1;240;7;12;6;1;0;1;0
13100491;Manaus;3;1;0;1;207;12;12;9;1;0;1;0
13100505;Manaus;3;1;0;1;658;18;25;15;1;1;1;0
13100513;Manaus;3;1;;2;;;;;;;;
13100572;Manaus;4;1;0;1;285;16;18;15;1;1;1;0
13100629;Manaus;4;1;0;1;794;24;33;17;1;1;1;0
13100645;Manaus;4;1;;2;;;;;;;;
13100750;Manaus;4;1;0;1;171;12;12;24;1;1;1;0
13100882;Manaus;4;1;0;1;713;19;26;12;1;1;1;0
13101048;Manaus;2;1;0;1;1719;65;48;17;1;1;1;0
13101080;Manaus;4;1;0;1;972;39;59;34;1;1;1;0
13101110;Manaus;4;1;0;1;206;7;10;8;1;1;1;0
13101242;Manaus;4;1;0;1;40;7;11;9;1;0;0;0
13101250;Manaus;4;1;0;1;260;17;24;25;1;1;0;0
13101269;Manaus;4;1;0;1;75;9;11;17;1;1;0;0
13101277;Manaus;4;1;0;1;551;28;54;30;1;1;0;0
13101293;Manaus;4;1;0;1;89;9;8;7;1;0;1;0
13101331;Manaus;4;1;0;1;409;19;21;14;1;0;1;0
13101455;Manaus;4;1;0;1;116;6;7;15;1;1;1;0
13101498;Manaus;4;1;0;1;212;8;14;7;1;1;1;0
13101510;Manaus;4;1;0;1;78;4;4;17;1;1;1;0
13101587;Manaus;4;1;0;1;146;5;9;7;1;1;1;0
13101595;Manaus;3;1;0;1;159;15;11;9;1;0;1;0
13101625;Manaus;3;1;0;1;962;23;32;17;1;1;1;0
13101633;Manaus;3;1;0;1;531;23;17;12;1;1;1;0
13101641;Manaus;3;1;0;1;180;14;11;9;1;0;1;0
13101650;Manaus;3;1;;2;;;;;;;;
13101668;Manaus;3;1;;2;;;;;;;;
13101676;Manaus;3;1;0;1;1244;50;36;18;1;1;1;0
13101684;Manaus;3;1;0;1;777;28;26;13;1;1;1;0
13101692;Manaus;3;1;0;1;509;14;22;11;1;0;1;0
13101706;Manaus;4;1;0;1;26;1;1;3;1;0;0;0
13101730;Manaus;4;1;0;1;70;4;5;11;1;1;1;0
13101749;Manaus;4;1;0;1;153;8;7;10;1;1;1;0
13101765;Manaus;4;1;0;1;254;31;19;37;1;1;1;0
13102176;Manaus;4;1;0;1;82;4;7;5;1;1;1;0
13102192;Manaus;4;1;0;1;578;67;27;18;1;1;1;0
13102320;Manaus;2;1;0;1;908;42;24;24;1;1;1;0
13102516;Manaus;3;1;;2;;;;;;;;
13102524;Manaus;4;1;0;1;80;6;8;5;1;1;1;0
13102591;Manaus;3;1;0;1;186;16;12;9;1;0;1;0
13102672;Manaus;4;1;0;1;122;6;12;6;1;0;1;0
13102710;Manaus;2;1;0;1;157;90;9;3;1;0;1;0
13102834;Manaus;3;1;0;1;399;10;18;9;1;0;1;0
13102842;Manaus;3;1;;2;;;;;;;;
13103075;Manaus;4;1;0;1;56;8;7;6;1;1;1;0
13103083;Manaus;4;1;0;1;118;6;11;9;1;1;1;0
13103342;Manaus;4;1;0;1;153;7;14;9;1;1;1;0
13103377;Manaus;2;1;0;1;3483;154;115;62;1;0;1;0
13103385;Manaus;2;1;0;1;2103;88;74;40;1;0;1;0
13103393;Manaus;2;1;0;1;1593;55;48;24;1;1;1;0
13103415;Manaus;2;1;0;1;1427;66;45;23;1;1;1;0
13103423;Manaus;2;1;0;1;1258;44;33;11;1;1;1;0
13103474;Manaus;4;1;0;1;132;14;9;8;1;1;1;0
13103504;Manaus;4;1;0;1;262;9;16;15;1;1;1;0
13103784;Manaus;2;2;;2;;;;;;;;
13103814;Manaus;4;1;0;1;222;8;15;10;1;1;1;0
13103857;Manaus;4;1;0;1;647;21;30;13;1;1;1;0
13103865;Manaus;4;1;0;1;102;6;10;5;1;1;1;0
13103962;Manaus;4;1;0;1;169;6;11;6;1;0;1;0
13103989;Manaus;4;1;0;1;40;3;3;3;1;1;1;0
13104071;Manaus;4;1;0;1;93;6;12;6;1;0;1;0
13104110;Manaus;4;1;;2;;;;;;;;
13104330;Manaus;4;1;0;1;143;5;8;6;1;0;0;0
13104349;Manaus;4;1;0;1;181;17;15;16;1;1;1;0
13104357;Manaus;4;1;0;1;236;9;13;10;1;1;1;0
13104365;Manaus;4;1;0;1;180;9;16;8;1;1;1;0
13104411;Manaus;2;1;0;1;410;16;12;12;1;1;1;0
13104446;Manaus;3;1;0;1;171;18;11;9;1;0;1;0
13104454;Manaus;3;1;0;1;168;17;10;8;1;0;1;0
13104519;Manaus;4;1;0;1;42;2;4;3;1;0;1;0
13104527;Manaus;4;1;0;1;195;8;16;9;1;1;1;0
13104586;Manaus;4;1;0;1;415;17;21;10;1;1;1;0
13104659;Manaus;4;1;0;1;103;5;6;6;1;0;1;0
13104675;Manaus;4;1;0;1;255;15;13;8;1;1;1;0
13105230;Manaus;4;1;0;1;191;10;19;9;1;0;1;0
13105256;Manaus;4;1;0;1;44;2;14;4;0;1;1;0
13105337;Manaus;4;1;0;1;106;15;9;31;1;1;1;0
13105345;Manaus;4;1;0;1;192;17;20;12;1;1;1;0
13105370;Manaus;4;1;0;1;68;6;17;7;1;1;1;0
13105388;Manaus;4;1;0;1;97;5;5;7;1;1;1;0
13105396;Manaus;3;1;0;1;795;35;29;15;1;0;1;0
13105418;Manaus;3;1;0;1;196;23;12;9;1;0;1;0
13105426;Manaus;3;1;0;1;168;20;12;9;1;0;1;0
13105485;Manaus;4;1;0;1;54;8;11;7;1;0;1;0
13105493;Manaus;4;1;0;1;325;38;19;14;1;1;1;0
13105590;Manaus;4;1;0;1;660;27;44;8;1;0;1;0
13105779;Manaus;4;1;0;1;104;8;16;10;1;1;1;0
13105795;Manaus;4;1;0;1;125;7;12;9;1;1;1;0
13105876;Manaus;4;1;0;1;140;6;17;5;1;1;1;0
13105892;Manaus;4;1;0;1;290;8;15;4;0;1;1;0
13105973;Manaus;4;1;0;1;57;4;7;7;1;1;1;0
13105981;Manaus;4;1;0;1;27;3;4;4;1;1;1;0
13106023;Manaus;4;1;0;1;81;9;9;8;1;1;1;0
13106139;Manaus;3;1;0;1;442;22;29;14;1;0;1;0
13106236;Manaus;3;1;0;1;196;22;12;9;1;0;1;0
13106317;Manaus;4;1;0;1;180;9;14;10;1;0;1;0
13106341;Manaus;2;1;0;1;1363;43;36;12;1;0;1;0
13106465;Manaus;4;1;0;1;98;5;8;5;1;1;1;0
13106473;Manaus;4;1;0;1;155;10;11;9;1;1;1;0
13106511;Manaus;4;1;0;1;121;5;9;7;1;0;1;0
13106520;Manaus;4;1;0;1;1525;7;23;18;1;0;1;0
13106570;Manaus;4;1;0;1;265;11;16;8;1;0;1;0
13106589;Manaus;4;1;0;1;25;4;4;5;1;1;1;0
13106597;Manaus;3;1;0;1;1540;41;59;27;1;0;1;0
13106627;Manaus;4;1;0;1;266;6;16;7;1;0;1;0
13106635;Manaus;3;1;0;1;204;23;12;9;1;0;1;0
13106643;Manaus;3;1;0;1;159;19;10;8;1;0;1;0
13106660;Manaus;4;1;0;1;192;6;12;4;1;0;1;0
13106686;Manaus;4;1;0;1;153;8;16;8;1;0;1;0
13106694;Manaus;4;1;0;1;209;8;18;9;1;0;1;0
13106724;Manaus;3;1;0;1;175;21;12;9;1;0;1;0
13106767;Manaus;4;1;0;1;220;9;25;8;1;0;1;0
13106899;Manaus;4;1;0;1;191;15;12;10;1;1;1;0
13106902;Manaus;4;1;0;1;395;32;32;30;1;1;1;0
13107038;Manaus;4;1;0;1;47;5;6;5;1;0;1;0
13107062;Manaus;4;1;0;1;78;4;8;6;1;0;1;0
13107100;Manaus;2;1;0;1;629;27;19;19;1;1;1;0
13107127;Manaus;3;1;0;1;1319;32;46;23;1;0;1;0
13107135;Manaus;3;1;0;1;1474;40;48;24;1;0;1;0
13107143;Manaus;3;1;0;1;1554;47;48;24;1;1;1;0
13107151;Manaus;3;1;0;1;213;16;13;10;1;0;1;0
13107160;Manaus;3;1;0;1;180;13;11;9;1;0;1;0
13107178;Manaus;3;1;0;1;1027;40;30;16;1;1;1;0
13107267;Manaus;4;1;0;1;697;16;23;7;1;1;1;0
13107275;Manaus;4;1;0;1;25;3;3;4;1;0;1;0
13107283;Manaus;4;1;0;1;135;7;13;8;1;0;1;0
13107305;Manaus;4;1;0;1;12;2;2;4;1;0;1;0
13107321;Manaus;4;1;0;1;49;3;3;3;1;0;1;0
13107380;Manaus;4;1;0;1;434;24;16;16;1;1;1;0
13107399;Manaus;4;1;;2;;;;;;;;
13107470;Manaus;4;1;0;1;146;8;9;10;1;1;1;0
13107488;Manaus;4;1;0;1;13;1;2;3;1;1;1;0
13107496;Manaus;4;1;0;1;67;5;7;7;1;0;1;0
13107500;Manaus;4;1;0;1;41;3;7;4;1;0;1;0
13107550;Manaus;4;1;0;1;206;29;33;15;1;0;1;0
13107798;Manaus;4;1;0;1;105;4;4;4;1;1;1;0
13107810;Manaus;4;1;;2;;;;;;;;
13107828;Manaus;4;1;0;1;21;6;1;3;1;0;1;0
13107836;Manaus;4;1;0;1;74;5;9;10;1;1;1;0
13107852;Manaus;4;1;0;1;26;2;3;3;1;0;1;0
13107860;Manaus;4;1;0;1;107;5;9;7;1;0;1;0
13107895;Manaus;4;1;0;1;100;9;16;8;1;0;1;0
13107933;Manaus;4;1;0;1;123;49;9;6;1;1;1;0
13107941;Manaus;4;1;0;1;54;7;7;6;1;0;1;0
13107950;Manaus;2;1;0;1;779;30;24;12;1;1;1;0
13108042;Manaus;4;1;0;1;90;6;9;10;1;1;1;0
13108190;Manaus;4;1;0;1;96;8;11;5;1;1;1;0
13108220;Manaus;3;1;0;1;667;36;26;26;1;0;1;0
13108301;Manaus;4;1;0;1;287;10;16;9;1;1;1;0
13108310;Manaus;4;1;0;1;113;8;13;9;1;1;1;0
13108433;Manaus;4;1;0;1;86;3;8;5;1;0;1;0
13108441;Manaus;4;1;0;1;40;4;5;8;1;0;0;0
13108468;Manaus;4;1;;2;;;;;;;;
13108573;Manaus;4;1;0;1;717;20;21;16;1;1;1;0
13108581;Manaus;4;1;0;1;388;6;8;11;1;1;1;0
13108590;Manaus;2;1;0;1;1937;124;57;10;1;1;1;0
13108638;Manaus;4;1;0;1;92;10;11;13;1;1;1;0
13108662;Manaus;4;1;0;1;120;7;14;7;1;1;1;0
13108727;Manaus;4;1;0;1;583;26;22;22;1;1;1;0
13108735;Manaus;4;1;0;1;37;3;4;3;1;0;1;0
13108778;Manaus;4;1;0;1;93;7;14;6;1;0;1;0
13108786;Manaus;4;1;0;1;64;8;6;12;1;1;1;0
13108832;Manaus;4;1;0;1;184;9;25;9;1;0;1;0
13108891;Manaus;4;1;0;1;171;8;16;9;1;0;1;0
13108905;Manaus;4;1;0;1;36;7;11;8;1;1;1;0
13108913;Manaus;4;1;0;1;150;10;9;10;1;0;1;0
13108930;Manaus;4;1;0;1;333;11;27;15;1;1;1;0
13108972;Manaus;4;1;0;1;142;6;11;7;1;0;1;0
13109022;Manaus;4;1;0;1;50;13;9;9;1;1;1;0
13109030;Manaus;4;1;0;1;95;10;15;15;1;1;1;0
13109049;Manaus;4;1;0;1;141;7;18;6;1;1;1;0
13109545;Manaus;2;1;0;1;983;84;33;24;1;1;1;0
13109677;Manaus;4;1;0;1;58;8;14;8;1;0;1;0
13109685;Manaus;2;1;0;1;417;20;21;7;1;0;1;0
13109707;Manaus;4;1;0;1;51;6;9;5;1;0;1;0
13109715;Manaus;4;1;0;1;112;5;10;5;1;0;1;0
13109723;Manaus;4;1;0;1;55;8;13;10;1;0;1;0
13109731;Manaus;4;1;0;1;13;8;2;2;1;1;1;0
13109812;Manaus;4;1;0;1;62;8;10;8;1;0;1;0
13110012;Manaus;4;1;0;1;31;2;4;6;1;0;1;0
13110020;Manaus;4;1;0;1;235;12;18;20;1;1;1;0
13110039;Manaus;4;1;0;1;1787;179;62;70;1;1;1;0
13110047;Manaus;4;1;0;1;302;12;19;10;1;0;1;0
13110080;Manaus;3;1;0;1;121;14;9;9;1;0;1;0
13110110;Manaus;3;1;0;1;144;14;10;9;1;0;0;0
13110128;Manaus;3;1;0;1;190;12;12;9;1;0;0;0
13110136;Manaus;3;1;0;1;182;18;11;9;1;0;1;0
13110160;Manaus;4;1;0;1;131;9;27;9;1;0;1;0
13110292;Manaus;4;1;0;1;136;9;22;10;1;0;1;0
13110357;Manaus;4;1;0;1;92;5;8;5;1;1;1;0
13110390;Manaus;4;1;0;1;41;3;6;5;1;0;1;0
13110659;Manaus;4;1;0;1;175;11;17;11;1;0;1;0
13110667;Manaus;4;1;0;1;47;3;7;4;1;1;1;0
13110675;Manaus;4;1;0;1;30;2;2;2;1;0;1;0
13110691;Manaus;4;1;0;1;228;10;16;8;1;1;1;0
13110713;Manaus;4;1;0;1;99;9;13;7;1;0;1;0
13110721;Manaus;4;1;0;1;106;8;15;7;1;0;1;0
13110730;Manaus;4;1;0;1;76;3;6;8;1;0;1;0
13110748;Manaus;4;1;0;1;209;4;4;12;1;0;1;0
13110829;Manaus;4;1;0;1;62;8;16;7;1;0;1;0
13110837;Manaus;4;1;0;1;57;7;10;7;1;0;1;0
13110861;Manaus;4;1;0;1;71;11;18;7;1;1;1;0
13110950;Manaus;4;1;0;1;33;3;6;5;1;0;1;0
13110969;Manaus;4;1;0;1;18;3;1;13;1;1;1;0
13110977;Manaus;4;1;0;1;31;2;4;4;1;0;1;0
13110985;Manaus;4;1;0;1;86;4;8;6;1;0;1;0
13110993;Manaus;4;1;0;1;42;3;6;3;1;0;1;0
13111019;Manaus;4;1;0;1;192;9;16;10;1;0;1;0
13111027;Manaus;4;1;0;1;51;2;6;4;1;0;1;0
13111035;Manaus;4;1;0;1;49;2;4;4;1;0;1;0
13111043;Manaus;4;1;0;1;91;4;8;4;1;0;1;0
13111051;Manaus;4;1;0;1;15;2;4;4;1;0;1;0
13111078;Manaus;4;1;0;1;125;7;9;5;1;0;1;0
13116207;Manaus;4;1;0;1;200;18;21;15;1;1;1;0
13116606;Manaus;3;1;0;1;1068;49;40;18;1;1;1;0
13116800;Manaus;3;1;0;1;375;14;20;10;1;0;1;0
13117009;Manaus;3;1;0;1;989;21;34;17;1;1;1;0
13117203;Manaus;3;1;0;1;596;14;20;10;1;0;1;0
13117408;Manaus;3;1;0;1;1187;36;38;19;1;1;1;0
13117602;Manaus;3;1;0;1;551;34;48;22;1;1;1;0
13118200;Manaus;3;1;0;1;613;16;26;13;1;0;1;0
13118404;Manaus;3;1;0;1;191;4;8;4;1;0;1;0
13118609;Manaus;3;1;;2;;;;;;;;
13118803;Manaus;3;1;0;1;381;13;18;9;0;0;1;0
13119001;Manaus;3;1;0;1;2000;51;60;30;1;1;1;0
13120409;Manaus;3;1;0;1;153;5;8;4;1;0;1;0
13122606;Manaus;4;1;0;1;300;12;15;15;1;1;1;0
13131206;Manaus;2;1;0;1;873;26;21;11;1;1;1;0
13131818;Manaus;3;1;0;1;453;10;20;10;1;0;1;0
13131842;Manaus;3;1;0;1;429;13;20;10;1;1;1;0
13131869;Manaus;3;1;0;1;944;37;29;16;1;1;1;0
13132202;Manaus;3;1;0;1;562;18;22;11;1;1;1;0
13132210;Manaus;3;1;0;1;479;16;20;10;1;1;1;0
13132229;Manaus;3;1;0;1;1123;38;30;15;1;1;1;0
13132407;Manaus;3;1;0;1;423;17;15;15;1;0;1;0
13132601;Manaus;3;1;0;1;995;38;45;20;1;1;1;0
13132806;Manaus;4;1;0;1;62;7;9;6;1;1;1;0
13156209;Manaus;3;1;0;1;224;25;13;10;1;1;1;0
13157213;Manaus;3;1;0;1;644;14;22;11;1;1;1;0
13157221;Manaus;3;1;0;1;136;7;6;6;1;1;1;0
13158201;Manaus;3;1;0;1;140;7;7;7;1;0;1;0
13158210;Manaus;3;1;0;1;294;15;14;7;1;0;1;0
13159208;Manaus;3;1;0;1;58;7;5;5;1;0;1;0
13159216;Manaus;3;2;0;1;457;19;15;8;1;1;1;0
13160206;Manaus;3;2;1;1;67;11;10;5;1;0;0;0
13161202;Manaus;4;1;0;1;20;3;3;4;0;0;1;0
13168207;Manaus;4;1;0;1;1500;72;61;54;1;1;1;0
13179209;Manaus;4;1;0;1;175;15;18;20;1;1;1;0
13182218;Manaus;4;1;0;1;152;8;11;15;1;1;1;0
13183206;Manaus;4;1;0;1;76;9;8;8;1;1;1;0
13184202;Manaus;4;1;0;1;19;4;7;5;1;1;1;0
13189204;Manaus;4;1;0;1;33;5;9;7;1;0;1;0
13194208;Manaus;4;1;0;1;76;4;8;6;1;0;1;0
13203207;Manaus;3;1;0;1;504;19;24;12;1;1;1;0
13211200;Manaus;2;1;0;1;;;;38;1;1;1;0
13223267;Manaus;4;1;0;1;251;16;18;19;1;1;1;0
13239201;Manaus;4;1;0;1;725;21;35;18;1;0;1;0
13241281;Manaus;2;1;0;1;593;21;18;9;1;1;1;0
13245201;Manaus;2;1;0;1;1213;45;35;12;1;1;1;0
13246208;Manaus;2;1;0;1;1283;46;40;20;1;1;1;0
13257218;Manaus;2;1;0;1;923;31;24;12;1;1;1;0
13257226;Manaus;2;1;0;1;665;22;20;10;1;1;1;0
13258206;Manaus;2;2;0;1;854;81;52;52;1;0;1;0
13258214;Manaus;2;1;0;1;410;18;12;12;1;1;1;0
13259202;Manaus;2;1;0;1;697;27;20;10;1;1;1;0
13260200;Manaus;2;1;0;1;1335;49;40;20;1;1;1;0
13263285;Manaus;3;1;0;1;1093;42;28;14;1;1;1;0
13264281;Manaus;3;1;0;1;543;14;20;10;1;0;1;0
13265245;Manaus;3;1;0;1;197;9;12;6;1;0;1;0
13268210;Manaus;3;1;0;1;459;13;17;9;1;0;1;0
13268228;Manaus;3;1;0;1;1424;49;40;20;1;1;1;0
13269224;Manaus;3;1;0;1;552;12;20;10;1;1;1;0
13271237;Manaus;3;1;0;1;712;16;24;12;1;0;1;0
13271245;Manaus;3;1;0;1;670;17;24;12;1;0;1;0
13271253;Manaus;3;1;0;1;831;21;26;13;1;1;1;0
13271261;Manaus;3;1;0;1;204;9;12;6;1;0;1;0
13272225;Manaus;3;1;0;1;479;20;18;9;1;0;1;0
13272233;Manaus;3;1;0;1;2726;89;78;40;1;1;1;0
13273213;Manaus;3;1;0;1;359;11;14;7;1;1;1;0
13273221;Manaus;3;1;0;1;627;16;25;13;1;1;1;0
13273230;Manaus;3;1;0;1;447;14;20;10;1;1;1;0
13274210;Manaus;3;1;0;1;454;18;20;10;1;0;1;0
13274228;Manaus;3;1;0;1;463;11;16;8;1;1;1;0
13275216;Manaus;3;1;0;1;358;12;16;8;1;0;1;0
13275224;Manaus;3;1;0;1;382;10;14;7;1;0;1;0
13275232;Manaus;3;1;0;1;405;10;14;7;1;0;1;0
13304224;Manaus;2;1;0;1;1311;52;37;24;1;1;1;0
13304232;Manaus;2;1;0;1;824;33;22;11;1;1;1;0
13304240;Manaus;2;1;0;1;928;37;24;12;1;1;1;0
13304259;Manaus;2;1;0;1;856;37;24;24;1;1;1;0
13304267;Manaus;2;1;0;1;841;38;23;24;1;1;1;0
13305212;Manaus;3;1;0;1;489;11;18;9;1;1;1;0
13305220;Manaus;3;1;0;1;230;9;12;6;1;0;1;0
13305239;Manaus;3;1;0;1;189;14;12;9;1;0;1;0
13305247;Manaus;3;1;0;1;1017;47;36;20;1;0;1;0
13306235;Manaus;3;2;1;1;54;4;6;3;1;0;1;0
13307231;Manaus;3;1;0;1;1324;49;38;19;1;1;1;0
13307240;Manaus;3;1;0;1;247;9;13;6;1;0;1;0
13307258;Manaus;3;1;0;1;775;20;34;17;1;0;1;0
13307266;Manaus;3;1;0;1;1037;31;43;22;1;0;1;0
13307274;Manaus;3;2;1;1;40;3;4;2;1;0;1;0
13307371;Manaus;4;1;0;1;175;7;9;8;1;1;1;0
13308220;Manaus;3;1;0;1;453;13;16;8;1;0;1;0
13308238;Manaus;3;1;0;1;574;11;20;10;1;0;1;0
13309218;Manaus;3;1;0;1;657;20;28;14;1;0;1;0
13309226;Manaus;3;1;0;1;255;10;14;7;1;0;1;0
13309234;Manaus;3;1;0;1;896;22;28;14;1;1;1;0
13309242;Manaus;3;1;0;1;576;17;24;12;1;0;1;0
13313215;Manaus;2;1;0;1;953;37;24;24;1;1;1;0
13313231;Manaus;4;1;0;1;230;13;8;8;1;1;1;0
13314211;Manaus;2;1;0;1;722;56;23;16;1;1;1;0
13051261;Manicoré;3;1;0;1;219;20;12;6;1;0;1;0
13051270;Manicoré;3;2;0;1;87;5;5;2;1;0;1;0
13051288;Manicoré;3;2;0;1;137;5;8;6;1;0;1;0
13051296;Manicoré;3;2;0;1;109;12;8;4;1;0;1;0
13051342;Manicoré;3;2;2;1;7;1;1;1;0;0;1;0
13051350;Manicoré;3;2;0;1;18;1;1;1;0;0;1;0
13051369;Manicoré;3;2;2;1;54;5;5;2;0;1;1;0
13051377;Manicoré;3;2;0;1;30;2;2;2;1;0;1;0
13051407;Manicoré;2;1;0;1;769;30;24;9;1;1;1;0
13051440;Manicoré;3;2;0;1;100;8;6;4;1;0;1;0
13051458;Manicoré;3;2;0;1;22;2;2;1;0;0;1;0
13051474;Manicoré;3;2;0;1;46;2;2;1;1;0;1;0
13051504;Manicoré;3;2;0;1;60;4;4;2;0;0;1;0
13051520;Manicoré;3;2;0;1;85;3;5;2;1;0;1;0
13051547;Manicoré;3;2;0;1;88;4;5;2;1;0;1;0
13051571;Manicoré;3;2;0;1;132;9;9;4;1;0;1;0
13051580;Manicoré;3;2;0;1;135;7;9;5;1;1;1;0
13051636;Manicoré;3;2;0;1;123;8;9;4;1;0;1;0
13051652;Manicoré;3;2;0;1;27;1;2;1;0;0;1;0
13051687;Manicoré;3;2;0;1;33;3;3;1;1;1;1;0
13051709;Manicoré;3;2;0;1;41;2;3;2;0;0;1;0
13051741;Manicoré;3;2;0;1;141;11;9;6;1;0;1;0
13051768;Manicoré;3;2;0;1;11;1;1;1;1;0;1;0
13051792;Manicoré;3;2;0;1;19;1;1;1;0;0;1;0
13051822;Manicoré;3;2;0;1;25;2;3;2;0;0;1;0
13051830;Manicoré;3;2;0;1;258;14;12;6;1;0;1;0
13051873;Manicoré;3;2;0;1;22;1;1;1;1;0;1;0
13051911;Manicoré;3;2;0;1;22;1;2;2;1;0;1;0
13051970;Manicoré;3;2;0;1;15;2;1;1;1;0;1;0
13051989;Manicoré;3;2;0;1;81;5;6;4;1;0;1;0
13051997;Manicoré;3;2;0;1;26;1;1;1;1;0;1;0
13052012;Manicoré;3;2;0;1;34;1;2;1;0;0;1;0
13052020;Manicoré;3;2;0;1;42;1;2;1;1;1;1;0
13052039;Manicoré;3;2;0;1;41;2;3;2;1;0;1;0
13052047;Manicoré;3;2;0;1;8;1;1;1;0;0;1;0
13052063;Manicoré;3;2;2;1;38;2;3;2;0;0;1;0
13052128;Manicoré;3;2;0;1;60;3;5;2;1;0;1;0
13052209;Manicoré;3;2;0;1;37;2;3;2;1;0;1;0
13052217;Manicoré;3;2;0;1;75;4;5;3;1;0;1;0
13052241;Manicoré;3;2;0;1;85;4;6;3;1;0;1;0
13052268;Manicoré;3;2;2;1;10;1;1;1;0;0;1;0
13052276;Manicoré;3;2;0;1;36;1;2;1;0;0;1;0
13052292;Manicoré;2;1;;2;;;;;;;;
13052306;Manicoré;2;1;0;1;281;17;14;12;1;1;1;0
13052314;Manicoré;2;1;0;1;307;19;15;14;1;1;1;0
13052322;Manicoré;2;1;0;1;668;31;27;14;1;0;1;0
13052330;Manicoré;3;2;0;1;106;6;7;4;1;0;1;0
13052349;Manicoré;3;1;0;1;178;10;8;5;1;0;1;0
13052357;Manicoré;3;2;0;1;68;4;5;3;1;0;1;0
13052403;Manicoré;3;2;0;1;123;10;9;4;1;0;1;0
13052535;Manicoré;3;2;0;1;174;11;9;4;1;0;1;0
13052560;Manicoré;3;2;0;1;147;12;11;5;1;0;1;0
13052578;Manicoré;3;2;0;1;56;2;3;2;1;0;1;0
13052608;Manicoré;3;2;0;1;11;1;1;1;1;0;1;0
13052691;Manicoré;3;2;0;1;14;1;1;1;0;0;1;0
13052764;Manicoré;3;2;0;1;90;2;4;2;1;0;1;0
13052802;Manicoré;3;2;0;1;121;6;8;3;1;0;1;0
13052837;Manicoré;3;2;2;1;69;4;5;1;0;0;1;0
13052845;Manicoré;3;2;0;1;75;2;4;2;0;0;1;0
13052853;Manicoré;3;2;0;1;80;6;7;4;0;1;1;0
13052861;Manicoré;3;2;0;1;91;5;7;4;1;0;1;0
13052900;Manicoré;3;2;0;1;16;1;1;1;1;0;1;0
13052918;Manicoré;3;2;0;1;23;1;1;1;0;0;1;0
13052926;Manicoré;3;2;0;1;92;8;7;6;1;0;1;0
13052934;Manicoré;3;2;2;1;28;2;2;2;0;0;1;0
13052977;Manicoré;3;2;0;1;131;6;9;4;0;0;1;0
13052993;Manicoré;3;2;0;1;35;3;3;2;0;0;1;0
13053019;Manicoré;2;1;0;1;160;9;8;8;1;1;1;0
13053027;Manicoré;2;1;0;1;363;17;12;6;1;0;1;0
13053060;Manicoré;3;2;0;1;175;10;11;4;1;0;1;0
13053078;Manicoré;3;2;0;1;56;3;5;6;1;0;1;0
13053094;Manicoré;3;2;0;1;72;5;5;2;0;1;1;0
13053140;Manicoré;3;2;0;1;12;1;1;1;0;0;1;0
13053159;Manicoré;3;2;0;1;18;1;1;1;1;0;1;0
13053191;Manicoré;3;2;0;1;20;2;2;2;0;0;1;0
13053205;Manicoré;4;1;0;1;85;10;12;4;0;0;1;0
13054066;Manicoré;3;2;2;1;11;1;1;1;0;0;1;0
13054074;Manicoré;3;2;0;1;11;1;1;1;1;0;1;0
13054201;Manicoré;3;2;0;1;105;4;7;4;1;0;1;0
13054260;Manicoré;3;2;0;1;62;6;6;4;0;0;1;0
13054341;Manicoré;3;2;;3;;;;;;;;
13054813;Manicoré;3;2;0;1;13;1;1;1;0;0;1;0
13060945;Manicoré;3;2;0;1;50;2;4;1;1;0;1;0
13063456;Manicoré;2;1;0;1;559;32;21;14;1;0;1;0
13066595;Manicoré;3;1;0;1;76;7;5;3;0;0;1;0
13066625;Manicoré;3;2;2;1;24;2;2;2;1;0;1;0
13066641;Manicoré;3;2;0;1;41;2;3;2;1;0;1;0
13066650;Manicoré;3;2;0;1;39;1;2;2;0;0;1;0
13066684;Manicoré;3;1;0;1;230;22;11;10;1;0;1;0
13066706;Manicoré;3;2;0;1;51;4;4;2;1;0;1;0
13068733;Manicoré;3;2;0;1;371;27;21;8;1;1;1;0
13072218;Manicoré;3;2;0;1;14;1;1;1;0;0;1;0
13072226;Manicoré;3;2;0;1;85;4;5;3;1;0;1;0
13072277;Manicoré;3;2;0;1;31;1;2;1;0;0;1;0
13072285;Manicoré;3;2;0;1;29;1;2;1;1;0;1;0
13072307;Manicoré;3;2;0;1;13;2;1;1;0;0;1;0
13072331;Manicoré;3;2;2;1;5;1;1;1;1;0;1;0
13072366;Manicoré;3;2;0;1;179;10;10;4;1;0;1;0
13072382;Manicoré;3;1;0;1;487;24;21;13;1;1;1;0
13073362;Manicoré;3;1;0;1;205;18;12;8;1;1;1;0
13077228;Manicoré;3;2;;2;;;;;;;;
13077244;Manicoré;3;2;0;1;21;1;1;1;0;0;1;0
13077295;Manicoré;3;2;0;1;16;2;2;2;0;0;1;0
13077325;Manicoré;3;2;2;1;12;2;2;1;0;0;1;0
13077333;Manicoré;3;2;0;1;13;1;1;1;0;0;1;0
13077341;Manicoré;3;2;0;1;8;1;1;1;0;0;1;0
13077350;Manicoré;3;2;2;1;35;8;6;2;1;0;1;0
13078305;Manicoré;3;2;2;1;15;2;2;1;0;0;1;0
13078313;Manicoré;3;2;2;1;19;2;2;1;0;0;1;0
13078321;Manicoré;3;2;;2;;;;;;;;
13078330;Manicoré;3;2;2;1;24;3;3;2;0;0;1;0
13078364;Manicoré;3;2;0;1;14;1;1;1;0;0;1;0
13078372;Manicoré;3;2;2;1;13;1;1;1;1;0;1;0
13078399;Manicoré;3;2;2;1;100;10;8;3;1;0;1;0
13083058;Manicoré;3;2;2;1;3;1;1;1;0;0;1;0
13083066;Manicoré;3;2;0;1;7;1;1;1;0;0;1;0
13083074;Manicoré;3;2;0;1;15;1;2;1;0;0;1;0
13086740;Manicoré;3;1;0;1;256;13;10;5;1;1;1;0
13088564;Manicoré;3;2;0;1;9;1;1;1;0;0;1;0
13088572;Manicoré;3;2;0;1;14;1;2;1;0;0;1;0
13088580;Manicoré;3;2;;2;;;;;;;;
13088599;Manicoré;3;2;0;1;184;9;8;7;1;0;1;0
13088637;Manicoré;3;2;2;1;3;1;2;1;0;0;1;0
13088645;Manicoré;3;2;2;1;6;1;1;1;0;0;1;0
13088653;Manicoré;3;2;2;1;20;3;3;2;1;0;1;0
13089978;Manicoré;2;1;0;1;252;30;7;12;1;0;1;0
13090780;Manicoré;3;2;0;1;32;1;2;1;0;0;1;0
13090798;Manicoré;3;2;0;1;13;1;1;1;0;0;1;0
13094793;Manicoré;3;1;0;1;470;23;21;12;1;0;1;0
13094831;Manicoré;3;2;2;1;63;6;6;3;1;0;1;0
13096354;Manicoré;3;2;0;1;10;2;1;1;0;0;1;0
13096370;Manicoré;3;2;2;1;25;3;3;1;0;0;1;0
13099540;Manicoré;3;2;0;1;82;5;5;4;1;0;1;0
13099566;Manicoré;3;2;2;1;41;4;5;2;0;0;1;0
13099574;Manicoré;3;2;;3;;;;;;;;
13099582;Manicoré;3;2;2;1;21;2;2;1;0;0;1;0
13100904;Manicoré;3;2;2;1;38;4;4;4;0;0;1;0
13101315;Manicoré;3;1;0;1;379;42;24;8;1;0;1;0
13102494;Manicoré;2;2;2;1;282;39;51;31;0;0;1;0
13102753;Manicoré;3;2;2;1;10;1;1;1;0;0;1;0
13102818;Manicoré;3;2;2;1;26;3;3;1;0;1;1;0
13102885;Manicoré;3;2;2;1;13;1;1;1;0;0;1;0
13104101;Manicoré;3;2;2;1;52;5;5;1;0;0;1;0
13105310;Manicoré;2;1;0;1;420;32;20;20;1;1;1;0
13105540;Manicoré;3;2;2;1;21;1;2;1;1;0;1;0
13105574;Manicoré;3;2;0;1;122;6;9;4;1;1;1;0
13105582;Manicoré;3;1;0;1;266;18;12;6;1;0;1;0
13105787;Manicoré;3;2;2;1;12;1;1;1;0;0;1;0
13105884;Manicoré;3;1;0;1;696;31;26;12;1;1;1;0
13106392;Manicoré;3;2;0;1;547;27;24;12;1;0;1;0
13106759;Manicoré;3;2;0;1;48;3;5;4;0;0;1;0
13107739;Manicoré;3;1;0;1;247;29;16;5;0;0;1;0
13107909;Manicoré;2;2;2;1;126;35;33;12;0;0;1;0
13108395;Manicoré;3;2;0;1;150;11;12;6;1;0;1;0
13108417;Manicoré;3;1;0;1;116;14;6;7;0;1;1;0
13109529;Manicoré;3;2;0;1;19;1;1;1;0;0;1;0
13128809;Manicoré;3;2;2;1;14;1;2;3;0;0;1;0
13129007;Manicoré;3;2;;2;;;;;;;;
13132237;Manicoré;2;2;0;1;651;26;28;10;1;1;0;0
13217208;Manicoré;3;2;2;1;8;1;1;1;1;0;1;0
13218204;Manicoré;3;2;2;1;12;2;2;1;0;0;1;0
13264206;Manicoré;2;2;0;1;955;91;67;67;1;0;0;0
13265229;Manicoré;3;2;2;1;100;11;12;4;1;0;1;0
13272217;Manicoré;2;2;2;1;28;32;3;3;1;0;0;0
13306227;Manicoré;3;2;2;1;13;3;2;1;0;0;1;0
13307215;Manicoré;3;2;2;1;76;9;8;2;1;0;1;0
13003259;Maraã;3;2;0;1;9;1;1;1;0;0;1;0
13003267;Maraã;3;2;0;1;9;1;1;1;0;0;1;0
13003291;Maraã;3;2;0;1;70;7;6;6;0;0;1;0
13003313;Maraã;3;2;0;1;58;10;4;5;0;0;1;0
13003321;Maraã;3;2;0;1;25;3;2;2;0;0;1;0
13003348;Maraã;3;2;2;1;164;23;12;8;0;0;1;0
13003356;Maraã;3;2;0;1;19;1;2;1;0;0;1;0
13003364;Maraã;3;2;2;1;12;2;2;1;0;0;1;0
13003402;Maraã;3;2;0;1;35;4;3;2;0;0;1;0
13003453;Maraã;3;2;0;1;36;2;4;2;0;0;1;0
13003461;Maraã;3;2;2;1;29;5;4;3;0;0;1;0
13003470;Maraã;3;2;0;1;38;5;3;2;0;0;1;0
13003500;Maraã;3;2;0;1;52;8;4;4;0;0;1;0
13003526;Maraã;3;2;0;1;10;1;1;2;0;0;1;0
13003550;Maraã;3;2;0;1;106;9;7;4;0;0;1;0
13003607;Maraã;3;2;0;1;11;2;2;1;0;0;1;0
13003615;Maraã;3;2;2;1;22;2;2;1;0;0;1;0
13003623;Maraã;3;2;0;1;94;14;8;9;0;1;1;0
13003631;Maraã;3;2;0;1;32;3;3;3;0;0;1;0
13003640;Maraã;3;2;0;1;12;2;2;2;0;0;1;0
13003658;Maraã;3;2;0;1;11;2;1;1;0;0;1;0
13003666;Maraã;3;2;0;1;6;1;1;1;0;0;1;0
13003674;Maraã;3;2;0;1;47;4;4;3;0;0;1;0
13003704;Maraã;3;2;2;1;18;2;2;1;0;0;1;0
13003712;Maraã;3;2;2;1;40;4;4;2;0;0;1;0
13003720;Maraã;3;2;0;1;66;7;7;4;0;0;1;0
13003739;Maraã;3;2;2;1;114;7;8;6;0;0;1;0
13003771;Maraã;3;2;0;1;178;19;13;9;0;0;1;0
13003828;Maraã;3;2;0;1;15;1;1;1;0;0;1;0
13003836;Maraã;3;2;0;1;22;5;3;2;0;0;1;0
13003879;Maraã;3;2;0;1;20;3;3;2;0;0;1;0
13003887;Maraã;3;2;;2;;;;;;;;
13003909;Maraã;3;2;0;1;19;3;3;2;0;0;1;0
13003917;Maraã;3;2;0;1;39;6;3;3;0;0;1;0
13003925;Maraã;3;2;0;1;93;12;7;4;0;0;1;0
13003933;Maraã;3;2;0;1;14;1;2;1;0;0;1;0
13003941;Maraã;3;2;;2;;;;;;;;
13003950;Maraã;3;2;2;1;97;9;8;5;0;0;1;0
13003968;Maraã;3;2;0;1;10;1;1;1;0;0;1;0
13004026;Maraã;3;2;;2;;;;;;;;
13004050;Maraã;3;2;0;1;22;4;2;2;0;0;1;0
13004077;Maraã;3;2;2;1;102;8;8;6;0;0;1;0
13004093;Maraã;3;2;;2;;;;;;;;
13004123;Maraã;3;2;0;1;15;3;2;2;0;0;1;0
13004131;Maraã;3;2;;2;;;;;;;;
13004158;Maraã;3;2;0;1;17;1;2;1;0;0;1;0
13004166;Maraã;3;2;2;1;21;2;3;1;0;0;1;0
13004182;Maraã;3;2;;3;;;;;;;;
13004220;Maraã;3;2;2;1;29;3;3;2;0;0;1;0
13004255;Maraã;2;1;0;1;353;21;16;10;1;1;1;0
13004263;Maraã;2;1;0;1;799;28;30;10;1;1;1;0
13068504;Maraã;3;1;0;1;406;43;21;8;1;1;1;0
13068512;Maraã;3;2;0;1;27;3;3;2;0;0;1;0
13068555;Maraã;3;2;0;1;67;8;6;4;0;0;1;0
13068563;Maraã;3;2;0;1;60;6;5;4;0;0;1;0
13068598;Maraã;3;2;0;1;12;2;2;2;0;0;1;0
13068601;Maraã;3;2;0;1;6;1;1;1;0;0;1;0
13068644;Maraã;3;2;0;1;50;4;4;3;0;0;1;0
13072633;Maraã;3;2;;2;;;;;;;;
13072676;Maraã;3;2;2;1;19;1;2;1;0;0;1;0
13076400;Maraã;3;2;0;1;29;2;3;2;0;0;1;0
13076426;Maraã;3;2;2;1;22;2;2;2;0;0;1;0
13076434;Maraã;3;2;0;1;26;3;2;2;0;0;1;0
13076442;Maraã;3;2;0;1;11;2;1;1;0;0;1;0
13080067;Maraã;3;2;0;1;14;3;2;2;0;0;1;0
13080075;Maraã;3;2;2;1;17;1;1;1;0;0;1;0
13080083;Maraã;3;2;0;1;34;2;3;2;0;0;1;0
13083953;Maraã;3;2;0;1;26;4;2;2;0;0;1;0
13083970;Maraã;3;1;0;1;485;43;23;15;1;1;1;0
13083996;Maraã;3;2;0;1;49;3;4;2;0;0;1;0
13084011;Maraã;3;2;0;1;4;1;1;1;0;0;1;0
13084020;Maraã;3;2;;2;;;;;;;;
13087142;Maraã;3;2;2;1;33;4;3;2;0;0;1;0
13087150;Maraã;3;2;0;1;7;1;1;1;0;0;1;0
13087169;Maraã;3;2;0;1;10;1;1;1;0;0;1;0
13088360;Maraã;3;2;0;1;27;2;3;3;0;0;1;0
13090992;Maraã;3;2;0;1;65;8;6;4;0;0;1;0
13091000;Maraã;3;2;0;1;27;1;2;2;0;0;1;0
13091018;Maraã;3;1;0;1;312;57;17;17;0;1;1;0
13095382;Maraã;3;2;0;1;16;2;2;1;0;0;1;0
13095390;Maraã;3;2;0;1;27;3;3;2;0;0;1;0
13095404;Maraã;3;2;;2;;;;;;;;
13095412;Maraã;3;2;0;1;48;6;5;4;0;0;1;0
13095790;Maraã;3;2;0;1;14;2;2;1;0;0;1;0
13096028;Maraã;3;2;0;1;74;5;4;3;0;0;1;0
13096036;Maraã;3;2;0;1;16;2;2;2;0;0;1;0
13096478;Maraã;2;1;0;1;261;41;7;7;1;0;1;0
13097466;Maraã;3;2;;2;;;;;;;;
13099175;Maraã;3;2;2;1;16;1;2;1;0;0;1;0
13100580;Maraã;2;1;;2;;;;;;;;
13102850;Maraã;3;2;0;1;16;1;2;1;0;0;1;0
13103288;Maraã;2;2;0;1;81;10;7;7;1;0;1;0
13103822;Maraã;3;2;0;1;21;3;2;1;0;0;1;0
13103830;Maraã;3;2;0;1;8;1;1;1;0;0;1;1
13104721;Maraã;3;2;0;1;10;2;1;1;0;0;1;0
13104730;Maraã;3;2;0;1;43;4;4;3;0;0;1;0
13104969;Maraã;3;1;0;1;;;;9;0;0;1;0
13106120;Maraã;2;1;0;1;460;19;20;10;1;1;1;0
13106171;Maraã;3;2;0;1;37;2;3;2;0;0;1;0
13109650;Maraã;3;2;0;1;19;1;2;1;0;0;0;0
13110640;Maraã;3;2;2;1;33;3;4;2;0;0;1;0
13171216;Maraã;3;2;0;1;11;1;1;1;0;0;1;0
13172212;Maraã;3;1;0;1;276;39;12;6;0;0;1;0
13173200;Maraã;3;2;2;1;14;2;1;2;0;0;1;0
13173219;Maraã;3;2;0;1;17;1;2;1;0;0;1;0
13174215;Maraã;3;2;0;1;15;3;2;2;0;0;1;0
13175203;Maraã;3;2;0;1;35;2;4;2;0;0;1;0
13175211;Maraã;3;2;0;1;16;1;2;1;0;0;1;0
13175220;Maraã;3;2;0;1;7;1;2;1;0;0;1;0
13175238;Maraã;3;2;0;1;18;1;2;1;0;0;1;0
13240200;Maraã;2;2;0;1;374;68;39;39;1;0;0;0
13289217;Maraã;3;2;0;1;12;2;2;2;0;0;1;0
13289225;Maraã;3;2;0;1;25;4;2;1;1;0;1;0
13039482;Maués;3;1;0;1;188;13;8;5;1;0;1;0
13039504;Maués;3;2;0;1;134;10;11;6;1;0;1;0
13039512;Maués;3;2;2;1;19;2;2;1;1;0;1;0
13039539;Maués;3;2;0;1;34;3;3;1;1;0;1;0
13039555;Maués;3;2;0;1;88;7;8;3;1;0;1;0
13039571;Maués;3;2;0;1;57;4;4;2;0;0;1;0
13039580;Maués;3;2;0;1;7;1;1;2;0;0;1;0
13039610;Maués;3;2;0;1;18;1;2;1;1;0;1;0
13039628;Maués;3;2;0;1;100;10;10;4;1;0;1;0
13039636;Maués;3;2;0;1;45;5;5;3;0;0;1;0
13039652;Maués;3;2;2;1;180;12;12;7;0;0;1;0
13039660;Maués;3;2;0;1;45;4;4;2;0;0;1;0
13039679;Maués;3;2;0;1;48;3;3;2;1;0;1;0
13039695;Maués;3;2;0;1;28;3;3;2;1;0;1;0
13039709;Maués;3;2;0;1;51;4;4;3;0;0;1;0
13039733;Maués;2;1;0;1;1377;72;36;14;1;1;1;0
13039784;Maués;3;1;0;1;567;32;20;10;1;1;1;0
13039792;Maués;3;2;0;1;23;2;2;2;0;0;1;0
13039806;Maués;3;2;0;1;76;7;7;4;0;0;1;0
13039814;Maués;3;1;0;1;615;35;24;12;1;1;1;0
13039822;Maués;3;2;0;1;129;9;9;6;0;0;1;0
13039830;Maués;3;2;0;1;35;2;3;1;0;0;1;0
13039849;Maués;3;2;0;1;10;1;2;1;0;0;1;0
13039857;Maués;3;2;0;1;56;5;5;4;1;0;1;0
13039865;Maués;3;2;2;1;22;2;2;1;1;0;1;0
13039873;Maués;3;2;2;1;85;5;6;2;1;0;1;0
13039881;Maués;3;2;2;1;71;5;5;1;1;0;1;0
13039938;Maués;3;2;0;1;44;4;4;2;0;0;1;0
13039946;Maués;3;2;0;1;97;7;8;5;0;0;1;0
13039962;Maués;3;2;2;1;109;9;10;4;1;0;1;0
13039970;Maués;3;2;0;1;29;3;3;2;0;0;1;0
13039997;Maués;3;2;2;1;43;3;3;1;1;0;1;0
13040006;Maués;3;2;2;1;52;5;5;2;1;0;1;0
13040014;Maués;3;2;0;1;45;5;5;4;0;0;1;0
13040022;Maués;3;2;0;1;20;3;3;1;1;0;1;0
13040030;Maués;3;2;0;1;32;3;3;2;0;0;1;0
13040049;Maués;3;2;2;1;33;2;2;1;0;0;1;0
13040057;Maués;3;2;;2;;;;;;;;
13040065;Maués;3;2;0;1;123;9;9;3;1;0;1;0
13040081;Maués;3;2;2;1;53;4;4;2;1;0;1;0
13040103;Maués;3;2;0;1;153;12;11;5;1;0;1;0
13040111;Maués;3;2;;2;;;;;;;;
13040120;Maués;3;2;2;1;51;3;4;2;1;0;1;0
13040146;Maués;3;2;0;1;25;2;3;2;0;0;0;0
13040162;Maués;3;2;0;1;38;4;5;1;0;0;0;1
13040189;Maués;3;2;0;1;61;6;6;3;1;0;1;0
13040197;Maués;3;2;0;1;76;6;6;3;0;0;1;0
13040200;Maués;3;2;0;1;30;4;4;3;0;0;1;0
13040219;Maués;3;2;0;1;36;3;3;2;0;0;1;0
13040227;Maués;3;2;0;1;117;11;11;4;0;0;1;0
13040251;Maués;3;2;0;1;57;6;6;3;0;0;1;0
13040260;Maués;3;2;0;1;37;3;3;2;1;0;1;0
13040278;Maués;3;2;0;1;85;6;7;4;1;0;1;0
13040286;Maués;3;2;0;1;25;3;3;2;0;0;1;0
13040294;Maués;3;2;0;1;131;11;11;7;0;1;1;0
13040308;Maués;3;2;0;1;39;3;3;2;0;0;1;0
13040316;Maués;3;2;0;1;43;4;4;2;0;0;1;0
13040324;Maués;3;2;0;1;32;2;2;2;0;0;1;0
13040340;Maués;3;2;0;1;19;2;2;1;0;0;1;0
13040375;Maués;3;2;0;1;37;3;3;2;0;0;1;0
13040391;Maués;3;2;0;1;48;5;5;5;0;0;1;0
13040456;Maués;3;2;;2;;;;;;;;
13040464;Maués;3;2;0;1;35;3;4;2;0;0;1;0
13040529;Maués;3;2;0;1;40;3;3;3;1;0;1;0
13040537;Maués;3;2;;2;;;;;;;;
13040545;Maués;3;2;0;1;67;6;6;4;1;0;1;0
13040600;Maués;3;2;0;1;15;2;2;1;0;0;1;0
13040618;Maués;3;2;0;1;60;4;4;3;0;0;1;0
13040626;Maués;3;2;0;1;16;2;2;1;1;0;0;0
13040642;Maués;3;2;0;1;45;4;4;1;0;0;0;0
13040650;Maués;3;2;;2;;;;;;;;
13040669;Maués;3;2;2;1;38;3;3;1;1;0;1;0
13040685;Maués;3;2;0;1;35;3;3;2;0;0;1;1
13040693;Maués;3;2;0;1;51;4;4;2;0;0;1;0
13040707;Maués;3;2;0;1;77;6;6;5;1;0;1;0
13040723;Maués;3;2;0;1;43;5;5;3;1;0;1;0
13040731;Maués;3;2;2;1;157;12;14;9;1;0;1;0
13040740;Maués;3;2;0;1;10;1;1;1;0;0;1;0
13040758;Maués;3;2;0;1;29;2;3;2;0;0;1;0
13040766;Maués;3;2;2;1;118;6;7;3;1;0;1;0
13040774;Maués;3;2;0;1;87;6;6;3;0;0;1;0
13040782;Maués;3;2;0;1;52;5;5;3;0;0;1;0
13040790;Maués;3;2;0;1;73;6;6;3;0;0;0;0
13040804;Maués;3;2;0;1;48;4;4;3;0;0;1;0
13040839;Maués;3;2;2;1;41;3;3;2;1;0;1;0
13040847;Maués;3;1;0;1;405;36;13;12;1;1;1;0
13040855;Maués;2;1;0;1;163;6;6;3;1;0;1;0
13040863;Maués;2;1;0;1;225;10;8;4;1;0;1;0
13040871;Maués;2;1;0;1;154;7;6;3;1;0;1;0
13040880;Maués;2;1;0;1;304;14;12;4;0;0;1;0
13040898;Maués;2;1;0;1;622;27;23;9;1;0;1;0
13040901;Maués;2;1;0;1;1173;38;33;12;1;1;1;0
13040910;Maués;2;1;0;1;283;15;8;8;0;0;1;0
13040928;Maués;3;2;0;1;5;1;2;1;0;0;1;0
13040936;Maués;3;2;0;1;9;1;2;1;0;0;1;0
13040944;Maués;3;1;0;1;208;10;10;5;1;0;1;0
13040952;Maués;3;2;0;1;54;6;6;2;0;0;1;0
13040979;Maués;3;1;;2;;;;;;;;
13040987;Maués;3;2;0;1;42;4;4;2;0;0;1;0
13040995;Maués;3;2;0;1;53;4;5;2;0;0;1;0
13041029;Maués;3;2;0;1;46;4;4;2;0;0;1;0
13041037;Maués;3;2;0;1;23;2;2;2;0;0;1;0
13041045;Maués;3;2;0;1;12;1;2;1;0;0;1;0
13041053;Maués;3;2;0;1;47;5;5;4;0;0;1;0
13041061;Maués;4;1;;2;;;;;;;;
13056948;Maués;3;2;0;1;11;1;2;1;0;0;1;0
13059629;Maués;3;2;0;1;60;6;6;3;0;0;1;0
13059637;Maués;3;2;0;1;24;2;2;1;0;0;1;0
13059645;Maués;3;2;2;1;109;8;8;6;1;0;1;0
13059653;Maués;3;2;;2;;;;;;;;
13059688;Maués;3;2;0;1;67;5;5;2;0;0;1;0
13059700;Maués;3;2;0;1;23;3;3;3;0;0;1;0
13059718;Maués;3;2;0;1;69;6;6;3;0;0;1;0
13059785;Maués;3;2;0;1;12;2;2;1;0;0;1;0
13059807;Maués;3;2;2;1;122;9;10;7;1;0;1;0
13059823;Maués;3;2;0;1;46;5;5;3;0;0;1;0
13059840;Maués;3;2;0;1;19;2;2;1;0;0;1;0
13059858;Maués;3;2;0;1;46;3;4;2;0;0;0;0
13059866;Maués;3;2;0;1;8;1;2;1;0;0;0;0
13059904;Maués;3;2;2;1;110;9;9;3;1;0;1;0
13059939;Maués;3;2;0;1;94;9;9;3;0;0;1;0
13059955;Maués;3;2;0;1;100;13;11;7;1;0;1;0
13059971;Maués;3;2;0;1;35;3;3;1;1;0;1;0
13059998;Maués;3;2;0;1;17;2;2;1;0;0;1;0
13060015;Maués;3;2;0;1;30;3;3;1;0;0;1;0
13060031;Maués;3;2;2;1;102;7;7;2;1;0;1;0
13060074;Maués;3;2;0;1;29;4;4;3;1;0;1;0
13062760;Maués;3;1;0;1;293;20;12;6;1;0;1;0
13062786;Maués;3;1;;2;;;;;;;;
13064770;Maués;3;2;;2;;;;;;;;
13064789;Maués;3;2;0;1;50;6;6;3;0;0;0;0
13064797;Maués;3;2;0;1;45;4;5;3;1;0;0;0
13064800;Maués;3;2;0;1;44;3;4;2;0;0;1;0
13064819;Maués;3;1;0;1;304;16;12;6;1;0;1;0
13064835;Maués;3;2;0;1;17;2;2;2;0;0;1;0
13064851;Maués;3;1;0;1;257;16;10;5;1;0;1;0
13069098;Maués;3;2;0;1;110;11;11;8;1;1;1;0
13069128;Maués;3;2;0;1;35;3;3;2;0;0;1;0
13072420;Maués;3;2;0;1;46;3;4;3;0;0;1;0
13072439;Maués;3;2;2;1;27;2;2;1;1;0;0;0
13072447;Maués;3;2;0;1;28;3;3;1;1;0;1;0
13072455;Maués;3;2;2;1;22;1;2;1;0;0;1;0
13078631;Maués;3;2;0;1;35;3;3;2;0;0;1;0
13078640;Maués;3;2;2;1;26;2;2;1;1;0;0;0
13078658;Maués;3;2;2;1;59;3;4;2;1;0;1;0
13078674;Maués;3;2;;2;;;;;;;;
13078682;Maués;3;2;2;1;63;5;5;2;0;0;1;0
13078690;Maués;3;2;0;1;53;4;4;2;0;0;1;0
13078704;Maués;3;2;2;1;36;3;3;1;1;0;1;0
13078720;Maués;3;2;2;1;51;4;5;3;1;0;1;0
13078739;Maués;3;2;0;1;44;3;4;1;0;0;1;0
13078755;Maués;3;2;0;1;48;4;4;2;0;0;1;0
13078763;Maués;3;2;0;1;10;1;2;1;0;0;1;0
13078771;Maués;3;2;0;1;40;3;3;2;0;0;1;0
13078780;Maués;3;2;2;1;40;3;4;2;1;0;1;0
13078798;Maués;3;2;0;1;31;2;3;2;0;0;1;1
13078801;Maués;3;2;2;1;43;2;4;2;1;0;1;0
13078810;Maués;3;2;0;1;67;5;5;3;0;0;1;0
13078828;Maués;3;2;2;1;45;3;3;1;0;0;1;0
13078852;Maués;3;2;2;1;24;1;2;1;0;0;1;0
13078887;Maués;3;2;2;1;52;4;4;1;1;0;0;0
13082477;Maués;3;2;0;1;12;2;2;1;0;0;1;0
13082485;Maués;3;2;;2;;;;;;;;
13082493;Maués;3;2;0;1;122;13;12;8;0;0;1;0
13082507;Maués;3;2;0;1;27;2;2;1;0;0;1;0
13085352;Maués;3;2;0;1;7;1;1;1;0;0;1;0
13085379;Maués;3;2;0;1;10;1;1;2;0;0;1;0
13085395;Maués;3;2;0;1;16;2;2;1;0;0;1;0
13085409;Maués;3;2;0;1;16;2;2;2;0;0;1;0
13089960;Maués;2;1;0;1;394;64;11;11;1;0;0;0
13091867;Maués;3;2;;2;;;;;;;;
13093789;Maués;3;2;0;1;57;5;5;4;1;0;1;0
13093797;Maués;3;2;0;1;16;1;2;1;0;0;1;0
13093800;Maués;3;2;0;1;42;3;3;3;0;0;1;0
13099728;Maués;3;2;2;1;60;5;5;2;1;0;1;0
13099736;Maués;3;2;2;1;56;4;5;2;1;0;1;0
13099744;Maués;3;2;2;1;43;3;3;2;1;0;1;0
13099752;Maués;3;2;2;1;37;3;4;2;1;0;1;0
13099787;Maués;3;1;;2;;;;;;;;
13099892;Maués;2;1;0;1;607;29;19;12;1;1;1;0
13100068;Maués;4;1;0;1;75;4;7;4;1;1;1;0
13100360;Maués;2;1;0;1;283;13;12;6;1;0;1;0
13101536;Maués;3;2;;2;;;;;;;;
13104012;Maués;4;1;0;1;70;3;3;3;1;1;1;0
13104748;Maués;4;1;0;1;90;5;6;4;0;0;1;0
13104993;Maués;4;1;0;1;136;6;6;6;1;0;1;0
13105531;Maués;4;1;0;1;120;7;8;5;1;0;1;0
13106015;Maués;3;1;0;1;506;19;20;10;1;0;1;0
13106309;Maués;3;2;0;1;38;4;4;2;0;0;1;0
13106449;Maués;4;1;;2;;;;;;;;
13106848;Maués;3;1;0;1;473;18;20;10;1;0;1;0
13106856;Maués;3;1;0;1;237;10;10;5;1;0;1;0
13107410;Maués;3;2;0;1;56;4;4;3;0;0;1;0
13110284;Maués;4;1;0;1;24;2;2;2;0;0;1;0
13130609;Maués;3;2;0;1;8;1;2;1;0;0;0;0
13130803;Maués;3;2;;2;;;;;;;;
13232207;Maués;2;2;0;1;979;102;76;76;1;0;1;0
13251236;Maués;2;2;2;1;220;31;11;11;1;0;0;0
13307380;Maués;3;1;0;1;254;17;12;6;1;0;1;0
13321234;Maués;1;1;0;1;453;30;12;12;1;1;1;0
13041070;Maués;3;2;0;1;77;7;7;4;0;0;1;0
13041088;Maués;3;2;0;1;12;1;2;1;1;0;1;0
13041096;Nhamundá;3;2;0;1;40;4;4;4;0;0;1;0
13041118;Nhamundá;3;2;0;1;27;3;3;2;0;0;1;0
13041134;Nhamundá;3;2;0;1;170;12;10;5;1;0;1;0
13041150;Nhamundá;2;1;;3;;;;;;;;
13041169;Nhamundá;3;2;0;1;13;1;1;1;0;0;1;0
13041177;Nhamundá;3;2;0;1;21;2;2;1;0;0;1;0
13041185;Nhamundá;3;2;0;1;105;10;7;6;1;1;1;0
13041193;Nhamundá;3;2;0;1;111;10;8;4;1;0;1;0
13041207;Nhamundá;3;2;0;1;52;3;4;2;0;0;1;0
13041215;Nhamundá;3;2;0;1;42;4;4;3;0;0;1;0
13041223;Nhamundá;3;2;0;1;65;6;5;3;0;0;1;0
13041231;Nhamundá;3;2;0;1;26;2;2;1;0;0;1;0
13041240;Nhamundá;3;2;0;1;60;7;5;4;0;0;1;0
13041266;Nhamundá;3;2;0;1;8;1;1;1;0;0;1;0
13041274;Nhamundá;3;2;0;1;74;6;5;4;1;0;1;0
13041282;Nhamundá;3;2;0;1;30;3;2;1;0;0;1;0
13041304;Nhamundá;3;2;0;1;13;1;1;1;0;0;1;0
13041320;Nhamundá;3;2;0;1;10;2;1;2;0;0;1;0
13041339;Nhamundá;3;2;0;1;17;2;2;2;0;0;1;0
13041347;Nhamundá;3;2;0;1;28;2;2;2;0;0;1;0
13041355;Nhamundá;3;2;0;1;76;6;5;4;1;0;1;0
13041371;Nhamundá;3;2;0;1;105;6;7;4;1;1;1;0
13041380;Nhamundá;3;2;0;1;21;2;2;2;0;0;1;0
13041398;Nhamundá;3;2;0;1;63;6;5;4;0;0;1;0
13041401;Nhamundá;3;2;0;1;24;2;2;2;0;0;1;0
13041410;Nhamundá;3;2;0;1;36;3;3;2;1;0;1;0
13041444;Nhamundá;3;2;0;1;13;2;1;2;0;0;1;0
13041495;Nhamundá;3;2;0;1;14;1;1;2;0;0;1;0
13041509;Nhamundá;3;2;0;1;184;16;12;6;1;0;1;0
13041517;Nhamundá;2;1;0;1;374;23;16;8;0;1;1;0
13041533;Nhamundá;3;2;0;1;145;11;9;4;1;0;1;0
13041541;Nhamundá;2;2;0;1;51;6;7;4;1;0;0;0
13041622;Nhamundá;3;2;0;1;65;5;5;2;1;0;1;0
13041630;Nhamundá;3;2;0;1;60;5;4;2;0;0;1;0
13041681;Nhamundá;3;2;0;1;4;1;1;1;0;0;1;1
13041720;Nhamundá;3;2;0;1;195;13;10;5;0;0;1;0
13041754;Nhamundá;3;2;0;1;96;6;5;6;1;1;1;0
13041762;Nhamundá;3;1;0;1;169;13;9;5;1;0;1;0
13055119;Nhamundá;3;2;2;1;8;1;1;1;0;0;1;1
13055143;Nhamundá;3;2;2;1;52;6;5;6;0;1;1;0
13055178;Nhamundá;3;1;0;1;193;20;12;6;1;0;1;0
13064347;Nhamundá;3;2;0;1;5;1;1;1;0;0;1;0
13066439;Nhamundá;3;2;0;1;11;1;1;1;0;0;1;1
13071629;Nhamundá;2;1;0;1;304;21;17;9;0;1;1;0
13072870;Nhamundá;3;1;0;1;695;39;27;15;1;0;1;0
13076230;Nhamundá;3;2;0;1;60;5;4;3;1;0;1;0
13082396;Nhamundá;3;2;0;1;17;1;2;1;0;0;1;0
13082400;Nhamundá;3;2;0;1;8;1;1;1;0;0;0;0
13088424;Nhamundá;3;2;2;1;21;4;3;1;0;0;1;1
13088459;Nhamundá;3;2;2;1;57;9;5;4;1;0;1;0
13093975;Nhamundá;3;2;0;1;11;1;1;2;0;0;1;0
13093991;Nhamundá;3;2;2;1;5;1;1;1;0;0;0;1
13094025;Nhamundá;3;2;0;1;37;3;3;2;0;0;1;0
13094041;Nhamundá;3;2;2;1;25;4;3;1;0;0;1;1
13094050;Nhamundá;3;2;0;1;19;2;2;1;0;0;1;0
13094068;Nhamundá;3;2;2;1;5;1;1;1;0;0;1;1
13094246;Nhamundá;2;1;0;1;280;33;7;11;1;0;1;0
13097245;Nhamundá;3;2;0;1;34;5;4;2;1;0;1;0
13097377;Nhamundá;3;1;0;1;;;;5;0;0;1;0
13098586;Nhamundá;3;2;2;1;5;1;1;1;0;0;0;1
13103296;Nhamundá;2;2;2;1;32;23;2;1;1;0;1;0
13191209;Nhamundá;3;2;0;1;13;1;1;1;0;0;1;0
13192205;Nhamundá;3;2;0;1;39;5;4;3;0;0;1;0
13232215;Nhamundá;2;2;0;1;462;67;38;40;1;0;1;0
13268201;Nhamundá;2;1;;3;;;;;;;;
13304348;Nhamundá;2;1;0;1;506;31;18;11;1;1;1;0
13325230;Nhamundá;2;2;2;1;55;10;7;7;0;0;1;1
13035975;Nova Olinda do Norte;3;1;0;1;277;8;10;10;1;0;1;0
13035983;Nova Olinda do Norte;3;1;0;1;427;15;16;12;1;0;1;0
13036041;Nova Olinda do Norte;3;2;0;1;16;2;2;2;0;0;1;0
13036084;Nova Olinda do Norte;3;2;0;1;27;3;3;3;0;0;1;0
13036106;Nova Olinda do Norte;3;2;0;1;117;10;10;6;1;0;1;0
13036114;Nova Olinda do Norte;3;2;0;1;24;3;2;2;0;0;1;0
13036130;Nova Olinda do Norte;3;2;0;1;43;3;4;3;1;0;1;0
13036149;Nova Olinda do Norte;3;2;0;1;128;9;11;6;0;0;1;0
13036190;Nova Olinda do Norte;3;2;0;1;55;4;4;6;0;0;1;0
13036203;Nova Olinda do Norte;3;1;0;1;588;27;22;12;1;0;1;0
13036211;Nova Olinda do Norte;2;1;;2;;;;;;;;
13036246;Nova Olinda do Norte;3;2;0;1;43;4;4;3;1;0;1;0
13036270;Nova Olinda do Norte;3;2;0;1;79;9;9;7;0;0;1;0
13036297;Nova Olinda do Norte;3;2;0;1;123;13;12;7;1;0;1;0
13036300;Nova Olinda do Norte;3;2;0;1;55;4;4;2;0;0;1;0
13036343;Nova Olinda do Norte;3;2;0;1;81;7;8;5;0;0;1;0
13036351;Nova Olinda do Norte;3;2;0;1;43;4;4;4;0;0;1;0
13036378;Nova Olinda do Norte;3;2;0;1;47;7;7;5;0;0;1;0
13036416;Nova Olinda do Norte;3;2;0;1;29;2;2;1;0;0;1;0
13036432;Nova Olinda do Norte;3;2;0;1;69;5;6;6;1;0;1;0
13036459;Nova Olinda do Norte;3;2;0;1;51;6;6;6;0;0;1;0
13036467;Nova Olinda do Norte;3;2;0;1;29;3;3;3;1;0;1;0
13036475;Nova Olinda do Norte;3;2;0;1;75;7;7;4;0;0;1;0
13036491;Nova Olinda do Norte;3;2;0;1;105;8;9;6;1;0;1;0
13036505;Nova Olinda do Norte;3;2;0;1;63;5;5;5;0;0;1;1
13036548;Nova Olinda do Norte;3;2;0;1;65;5;6;5;1;0;1;0
13036564;Nova Olinda do Norte;3;2;0;1;15;2;2;2;1;0;1;0
13036572;Nova Olinda do Norte;3;2;0;1;105;10;10;5;0;0;1;0
13036580;Nova Olinda do Norte;3;2;0;1;19;1;1;1;0;0;1;0
13036602;Nova Olinda do Norte;3;2;0;1;45;4;4;3;1;0;1;0
13036645;Nova Olinda do Norte;3;2;0;1;75;6;6;4;0;0;1;0
13036670;Nova Olinda do Norte;3;2;0;1;18;2;2;2;0;0;1;1
13036688;Nova Olinda do Norte;3;2;0;1;57;5;5;4;0;0;1;0
13036696;Nova Olinda do Norte;3;2;0;1;101;9;9;7;0;0;1;0
13036718;Nova Olinda do Norte;3;2;0;1;23;3;3;3;0;0;1;1
13036734;Nova Olinda do Norte;2;1;0;1;348;21;18;9;1;1;1;0
13036742;Nova Olinda do Norte;2;1;0;1;396;17;14;7;1;0;1;0
13036750;Nova Olinda do Norte;2;1;0;1;483;16;14;7;1;1;1;0
13036777;Nova Olinda do Norte;3;2;0;1;65;3;4;3;0;0;1;0
13036815;Nova Olinda do Norte;3;2;0;1;37;3;3;2;0;0;1;1
13036823;Nova Olinda do Norte;3;2;0;1;143;14;11;6;1;0;1;0
13036831;Nova Olinda do Norte;3;2;0;1;14;1;1;1;0;0;1;0
13036858;Nova Olinda do Norte;3;2;0;1;117;8;9;8;0;0;1;0
13036890;Nova Olinda do Norte;3;1;0;1;270;16;13;9;1;0;1;0
13036904;Nova Olinda do Norte;3;2;0;1;23;2;2;2;0;0;1;0
13058150;Nova Olinda do Norte;4;1;0;1;149;6;8;4;1;0;1;0
13061852;Nova Olinda do Norte;3;2;0;1;119;10;11;8;0;0;1;1
13061879;Nova Olinda do Norte;3;2;0;1;28;2;2;1;0;0;1;0
13061917;Nova Olinda do Norte;3;2;0;1;146;12;11;8;1;0;1;0
13065033;Nova Olinda do Norte;3;2;0;1;23;1;1;1;0;0;1;1
13068806;Nova Olinda do Norte;3;1;0;1;336;17;16;8;0;0;1;0
13068814;Nova Olinda do Norte;3;2;0;1;36;2;3;2;0;0;1;0
13068822;Nova Olinda do Norte;3;1;0;1;624;45;33;14;1;0;1;0
13072080;Nova Olinda do Norte;3;2;0;1;102;8;9;6;0;0;1;0
13077589;Nova Olinda do Norte;3;2;1;1;156;17;11;7;1;0;1;0
13084437;Nova Olinda do Norte;3;2;0;1;55;5;5;3;0;0;1;0
13086880;Nova Olinda do Norte;3;2;0;1;63;6;6;5;1;0;1;0
13086901;Nova Olinda do Norte;3;2;0;1;10;1;1;1;0;0;1;0
13089455;Nova Olinda do Norte;3;2;0;1;32;2;2;3;1;0;1;0
13090399;Nova Olinda do Norte;3;1;;2;;;;;;;;
13094238;Nova Olinda do Norte;2;1;0;1;377;50;10;13;1;0;1;0
13094491;Nova Olinda do Norte;2;1;0;1;946;29;25;10;1;1;1;0
13095870;Nova Olinda do Norte;3;2;0;1;11;1;1;1;0;0;1;1
13095889;Nova Olinda do Norte;3;2;0;1;30;3;3;4;0;0;1;1
13095900;Nova Olinda do Norte;3;2;0;1;23;3;3;2;0;0;1;1
13095935;Nova Olinda do Norte;3;2;0;1;81;5;6;4;1;0;1;0
13095951;Nova Olinda do Norte;3;2;0;1;47;5;4;4;0;0;1;1
13099698;Nova Olinda do Norte;3;1;0;1;;;;9;1;0;1;0
13102168;Nova Olinda do Norte;4;1;0;1;;;;6;0;0;1;0
13103300;Nova Olinda do Norte;2;2;;2;;;;;;;;
13106350;Nova Olinda do Norte;2;1;0;1;467;33;19;19;1;0;1;0
13107020;Nova Olinda do Norte;3;1;0;1;330;16;14;10;0;0;1;0
13108816;Nova Olinda do Norte;3;1;0;1;293;19;16;5;0;0;1;0
13223291;Nova Olinda do Norte;2;2;0;1;681;73;44;44;1;0;1;0
13000519;Novo Airão;3;2;0;1;54;5;5;6;1;0;1;0
13000551;Novo Airão;3;2;0;1;36;2;2;2;1;0;1;0
13000616;Novo Airão;3;2;0;1;17;2;2;2;0;0;1;0
13000624;Novo Airão;3;2;0;1;27;3;3;3;0;0;1;0
13000683;Novo Airão;3;2;0;1;32;3;3;2;0;0;1;0
13000705;Novo Airão;2;1;0;1;263;14;9;9;1;1;1;0
13000713;Novo Airão;3;2;0;1;12;2;2;4;0;0;1;1
13000756;Novo Airão;3;2;0;1;83;7;8;5;0;1;1;0
13000772;Novo Airão;3;2;0;1;17;2;2;2;0;0;1;1
13000799;Novo Airão;3;2;0;1;39;4;4;6;1;0;1;0
13055224;Novo Airão;3;2;0;1;10;1;1;2;0;0;1;1
13055232;Novo Airão;3;2;;2;;;;;;;;
13067354;Novo Airão;3;1;0;1;409;18;19;10;1;1;1;0
13067400;Novo Airão;3;2;0;1;9;1;1;4;1;0;1;0
13067621;Novo Airão;3;2;0;1;68;6;5;4;1;0;1;0
13071190;Novo Airão;3;2;3;1;54;4;4;6;1;0;1;0
13072501;Novo Airão;3;2;0;1;12;1;1;2;0;0;1;0
13074350;Novo Airão;3;1;0;1;839;42;34;17;1;0;1;0
13081330;Novo Airão;2;1;0;1;374;22;13;13;1;1;1;0
13086529;Novo Airão;3;2;0;1;254;19;15;6;1;0;1;0
13086545;Novo Airão;3;1;0;1;595;39;22;10;1;0;1;0
13090410;Novo Airão;2;1;0;1;737;34;22;12;1;1;1;0
13094459;Novo Airão;2;1;0;1;248;41;7;9;1;0;1;0
13095102;Novo Airão;3;2;;2;;;;;;;;
13104772;Novo Airão;3;2;2;1;10;1;1;1;0;0;1;0
13104780;Novo Airão;3;2;2;1;42;3;3;3;1;0;1;0
13106775;Novo Airão;2;2;2;1;40;3;5;1;1;0;1;0
13109740;Novo Airão;3;1;0;1;120;13;10;10;1;0;1;0
13237209;Novo Airão;2;2;0;1;90;35;8;8;1;0;1;0
13241206;Novo Airão;3;1;0;1;461;26;18;9;1;0;1;0
13053248;Novo Aripuanã;3;2;;2;;;;;;;;
13053256;Novo Aripuanã;3;2;0;1;8;2;2;1;0;0;1;0
13053299;Novo Aripuanã;3;2;0;1;8;1;1;1;0;0;1;0
13053337;Novo Aripuanã;3;2;0;1;28;1;1;1;0;0;1;0
13053361;Novo Aripuanã;3;2;0;1;73;10;10;4;1;0;1;0
13053370;Novo Aripuanã;3;2;;2;;;;;;;;
13053396;Novo Aripuanã;3;2;;2;;;;;;;;
13053400;Novo Aripuanã;3;2;0;1;7;1;1;1;0;0;1;0
13053442;Novo Aripuanã;3;2;0;1;15;2;2;2;0;0;1;0
13053477;Novo Aripuanã;3;2;0;1;36;4;4;4;0;0;1;0
13053523;Novo Aripuanã;3;2;0;1;9;2;2;2;0;0;1;0
13053531;Novo Aripuanã;3;2;0;1;14;1;1;1;0;0;1;0
13053566;Novo Aripuanã;3;2;;2;;;;;;;;
13053582;Novo Aripuanã;3;2;;2;;;;;;;;
13053612;Novo Aripuanã;3;2;;2;;;;;;;;
13053663;Novo Aripuanã;3;2;2;1;38;3;3;2;1;0;1;0
13053701;Novo Aripuanã;3;2;;2;;;;;;;;
13053795;Novo Aripuanã;3;1;0;1;127;8;6;4;0;0;1;0
13053817;Novo Aripuanã;3;2;0;1;113;11;8;4;0;0;1;0
13053833;Novo Aripuanã;3;2;0;1;14;1;1;1;1;0;1;0
13053841;Novo Aripuanã;3;2;0;1;7;1;1;1;0;0;1;0
13053884;Novo Aripuanã;3;2;;2;;;;;;;;
13053973;Novo Aripuanã;3;2;2;1;12;1;1;1;1;0;1;0
13053981;Novo Aripuanã;3;2;;2;;;;;;;;
13053990;Novo Aripuanã;2;1;0;1;484;34;27;10;1;1;1;0
13054007;Novo Aripuanã;2;1;0;1;440;17;16;9;1;0;1;0
13054015;Novo Aripuanã;2;1;0;1;604;25;18;9;1;1;1;0
13062476;Novo Aripuanã;3;2;0;1;14;2;3;2;0;0;1;0
13062506;Novo Aripuanã;3;2;;2;;;;;;;;
13062514;Novo Aripuanã;3;1;0;1;120;11;8;4;0;0;1;0
13062557;Novo Aripuanã;3;2;8;1;122;15;12;6;0;1;1;0
13067788;Novo Aripuanã;3;2;0;1;14;1;1;1;0;0;1;0
13067800;Novo Aripuanã;3;2;0;1;18;2;2;2;0;0;1;0
13068881;Novo Aripuanã;3;1;0;1;329;36;25;11;0;0;1;0
13068946;Novo Aripuanã;3;1;0;1;497;20;20;10;0;1;1;0
13073559;Novo Aripuanã;3;2;0;1;16;2;2;2;0;0;1;0
13073567;Novo Aripuanã;2;1;0;1;634;29;26;10;0;1;1;0
13073770;Novo Aripuanã;3;2;1;1;48;7;5;5;1;1;1;0
13077147;Novo Aripuanã;3;2;0;1;7;1;1;1;0;0;1;0
13077155;Novo Aripuanã;3;2;0;1;6;1;1;1;0;0;1;0
13077180;Novo Aripuanã;3;2;0;1;9;1;1;1;1;0;1;0
13077198;Novo Aripuanã;3;2;;2;;;;;;;;
13080415;Novo Aripuanã;3;2;;2;;;;;;;;
13080431;Novo Aripuanã;3;2;0;1;20;1;1;1;0;0;1;0
13082418;Novo Aripuanã;3;2;0;1;5;1;1;1;0;0;1;0
13082434;Novo Aripuanã;3;2;0;1;14;2;2;2;0;0;1;0
13082450;Novo Aripuanã;3;2;;2;;;;;;;;
13086286;Novo Aripuanã;3;2;0;1;12;2;2;3;0;0;1;0
13086464;Novo Aripuanã;3;2;0;1;51;4;3;2;0;0;0;0
13086510;Novo Aripuanã;3;2;;2;;;;;;;;
13086642;Novo Aripuanã;3;2;0;1;11;1;1;1;0;0;1;0
13088076;Novo Aripuanã;3;2;;2;;;;;;;;
13088084;Novo Aripuanã;3;2;;2;;;;;;;;
13088106;Novo Aripuanã;3;2;0;1;10;1;1;1;0;0;1;0
13088114;Novo Aripuanã;3;2;0;1;11;2;2;2;0;0;1;0
13093819;Novo Aripuanã;2;1;0;1;215;25;5;10;1;0;1;0
13094548;Novo Aripuanã;3;1;0;1;305;14;14;7;0;0;1;0
13094572;Novo Aripuanã;3;2;0;1;18;3;3;3;0;0;1;0
13094599;Novo Aripuanã;3;2;0;1;22;2;2;2;0;0;1;0
13094602;Novo Aripuanã;3;2;;2;;;;;;;;
13095811;Novo Aripuanã;3;2;0;1;15;1;1;1;0;0;1;0
13098020;Novo Aripuanã;3;2;;2;;;;;;;;
13098039;Novo Aripuanã;3;2;0;1;68;8;8;4;1;0;1;0
13098047;Novo Aripuanã;3;2;;2;;;;;;;;
13099132;Novo Aripuanã;3;2;0;1;11;1;1;1;1;0;1;0
13099159;Novo Aripuanã;3;2;0;1;71;10;8;6;0;1;1;0
13099167;Novo Aripuanã;3;1;;2;;;;;;;;
13099388;Novo Aripuanã;3;2;;2;;;;;;;;
13099396;Novo Aripuanã;3;2;0;1;26;2;2;2;0;0;1;0
13100971;Novo Aripuanã;3;2;;2;;;;;;;;
13100980;Novo Aripuanã;3;2;;2;;;;;;;;
13101978;Novo Aripuanã;3;2;0;1;129;13;9;7;1;0;1;0
13102273;Novo Aripuanã;2;1;0;1;169;20;11;11;1;1;1;0
13106430;Novo Aripuanã;3;1;0;1;160;13;9;6;0;0;1;0
13109138;Novo Aripuanã;3;1;0;1;150;18;10;6;0;0;1;0
13127209;Novo Aripuanã;3;2;;2;;;;;;;;
13127403;Novo Aripuanã;3;2;0;1;69;9;8;5;0;0;1;0
13265270;Novo Aripuanã;2;2;0;1;189;49;20;20;1;0;0;0
13304321;Novo Aripuanã;2;2;0;1;53;37;7;4;0;1;1;0
13041924;Parintins;2;1;0;1;1018;50;31;16;0;1;1;0
13041932;Parintins;3;2;0;1;121;6;6;4;1;0;1;0
13041959;Parintins;3;2;8;1;44;4;4;4;0;0;1;0
13041967;Parintins;3;2;1;1;24;2;2;2;0;0;1;0
13041975;Parintins;3;2;0;1;141;7;7;8;1;1;1;0
13041983;Parintins;3;2;0;1;9;1;1;1;0;0;1;0
13042009;Parintins;2;1;0;1;318;26;16;8;1;1;1;0
13042025;Parintins;3;2;1;1;8;1;1;1;0;0;1;0
13042076;Parintins;2;1;0;1;264;15;9;11;1;1;1;0
13042084;Parintins;4;1;0;1;64;16;16;16;1;1;1;0
13042092;Parintins;2;1;0;1;255;20;12;6;1;0;1;0
13042106;Parintins;2;1;0;1;656;42;26;9;1;1;1;0
13042149;Parintins;2;1;0;1;639;24;16;8;1;1;1;0
13042157;Parintins;3;2;1;1;33;2;2;2;0;0;1;0
13042165;Parintins;3;2;1;1;38;3;4;2;0;0;1;0
13042181;Parintins;3;2;1;1;4;1;1;1;0;0;1;0
13042190;Parintins;3;2;0;1;23;1;1;1;0;0;1;0
13042220;Parintins;3;2;8;1;37;4;4;4;0;0;1;0
13042246;Parintins;3;2;0;1;34;3;3;2;0;0;1;0
13042262;Parintins;3;1;0;1;256;16;13;7;1;1;1;0
13042270;Parintins;3;2;1;1;85;8;6;3;0;0;1;0
13042300;Parintins;3;2;0;1;5;1;1;1;0;0;1;0
13042343;Parintins;3;2;1;1;37;3;4;2;0;0;1;0
13042360;Parintins;3;2;1;1;147;8;8;5;1;1;1;0
13042424;Parintins;3;2;1;1;184;10;12;9;1;1;1;0
13042432;Parintins;3;2;1;1;14;1;1;1;0;0;1;0
13042440;Parintins;3;2;1;1;160;10;13;9;1;0;1;0
13042459;Parintins;3;2;0;1;92;5;6;4;1;0;1;0
13042491;Parintins;3;2;0;1;65;4;4;3;1;0;1;0
13042505;Parintins;3;2;1;1;12;1;1;1;0;0;1;0
13042513;Parintins;3;2;0;1;27;3;3;2;0;0;1;0
13042521;Parintins;3;2;8;1;5;1;1;1;0;0;1;0
13042548;Parintins;3;2;0;1;46;2;2;2;0;0;1;0
13042556;Parintins;3;2;;2;;;;;;;;
13042564;Parintins;3;2;1;1;11;1;1;1;0;0;1;0
13042572;Parintins;3;2;1;1;27;2;2;1;0;0;1;0
13042580;Parintins;3;2;0;1;18;1;1;1;0;0;1;0
13042599;Parintins;3;2;1;1;64;4;5;3;0;0;1;0
13042602;Parintins;3;2;8;1;28;2;3;2;0;0;1;0
13042610;Parintins;3;2;8;1;19;3;2;3;0;0;1;1
13042645;Parintins;3;2;1;1;277;17;19;12;1;0;1;0
13042661;Parintins;3;2;1;1;5;1;1;1;0;0;1;0
13042726;Parintins;3;2;1;1;700;42;36;19;1;1;1;0
13042750;Parintins;3;2;8;1;130;7;9;6;1;0;1;0
13042785;Parintins;3;2;1;1;151;11;12;6;0;0;1;0
13042793;Parintins;3;2;8;1;26;3;3;3;1;0;1;0
13042815;Parintins;3;2;1;1;39;3;4;2;0;0;1;0
13042831;Parintins;3;2;1;1;13;1;1;1;0;0;1;0
13042840;Parintins;3;2;;2;;;;;;;;
13042874;Parintins;3;2;2;1;82;6;5;3;0;0;1;0
13042904;Parintins;3;2;0;1;105;6;7;5;1;0;1;0
13042947;Parintins;3;2;8;1;19;3;3;2;1;0;1;0
13042955;Parintins;3;2;0;1;92;5;6;4;1;0;1;0
13042963;Parintins;3;2;0;1;27;3;2;2;0;0;1;1
13042980;Parintins;3;2;8;1;3;1;1;1;0;0;1;1
13042998;Parintins;3;2;0;1;42;4;4;2;0;0;1;0
13043005;Parintins;3;2;1;1;45;4;5;2;0;0;1;0
13043064;Parintins;3;1;0;1;568;31;24;12;1;1;1;0
13043072;Parintins;3;2;0;1;22;2;2;1;0;0;1;0
13043080;Parintins;3;2;0;1;20;1;2;1;0;0;1;0
13043099;Parintins;3;2;0;1;20;2;2;1;0;0;1;0
13043110;Parintins;3;2;0;1;29;2;2;2;0;0;1;0
13043145;Parintins;3;2;0;1;33;1;2;2;0;0;1;0
13043153;Parintins;3;2;0;1;200;14;12;12;1;1;1;0
13043161;Parintins;3;2;0;1;53;4;4;4;0;0;1;0
13043170;Parintins;3;2;0;1;10;1;1;1;1;0;1;0
13043188;Parintins;3;2;1;1;57;4;4;3;1;0;1;0
13043196;Parintins;3;2;0;1;33;2;4;2;0;0;1;0
13043200;Parintins;3;2;0;1;106;8;9;5;0;0;1;0
13043218;Parintins;3;2;;2;;;;;;;;
13043226;Parintins;3;2;1;1;75;7;6;3;1;0;1;0
13043242;Parintins;3;2;8;1;9;1;1;1;0;0;1;0
13043269;Parintins;3;2;1;1;19;3;3;2;1;0;1;0
13043277;Parintins;3;2;1;1;95;8;8;5;1;1;1;0
13043307;Parintins;3;2;1;1;23;1;2;1;0;0;1;0
13043315;Parintins;3;2;0;1;42;4;4;2;0;0;1;0
13043323;Parintins;3;2;8;1;36;2;4;2;0;0;1;0
13043331;Parintins;3;2;8;1;24;3;2;3;0;0;1;0
13043366;Parintins;3;2;0;1;31;4;4;3;0;0;1;0
13043374;Parintins;3;2;0;1;74;4;5;3;0;0;1;0
13043382;Parintins;3;2;8;1;61;4;5;4;1;0;1;0
13043390;Parintins;3;2;8;1;45;4;4;3;1;0;1;0
13043404;Parintins;3;2;1;1;108;7;8;4;1;0;1;0
13043480;Parintins;3;2;1;1;21;1;1;1;0;0;1;0
13043498;Parintins;3;2;1;1;125;8;9;5;1;0;1;0
13043536;Parintins;3;2;0;1;84;4;5;2;0;0;1;0
13043544;Parintins;3;2;0;1;65;3;3;3;1;1;1;0
13043552;Parintins;3;2;0;1;58;5;5;4;1;0;1;0
13043579;Parintins;3;2;1;1;26;2;2;2;0;0;1;0
13043587;Parintins;3;2;0;1;21;1;2;1;0;0;1;0
13043625;Parintins;3;2;0;1;13;1;1;1;0;0;1;0
13043641;Parintins;3;2;0;1;128;8;10;5;1;0;1;0
13043668;Parintins;3;2;1;1;11;1;1;1;0;0;1;0
13043692;Parintins;3;2;8;1;67;5;5;4;0;0;1;0
13043706;Parintins;3;2;1;1;64;5;7;4;0;0;1;0
13043722;Parintins;2;1;0;1;325;14;12;6;1;1;1;0
13043749;Parintins;2;1;0;1;370;20;12;6;1;1;1;0
13043757;Parintins;2;1;0;1;417;16;16;8;1;1;1;0
13043765;Parintins;2;1;0;1;1327;61;42;15;1;1;1;0
13043773;Parintins;2;1;0;1;421;18;14;7;0;1;1;0
13043790;Parintins;2;1;0;1;592;21;18;9;1;1;1;0
13043811;Parintins;2;1;0;1;588;31;20;8;1;1;1;0
13043838;Parintins;2;1;0;1;428;27;16;8;1;1;1;0
13043862;Parintins;2;1;0;1;502;36;20;10;1;1;1;0
13043889;Parintins;3;2;8;1;4;1;1;1;0;0;1;0
13043897;Parintins;2;1;0;1;809;40;24;24;1;1;1;0
13043900;Parintins;3;1;0;1;282;12;14;7;1;0;1;0
13043919;Parintins;3;1;0;1;404;18;20;11;1;0;1;0
13043927;Parintins;3;1;0;1;132;8;9;5;1;0;1;0
13043935;Parintins;3;1;0;1;286;11;14;8;1;0;1;0
13043943;Parintins;3;1;0;1;326;15;16;8;1;0;1;0
13043951;Parintins;3;1;0;1;136;6;7;4;1;0;1;0
13043960;Parintins;3;1;0;1;188;8;10;5;1;0;1;0
13043978;Parintins;3;1;0;1;134;7;9;6;1;0;1;0
13043986;Parintins;3;1;0;1;112;5;8;7;1;0;1;0
13044028;Parintins;3;1;0;1;142;5;6;3;1;0;1;0
13044095;Parintins;3;1;0;1;400;18;17;9;1;0;1;0
13044125;Parintins;4;1;0;1;98;15;12;16;1;0;1;0
13056166;Parintins;3;2;0;1;485;21;22;13;1;1;1;0
13056239;Parintins;3;2;1;1;14;2;2;2;0;0;1;0
13056328;Parintins;3;2;8;1;11;1;1;1;0;0;1;1
13056336;Parintins;3;2;0;1;66;2;4;2;0;0;1;0
13056344;Parintins;3;1;0;1;149;9;9;5;1;1;1;0
13059440;Parintins;2;1;0;1;851;36;26;13;1;1;1;0
13061593;Parintins;3;2;0;1;59;4;4;4;1;0;1;0
13066811;Parintins;3;2;8;1;30;3;3;3;0;0;1;0
13066820;Parintins;3;2;1;1;11;1;1;1;0;0;1;0
13069209;Parintins;3;2;0;1;76;6;5;3;0;0;1;0
13069217;Parintins;3;2;0;1;20;1;1;1;0;0;1;0
13069225;Parintins;3;1;0;1;304;16;13;6;1;1;1;0
13072811;Parintins;3;1;0;1;177;7;10;5;1;1;1;0
13072820;Parintins;3;1;0;1;425;14;18;8;1;0;1;0
13074318;Parintins;3;2;2;1;131;8;9;4;0;0;1;0
13074326;Parintins;3;2;2;1;53;6;5;4;0;0;1;0
13074334;Parintins;3;1;0;1;1061;29;36;19;1;1;1;0
13075942;Parintins;3;2;1;1;231;10;12;7;1;0;1;0
13078020;Parintins;3;2;0;1;55;4;6;2;0;0;1;0
13078038;Parintins;3;2;1;1;57;4;5;3;0;0;1;0
13078046;Parintins;3;2;1;1;65;5;6;3;0;0;1;0
13078054;Parintins;2;1;0;1;979;47;31;12;1;1;1;0
13083473;Parintins;3;1;0;1;1025;47;37;16;1;1;1;0
13083481;Parintins;3;1;0;1;819;32;38;20;1;0;1;0
13083511;Parintins;3;2;1;1;50;4;4;3;1;0;1;0
13083520;Parintins;3;1;0;1;305;16;16;8;1;0;1;0
13083538;Parintins;3;2;2;1;74;6;6;3;0;0;1;0
13083546;Parintins;3;2;1;1;14;1;2;1;0;0;1;0
13083554;Parintins;3;1;0;1;49;4;5;3;1;0;1;0
13083562;Parintins;3;1;0;1;243;7;10;5;1;0;1;0
13083589;Parintins;3;1;0;1;167;8;7;11;1;0;1;0
13083597;Parintins;3;2;1;1;26;1;2;1;0;0;1;0
13083619;Parintins;3;2;1;1;19;1;1;1;0;0;1;0
13083627;Parintins;3;1;;2;;;;;;;;
13085140;Parintins;3;2;1;1;8;1;1;1;0;0;1;0
13085158;Parintins;3;2;8;1;41;6;5;3;1;0;1;0
13085166;Parintins;3;2;8;1;11;1;1;1;0;0;1;0
13088300;Parintins;3;2;0;1;5;1;1;1;0;0;1;0
13088327;Parintins;3;2;1;1;11;1;1;1;0;0;1;0
13088335;Parintins;3;2;0;1;95;6;6;4;0;0;1;0
13088343;Parintins;3;2;0;1;17;1;2;1;0;0;1;0
13089994;Parintins;2;1;0;1;359;47;10;8;1;1;1;0
13091506;Parintins;3;2;8;1;4;1;1;1;0;0;1;1
13091514;Parintins;3;1;0;1;7;1;2;1;0;0;1;0
13093770;Parintins;3;2;8;1;6;1;1;1;0;0;1;0
13096494;Parintins;2;1;;3;;;;;;;;
13100017;Parintins;4;1;0;1;69;4;6;8;1;1;1;0
13101285;Parintins;4;1;0;1;18;3;5;5;1;1;0;0
13101366;Parintins;4;1;0;1;201;16;10;11;1;1;1;0
13101722;Parintins;4;1;0;1;219;5;7;9;1;1;1;0
13102206;Parintins;2;2;0;1;368;18;18;9;1;1;1;0
13104020;Parintins;4;1;0;1;79;3;3;3;1;1;0;0
13106503;Parintins;4;1;0;1;154;9;5;8;1;1;1;0
13107313;Parintins;4;1;0;1;73;3;3;4;1;1;1;0
13108719;Parintins;3;2;1;1;8;1;1;1;0;0;1;0
13123009;Parintins;3;2;2;1;19;2;2;1;0;0;1;0
13137204;Parintins;3;1;0;1;460;28;22;12;1;1;1;0
13223305;Parintins;2;2;0;1;1414;151;121;127;1;0;1;0
13248200;Parintins;2;2;2;1;78;39;9;9;1;0;1;0
13254200;Parintins;2;2;0;1;339;21;17;9;1;1;1;0
13256238;Parintins;3;1;0;1;146;4;7;4;1;0;1;0
13323237;Parintins;1;1;0;1;640;51;22;12;1;1;1;0
13043617;Parintins;3;2;0;1;262;14;13;11;1;1;1;0
13045806;Pauini;3;2;0;1;7;1;1;1;0;0;0;1
13045822;Pauini;3;2;2;1;48;3;5;3;1;0;1;0
13045849;Pauini;3;2;0;1;29;2;3;1;1;0;1;0
13045881;Pauini;3;2;;2;;;;;;;;
13045903;Pauini;3;2;2;1;36;2;2;2;0;0;1;1
13045920;Pauini;3;1;0;1;758;45;35;15;1;0;1;0
13045938;Pauini;2;1;0;1;797;35;30;11;1;1;1;0
13045946;Pauini;3;2;;2;;;;;;;;
13045970;Pauini;3;2;0;1;5;1;1;1;0;0;0;1
13045989;Pauini;3;2;0;1;9;1;1;1;0;0;1;0
13045997;Pauini;3;2;2;1;12;1;1;1;0;0;1;1
13046004;Pauini;3;2;;2;;;;;;;;
13046020;Pauini;3;2;0;1;34;2;3;1;1;0;1;0
13046071;Pauini;3;2;2;1;13;1;1;1;0;0;1;0
13046080;Pauini;3;2;0;1;33;4;4;1;1;0;1;0
13046128;Pauini;3;2;0;1;42;2;3;1;1;0;1;0
13046136;Pauini;3;2;0;1;8;1;1;2;0;0;1;0
13046144;Pauini;3;2;;2;;;;;;;;
13046160;Pauini;3;2;;2;;;;;;;;
13046187;Pauini;3;2;0;1;34;1;2;1;1;0;1;0
13046225;Pauini;3;2;;2;;;;;;;;
13046233;Pauini;3;2;;2;;;;;;;;
13046250;Pauini;3;2;;2;;;;;;;;
13046268;Pauini;3;2;2;1;32;2;2;1;0;0;1;0
13046284;Pauini;3;2;;2;;;;;;;;
13046292;Pauini;3;2;;2;;;;;;;;
13046306;Pauini;3;2;0;1;8;1;1;1;1;0;1;0
13046314;Pauini;3;2;;2;;;;;;;;
13046330;Pauini;3;2;2;1;30;2;2;1;0;0;1;0
13046373;Pauini;3;2;2;1;36;3;3;1;0;0;1;1
13046403;Pauini;3;2;0;1;26;2;2;1;1;0;1;0
13046411;Pauini;3;2;0;1;32;2;2;1;1;0;1;0
13046438;Pauini;3;2;;2;;;;;;;;
13046446;Pauini;2;1;0;1;677;57;27;9;0;1;1;0
13046454;Pauini;3;2;0;1;4;1;1;1;1;0;1;0
13063090;Pauini;3;2;0;1;9;1;1;1;1;0;1;0
13063103;Pauini;3;2;0;1;26;2;3;1;0;0;1;0
13063120;Pauini;3;2;0;1;18;1;1;1;1;0;1;0
13063154;Pauini;3;2;2;1;16;1;1;2;0;0;1;1
13063189;Pauini;3;2;0;1;12;1;1;1;1;0;1;0
13063197;Pauini;3;2;;2;;;;;;;;
13063200;Pauini;3;2;;2;;;;;;;;
13063219;Pauini;3;2;0;1;11;1;1;1;0;0;1;1
13065289;Pauini;3;2;0;1;2;1;1;1;0;0;1;1
13065297;Pauini;3;2;0;1;3;1;1;1;1;0;1;0
13065300;Pauini;3;2;2;1;19;1;1;2;0;0;1;1
13065319;Pauini;3;2;;2;;;;;;;;
13065327;Pauini;3;1;0;1;129;10;6;3;1;0;1;0
13065343;Pauini;3;2;2;1;14;1;1;3;0;0;1;1
13065351;Pauini;3;1;0;1;386;18;22;11;1;0;1;0
13065360;Pauini;3;2;2;1;41;4;4;2;0;0;1;0
13065378;Pauini;3;1;0;1;202;11;11;8;1;0;1;0
13065386;Pauini;3;2;;2;;;;;;;;
13070622;Pauini;3;2;;2;;;;;;;;
13070649;Pauini;3;2;2;1;31;2;2;1;0;0;1;1
13070657;Pauini;3;2;;2;;;;;;;;
13070673;Pauini;3;2;0;1;12;1;1;1;0;0;0;0
13074881;Pauini;3;2;2;1;26;2;2;2;0;0;1;1
13074890;Pauini;3;2;2;1;22;1;1;2;0;0;1;1
13074903;Pauini;3;2;2;1;30;2;2;2;1;0;1;0
13074911;Pauini;3;2;2;1;21;1;1;1;0;0;1;1
13074938;Pauini;3;2;2;1;37;2;3;2;0;0;1;1
13074954;Pauini;3;2;2;1;31;2;2;1;0;0;1;1
13074970;Pauini;3;2;0;1;42;2;3;1;1;0;1;0
13074997;Pauini;3;2;;2;;;;;;;;
13075446;Pauini;3;2;2;1;22;2;2;2;0;0;1;1
13075462;Pauini;3;2;;2;;;;;;;;
13075470;Pauini;3;2;0;1;21;1;1;1;1;0;1;0
13075500;Pauini;3;2;2;1;19;1;2;1;0;0;1;0
13078348;Pauini;3;2;;2;;;;;;;;
13078410;Pauini;3;2;;2;;;;;;;;
13082116;Pauini;3;2;;2;;;;;;;;
13082132;Pauini;3;2;0;1;31;1;2;1;1;0;1;0
13082159;Pauini;3;2;;2;;;;;;;;
13083430;Pauini;2;2;1;1;120;13;16;7;1;1;1;0
13087274;Pauini;3;1;0;1;384;22;14;8;1;1;1;0
13087304;Pauini;3;2;0;1;14;1;1;1;1;0;1;0
13089820;Pauini;3;2;;2;;;;;;;;
13089838;Pauini;3;2;2;1;10;1;1;2;0;0;1;1
13089846;Pauini;3;2;0;1;18;1;1;1;1;0;1;0
13090887;Pauini;3;2;0;1;39;2;4;2;1;0;1;0
13090895;Pauini;3;2;;2;;;;;;;;
13094343;Pauini;2;1;0;1;246;29;6;11;0;1;1;0
13094947;Pauini;3;2;2;1;27;2;2;2;0;0;1;0
13094955;Pauini;3;2;2;1;25;1;2;1;0;0;1;1
13094963;Pauini;3;2;2;1;13;1;1;1;0;0;1;0
13100270;Pauini;3;2;2;1;26;3;3;2;0;0;1;0
13100289;Pauini;3;2;2;1;26;2;2;1;0;0;1;1
13100297;Pauini;3;2;0;1;8;1;1;1;1;0;1;0
13100300;Pauini;3;2;2;1;46;2;3;2;0;0;1;0
13102370;Pauini;3;2;0;1;36;2;4;1;0;0;1;1
13102389;Pauini;3;2;;2;;;;;;;;
13102397;Pauini;3;2;2;1;35;2;2;4;1;0;1;0
13102419;Pauini;3;2;2;1;48;4;4;4;0;0;1;0
13102427;Pauini;3;2;0;1;21;1;2;1;1;0;1;1
13102435;Pauini;3;2;0;1;7;1;1;1;0;0;0;1
13102443;Pauini;3;2;0;1;15;1;1;2;0;0;1;1
13102451;Pauini;3;2;0;1;6;1;1;1;1;0;1;0
13105280;Pauini;3;2;0;1;27;2;3;1;1;0;1;0
13105299;Pauini;3;2;;2;;;;;;;;
13105302;Pauini;3;2;0;1;8;1;1;1;0;0;1;1
13107569;Pauini;3;2;2;1;24;1;2;1;0;0;1;1
13107577;Pauini;3;2;0;1;19;1;2;1;0;0;0;1
13107585;Pauini;3;2;0;1;7;1;1;1;1;0;0;0
13107593;Pauini;3;2;0;1;15;1;1;1;0;0;1;0
13107615;Pauini;3;2;0;1;20;1;2;1;1;0;1;0
13107623;Pauini;3;2;0;1;8;1;1;1;1;0;1;0
13107631;Pauini;3;2;8;1;13;1;1;1;1;0;1;0
13107640;Pauini;3;2;0;1;18;1;2;1;1;0;0;0
13107658;Pauini;3;2;0;1;7;1;1;1;1;0;1;0
13107666;Pauini;3;2;0;1;5;1;1;1;0;0;1;0
13107674;Pauini;3;2;0;1;39;2;4;1;0;0;0;1
13107682;Pauini;3;2;2;1;22;1;2;1;0;0;1;1
13107690;Pauini;3;2;2;1;24;1;1;1;0;0;1;1
13107704;Pauini;3;2;2;1;5;1;1;2;0;0;1;1
13107755;Pauini;2;2;;3;;;;;;;;
13109995;Pauini;3;1;0;1;150;11;6;6;1;1;1;0
13110071;Pauini;2;2;2;1;43;4;4;2;1;0;1;0
13110845;Pauini;2;2;;2;;;;;;;;
13110853;Pauini;2;2;0;1;30;17;3;3;1;0;1;0
13294210;Pauini;3;2;2;1;8;1;1;1;0;0;1;1
13032143;Presidente Figueiredo;3;1;0;1;587;37;28;30;1;0;1;0
13032216;Presidente Figueiredo;3;2;1;1;314;16;16;18;1;0;1;0
13032240;Presidente Figueiredo;3;2;1;1;363;13;19;13;1;1;1;0
13032283;Presidente Figueiredo;3;2;0;1;483;18;26;12;1;1;1;0
13032402;Presidente Figueiredo;3;1;0;1;511;16;20;13;1;0;1;0
13032445;Presidente Figueiredo;3;2;1;1;194;11;13;11;1;0;1;0
13032453;Presidente Figueiredo;3;2;1;1;230;14;17;11;1;0;1;0
13032461;Presidente Figueiredo;2;1;0;1;924;29;33;8;1;1;1;0
13058037;Presidente Figueiredo;3;2;;2;;;;;;;;
13058053;Presidente Figueiredo;3;2;;2;;;;;;;;
13058096;Presidente Figueiredo;3;2;0;1;472;17;24;15;1;0;1;0
13058118;Presidente Figueiredo;3;1;0;1;540;20;24;12;0;0;1;0
13058134;Presidente Figueiredo;3;2;1;1;242;12;18;11;1;0;1;0
13065700;Presidente Figueiredo;3;2;1;1;64;7;10;4;1;0;0;0
13065726;Presidente Figueiredo;3;2;1;1;197;11;14;6;1;0;1;0
13068270;Presidente Figueiredo;4;2;;2;;;;;;;;
13068288;Presidente Figueiredo;4;2;;2;;;;;;;;
13068296;Presidente Figueiredo;4;2;;2;;;;;;;;
13068300;Presidente Figueiredo;4;2;;2;;;;;;;;
13068318;Presidente Figueiredo;4;2;;2;;;;;;;;
13068326;Presidente Figueiredo;4;2;;2;;;;;;;;
13071220;Presidente Figueiredo;3;1;0;1;394;16;24;13;1;0;1;0
13071920;Presidente Figueiredo;4;2;;2;;;;;;;;
13071939;Presidente Figueiredo;4;2;;2;;;;;;;;
13071955;Presidente Figueiredo;4;2;;2;;;;;;;;
13074440;Presidente Figueiredo;3;2;;2;;;;;;;;
13074458;Presidente Figueiredo;3;2;1;1;177;8;12;8;1;1;1;0
13075101;Presidente Figueiredo;4;2;;2;;;;;;;;
13076205;Presidente Figueiredo;3;2;1;1;154;8;11;6;1;1;1;0
13082647;Presidente Figueiredo;3;1;0;1;286;13;16;9;1;0;1;0
13087371;Presidente Figueiredo;3;1;0;1;306;13;16;9;1;1;1;0
13087649;Presidente Figueiredo;4;2;;2;;;;;;;;
13088785;Presidente Figueiredo;3;2;1;1;64;4;8;3;1;0;1;0
13094076;Presidente Figueiredo;3;2;0;1;12;2;1;1;1;0;1;0
13094084;Presidente Figueiredo;3;2;0;1;66;3;4;2;1;0;1;0
13094416;Presidente Figueiredo;2;1;0;1;287;45;7;10;1;1;1;0
13096648;Presidente Figueiredo;2;2;0;1;166;29;13;6;0;1;1;0
13102907;Presidente Figueiredo;4;1;0;1;66;8;11;15;1;0;1;0
13104039;Presidente Figueiredo;4;1;0;1;58;3;3;4;1;0;1;0
13104420;Presidente Figueiredo;2;1;0;1;285;27;15;15;0;0;1;0
13104616;Presidente Figueiredo;3;1;0;1;394;14;22;12;1;0;1;0
13115804;Presidente Figueiredo;3;2;1;1;329;12;16;8;1;0;1;0
13125001;Presidente Figueiredo;2;1;0;1;437;24;16;10;1;1;1;0
13197207;Presidente Figueiredo;3;2;1;1;185;10;14;6;1;1;1;0
13220241;Presidente Figueiredo;2;2;0;1;353;54;25;25;1;0;0;0
13307282;Presidente Figueiredo;3;1;0;1;762;24;30;16;1;1;1;0
13322230;Presidente Figueiredo;1;1;0;1;550;41;17;12;1;1;1;0
13032496;Presidente Figueiredo;3;2;0;1;370;21;22;16;1;1;1;0
13032526;Rio Preto da Eva;2;1;0;1;634;27;21;9;1;1;1;0
13032593;Rio Preto da Eva;3;2;0;1;553;32;27;13;1;0;1;0
13032674;Rio Preto da Eva;3;2;;2;;;;;;;;
13032720;Rio Preto da Eva;3;2;1;1;263;12;11;8;0;1;1;0
13032836;Rio Preto da Eva;3;2;0;1;71;6;4;4;1;0;1;0
13032879;Rio Preto da Eva;4;2;0;1;306;15;15;10;1;1;1;0
13054481;Rio Preto da Eva;3;2;0;1;77;5;4;4;1;0;1;0
13054929;Rio Preto da Eva;3;2;0;1;477;24;30;12;1;0;1;0
13072064;Rio Preto da Eva;3;2;0;1;114;7;6;6;1;0;1;0
13075810;Rio Preto da Eva;3;2;0;1;114;8;7;7;0;0;1;0
13077805;Rio Preto da Eva;3;1;0;1;139;19;6;5;1;0;1;0
13081853;Rio Preto da Eva;3;1;0;1;841;37;30;15;1;1;1;0
13081861;Rio Preto da Eva;3;1;0;1;339;15;14;7;1;0;1;0
13081870;Rio Preto da Eva;3;1;0;1;601;35;26;13;1;1;1;0
13084410;Rio Preto da Eva;2;1;0;1;894;33;26;10;1;1;1;0
13090445;Rio Preto da Eva;3;1;0;1;601;21;28;13;1;0;1;0
13092189;Rio Preto da Eva;4;1;0;1;;;;3;1;0;1;0
13093835;Rio Preto da Eva;2;1;0;1;188;23;6;9;1;0;1;0
13097253;Rio Preto da Eva;3;1;2;1;103;8;5;4;1;0;1;0
13101463;Rio Preto da Eva;3;2;0;1;707;34;25;10;1;0;0;0
13103032;Rio Preto da Eva;4;1;0;1;21;2;1;3;1;0;1;0
13104136;Rio Preto da Eva;3;1;0;1;50;10;4;8;1;0;1;0
13104144;Rio Preto da Eva;4;1;0;1;43;6;8;5;1;1;1;0
13104624;Rio Preto da Eva;3;1;0;1;282;28;13;10;1;0;1;0
13105434;Rio Preto da Eva;3;2;0;1;77;5;4;4;1;0;1;0
13106228;Rio Preto da Eva;3;2;0;1;29;2;2;2;1;0;1;0
13108336;Rio Preto da Eva;3;2;0;1;105;5;4;3;1;0;1;0
13110551;Rio Preto da Eva;3;2;0;1;34;2;2;2;1;0;0;0
13222201;Rio Preto da Eva;2;2;0;1;134;38;9;9;1;0;1;0
13229206;Rio Preto da Eva;3;2;0;1;462;22;20;9;1;1;1;0
13000829;Santa Isabel do Rio Negro;3;2;;2;;;;;;;;
13000837;Santa Isabel do Rio Negro;2;1;0;1;416;49;15;9;1;1;1;0
13000853;Santa Isabel do Rio Negro;3;2;;2;;;;;;;;
13000861;Santa Isabel do Rio Negro;3;2;8;1;45;8;4;5;0;0;1;1
13000888;Santa Isabel do Rio Negro;3;2;2;1;21;5;4;3;0;0;1;1
13000900;Santa Isabel do Rio Negro;3;2;;2;;;;;;;;
13000918;Santa Isabel do Rio Negro;3;2;2;1;27;6;4;3;0;0;1;1
13000926;Santa Isabel do Rio Negro;3;2;;2;;;;;;;;
13000934;Santa Isabel do Rio Negro;3;2;;2;;;;;;;;
13000977;Santa Isabel do Rio Negro;3;2;2;1;18;5;3;1;0;0;1;1
13000985;Santa Isabel do Rio Negro;3;2;2;1;65;9;5;3;0;0;1;0
13000993;Santa Isabel do Rio Negro;3;2;8;1;15;2;2;1;0;0;1;1
13001000;Santa Isabel do Rio Negro;3;2;8;1;58;11;7;3;0;0;1;0
13001027;Santa Isabel do Rio Negro;3;2;2;1;73;15;10;7;0;0;1;0
13001035;Santa Isabel do Rio Negro;3;2;8;1;36;7;4;4;0;0;0;1
13001043;Santa Isabel do Rio Negro;3;2;;2;;;;;;;;
13001051;Santa Isabel do Rio Negro;3;2;;2;;;;;;;;
13001060;Santa Isabel do Rio Negro;3;2;;2;;;;;;;;
13001078;Santa Isabel do Rio Negro;2;2;2;1;530;113;82;44;1;0;1;0
13001086;Santa Isabel do Rio Negro;2;1;0;1;805;31;31;15;1;1;1;0
13001094;Santa Isabel do Rio Negro;3;2;2;1;29;5;3;4;0;0;1;0
13001108;Santa Isabel do Rio Negro;3;2;;2;;;;;;;;
13001124;Santa Isabel do Rio Negro;3;2;2;1;27;4;2;4;0;0;1;1
13001140;Santa Isabel do Rio Negro;3;2;8;1;46;9;4;7;0;0;1;0
13001159;Santa Isabel do Rio Negro;3;2;2;1;34;8;3;5;0;0;1;1
13001167;Santa Isabel do Rio Negro;3;2;2;1;45;7;4;3;0;0;1;1
13001175;Santa Isabel do Rio Negro;3;2;2;1;8;1;1;2;0;0;1;1
13001191;Santa Isabel do Rio Negro;3;2;8;1;21;4;2;2;0;0;1;1
13056581;Santa Isabel do Rio Negro;3;2;2;1;27;3;3;2;0;0;1;1
13068083;Santa Isabel do Rio Negro;3;2;8;1;71;10;6;6;0;0;1;0
13071300;Santa Isabel do Rio Negro;3;2;2;1;17;4;2;3;0;0;1;1
13071319;Santa Isabel do Rio Negro;3;2;;2;;;;;;;;
13080016;Santa Isabel do Rio Negro;3;1;0;1;65;4;2;2;0;0;1;0
13080024;Santa Isabel do Rio Negro;3;2;2;1;84;7;6;5;0;0;1;1
13080032;Santa Isabel do Rio Negro;3;2;2;1;7;2;2;1;0;0;1;1
13081063;Santa Isabel do Rio Negro;3;1;0;1;686;47;34;20;1;1;1;0
13081829;Santa Isabel do Rio Negro;3;1;0;1;273;17;14;8;0;1;1;0
13084771;Santa Isabel do Rio Negro;3;1;0;1;88;4;2;2;0;0;1;0
13089552;Santa Isabel do Rio Negro;3;2;2;1;83;4;6;2;0;0;1;1
13089560;Santa Isabel do Rio Negro;3;2;2;1;103;7;11;6;0;0;1;1
13089579;Santa Isabel do Rio Negro;3;2;2;1;150;7;9;5;0;0;1;1
13089587;Santa Isabel do Rio Negro;3;2;2;1;220;7;11;3;0;0;1;1
13089609;Santa Isabel do Rio Negro;3;2;2;1;78;3;5;2;0;0;1;1
13091948;Santa Isabel do Rio Negro;3;2;;2;;;;;;;;
13091956;Santa Isabel do Rio Negro;3;2;2;1;132;17;10;7;0;0;1;1
13091972;Santa Isabel do Rio Negro;3;2;2;1;21;4;2;2;0;0;1;1
13091999;Santa Isabel do Rio Negro;3;2;2;1;23;5;3;4;0;0;1;1
13094335;Santa Isabel do Rio Negro;2;1;0;1;212;31;5;10;1;0;1;0
13094890;Santa Isabel do Rio Negro;3;2;2;1;22;3;2;2;0;0;1;1
13097121;Santa Isabel do Rio Negro;3;2;2;1;42;6;4;2;0;0;1;1
13098101;Santa Isabel do Rio Negro;3;2;8;1;26;4;4;1;0;0;1;1
13103520;Santa Isabel do Rio Negro;2;2;;2;;;;;;;;
13105140;Santa Isabel do Rio Negro;3;2;2;1;90;7;8;6;0;0;1;1
13105167;Santa Isabel do Rio Negro;3;2;2;1;46;4;4;3;0;0;1;0
13105183;Santa Isabel do Rio Negro;3;2;2;1;75;4;4;3;0;0;1;1
13105191;Santa Isabel do Rio Negro;3;2;2;1;55;3;3;1;0;0;1;1
13105213;Santa Isabel do Rio Negro;3;2;2;1;72;4;6;2;0;0;1;1
13105221;Santa Isabel do Rio Negro;3;2;2;1;77;4;4;2;0;0;1;1
13105906;Santa Isabel do Rio Negro;3;1;0;1;111;8;4;4;1;0;1;0
13128000;Santa Isabel do Rio Negro;3;2;;2;;;;;;;;
13234200;Santa Isabel do Rio Negro;2;2;0;1;115;37;10;10;1;0;1;0
13007246;Santo Antônio do Içá;3;2;2;1;113;11;9;4;1;0;1;0
13007254;Santo Antônio do Içá;3;2;2;1;153;16;11;6;1;1;1;0
13007262;Santo Antônio do Içá;3;2;2;1;43;7;5;4;1;0;1;0
13007289;Santo Antônio do Içá;3;2;0;1;60;4;4;2;0;0;1;0
13007297;Santo Antônio do Içá;3;2;2;1;320;37;16;8;1;1;1;0
13007300;Santo Antônio do Içá;2;1;0;1;883;53;27;9;1;1;0;0
13007327;Santo Antônio do Içá;2;2;0;1;566;32;25;10;1;0;0;0
13007351;Santo Antônio do Içá;2;1;0;1;988;53;29;10;1;1;1;0
13007378;Santo Antônio do Içá;3;2;0;1;768;48;27;13;1;0;1;0
13007386;Santo Antônio do Içá;3;1;0;1;142;9;5;5;1;1;1;0
13007475;Santo Antônio do Içá;3;2;2;1;13;1;1;1;0;0;1;1
13007521;Santo Antônio do Içá;2;2;0;1;33;30;11;5;0;0;1;0
13007530;Santo Antônio do Içá;2;1;0;1;390;18;12;6;1;1;1;0
13054384;Santo Antônio do Içá;3;2;2;1;9;1;1;1;0;0;1;1
13054805;Santo Antônio do Içá;3;2;2;1;91;12;8;4;1;0;1;0
13054856;Santo Antônio do Içá;3;2;2;1;34;4;4;3;0;0;1;0
13061135;Santo Antônio do Içá;3;2;2;1;365;41;22;9;1;0;1;0
13064380;Santo Antônio do Içá;3;2;2;1;46;5;4;2;0;0;1;0
13069640;Santo Antônio do Içá;2;1;0;1;893;57;28;10;0;1;1;0
13069675;Santo Antônio do Içá;3;2;2;1;28;3;3;3;0;0;1;0
13073974;Santo Antônio do Içá;3;1;0;1;548;34;21;9;1;1;1;0
13073982;Santo Antônio do Içá;3;2;2;1;53;5;5;2;1;0;1;0
13073990;Santo Antônio do Içá;3;2;2;1;30;4;3;1;0;0;1;0
13084828;Santo Antônio do Içá;3;1;0;1;516;34;22;12;1;0;1;0
13084844;Santo Antônio do Içá;3;1;0;1;554;23;24;12;1;0;1;0
13093851;Santo Antônio do Içá;2;1;0;1;116;14;3;10;1;1;1;0
13098535;Santo Antônio do Içá;3;2;2;1;164;23;13;6;1;0;1;0
13100181;Santo Antônio do Içá;3;2;2;1;36;5;3;2;1;0;1;0
13100211;Santo Antônio do Içá;3;2;0;1;90;10;8;5;0;0;1;0
13100220;Santo Antônio do Içá;3;2;2;1;149;15;13;6;1;0;1;0
13100319;Santo Antônio do Içá;3;2;2;1;33;3;3;2;1;0;1;0
13100327;Santo Antônio do Içá;3;1;0;1;236;15;12;6;1;0;1;0
13100335;Santo Antônio do Içá;3;2;2;1;48;5;4;2;0;0;1;0
13100343;Santo Antônio do Içá;3;1;0;1;393;40;14;8;1;0;1;0
13102540;Santo Antônio do Içá;3;2;;2;;;;;;;;
13103318;Santo Antônio do Içá;2;2;2;1;57;32;3;3;1;0;1;0
13103679;Santo Antônio do Içá;3;2;2;1;20;2;2;1;1;0;1;0
13103687;Santo Antônio do Içá;3;1;0;1;477;37;22;10;1;0;1;0
13103695;Santo Antônio do Içá;3;2;0;1;19;2;2;2;0;0;1;0
13104713;Santo Antônio do Içá;3;2;2;1;33;4;4;2;0;0;1;0
13106481;Santo Antônio do Içá;3;2;2;1;69;9;6;2;1;0;1;0
13106864;Santo Antônio do Içá;3;2;2;1;31;4;3;2;1;0;1;0
13107046;Santo Antônio do Içá;3;2;0;1;196;28;14;8;0;0;1;0
13107054;Santo Antônio do Içá;3;2;2;1;47;5;4;1;0;0;1;0
13107070;Santo Antônio do Içá;3;2;2;1;16;2;2;2;0;0;1;0
13108123;Santo Antônio do Içá;3;2;2;1;52;7;6;3;0;0;1;0
13108131;Santo Antônio do Içá;3;2;2;1;93;13;9;3;0;0;1;0
13108140;Santo Antônio do Içá;3;2;0;1;68;12;7;4;1;0;1;0
13108158;Santo Antônio do Içá;3;2;2;1;46;5;4;2;0;0;1;0
13108352;Santo Antônio do Içá;3;2;0;1;46;5;5;3;0;0;1;0
13108360;Santo Antônio do Içá;3;2;2;1;39;4;4;1;0;0;1;0
13108387;Santo Antônio do Içá;3;2;2;1;42;4;4;2;0;0;1;0
13109073;Santo Antônio do Içá;3;2;0;1;13;1;1;1;0;0;1;0
13109081;Santo Antônio do Içá;3;2;0;1;43;4;4;2;0;0;1;0
13109090;Santo Antônio do Içá;3;2;2;1;22;2;2;1;0;0;1;0
13109103;Santo Antônio do Içá;3;2;2;1;51;6;5;2;0;0;1;0
13109111;Santo Antônio do Içá;3;2;2;1;30;5;4;3;0;0;1;0
13109120;Santo Antônio do Içá;3;2;2;1;29;4;3;2;0;0;1;0
13110241;Santo Antônio do Içá;3;2;0;1;41;2;3;1;0;0;1;0
13110250;Santo Antônio do Içá;3;2;2;1;24;3;3;1;0;0;1;0
13110268;Santo Antônio do Içá;3;2;0;1;94;8;7;3;0;0;1;0
13110276;Santo Antônio do Içá;3;2;2;1;29;3;2;1;0;0;1;0
13110560;Santo Antônio do Içá;3;2;2;1;158;20;10;5;1;1;1;0
13177206;Santo Antônio do Içá;3;2;2;1;428;34;20;10;1;0;1;0
13178202;Santo Antônio do Içá;3;2;2;1;216;20;14;7;1;1;1;0
13223240;Santo Antônio do Içá;2;2;0;1;201;35;6;9;1;0;1;0
13271202;Santo Antônio do Içá;3;2;2;1;30;3;3;5;0;0;1;0
13283219;Santo Antônio do Içá;3;2;2;1;107;17;10;5;1;0;1;0
13284215;Santo Antônio do Içá;3;2;0;1;11;1;1;1;0;0;1;0
13106961;Santo Antônio do Içá;3;2;0;1;183;16;8;4;1;0;1;0
13001205;São Gabriel da Cachoeira;4;1;;2;;;;;;;;
13001302;São Gabriel da Cachoeira;3;2;2;1;78;6;6;4;1;0;1;1
13001337;São Gabriel da Cachoeira;2;1;;2;;;;;;;;
13001345;São Gabriel da Cachoeira;2;2;2;1;364;44;29;23;1;1;0;0
13001353;São Gabriel da Cachoeira;3;2;2;1;91;7;7;8;0;0;1;0
13001370;São Gabriel da Cachoeira;2;2;2;1;81;16;12;7;0;0;1;1
13001388;São Gabriel da Cachoeira;2;2;2;1;120;20;18;13;0;1;1;1
13001396;São Gabriel da Cachoeira;2;1;0;1;1241;48;44;18;1;1;1;0
13001400;São Gabriel da Cachoeira;2;2;2;1;439;30;21;14;1;1;1;0
13001442;São Gabriel da Cachoeira;3;2;2;1;32;3;3;3;1;0;1;0
13001477;São Gabriel da Cachoeira;3;2;2;1;17;2;2;2;0;0;1;1
13001493;São Gabriel da Cachoeira;3;2;2;1;14;2;2;2;0;0;1;1
13001574;São Gabriel da Cachoeira;3;2;2;1;88;6;5;3;0;0;1;1
13001604;São Gabriel da Cachoeira;3;2;2;1;63;6;5;2;0;0;1;1
13001701;São Gabriel da Cachoeira;3;2;2;1;26;2;2;1;0;0;1;1
13001906;São Gabriel da Cachoeira;3;2;2;1;80;8;5;2;0;0;1;1
13001914;São Gabriel da Cachoeira;3;2;2;1;90;7;6;4;0;0;1;1
13001973;São Gabriel da Cachoeira;3;2;2;1;38;3;3;1;1;0;1;0
13001981;São Gabriel da Cachoeira;3;2;;2;;;;;;;;
13002031;São Gabriel da Cachoeira;3;2;2;1;69;8;5;8;0;0;1;1
13002090;São Gabriel da Cachoeira;3;2;2;1;13;1;1;1;0;0;1;1
13002112;São Gabriel da Cachoeira;3;2;2;1;20;2;2;1;0;0;1;1
13002180;São Gabriel da Cachoeira;2;2;2;1;134;16;17;13;0;0;1;1
13002341;São Gabriel da Cachoeira;3;2;2;1;37;4;2;4;0;0;1;1
13002350;São Gabriel da Cachoeira;2;1;0;1;323;14;12;6;1;1;1;0
13002368;São Gabriel da Cachoeira;2;2;2;1;805;68;33;12;0;1;1;0
13002406;São Gabriel da Cachoeira;3;2;2;1;61;5;4;2;0;0;1;1
13002414;São Gabriel da Cachoeira;3;2;2;1;33;3;3;1;0;0;1;1
13002422;São Gabriel da Cachoeira;3;2;2;1;50;3;3;3;0;0;1;1
13002473;São Gabriel da Cachoeira;3;2;2;1;129;10;6;8;0;0;1;0
13002511;São Gabriel da Cachoeira;3;2;2;1;81;7;5;5;0;0;1;1
13002600;São Gabriel da Cachoeira;3;2;2;1;101;9;9;6;0;1;1;1
13002619;São Gabriel da Cachoeira;3;2;2;1;71;6;5;2;0;0;1;1
13002627;São Gabriel da Cachoeira;3;2;;2;;;;;;;;
13002694;São Gabriel da Cachoeira;2;2;2;1;369;50;37;33;1;1;1;0
13002708;São Gabriel da Cachoeira;3;2;2;1;78;6;5;4;0;0;1;1
13002767;São Gabriel da Cachoeira;3;2;2;1;47;5;4;4;0;0;1;1
13002830;São Gabriel da Cachoeira;3;2;2;1;55;5;5;4;0;0;1;1
13002880;São Gabriel da Cachoeira;2;2;2;1;285;46;30;26;1;1;1;0
13002929;São Gabriel da Cachoeira;3;2;2;1;112;9;8;5;0;0;1;1
13002970;São Gabriel da Cachoeira;3;2;2;1;102;9;6;3;0;0;1;1
13057600;São Gabriel da Cachoeira;1;1;0;1;752;57;24;20;1;1;1;0
13063740;São Gabriel da Cachoeira;3;2;2;1;8;1;1;1;0;0;1;1
13063910;São Gabriel da Cachoeira;3;2;2;1;13;1;1;1;0;0;1;1
13064002;São Gabriel da Cachoeira;3;2;2;1;33;3;3;2;0;0;1;1
13064371;São Gabriel da Cachoeira;3;2;2;1;53;5;5;2;0;0;1;1
13067184;São Gabriel da Cachoeira;3;1;0;1;781;38;40;20;1;1;0;0
13067192;São Gabriel da Cachoeira;3;2;2;1;154;16;14;4;0;0;0;0
13072110;São Gabriel da Cachoeira;2;1;0;1;1228;73;35;15;1;1;1;0
13079743;São Gabriel da Cachoeira;3;2;2;1;24;3;2;2;0;0;1;1
13081977;São Gabriel da Cachoeira;3;1;0;1;350;30;14;14;1;1;1;0
13081985;São Gabriel da Cachoeira;3;2;2;1;17;1;2;2;0;0;1;1
13082051;São Gabriel da Cachoeira;3;2;2;1;16;1;1;2;0;0;1;1
13082060;São Gabriel da Cachoeira;3;2;2;1;10;1;1;1;0;0;1;1
13082086;São Gabriel da Cachoeira;3;2;2;1;73;7;6;3;0;0;1;0
13082094;São Gabriel da Cachoeira;3;2;2;1;57;4;3;2;0;0;1;1
13082124;São Gabriel da Cachoeira;3;2;2;1;43;3;3;3;0;0;1;1
13082140;São Gabriel da Cachoeira;3;2;2;1;207;12;12;6;0;0;1;1
13085522;São Gabriel da Cachoeira;3;2;2;1;66;5;5;5;0;0;1;1
13085530;São Gabriel da Cachoeira;3;2;2;1;13;1;1;1;0;0;1;0
13085549;São Gabriel da Cachoeira;3;1;0;1;1737;77;68;32;1;0;1;0
13085573;São Gabriel da Cachoeira;3;2;2;1;47;3;3;2;0;0;1;1
13085590;São Gabriel da Cachoeira;3;2;2;1;10;1;1;1;0;0;1;1
13085611;São Gabriel da Cachoeira;3;2;2;1;22;2;2;2;0;0;1;1
13085646;São Gabriel da Cachoeira;3;2;2;1;19;2;2;2;0;0;1;1
13085654;São Gabriel da Cachoeira;3;2;2;1;9;1;1;1;0;0;1;1
13085670;São Gabriel da Cachoeira;3;2;;2;;;;;;;;
13085689;São Gabriel da Cachoeira;3;2;2;1;21;2;2;2;0;0;1;1
13085697;São Gabriel da Cachoeira;3;2;2;1;6;1;1;1;0;0;1;1
13085700;São Gabriel da Cachoeira;3;2;2;1;32;2;2;2;0;0;1;1
13085719;São Gabriel da Cachoeira;3;2;2;1;48;4;3;3;0;0;1;1
13085727;São Gabriel da Cachoeira;3;2;2;1;8;1;1;1;0;0;1;1
13085735;São Gabriel da Cachoeira;3;2;2;1;8;1;1;1;0;0;1;1
13085743;São Gabriel da Cachoeira;3;2;;2;;;;;;;;
13085751;São Gabriel da Cachoeira;3;2;2;1;26;2;2;1;0;0;1;1
13085760;São Gabriel da Cachoeira;3;2;2;1;53;5;4;3;0;0;1;1
13085778;São Gabriel da Cachoeira;3;2;2;1;28;3;3;5;0;0;1;1
13085786;São Gabriel da Cachoeira;3;2;2;1;14;1;1;2;0;0;1;1
13085794;São Gabriel da Cachoeira;3;2;2;1;61;5;4;1;1;0;1;0
13085808;São Gabriel da Cachoeira;3;2;2;1;50;3;3;4;0;0;1;1
13085816;São Gabriel da Cachoeira;3;2;2;1;67;7;5;3;0;0;1;1
13085824;São Gabriel da Cachoeira;3;2;2;1;13;1;1;1;0;0;1;1
13085832;São Gabriel da Cachoeira;3;2;2;1;34;3;2;1;0;0;1;1
13085840;São Gabriel da Cachoeira;3;2;2;1;8;1;1;1;0;0;1;1
13085859;São Gabriel da Cachoeira;3;2;2;1;70;6;5;4;0;0;1;1
13085867;São Gabriel da Cachoeira;3;2;2;1;109;10;10;4;0;0;1;1
13085875;São Gabriel da Cachoeira;3;2;2;1;17;1;2;1;0;0;1;1
13085883;São Gabriel da Cachoeira;3;2;2;1;13;1;1;1;0;0;1;1
13085905;São Gabriel da Cachoeira;3;2;2;1;9;1;1;1;0;0;1;1
13085913;São Gabriel da Cachoeira;3;2;2;1;38;3;3;2;0;0;1;1
13085921;São Gabriel da Cachoeira;3;2;2;1;30;3;3;3;0;0;1;1
13085930;São Gabriel da Cachoeira;3;2;2;1;26;2;2;2;0;0;1;1
13085948;São Gabriel da Cachoeira;3;2;2;1;9;1;1;1;0;0;1;1
13085956;São Gabriel da Cachoeira;3;2;2;1;13;1;1;1;0;0;1;1
13085964;São Gabriel da Cachoeira;3;2;2;1;8;1;1;1;0;0;1;1
13085972;São Gabriel da Cachoeira;3;2;2;1;44;3;3;4;0;0;1;1
13085999;São Gabriel da Cachoeira;3;2;2;1;8;1;1;1;0;0;1;1
13086006;São Gabriel da Cachoeira;3;2;2;1;12;1;1;1;0;0;1;1
13086014;São Gabriel da Cachoeira;3;2;2;1;37;2;3;3;0;0;0;1
13086030;São Gabriel da Cachoeira;3;2;2;1;37;3;3;3;0;0;1;1
13086057;São Gabriel da Cachoeira;3;2;;2;;;;;;;;
13086073;São Gabriel da Cachoeira;3;2;2;1;17;1;1;1;0;0;1;1
13086090;São Gabriel da Cachoeira;3;2;2;1;10;1;1;2;0;0;1;1
13086111;São Gabriel da Cachoeira;3;2;2;1;39;3;3;2;0;0;1;1
13086138;São Gabriel da Cachoeira;3;2;2;1;118;11;10;2;0;0;1;0
13086154;São Gabriel da Cachoeira;3;2;2;1;23;2;2;2;1;0;1;0
13086170;São Gabriel da Cachoeira;3;2;2;1;18;2;2;1;0;0;1;1
13086189;São Gabriel da Cachoeira;3;2;2;1;34;3;3;3;0;0;1;1
13086200;São Gabriel da Cachoeira;3;2;2;1;17;2;2;2;0;0;1;1
13086219;São Gabriel da Cachoeira;3;2;2;1;13;1;1;1;0;0;1;1
13086243;São Gabriel da Cachoeira;3;2;2;1;71;5;5;2;0;0;1;1
13086251;São Gabriel da Cachoeira;3;2;2;1;16;1;1;2;0;0;1;1
13086260;São Gabriel da Cachoeira;3;2;2;1;20;2;2;3;0;0;1;1
13086278;São Gabriel da Cachoeira;3;2;2;1;21;2;2;2;0;0;1;1
13086294;São Gabriel da Cachoeira;3;2;2;1;62;5;4;4;0;0;1;1
13086316;São Gabriel da Cachoeira;3;2;2;1;84;5;5;4;0;0;1;1
13086332;São Gabriel da Cachoeira;3;2;2;1;84;8;6;5;0;0;1;1
13086340;São Gabriel da Cachoeira;3;2;2;1;36;4;4;4;0;0;1;1
13086359;São Gabriel da Cachoeira;3;2;2;1;32;2;2;2;1;0;1;0
13086367;São Gabriel da Cachoeira;3;2;2;1;17;2;1;1;0;0;1;1
13086383;São Gabriel da Cachoeira;3;2;2;1;35;3;3;2;0;0;1;1
13086391;São Gabriel da Cachoeira;3;2;2;1;50;5;5;2;0;0;1;1
13086405;São Gabriel da Cachoeira;3;2;2;1;42;4;3;2;0;0;1;1
13086413;São Gabriel da Cachoeira;3;2;2;1;14;1;1;1;0;0;1;1
13086421;São Gabriel da Cachoeira;3;2;2;1;33;4;3;2;0;1;1;1
13086430;São Gabriel da Cachoeira;3;2;2;1;34;3;3;1;0;0;1;1
13086448;São Gabriel da Cachoeira;3;2;2;1;24;2;2;2;0;0;1;1
13086456;São Gabriel da Cachoeira;3;2;2;1;86;6;7;4;0;0;1;1
13086472;São Gabriel da Cachoeira;3;2;2;1;15;1;1;1;0;0;1;1
13086480;São Gabriel da Cachoeira;3;2;;2;;;;;;;;
13086499;São Gabriel da Cachoeira;3;2;2;1;10;1;1;2;0;0;1;1
13086502;São Gabriel da Cachoeira;3;2;2;1;17;2;2;2;0;0;1;1
13086537;São Gabriel da Cachoeira;3;2;2;1;23;2;2;2;0;0;1;1
13086561;São Gabriel da Cachoeira;3;2;;2;;;;;;;;
13086588;São Gabriel da Cachoeira;3;2;2;1;27;2;2;1;0;0;1;1
13086600;São Gabriel da Cachoeira;3;2;2;1;50;4;4;3;0;0;1;1
13086618;São Gabriel da Cachoeira;3;2;2;1;25;2;2;1;0;0;1;1
13086626;São Gabriel da Cachoeira;3;2;2;1;12;1;1;1;0;0;1;1
13086634;São Gabriel da Cachoeira;3;2;2;1;8;1;1;1;0;0;1;1
13086677;São Gabriel da Cachoeira;3;2;2;1;15;1;1;1;0;0;1;1
13086685;São Gabriel da Cachoeira;3;2;2;1;40;3;3;2;0;0;1;1
13086693;São Gabriel da Cachoeira;3;2;2;1;35;3;3;2;0;0;1;1
13086707;São Gabriel da Cachoeira;3;2;2;1;34;3;2;2;0;0;1;1
13086715;São Gabriel da Cachoeira;3;2;2;1;42;4;4;2;0;0;1;1
13086723;São Gabriel da Cachoeira;3;2;2;1;13;1;1;1;0;0;1;1
13086731;São Gabriel da Cachoeira;3;2;2;1;9;1;1;1;0;0;1;1
13086758;São Gabriel da Cachoeira;3;2;2;1;34;2;2;2;0;0;1;1
13086782;São Gabriel da Cachoeira;3;2;2;1;15;2;2;1;0;0;1;1
13086804;São Gabriel da Cachoeira;3;2;2;1;9;1;1;1;0;0;1;1
13086820;São Gabriel da Cachoeira;3;2;2;1;138;11;10;10;0;0;1;1
13086847;São Gabriel da Cachoeira;3;2;2;1;11;1;1;1;0;0;1;1
13086855;São Gabriel da Cachoeira;3;2;2;1;66;5;5;3;0;0;1;1
13086898;São Gabriel da Cachoeira;3;2;2;1;63;5;4;3;0;0;1;1
13086910;São Gabriel da Cachoeira;3;2;2;1;11;1;1;1;0;0;1;1
13086928;São Gabriel da Cachoeira;3;2;;2;;;;;;;;
13086936;São Gabriel da Cachoeira;3;2;2;1;29;2;2;2;0;0;1;1
13086952;São Gabriel da Cachoeira;3;2;2;1;19;1;1;2;0;0;1;1
13086960;São Gabriel da Cachoeira;3;2;2;1;80;5;5;3;0;0;1;1
13086979;São Gabriel da Cachoeira;3;2;2;1;30;2;2;1;1;0;1;0
13086987;São Gabriel da Cachoeira;3;2;2;1;20;1;1;1;0;0;1;1
13086995;São Gabriel da Cachoeira;3;2;2;1;44;3;3;2;0;0;1;1
13087002;São Gabriel da Cachoeira;3;2;2;1;25;2;2;1;0;0;1;1
13087010;São Gabriel da Cachoeira;3;2;2;1;29;3;3;2;0;0;1;1
13087037;São Gabriel da Cachoeira;3;2;2;1;10;1;1;1;0;0;1;1
13087045;São Gabriel da Cachoeira;3;2;2;1;11;1;1;1;0;0;1;1
13087053;São Gabriel da Cachoeira;3;2;2;1;65;5;5;6;0;0;1;1
13087061;São Gabriel da Cachoeira;3;2;2;1;140;8;8;7;0;0;1;1
13087070;São Gabriel da Cachoeira;3;2;2;1;23;2;2;1;0;0;1;1
13087088;São Gabriel da Cachoeira;3;2;2;1;32;3;3;3;0;0;1;1
13087096;São Gabriel da Cachoeira;3;2;2;1;13;1;1;1;0;0;1;1
13087100;São Gabriel da Cachoeira;3;2;2;1;12;1;1;1;0;0;1;1
13087118;São Gabriel da Cachoeira;3;2;2;1;32;2;2;1;0;0;1;1
13087134;São Gabriel da Cachoeira;3;2;2;1;27;3;3;3;0;0;1;1
13089935;São Gabriel da Cachoeira;2;1;0;1;87;10;3;10;1;1;1;0
13091980;São Gabriel da Cachoeira;3;2;2;1;40;3;3;2;0;0;1;1
13092006;São Gabriel da Cachoeira;3;2;2;1;7;1;1;1;0;0;1;1
13092014;São Gabriel da Cachoeira;3;2;2;1;32;3;2;4;1;0;1;0
13092022;São Gabriel da Cachoeira;3;2;2;1;25;2;3;3;0;0;1;1
13092049;São Gabriel da Cachoeira;3;2;;2;;;;;;;;
13092057;São Gabriel da Cachoeira;3;2;2;1;42;4;4;2;0;0;1;1
13092065;São Gabriel da Cachoeira;3;2;2;1;20;2;2;2;0;0;1;1
13092081;São Gabriel da Cachoeira;3;2;2;1;282;16;16;6;0;0;1;1
13095145;São Gabriel da Cachoeira;3;2;2;1;45;4;3;2;0;0;1;1
13095170;São Gabriel da Cachoeira;3;2;2;1;39;3;3;3;0;0;1;1
13095188;São Gabriel da Cachoeira;3;2;2;1;12;1;1;1;0;0;1;1
13095196;São Gabriel da Cachoeira;3;2;;2;;;;;;;;
13095218;São Gabriel da Cachoeira;3;2;2;1;28;1;1;1;0;0;1;1
13095226;São Gabriel da Cachoeira;3;2;2;1;11;1;1;1;0;0;1;1
13095803;São Gabriel da Cachoeira;3;2;2;1;10;1;1;1;0;0;1;1
13096672;São Gabriel da Cachoeira;2;1;0;1;919;41;29;13;1;1;1;0
13098969;São Gabriel da Cachoeira;3;2;2;1;22;2;2;2;0;0;1;1
13098985;São Gabriel da Cachoeira;3;2;2;1;18;1;1;1;0;0;1;1
13098993;São Gabriel da Cachoeira;3;2;2;1;39;3;3;1;0;0;1;1
13099019;São Gabriel da Cachoeira;3;2;2;1;16;2;2;1;0;0;1;1
13101528;São Gabriel da Cachoeira;3;1;0;1;;;;6;0;0;1;0
13101935;São Gabriel da Cachoeira;3;2;;2;;;;;;;;
13101960;São Gabriel da Cachoeira;3;2;2;1;21;2;2;2;0;0;1;1
13102290;São Gabriel da Cachoeira;2;2;2;1;184;22;13;6;0;1;1;0
13102303;São Gabriel da Cachoeira;2;2;2;1;144;25;17;4;0;0;1;0
13103113;São Gabriel da Cachoeira;3;2;2;1;27;2;2;2;0;0;1;1
13103121;São Gabriel da Cachoeira;3;2;2;1;11;1;1;1;0;0;1;1
13103466;São Gabriel da Cachoeira;2;1;0;1;835;26;22;22;1;1;1;0
13105019;São Gabriel da Cachoeira;3;2;;2;;;;;;;;
13108212;São Gabriel da Cachoeira;3;2;2;1;45;4;4;3;0;0;1;0
13108450;São Gabriel da Cachoeira;3;1;0;1;436;31;20;20;0;0;1;0
13112805;São Gabriel da Cachoeira;3;2;2;1;72;6;5;3;0;0;1;1
13113208;São Gabriel da Cachoeira;3;2;2;1;7;1;1;1;0;0;1;1
13114000;São Gabriel da Cachoeira;3;2;;2;;;;;;;;
13114204;São Gabriel da Cachoeira;3;2;;2;;;;;;;;
13114409;São Gabriel da Cachoeira;3;2;;2;;;;;;;;
13121006;São Gabriel da Cachoeira;3;2;2;1;26;2;2;1;0;0;1;1
13121200;São Gabriel da Cachoeira;3;2;2;1;20;2;2;1;0;0;1;1
13121405;São Gabriel da Cachoeira;3;2;2;1;16;1;1;1;0;0;1;1
13129406;São Gabriel da Cachoeira;3;2;2;1;16;1;2;2;0;0;1;1
13129600;São Gabriel da Cachoeira;3;2;2;1;7;1;1;1;0;0;1;1
13129805;São Gabriel da Cachoeira;3;2;2;1;9;1;1;1;0;0;1;1
13130404;São Gabriel da Cachoeira;3;2;2;1;57;4;3;2;0;0;1;1
13147200;São Gabriel da Cachoeira;3;2;2;1;35;3;3;2;0;0;1;1
13147226;São Gabriel da Cachoeira;3;2;2;1;61;6;5;2;1;0;1;0
13148206;São Gabriel da Cachoeira;3;2;;2;;;;;;;;
13149202;São Gabriel da Cachoeira;3;2;2;1;7;1;1;1;0;0;1;1
13149229;São Gabriel da Cachoeira;3;2;2;1;9;1;1;1;0;0;1;1
13151207;São Gabriel da Cachoeira;3;2;2;1;7;1;1;3;0;0;1;1
13152203;São Gabriel da Cachoeira;3;2;2;1;44;4;4;2;0;0;1;1
13263200;São Gabriel da Cachoeira;4;1;0;1;271;13;15;10;1;1;1;0
13311220;São Gabriel da Cachoeira;4;1;0;1;87;3;5;4;1;0;1;0
13316249;São Gabriel da Cachoeira;3;2;2;1;17;1;1;1;1;0;1;0
13316257;São Gabriel da Cachoeira;3;2;2;1;6;1;1;1;0;0;1;1
13316273;São Gabriel da Cachoeira;3;2;2;1;12;1;1;1;0;0;1;0
13318233;São Gabriel da Cachoeira;3;2;2;1;20;2;2;1;1;0;1;1
13318250;São Gabriel da Cachoeira;3;2;2;1;14;1;1;1;0;0;1;1
13318284;São Gabriel da Cachoeira;3;2;2;1;14;1;1;1;0;0;1;1
13318292;São Gabriel da Cachoeira;3;2;2;1;9;1;1;1;0;0;1;1
13319248;São Gabriel da Cachoeira;3;2;2;1;84;6;6;3;1;0;1;0
13319264;São Gabriel da Cachoeira;3;2;2;1;30;3;3;3;0;0;1;1
13320238;São Gabriel da Cachoeira;3;2;;2;;;;;;;;
13320246;São Gabriel da Cachoeira;3;2;2;1;10;1;1;1;0;0;1;1
13320262;São Gabriel da Cachoeira;3;2;2;1;35;4;3;2;0;0;1;1
13320289;São Gabriel da Cachoeira;3;2;2;1;29;1;1;2;0;0;1;1
13092073;São Gabriel da Cachoeira;3;2;2;1;20;1;1;1;0;0;1;0
13002716;São Gabriel da Cachoeira;3;2;2;1;25;2;2;2;0;0;1;1
13002732;São Gabriel da Cachoeira;3;2;2;1;6;1;1;1;0;0;1;1
13002872;São Gabriel da Cachoeira;3;2;2;1;120;22;13;9;0;0;1;1
13095137;São Gabriel da Cachoeira;3;2;2;1;9;1;1;1;0;0;1;1
13113801;São Gabriel da Cachoeira;3;2;2;1;32;3;3;1;0;0;1;1
13007556;São Paulo de Olivença;3;2;2;1;79;7;6;4;1;0;1;0
13007564;São Paulo de Olivença;3;2;2;1;87;7;5;4;1;0;1;0
13007599;São Paulo de Olivença;3;2;2;1;39;5;4;2;1;0;1;0
13007602;São Paulo de Olivença;3;2;2;1;20;3;3;2;1;0;1;0
13007645;São Paulo de Olivença;3;2;2;1;105;9;10;4;1;0;1;0
13007661;São Paulo de Olivença;3;2;2;1;45;3;3;1;0;0;1;0
13007670;São Paulo de Olivença;3;2;2;1;155;16;15;6;1;0;1;0
13007696;São Paulo de Olivença;3;2;2;1;171;14;11;6;1;0;1;0
13007718;São Paulo de Olivença;3;2;2;1;44;5;4;3;0;0;1;1
13007726;São Paulo de Olivença;2;1;0;1;273;15;12;6;1;1;1;0
13007734;São Paulo de Olivença;2;1;0;1;990;38;30;11;1;1;1;0
13007777;São Paulo de Olivença;3;2;2;1;22;1;1;1;0;0;1;1
13007807;São Paulo de Olivença;3;2;2;1;277;11;11;6;1;0;1;0
13054120;São Paulo de Olivença;3;2;2;1;22;1;2;2;0;0;1;0
13054147;São Paulo de Olivença;3;2;2;1;314;12;12;6;0;0;1;0
13054180;São Paulo de Olivença;3;2;2;1;12;1;1;4;0;0;1;0
13054198;São Paulo de Olivença;3;2;2;1;105;9;10;4;1;0;1;0
13054210;São Paulo de Olivença;3;2;2;1;157;13;11;6;0;0;1;0
13054244;São Paulo de Olivença;3;2;2;1;140;11;10;6;1;0;1;0
13054252;São Paulo de Olivença;3;2;2;1;102;7;6;2;1;0;1;0
13054295;São Paulo de Olivença;3;2;2;1;49;4;4;2;1;0;1;0
13054317;São Paulo de Olivença;3;2;;2;;;;;;;;
13054368;São Paulo de Olivença;3;2;2;1;49;5;4;2;0;0;1;1
13054406;São Paulo de Olivença;3;2;2;1;114;9;8;4;1;0;1;0
13054503;São Paulo de Olivença;3;2;2;1;67;6;4;3;0;0;1;0
13054538;São Paulo de Olivença;3;2;2;1;71;5;4;2;1;0;1;0
13054651;São Paulo de Olivença;3;2;2;1;66;7;6;2;0;0;1;0
13054694;São Paulo de Olivença;3;2;2;1;66;6;6;4;1;0;1;0
13054724;São Paulo de Olivença;3;2;2;1;29;2;3;2;1;0;1;0
13063286;São Paulo de Olivença;2;1;0;1;526;21;20;10;1;1;1;0
13063294;São Paulo de Olivença;2;1;0;1;359;28;16;6;0;1;1;0
13063308;São Paulo de Olivença;2;2;0;1;307;46;20;6;1;1;1;0
13067524;São Paulo de Olivença;3;2;2;1;53;5;4;2;1;0;1;0
13067532;São Paulo de Olivença;3;2;2;1;138;13;11;4;0;0;1;0
13069527;São Paulo de Olivença;3;2;2;1;446;16;15;6;1;0;1;0
13069535;São Paulo de Olivença;3;2;2;1;70;5;5;3;1;0;1;0
13069543;São Paulo de Olivença;3;2;2;1;23;2;3;1;0;0;1;0
13069551;São Paulo de Olivença;3;2;2;1;36;3;3;2;0;0;1;1
13069578;São Paulo de Olivença;3;2;2;1;103;9;6;3;0;0;1;1
13074288;São Paulo de Olivença;3;2;2;1;24;2;2;1;0;0;1;1
13074296;São Paulo de Olivença;3;2;2;1;13;1;1;2;0;0;1;0
13076779;São Paulo de Olivença;3;2;2;1;50;3;3;2;0;0;1;0
13076795;São Paulo de Olivença;3;2;2;1;10;1;1;1;1;0;1;0
13076809;São Paulo de Olivença;3;1;0;1;149;10;10;5;1;0;1;0
13076817;São Paulo de Olivença;3;2;2;1;22;3;2;1;0;0;1;0
13080318;São Paulo de Olivença;3;2;2;1;17;1;1;1;0;0;1;0
13080326;São Paulo de Olivença;3;2;2;1;14;1;1;1;0;0;1;1
13080350;São Paulo de Olivença;3;2;2;1;221;14;10;6;1;1;1;0
13080369;São Paulo de Olivença;3;2;;2;;;;;;;;
13085190;São Paulo de Olivença;3;2;2;1;37;2;2;2;0;0;1;0
13085212;São Paulo de Olivença;3;2;2;1;48;3;3;2;1;0;1;0
13087991;São Paulo de Olivença;3;2;2;1;16;1;1;2;0;0;1;0
13096664;São Paulo de Olivença;2;2;2;1;415;22;16;7;0;1;1;0
13097660;São Paulo de Olivença;3;1;0;1;;;;6;1;0;1;0
13098500;São Paulo de Olivença;2;2;2;1;314;33;14;9;0;1;1;0
13098900;São Paulo de Olivença;3;2;2;1;29;1;2;1;0;0;1;1
13098918;São Paulo de Olivença;3;2;2;1;5;1;1;1;0;0;1;1
13098926;São Paulo de Olivença;3;2;2;1;5;1;1;1;0;0;1;0
13098942;São Paulo de Olivença;3;1;2;1;158;12;11;6;1;1;1;0
13098950;São Paulo de Olivença;3;1;2;1;382;18;13;7;1;0;1;0
13101552;São Paulo de Olivença;3;2;2;1;302;20;16;8;1;0;1;0
13101560;São Paulo de Olivença;3;2;2;1;99;8;7;4;1;0;1;0
13103881;São Paulo de Olivença;3;2;2;1;8;1;1;1;0;0;1;1
13103890;São Paulo de Olivença;3;1;0;1;204;16;16;8;0;0;1;0
13103903;São Paulo de Olivença;3;2;2;1;7;1;1;1;0;0;1;1
13104756;São Paulo de Olivença;3;1;0;1;670;49;30;12;1;1;1;0
13104799;São Paulo de Olivença;3;2;2;1;62;5;5;3;0;0;1;0
13104845;São Paulo de Olivença;3;2;2;1;17;1;2;1;0;0;1;0
13104853;São Paulo de Olivença;3;2;2;1;173;14;13;7;0;0;1;0
13106040;São Paulo de Olivença;3;1;0;1;523;33;30;15;0;1;1;0
13107453;São Paulo de Olivença;2;1;0;1;628;39;21;21;0;0;1;0
13108565;São Paulo de Olivença;3;1;0;1;646;49;29;16;0;0;1;0
13109146;São Paulo de Olivença;3;2;2;1;140;7;8;4;0;0;1;0
13110322;São Paulo de Olivença;3;2;2;1;193;9;12;6;0;0;1;0
13110330;São Paulo de Olivença;3;2;2;1;170;12;8;6;0;0;1;0
13224212;São Paulo de Olivença;2;2;0;1;327;56;27;27;1;0;1;0
13292218;São Paulo de Olivença;2;2;;2;;;;;;;;
13295217;São Paulo de Olivença;2;1;0;1;161;33;6;5;1;0;1;0
13300210;São Paulo de Olivença;3;2;2;1;9;1;1;1;0;0;1;1
13300229;São Paulo de Olivença;3;2;2;1;15;1;1;1;0;0;1;0
13301225;São Paulo de Olivença;3;2;2;1;136;9;10;3;1;0;1;0
13302213;São Paulo de Olivença;3;2;2;1;14;1;1;1;0;0;1;1
13316230;São Paulo de Olivença;3;2;2;1;9;1;1;1;0;0;1;0
13007742;São Paulo de Olivença;3;2;2;1;173;9;8;4;1;0;1;0
13007750;São Paulo de Olivença;3;2;2;1;239;12;11;6;1;0;1;0
13007785;São Paulo de Olivença;3;2;2;1;378;27;22;14;1;0;1;0
13054228;São Paulo de Olivença;3;2;;2;;;;;;;;
13076760;São Paulo de Olivença;3;2;2;1;224;12;12;6;1;0;1;0
13080342;São Paulo de Olivença;3;2;2;1;169;9;10;5;1;0;1;0
13301217;São Paulo de Olivença;3;2;2;1;33;3;3;3;1;0;1;0
13044133;São Sebastião do Uatumã;2;1;0;1;256;20;18;6;0;1;1;0
13044150;São Sebastião do Uatumã;3;2;0;1;20;1;2;3;1;0;1;0
13044206;São Sebastião do Uatumã;3;2;0;1;24;1;2;1;0;0;1;0
13044249;São Sebastião do Uatumã;3;2;0;1;31;2;3;2;1;0;1;0
13044257;São Sebastião do Uatumã;3;2;0;1;37;2;3;1;0;0;1;0
13044265;São Sebastião do Uatumã;3;2;0;1;32;2;4;2;1;0;1;0
13044281;São Sebastião do Uatumã;2;1;0;1;202;13;8;8;1;1;1;0
13044290;São Sebastião do Uatumã;3;2;0;1;17;1;2;1;0;0;1;0
13044320;São Sebastião do Uatumã;3;2;0;1;9;1;1;1;0;0;1;0
13066374;São Sebastião do Uatumã;3;2;0;1;28;1;3;2;1;0;1;0
13068695;São Sebastião do Uatumã;3;2;0;1;12;1;2;1;0;0;1;0
13068725;São Sebastião do Uatumã;3;2;0;1;26;1;3;2;0;0;1;0
13075080;São Sebastião do Uatumã;3;2;0;1;34;2;3;2;0;0;1;0
13079204;São Sebastião do Uatumã;3;2;0;1;21;2;3;3;0;0;1;0
13079212;São Sebastião do Uatumã;3;2;0;1;17;1;2;2;1;0;1;0
13081810;São Sebastião do Uatumã;2;2;0;1;189;33;13;5;0;0;1;0
13083090;São Sebastião do Uatumã;3;2;0;1;27;1;2;1;1;0;1;0
13083104;São Sebastião do Uatumã;3;2;0;1;22;2;3;2;0;0;1;0
13084542;São Sebastião do Uatumã;3;1;0;1;355;18;16;9;1;0;1;0
13088009;São Sebastião do Uatumã;3;1;0;1;397;23;20;12;1;1;1;0
13093860;São Sebastião do Uatumã;2;1;0;1;249;40;6;5;1;1;1;0
13102184;São Sebastião do Uatumã;2;2;0;1;53;26;6;6;1;0;1;0
13105558;São Sebastião do Uatumã;3;1;0;1;263;13;10;4;1;1;1;0
13105566;São Sebastião do Uatumã;3;2;0;1;14;1;2;1;0;0;1;0
13108794;São Sebastião do Uatumã;3;2;0;1;11;1;2;2;1;0;1;0
13109421;São Sebastião do Uatumã;3;1;0;1;117;6;4;2;1;0;1;0
13110870;São Sebastião do Uatumã;3;2;0;1;30;1;2;1;0;0;0;1
13110888;São Sebastião do Uatumã;3;2;0;1;18;1;2;1;0;0;0;1
13120603;São Sebastião do Uatumã;3;2;0;1;41;2;4;1;0;0;1;0
13304330;São Sebastião do Uatumã;2;1;0;1;462;24;21;12;1;1;1;0
13100262;São Sebastião do Uatumã;3;2;0;1;139;11;8;4;1;0;1;0
13036947;Silves;3;2;;2;;;;;;;;
13036955;Silves;3;2;;2;;;;;;;;
13036963;Silves;3;2;0;1;178;18;12;10;0;0;1;0
13036971;Silves;3;2;;2;;;;;;;;
13036980;Silves;3;2;0;1;226;27;21;9;1;1;1;0
13037013;Silves;2;1;0;1;601;51;31;10;0;1;1;0
13037030;Silves;3;2;0;1;113;16;12;12;0;0;1;0
13037072;Silves;3;2;0;1;136;16;12;11;1;0;1;0
13037080;Silves;3;2;;2;;;;;;;;
13037102;Silves;3;2;;2;;;;;;;;
13037129;Silves;3;2;0;1;144;17;12;12;0;0;1;0
13037145;Silves;3;2;0;1;143;15;11;11;0;0;1;0
13037161;Silves;3;2;;2;;;;;;;;
13037170;Silves;3;2;;2;;;;;;;;
13037196;Silves;3;2;;2;;;;;;;;
13037218;Silves;3;2;;2;;;;;;;;
13037250;Silves;3;2;0;1;166;16;12;11;0;1;1;0
13037269;Silves;2;2;0;1;137;58;12;5;1;0;1;0
13037331;Silves;3;2;;2;;;;;;;;
13037340;Silves;3;2;;2;;;;;;;;
13056824;Silves;3;2;;2;;;;;;;;
13056883;Silves;3;2;;2;;;;;;;;
13056891;Silves;3;2;;2;;;;;;;;
13075900;Silves;3;2;;2;;;;;;;;
13075918;Silves;3;1;;2;;;;;;;;
13079107;Silves;3;2;;2;;;;;;;;
13079115;Silves;3;2;;2;;;;;;;;
13079646;Silves;3;2;;2;;;;;;;;
13079654;Silves;3;2;0;1;233;17;13;13;0;1;1;0
13084518;Silves;3;2;;2;;;;;;;;
13089919;Silves;2;1;0;1;203;38;6;10;1;1;1;0
13102680;Silves;3;1;0;1;1296;103;72;32;1;0;1;0
13234218;Silves;2;2;0;1;317;55;25;25;1;0;1;0
13007840;Tabatinga;3;2;2;1;139;6;8;5;0;0;1;0
13007874;Tabatinga;2;1;0;1;945;45;35;11;1;0;1;0
13007890;Tabatinga;3;2;2;1;123;4;6;6;0;1;1;0
13007904;Tabatinga;3;2;2;1;112;4;4;3;1;0;1;0
13007920;Tabatinga;3;2;2;1;860;31;32;10;0;1;1;0
13007939;Tabatinga;3;2;2;1;273;18;17;14;1;0;1;0
13007955;Tabatinga;3;2;2;1;909;38;44;17;1;0;1;0
13007963;Tabatinga;3;2;0;1;23;2;2;4;1;0;1;0
13007971;Tabatinga;3;2;2;1;121;6;8;7;1;0;1;0
13007998;Tabatinga;3;2;0;1;45;3;3;3;1;1;1;0
13008005;Tabatinga;3;2;0;1;94;7;6;6;0;0;1;0
13008013;Tabatinga;3;2;2;1;307;14;16;10;0;0;1;0
13008030;Tabatinga;3;2;2;1;145;7;6;8;1;0;1;0
13008048;Tabatinga;3;2;0;1;68;6;4;6;1;0;1;0
13008056;Tabatinga;3;2;2;1;405;19;16;8;1;0;1;0
13008064;Tabatinga;3;2;2;1;273;9;13;8;1;1;1;0
13008080;Tabatinga;3;1;0;1;335;18;14;8;0;0;1;0
13008099;Tabatinga;3;2;2;1;294;9;13;7;1;0;1;0
13008110;Tabatinga;3;2;2;1;152;6;8;6;1;1;1;0
13008129;Tabatinga;3;1;0;1;756;38;32;17;1;0;1;0
13008153;Tabatinga;3;1;0;1;1998;100;81;49;1;1;1;0
13008161;Tabatinga;3;1;0;1;1169;56;39;25;1;1;1;0
13008196;Tabatinga;2;2;2;1;776;56;30;10;1;1;1;0
13008200;Tabatinga;2;1;0;1;1035;47;33;11;1;1;1;0
13008218;Tabatinga;2;1;0;1;972;35;32;12;1;1;1;0
13058207;Tabatinga;3;2;2;1;54;2;3;3;1;0;1;0
13058274;Tabatinga;3;2;2;1;130;5;7;4;0;0;1;0
13058312;Tabatinga;3;1;0;1;382;20;17;9;0;1;1;0
13058860;Tabatinga;3;2;2;1;84;3;4;3;1;0;1;0
13058908;Tabatinga;3;2;2;1;52;2;3;5;1;0;1;0
13058959;Tabatinga;4;1;0;1;189;16;12;13;1;1;1;0
13059530;Tabatinga;2;1;0;1;988;72;33;14;1;1;1;0
13062689;Tabatinga;3;1;;2;;;;;;;;
13067559;Tabatinga;3;2;2;1;155;4;7;8;1;0;1;0
13067567;Tabatinga;3;2;2;1;54;2;4;4;1;0;1;0
13067575;Tabatinga;3;1;0;1;1279;50;60;30;1;1;1;0
13067885;Tabatinga;3;2;2;1;66;2;3;2;0;0;1;0
13069713;Tabatinga;3;2;2;1;106;7;7;7;1;1;1;0
13069748;Tabatinga;3;2;2;1;121;4;5;6;1;0;1;0
13072552;Tabatinga;3;2;2;1;41;1;2;2;1;0;1;0
13085069;Tabatinga;3;2;2;1;30;1;2;2;0;0;1;0
13089951;Tabatinga;2;1;0;1;227;36;7;10;1;0;1;0
13091026;Tabatinga;3;2;2;1;53;1;2;2;1;0;1;0
13091034;Tabatinga;3;1;0;1;316;21;22;30;0;0;1;0
13091743;Tabatinga;3;2;2;1;553;24;19;10;1;0;1;0
13093924;Tabatinga;3;2;2;1;41;1;2;2;1;0;1;0
13099280;Tabatinga;3;1;0;1;859;45;31;16;1;1;1;0
13100386;Tabatinga;3;1;;2;;;;;;;;
13103644;Tabatinga;3;1;0;1;329;17;19;10;1;0;1;0
13104241;Tabatinga;4;1;0;1;;;;2;0;0;1;0
13104276;Tabatinga;4;1;;2;;;;;;;;
13104438;Tabatinga;2;2;2;1;220;22;12;6;0;0;1;0
13106538;Tabatinga;3;1;0;1;401;21;24;13;0;1;1;0
13106546;Tabatinga;3;1;0;1;655;41;37;19;1;0;1;0
13106554;Tabatinga;3;1;0;1;567;34;32;17;0;0;1;0
13106562;Tabatinga;3;2;2;1;1201;39;42;20;1;0;1;0
13107186;Tabatinga;3;2;2;1;329;23;20;10;1;0;1;0
13108492;Tabatinga;2;1;0;1;473;31;15;25;1;1;0;0
13110810;Tabatinga;4;1;0;1;184;12;13;7;1;1;1;0
13128205;Tabatinga;3;2;2;1;187;7;11;7;0;0;1;0
13234226;Tabatinga;2;2;0;1;36;26;3;3;1;0;1;0
13253204;Tabatinga;2;2;2;1;181;18;25;26;1;0;0;0
13304283;Tabatinga;2;1;0;1;860;38;24;12;1;1;1;0
13304291;Tabatinga;2;2;2;1;420;24;18;10;1;0;1;0
13322249;Tabatinga;1;1;0;1;527;41;16;11;1;1;1;0
13047590;Tapauá;3;2;8;1;10;1;1;1;0;0;1;1
13047620;Tapauá;3;2;8;1;15;1;2;1;0;0;1;1
13047639;Tapauá;3;2;8;1;35;3;2;1;0;0;1;1
13047663;Tapauá;3;2;8;1;101;6;6;3;1;0;1;0
13047728;Tapauá;3;2;8;1;19;2;2;2;0;0;1;1
13047744;Tapauá;3;2;8;1;326;24;14;10;1;0;1;0
13047752;Tapauá;3;2;8;1;17;2;2;2;0;0;1;1
13047825;Tapauá;3;2;8;1;56;4;4;2;0;0;1;1
13047841;Tapauá;3;2;8;1;13;1;1;1;0;0;1;1
13047868;Tapauá;3;2;8;1;41;3;3;2;0;0;1;1
13047892;Tapauá;3;2;8;1;23;2;2;1;0;0;1;1
13047922;Tapauá;3;2;8;1;8;1;1;1;0;0;1;1
13047930;Tapauá;3;2;8;1;10;1;1;1;0;0;1;1
13047957;Tapauá;3;2;8;1;29;4;3;2;0;0;1;1
13048007;Tapauá;3;2;8;1;14;1;1;1;0;0;1;1
13048040;Tapauá;3;2;8;1;24;2;2;1;0;0;1;1
13048058;Tapauá;3;2;8;1;28;2;2;1;0;0;1;1
13048120;Tapauá;3;2;8;1;12;1;1;1;0;0;1;1
13048163;Tapauá;2;1;0;1;1065;40;36;12;1;1;1;0
13048171;Tapauá;2;1;0;1;308;22;18;6;0;0;1;0
13048180;Tapauá;2;1;0;1;323;20;17;7;0;1;1;0
13055208;Tapauá;3;2;8;1;22;2;2;2;0;0;1;1
13065904;Tapauá;3;2;8;1;31;2;3;2;0;0;1;1
13065963;Tapauá;3;2;2;1;32;2;2;1;0;0;1;1
13065980;Tapauá;3;2;2;1;63;3;4;2;0;0;1;0
13069969;Tapauá;3;1;0;1;404;36;19;12;1;0;1;0
13075071;Tapauá;3;2;8;1;30;3;3;2;0;0;1;1
13077864;Tapauá;3;2;8;1;22;2;2;2;0;0;1;0
13077872;Tapauá;3;1;0;1;405;38;19;14;1;0;1;0
13077899;Tapauá;3;2;8;1;23;2;2;2;0;0;1;1
13080148;Tapauá;3;2;8;1;28;2;2;2;0;0;1;1
13080180;Tapauá;3;2;2;1;88;5;6;2;0;0;1;1
13080199;Tapauá;3;2;2;1;64;5;5;3;0;0;1;1
13080202;Tapauá;3;2;2;1;66;5;6;4;0;0;1;1
13080245;Tapauá;3;2;2;1;13;1;1;1;0;0;1;1
13080261;Tapauá;3;2;2;1;26;2;2;1;0;0;1;1
13080270;Tapauá;3;2;2;1;11;1;1;1;0;0;1;1
13080288;Tapauá;3;2;2;1;21;2;2;1;0;0;1;1
13080296;Tapauá;3;2;2;1;14;1;1;1;0;0;1;1
13080474;Tapauá;3;2;8;1;19;2;2;1;0;0;1;1
13080636;Tapauá;3;2;8;1;60;4;4;2;0;0;1;1
13083686;Tapauá;3;1;0;1;683;40;24;20;1;1;1;0
13084135;Tapauá;3;2;2;1;15;1;1;1;0;0;1;1
13084194;Tapauá;3;2;2;1;75;5;5;3;0;0;1;0
13085271;Tapauá;3;2;2;1;19;2;2;1;0;0;1;1
13085280;Tapauá;3;1;0;1;301;32;12;6;1;0;1;0
13085301;Tapauá;3;2;8;1;10;1;1;1;0;0;1;1
13085433;Tapauá;3;2;;3;;;;;;;;
13088874;Tapauá;3;2;8;1;34;3;3;2;0;0;1;1
13088882;Tapauá;3;2;8;1;49;3;4;4;0;0;1;1
13089404;Tapauá;3;2;2;1;30;2;3;1;0;0;1;1
13089412;Tapauá;3;2;2;1;15;1;1;1;0;0;1;1
13089420;Tapauá;3;2;2;1;20;2;2;1;0;0;1;1
13089439;Tapauá;3;2;2;1;32;2;2;2;0;0;1;1
13089447;Tapauá;3;2;2;1;20;2;2;1;0;0;1;1
13090712;Tapauá;3;2;8;1;15;1;1;1;0;0;1;1
13090720;Tapauá;3;2;2;1;41;3;3;1;0;0;1;0
13090739;Tapauá;3;1;0;1;235;29;10;5;1;0;1;0
13090747;Tapauá;3;2;2;1;24;1;2;2;0;0;1;1
13090810;Tapauá;3;2;8;1;7;1;1;1;0;0;1;1
13090828;Tapauá;3;2;8;1;21;2;2;1;0;0;1;1
13093304;Tapauá;3;2;;3;;;;;;;;
13094467;Tapauá;2;1;0;1;225;36;6;9;1;0;1;0
13103326;Tapauá;2;2;;2;;;;;;;;
13104888;Tapauá;3;2;8;1;11;1;1;1;0;0;1;1
13104896;Tapauá;3;2;8;1;27;2;2;1;0;0;1;1
13104900;Tapauá;3;2;;2;;;;;;;;
13104934;Tapauá;3;2;8;1;23;2;2;1;0;0;1;1
13105027;Tapauá;3;2;2;1;17;1;1;1;0;0;1;1
13105094;Tapauá;3;2;2;1;102;6;6;4;0;0;1;1
13105108;Tapauá;3;2;2;1;23;2;2;1;0;0;1;1
13105116;Tapauá;3;2;2;1;8;1;1;1;0;0;1;1
13105124;Tapauá;3;2;2;1;53;2;3;2;0;0;1;1
13105132;Tapauá;3;2;2;1;82;7;6;3;0;0;1;1
13105159;Tapauá;3;2;2;1;8;1;1;1;0;0;1;1
13105175;Tapauá;3;2;8;1;33;2;3;1;0;0;1;1
13108000;Tapauá;3;2;8;1;26;1;2;1;0;0;1;1
13108670;Tapauá;3;2;2;1;14;1;1;1;0;0;1;1
13108689;Tapauá;3;2;2;1;33;3;3;1;0;0;1;1
13108697;Tapauá;3;2;2;1;25;2;2;1;0;0;1;1
13108700;Tapauá;3;2;2;1;50;4;3;1;0;0;1;1
13110349;Tapauá;3;2;0;1;12;1;1;1;0;0;1;1
13110365;Tapauá;3;2;0;1;10;1;1;1;0;0;1;1
13110373;Tapauá;3;2;0;1;7;1;1;1;0;0;1;1
13110381;Tapauá;3;2;0;1;19;2;2;1;0;0;1;1
13110411;Tapauá;3;2;0;1;26;2;2;1;0;0;1;1
13110420;Tapauá;3;2;0;1;12;1;1;1;0;0;1;1
13110438;Tapauá;3;2;8;1;9;1;1;1;0;0;1;1
13110446;Tapauá;3;2;8;1;14;1;1;1;0;0;1;1
13110454;Tapauá;3;2;0;1;11;1;1;1;0;0;1;1
13110462;Tapauá;3;2;0;1;26;2;2;1;0;0;1;1
13110470;Tapauá;3;2;8;1;8;1;1;1;0;0;1;1
13110489;Tapauá;3;2;8;1;11;1;1;1;0;0;1;1
13110497;Tapauá;3;2;8;1;10;1;1;1;0;0;1;1
13110500;Tapauá;3;2;8;1;9;1;1;1;0;0;1;1
13110519;Tapauá;3;2;8;1;12;1;1;1;0;0;1;1
13110527;Tapauá;3;2;2;1;15;1;1;1;0;0;1;1
13110535;Tapauá;3;2;2;1;7;1;1;1;0;0;1;1
13110543;Tapauá;3;2;8;1;12;1;1;1;0;0;1;1
13110756;Tapauá;3;2;8;1;9;1;1;1;0;0;1;1
13110764;Tapauá;3;2;0;1;32;2;2;1;0;0;1;1
13110780;Tapauá;3;2;8;1;13;1;1;1;0;0;1;1
13123408;Tapauá;3;2;8;1;30;2;2;3;0;0;1;1
13155202;Tapauá;3;2;8;1;24;2;2;2;0;0;1;1
13224204;Tapauá;2;2;0;1;79;32;3;3;1;0;1;0
13321277;Tapauá;3;2;2;1;23;2;2;1;0;0;1;1
13326236;Tapauá;3;2;2;1;33;3;2;1;0;0;1;1
13326244;Tapauá;3;2;2;1;31;3;3;1;0;0;1;1
13327232;Tapauá;3;2;;3;;;;;;;;
13013068;Tefé;4;1;0;1;96;15;13;10;1;1;1;0
13013076;Tefé;2;1;0;1;875;34;24;12;1;1;1;0
13013092;Tefé;3;1;;2;;;;;;;;
13013114;Tefé;3;2;0;1;159;16;14;6;1;1;1;0
13013122;Tefé;3;2;0;1;120;7;9;7;1;1;1;0
13013130;Tefé;3;2;0;1;199;16;14;7;1;0;1;0
13013149;Tefé;3;2;8;1;24;2;2;1;0;0;1;0
13013157;Tefé;3;2;0;1;105;10;10;5;1;0;1;0
13013165;Tefé;3;2;0;1;25;2;2;2;1;0;1;0
13013173;Tefé;3;2;0;1;140;11;10;6;1;0;1;0
13013181;Tefé;3;2;2;1;84;7;9;4;1;0;1;0
13013246;Tefé;2;1;0;1;1018;41;29;12;1;1;1;0
13013270;Tefé;2;1;0;1;334;15;13;7;1;1;1;0
13013297;Tefé;3;2;8;1;101;11;11;7;1;0;1;0
13013300;Tefé;3;2;0;1;83;7;7;4;1;1;1;0
13013319;Tefé;3;2;2;1;185;16;13;7;1;1;1;0
13013327;Tefé;3;1;0;1;203;9;10;6;1;0;1;0
13013343;Tefé;3;1;0;1;170;14;8;6;1;1;1;0
13013378;Tefé;3;2;0;1;149;12;11;7;1;1;1;0
13013386;Tefé;3;1;0;1;305;39;24;10;1;1;1;0
13013440;Tefé;3;2;2;1;153;15;12;7;0;1;1;0
13013483;Tefé;3;2;;2;;;;;;;;
13013513;Tefé;3;1;0;1;584;46;26;18;1;1;1;0
13013530;Tefé;3;2;0;1;106;9;12;6;1;0;1;0
13013548;Tefé;3;1;0;1;1235;71;50;23;1;1;1;0
13013556;Tefé;3;2;2;1;128;16;15;6;1;0;1;0
13013572;Tefé;3;2;0;1;51;5;7;8;1;1;1;0
13013599;Tefé;3;2;;2;;;;;;;;
13013602;Tefé;3;2;0;1;43;6;6;4;1;0;1;0
13013637;Tefé;3;2;;2;;;;;;;;
13013645;Tefé;3;2;;2;;;;;;;;
13013653;Tefé;3;2;;2;;;;;;;;
13013661;Tefé;3;2;0;1;95;11;10;4;1;0;1;0
13013670;Tefé;3;2;2;1;94;8;9;6;1;0;1;0
13013734;Tefé;2;1;0;1;196;14;10;5;1;1;1;0
13013742;Tefé;2;2;0;1;518;59;29;6;1;1;1;0
13013750;Tefé;2;1;0;1;363;16;12;6;1;1;1;0
13013769;Tefé;2;1;0;1;964;28;25;9;1;1;1;0
13013777;Tefé;2;1;0;1;680;35;23;8;1;1;1;0
13013785;Tefé;2;1;0;1;648;28;22;8;1;1;1;0
13013793;Tefé;2;1;0;1;750;39;25;11;1;1;1;0
13013807;Tefé;2;1;0;1;513;21;18;9;1;1;1;0
13013815;Tefé;2;2;0;1;176;17;12;10;1;1;1;0
13013823;Tefé;2;1;0;1;455;23;16;8;1;1;1;0
13013831;Tefé;2;1;0;1;646;29;19;10;1;1;1;0
13013840;Tefé;3;2;8;1;171;18;14;7;1;1;1;0
13013866;Tefé;3;2;;2;;;;;;;;
13013874;Tefé;3;2;0;1;90;12;13;3;1;0;1;0
13056298;Tefé;3;1;0;1;622;52;30;15;1;1;1;0
13059467;Tefé;2;1;0;1;910;45;33;14;1;1;1;0
13064495;Tefé;3;2;2;1;52;7;7;4;1;1;1;0
13066986;Tefé;4;1;0;1;;;;10;1;0;1;0
13070061;Tefé;3;2;8;1;14;1;1;1;0;0;1;0
13070070;Tefé;3;2;2;1;68;8;7;5;1;0;1;0
13070088;Tefé;3;1;0;1;224;33;18;6;1;0;1;0
13070100;Tefé;3;2;0;1;176;14;15;6;1;1;1;0
13070118;Tefé;3;2;0;1;26;5;3;2;0;0;1;0
13070126;Tefé;3;2;0;1;103;13;11;6;1;0;1;0
13070134;Tefé;3;2;0;1;64;9;9;5;1;0;1;0
13070142;Tefé;3;2;2;1;86;13;9;5;1;0;1;0
13070150;Tefé;3;2;0;1;34;4;3;2;1;0;1;0
13070185;Tefé;3;2;0;1;74;8;8;5;0;1;1;0
13070193;Tefé;3;2;2;1;16;2;1;2;1;1;1;0
13070207;Tefé;3;1;0;1;453;28;24;14;1;0;1;0
13074270;Tefé;3;1;0;1;489;26;27;15;1;1;1;0
13076019;Tefé;3;2;0;1;36;4;3;2;1;0;1;0
13076027;Tefé;3;2;2;1;107;10;10;6;1;0;1;0
13076035;Tefé;3;2;;2;;;;;;;;
13079093;Tefé;3;2;8;1;25;3;2;1;1;0;1;0
13079450;Tefé;3;2;2;1;119;13;10;6;1;0;1;0
13079468;Tefé;3;1;0;1;1023;67;44;18;1;1;1;0
13087185;Tefé;3;2;0;1;49;2;3;2;1;0;1;0
13088203;Tefé;3;2;0;1;8;1;1;1;0;0;0;0
13088211;Tefé;3;2;0;1;10;1;1;2;1;0;1;0
13088220;Tefé;3;1;0;1;440;29;20;11;1;1;1;0
13088238;Tefé;3;2;2;1;83;15;11;6;1;0;1;0
13088246;Tefé;3;2;;2;;;;;;;;
13089943;Tefé;2;1;0;1;570;61;17;13;1;1;1;0
13090950;Tefé;3;2;8;1;69;5;5;3;1;0;1;0
13090968;Tefé;3;2;;2;;;;;;;;
13090976;Tefé;3;2;0;1;292;16;14;13;1;0;1;0
13090984;Tefé;3;2;0;1;35;2;3;2;1;0;1;0
13094718;Tefé;3;2;8;1;46;6;7;4;0;0;1;0
13094726;Tefé;3;2;0;1;134;11;13;7;1;0;1;0
13094734;Tefé;3;2;0;1;129;12;10;5;1;0;1;0
13096630;Tefé;2;1;0;1;589;25;19;12;1;1;1;0
13099663;Tefé;3;2;;2;;;;;;;;
13099671;Tefé;3;2;2;1;110;12;11;5;0;1;1;0
13099817;Tefé;4;1;0;1;45;8;6;10;1;0;1;0
13100149;Tefé;3;2;;2;;;;;;;;
13100165;Tefé;3;1;0;1;1192;72;48;23;1;1;1;0
13100173;Tefé;3;2;2;1;24;2;1;1;0;0;1;0
13100190;Tefé;3;2;0;1;28;2;3;2;1;0;0;0
13100807;Tefé;3;2;0;1;66;8;9;5;1;0;1;0
13101005;Tefé;3;2;8;1;47;7;9;4;1;0;1;0
13101099;Tefé;4;1;0;1;220;18;21;14;1;0;0;0
13101102;Tefé;3;2;0;1;29;4;3;2;1;0;1;0
13101170;Tefé;1;1;0;1;480;33;15;11;1;1;1;0
13101200;Tefé;3;2;0;1;40;6;7;3;1;0;1;0
13101404;Tefé;3;2;;2;;;;;;;;
13101609;Tefé;3;2;0;1;26;2;3;3;0;1;1;0
13101617;Tefé;3;2;0;1;9;1;1;1;0;0;1;0
13101714;Tefé;4;1;0;1;164;4;6;7;1;1;1;0
13103598;Tefé;2;2;0;1;119;31;7;7;1;0;1;0
13103750;Tefé;3;2;8;1;29;4;3;2;1;0;1;0
13103768;Tefé;3;2;8;1;59;4;4;4;1;0;1;0
13103776;Tefé;3;2;2;1;32;4;4;3;0;0;1;0
13104047;Tefé;4;1;0;1;87;3;3;3;1;1;1;0
13105914;Tefé;3;1;0;1;170;17;10;10;1;0;1;0
13106929;Tefé;3;1;0;1;184;9;9;3;1;0;1;0
13106945;Tefé;3;2;0;1;151;8;9;6;1;0;1;0
13107330;Tefé;4;1;0;1;34;6;6;6;1;1;1;0
13107518;Tefé;3;1;0;1;287;20;20;11;1;0;1;0
13107780;Tefé;2;1;0;1;461;19;15;15;1;1;1;0
13108115;Tefé;3;2;8;1;45;5;4;3;0;0;1;0
13110055;Tefé;3;1;0;1;176;15;13;11;1;0;1;0
13110195;Tefé;3;2;2;1;24;2;2;2;0;0;1;1
13110217;Tefé;3;2;0;1;54;9;7;4;0;1;1;0
13110225;Tefé;3;2;0;1;28;4;3;2;0;0;1;0
13110233;Tefé;3;2;2;1;45;5;5;3;0;0;1;0
13142224;Tefé;3;2;0;1;8;1;1;1;1;0;1;0
13142232;Tefé;3;2;0;1;23;2;2;1;1;0;1;0
13143204;Tefé;3;1;0;1;197;8;8;4;1;0;1;0
13144200;Tefé;3;2;2;1;112;17;12;7;1;0;1;0
13144219;Tefé;3;2;;2;;;;;;;;
13144227;Tefé;3;2;8;1;11;1;1;1;0;0;1;0
13144235;Tefé;3;2;0;1;66;6;8;5;0;0;1;0
13144243;Tefé;3;2;0;1;52;6;6;4;1;0;1;0
13146203;Tefé;3;1;0;1;862;61;42;17;1;1;1;0
13223321;Tefé;2;2;0;1;266;52;23;23;1;0;1;0
13265202;Tefé;3;2;0;1;63;8;8;5;0;0;1;0
13265210;Tefé;3;2;0;1;13;1;1;1;0;0;1;0
13321242;Tefé;3;2;2;1;120;16;12;8;1;0;1;0
13321250;Tefé;3;1;0;1;376;18;18;10;1;0;1;0
13321269;Tefé;3;1;0;1;373;15;16;8;1;0;1;0
13325256;Tefé;3;2;0;1;56;9;7;7;1;0;1;0
13008234;Tonantins;3;2;8;1;18;1;1;1;1;0;1;0
13008242;Tonantins;3;2;2;1;207;22;13;6;0;0;1;0
13008269;Tonantins;3;2;2;1;41;3;3;2;1;0;1;0
13008277;Tonantins;3;2;0;1;17;1;1;1;0;0;1;0
13008307;Tonantins;3;2;2;1;121;15;12;6;1;0;1;0
13008323;Tonantins;3;2;0;1;37;6;4;2;1;1;1;0
13008331;Tonantins;3;2;8;1;303;31;16;8;1;0;1;0
13008340;Tonantins;3;2;2;1;96;14;7;3;0;0;1;0
13008366;Tonantins;3;2;2;1;20;1;1;1;1;0;1;0
13008390;Tonantins;3;1;0;1;86;10;6;3;1;0;1;0
13008420;Tonantins;3;2;0;1;5;1;1;1;0;0;1;0
13008447;Tonantins;3;2;8;1;45;2;4;2;1;0;1;0
13008455;Tonantins;2;1;0;1;362;37;17;9;0;1;1;0
13057359;Tonantins;3;1;0;1;396;30;18;8;1;1;1;0
13057413;Tonantins;3;1;0;1;471;32;23;13;1;0;1;0
13059513;Tonantins;3;1;0;1;285;17;12;6;1;0;1;0
13063332;Tonantins;3;2;8;1;19;1;2;1;0;0;1;0
13068393;Tonantins;3;2;2;1;127;15;9;4;0;0;1;0
13068407;Tonantins;3;2;2;1;123;18;9;5;0;0;1;0
13068423;Tonantins;3;1;0;1;391;35;22;11;1;1;1;0
13068431;Tonantins;3;2;2;1;50;5;3;2;0;0;1;0
13068440;Tonantins;3;2;2;1;31;4;4;2;0;0;1;0
13068466;Tonantins;3;2;0;1;20;2;3;1;0;0;1;0
13068474;Tonantins;3;2;0;1;24;2;2;1;0;0;1;0
13068482;Tonantins;3;2;2;1;25;4;3;2;0;0;1;0
13069691;Tonantins;3;2;2;1;29;3;3;2;1;0;1;0
13073958;Tonantins;3;2;0;1;34;3;2;1;0;0;1;0
13073966;Tonantins;4;1;0;1;;;;5;0;0;1;0
13079913;Tonantins;3;2;2;1;33;4;4;2;0;0;1;0
13079921;Tonantins;3;2;0;1;9;1;1;1;0;0;1;0
13079956;Tonantins;3;2;2;1;44;3;4;2;1;0;1;0
13084038;Tonantins;3;2;2;1;8;1;1;1;0;0;1;0
13084054;Tonantins;3;2;0;1;21;2;3;2;0;0;1;0
13084631;Tonantins;3;2;0;1;6;1;1;1;0;0;1;0
13084640;Tonantins;3;2;0;1;46;3;4;1;0;0;1;0
13089803;Tonantins;3;2;2;1;34;4;3;2;1;0;1;0
13089811;Tonantins;3;2;0;1;16;3;2;1;0;0;1;0
13090267;Tonantins;2;1;0;1;558;34;20;11;0;1;1;0
13091751;Tonantins;3;2;2;1;6;1;1;1;0;0;1;0
13091760;Tonantins;3;2;2;1;32;4;3;1;0;0;1;0
13091778;Tonantins;3;2;2;1;58;3;3;2;1;0;1;0
13095692;Tonantins;3;2;0;1;6;1;1;1;0;0;1;0
13095706;Tonantins;3;2;2;1;17;2;2;2;1;0;1;0
13096060;Tonantins;3;2;2;1;13;1;1;1;0;0;1;0
13096079;Tonantins;3;2;2;1;16;1;1;1;0;0;1;0
13096087;Tonantins;3;2;2;1;12;1;1;1;0;0;1;0
13096095;Tonantins;3;2;2;1;13;1;1;2;0;0;1;0
13096109;Tonantins;3;2;0;1;17;1;1;1;0;0;1;0
13097164;Tonantins;3;2;0;1;130;14;7;3;1;0;1;0
13097172;Tonantins;3;2;2;1;71;8;4;2;1;0;1;0
13099272;Tonantins;3;2;0;1;13;1;1;1;0;0;1;0
13101757;Tonantins;2;1;0;1;304;41;8;7;1;0;1;0
13101862;Tonantins;3;1;0;1;145;11;6;6;1;1;1;0
13101870;Tonantins;3;1;0;1;499;21;24;12;1;0;1;0
13103091;Tonantins;3;1;0;1;106;13;4;2;1;0;1;0
13103563;Tonantins;2;2;;2;;;;;;;;
13105680;Tonantins;3;1;0;1;127;15;7;4;1;0;1;0
13105698;Tonantins;3;2;0;1;82;15;6;3;0;0;1;0
13105701;Tonantins;3;1;0;1;349;30;15;9;1;0;1;0
13105965;Tonantins;3;1;0;1;55;7;4;2;1;0;1;0
13106155;Tonantins;3;2;2;1;8;1;1;1;0;0;1;0
13106708;Tonantins;3;2;2;1;4;1;1;1;0;0;1;0
13107429;Tonantins;3;2;2;1;17;2;2;1;0;0;1;0
13107437;Tonantins;3;2;2;1;10;1;1;1;0;0;1;0
13107445;Tonantins;3;2;2;1;7;1;1;1;0;0;1;0
13107917;Tonantins;3;2;2;1;6;1;1;1;0;0;1;1
13107925;Tonantins;3;2;2;1;12;1;1;1;0;0;1;0
13109014;Tonantins;3;1;0;1;86;5;4;3;0;0;1;0
13109910;Tonantins;3;2;2;1;12;1;2;1;0;0;0;0
13109987;Tonantins;3;2;2;1;6;1;1;1;0;0;0;0
13220306;Tonantins;2;2;0;1;499;54;26;26;1;0;1;0
13012576;Uarini;3;2;8;1;50;4;5;2;1;0;1;0
13012649;Uarini;3;2;8;1;9;1;1;2;0;0;0;1
13012762;Uarini;3;2;8;1;49;3;3;2;0;0;0;0
13012800;Uarini;3;2;8;1;23;2;2;1;1;0;0;0
13012894;Uarini;3;2;8;1;34;6;3;2;1;0;0;0
13012983;Uarini;3;2;2;1;29;6;4;2;0;0;0;0
13013912;Uarini;3;2;8;1;50;4;4;2;0;0;0;0
13013939;Uarini;3;2;8;1;70;9;7;3;1;0;1;0
13013947;Uarini;3;2;8;1;5;1;1;1;1;0;1;0
13014013;Uarini;3;2;8;1;75;7;6;3;0;0;0;0
13014030;Uarini;3;2;8;1;58;7;4;2;0;0;0;0
13014048;Uarini;3;2;8;1;36;3;4;2;0;0;0;0
13014080;Uarini;3;2;2;1;113;14;11;5;1;0;1;0
13014110;Uarini;3;2;8;1;55;7;4;2;1;0;1;0
13014137;Uarini;3;2;;2;;;;;;;;
13014145;Uarini;3;2;8;1;65;8;6;3;0;0;0;0
13014153;Uarini;3;2;8;1;20;3;3;1;0;0;0;0
13014161;Uarini;3;2;8;1;20;1;2;2;0;0;0;0
13014170;Uarini;3;2;8;1;82;11;5;4;1;0;1;0
13014196;Uarini;3;2;8;1;15;1;1;1;0;0;1;0
13014218;Uarini;3;2;8;1;44;3;4;2;0;0;0;0
13014234;Uarini;2;1;0;1;528;19;18;6;1;0;1;0
13014242;Uarini;2;1;0;1;962;32;30;10;1;1;1;0
13061798;Uarini;3;2;2;1;77;8;6;3;1;0;1;0
13061860;Uarini;3;2;8;1;209;22;14;8;1;0;0;0
13064231;Uarini;3;2;8;1;83;7;6;3;0;0;1;0
13069926;Uarini;3;2;8;1;7;1;1;1;1;0;1;0
13078895;Uarini;3;2;8;1;61;5;5;2;0;0;0;0
13078917;Uarini;3;2;8;1;96;7;7;2;0;0;0;0
13078933;Uarini;3;2;;2;;;;;;;;
13082728;Uarini;3;2;8;1;65;4;4;4;0;0;0;0
13082744;Uarini;3;2;8;1;38;3;3;2;0;0;0;0
13087444;Uarini;3;2;8;1;15;2;2;1;1;0;0;0
13087452;Uarini;3;2;;2;;;;;;;;
13087479;Uarini;3;2;8;1;23;1;2;1;0;0;0;1
13088718;Uarini;3;2;8;1;47;3;3;1;0;0;0;0
13091727;Uarini;3;2;8;1;36;5;3;2;1;0;1;0
13094688;Uarini;3;1;0;1;375;32;21;9;1;0;0;0
13094696;Uarini;3;1;0;1;161;8;6;3;0;0;1;0
13094700;Uarini;3;1;0;1;390;31;14;8;0;1;1;0
13096699;Uarini;2;2;8;1;154;49;8;5;1;1;1;0
13097741;Uarini;2;1;0;1;207;33;5;6;1;0;1;0
13099469;Uarini;3;2;2;1;17;1;2;1;0;0;0;0
13100769;Uarini;3;1;0;1;270;19;14;8;1;1;1;0
13103580;Uarini;2;2;0;1;60;11;7;6;1;0;1;0
13105477;Uarini;3;1;0;1;328;27;17;9;0;1;1;0
13108840;Uarini;3;1;0;1;345;27;21;7;0;1;1;0
13108859;Uarini;3;2;0;1;40;4;4;2;0;0;0;0
13108867;Uarini;3;2;2;1;18;1;2;2;0;0;0;0
13142208;Uarini;3;1;0;1;57;7;2;6;0;1;1;0
13235206;Uarini;2;2;0;1;26;24;4;4;1;0;1;0
13044338;Urucará;3;2;0;1;22;2;2;1;1;0;1;0
13044346;Urucará;3;2;0;1;13;1;1;2;1;0;1;0
13044362;Urucará;3;2;0;1;65;7;6;4;1;0;1;0
13044397;Urucará;2;1;0;1;177;12;7;7;1;1;0;0
13044419;Urucará;3;2;0;1;14;1;1;1;1;1;1;0
13044427;Urucará;3;2;0;1;17;1;1;1;1;0;1;0
13044435;Urucará;3;2;0;1;65;10;6;4;1;0;1;0
13044443;Urucará;3;2;0;1;27;2;3;1;0;0;0;0
13044460;Urucará;3;2;0;1;104;9;7;6;1;1;1;0
13044478;Urucará;3;2;0;1;28;1;1;1;1;0;1;0
13044486;Urucará;3;2;0;1;32;4;5;5;1;1;1;0
13044494;Urucará;3;2;0;1;10;1;1;2;1;0;1;0
13044524;Urucará;3;2;0;1;31;2;2;2;1;1;1;0
13044559;Urucará;3;2;0;1;34;2;2;1;1;0;1;0
13044567;Urucará;3;2;0;1;29;2;2;1;1;0;1;0
13044591;Urucará;3;2;0;1;70;5;7;5;1;0;1;0
13044605;Urucará;3;2;0;1;80;9;8;4;1;1;1;0
13044630;Urucará;3;2;0;1;13;1;1;1;1;0;1;0
13044656;Urucará;2;1;;2;;;;;;;;
13044664;Urucará;3;1;0;1;112;11;10;6;1;0;1;0
13044680;Urucará;3;2;0;1;8;1;1;1;1;0;1;0
13044699;Urucará;3;2;0;1;15;1;1;1;1;0;1;0
13059360;Urucará;2;1;0;1;804;54;34;12;1;1;1;0
13064053;Urucará;3;2;0;1;66;5;4;6;1;1;1;0
13071360;Urucará;3;1;0;1;731;43;39;21;1;1;1;0
13079590;Urucará;3;1;0;1;556;26;27;16;1;0;1;0
13079603;Urucará;3;2;0;1;16;1;1;1;1;0;1;0
13081276;Urucará;3;2;;2;;;;;;;;
13084577;Urucará;3;2;0;1;17;1;1;1;1;0;1;0
13088017;Urucará;3;1;0;1;125;8;8;4;1;0;1;0
13090879;Urucará;3;2;0;1;13;1;1;1;1;0;1;0
13094319;Urucará;2;1;0;1;191;37;5;11;1;1;1;0
13100866;Urucará;3;2;2;1;27;2;4;1;0;0;1;0
13100874;Urucará;3;2;2;1;7;1;1;1;0;0;1;0
13102532;Urucará;3;1;0;1;299;23;13;8;1;1;1;0
13105515;Urucará;2;1;0;1;518;38;23;23;1;1;1;0
13105728;Urucará;3;2;;2;;;;;;;;
13109065;Urucará;2;2;0;1;25;4;2;2;1;0;0;0
13223348;Urucará;2;2;0;1;152;40;17;16;1;0;1;0
13037366;Urucurituba;3;1;0;1;74;7;4;4;1;0;1;0
13037447;Urucurituba;3;2;0;1;78;9;7;4;0;0;1;0
13037455;Urucurituba;2;1;0;1;836;37;33;11;1;1;1;0
13037463;Urucurituba;2;1;0;1;801;37;31;12;0;1;1;0
13037480;Urucurituba;3;2;0;1;112;14;13;5;1;0;1;0
13037536;Urucurituba;3;2;0;1;93;6;6;5;1;0;1;0
13037579;Urucurituba;3;2;0;1;94;8;10;5;1;1;1;0
13037587;Urucurituba;3;2;0;1;22;5;4;4;1;0;1;0
13037595;Urucurituba;3;2;0;1;23;3;2;3;1;0;1;0
13037617;Urucurituba;3;2;8;1;25;4;3;4;0;0;1;0
13037730;Urucurituba;3;2;0;1;83;11;9;4;1;0;1;0
13037757;Urucurituba;2;2;0;1;392;23;24;9;1;1;1;0
13037870;Urucurituba;3;2;0;1;65;9;8;5;1;1;1;0
13037889;Urucurituba;3;2;8;1;117;6;8;4;0;0;1;0
13037897;Urucurituba;3;2;8;1;6;1;2;1;0;0;1;1
13037900;Urucurituba;3;2;0;1;54;7;6;5;1;1;1;0
13037927;Urucurituba;2;2;0;1;63;6;6;3;1;1;1;0
13061160;Urucurituba;3;2;0;1;137;13;11;5;1;0;1;0
13061178;Urucurituba;3;2;8;1;20;3;3;1;0;0;1;1
13064630;Urucurituba;3;2;0;1;63;6;7;4;1;1;1;0
13071343;Urucurituba;3;2;0;1;53;5;5;4;1;1;1;0
13072030;Urucurituba;3;1;0;1;188;21;15;8;1;0;1;0
13072129;Urucurituba;3;2;8;1;239;32;22;11;1;0;1;0
13094351;Urucurituba;2;1;0;1;484;49;10;7;1;1;1;0
13094378;Urucurituba;3;1;0;1;268;23;16;8;1;0;1;0
13103873;Urucurituba;4;1;0;1;26;1;1;2;1;0;1;0
13104080;Urucurituba;4;1;0;1;16;1;1;2;1;0;1;0
13105450;Urucurituba;3;1;0;1;172;10;10;5;1;0;1;0
13106937;Urucurituba;3;1;0;1;320;23;16;11;0;0;1;0
13107097;Urucurituba;3;1;0;1;341;24;16;10;1;0;1;0
13108166;Urucurituba;3;2;8;1;32;2;5;2;0;0;1;0
13108239;Urucurituba;3;2;0;1;103;9;10;4;1;0;1;0
13128604;Urucurituba;3;1;0;1;253;25;16;6;1;0;1;0
13270214;Urucurituba;2;2;0;1;134;41;14;14;1;0;1;0
13037803;Urucurituba;3;2;0;1;11;1;1;1;0;0;1;0
13061186;Urucurituba;3;2;8;1;120;14;12;8;0;0;1;0
13108182;Urucurituba;3;2;0;1;100;9;8;5;1;1;1;0
